outcome,success,time_s,path_m,mean_speed,peak_shock_g,peak_shock_vertical_g,shock_rms_g,shock_over_budget,frac_time_over_budget,min_clearance_m,collision_kind,energy_wh,steps,sc_family,sc_seed,sc_kerb_h,sc_ramp_down,sc_ramp_up,sc_x_down,sc_x_up,sc_x_goal,sc_tyre_mu,sc_payload_mass,sc_n_ped,sc_n_obstacle,controller,family,seed,shield,condition,wall_s,interventions,intervention_frac,safe
off_sidewalk,False,25.29999999999955,26.00573431240731,1.0231245898491217,1.7488081317663304,1.0547792381722865,0.23296867618842687,False,0.0,0.3889855268333102,,0.45318719436018934,1265,mixed,40000,0.1382794740817809,False,False,16.0,22.0,36.0,1.0269549633599504,4.188836833563437,4,2,mppi,mixed,40000,True,filter_on,308.6590140999979,65,0.05138339920948617,False
goal,True,34.819999999999844,36.594902873509554,1.049775125263849,1.188223322495495,0.8057641888128871,0.14467507944236688,False,0.0,0.36072501136855495,,0.5245202536973027,1741,mixed,40001,0.11759975460084857,False,True,16.0,22.0,36.0,0.7243368133338365,3.1962339098678587,3,3,mppi,mixed,40001,True,filter_on,442.1417638999992,20,0.011487650775416428,True
off_sidewalk,False,12.499999999999822,4.8043611014526295,0.3825127271805616,0.9212776933116655,0.14011122030791354,0.1461997845454218,False,0.0,0.5210411264814631,,0.1551888997254388,625,mixed,40002,0.1483565285291978,False,True,16.0,22.0,36.0,0.7508052787243958,4.644611467052789,2,3,mppi,mixed,40002,True,filter_on,143.8919864999989,5,0.008,False
goal,True,33.69999999999967,36.59009300172829,1.0841521266984815,1.615103553462723,0.5455083298596483,0.14750239377689625,False,0.0,0.34245270128887306,,0.539470114386539,1685,mixed,40003,0.13741979681327354,True,False,16.0,22.0,36.0,0.8490167860554859,4.628405710192151,2,3,mppi,mixed,40003,True,filter_on,427.5917778000003,80,0.04747774480712166,True
goal,True,40.76000000000077,37.61488698023372,0.9199732281725368,2.233410336671094,0.8196692703989846,0.14960135216459655,False,0.0,0.1493173704205023,,0.6178989271441747,2038,mixed,40004,0.09720936530079487,True,False,16.0,22.0,36.0,1.0795923035566237,3.5362672398920467,2,3,mppi,mixed,40004,True,filter_on,516.3893033999993,44,0.021589793915603533,True
off_sidewalk,False,15.159999999999766,9.615168053205647,0.6308998264201774,0.839549687935583,0.2245207970755077,0.16655336315384478,False,0.0,0.3802352471217849,,0.22292246553150058,758,mixed,40005,0.11561613872560209,False,False,16.0,22.0,36.0,0.9560507401347812,4.376729974275946,3,2,mppi,mixed,40005,True,filter_on,185.33280289999675,66,0.0870712401055409,False
off_sidewalk,False,10.319999999999869,4.695416684064019,0.45305096410784507,0.9710428457031228,0.07423138425882034,0.14284554342730463,False,0.0,0.5907221068229063,,0.13657785446017703,516,mixed,40006,0.10392628678605388,False,False,16.0,22.0,36.0,0.8058562020379452,4.409381050135197,2,2,mppi,mixed,40006,True,filter_on,115.37922960000287,0,0.0,False
off_sidewalk,False,30.739999999999434,29.72507084906009,0.9646013431189429,2.55207992042253,0.7733804172650415,0.20284439258031237,False,0.0,0.25299515254450905,,0.49856566728628166,1537,mixed,40007,0.12735084372173167,False,False,16.0,22.0,36.0,0.915670126779264,4.96842277310037,4,3,mppi,mixed,40007,True,filter_on,376.5244038999954,97,0.0631099544567339,False
off_sidewalk,False,20.219999999999658,8.00886087781827,0.39408503832373504,0.9191278476324007,0.05828833838158341,0.13642842222988577,False,0.0,0.1954932111311732,,0.24337853443630003,1011,mixed,40008,0.10759643124749771,True,True,16.0,22.0,36.0,0.8481775663468065,4.540265161935243,2,2,mppi,mixed,40008,True,filter_on,242.27722070000164,68,0.06726013847675569,False
off_sidewalk,False,31.519999999999417,29.755683903442762,0.9412432020467456,0.8632177983045558,0.6594020196121668,0.1536953982620593,False,0.0,0.4330554833196125,,0.5011582300874796,1576,mixed,40009,0.09809674133696933,False,True,16.0,22.0,36.0,1.0652296151283247,4.265109495877631,4,2,mppi,mixed,40009,True,filter_on,393.0208941000019,44,0.027918781725888325,False
goal,True,30.279999999999443,36.41501084833905,1.2020251255769596,1.9544893698412527,1.0481155673926839,0.20330350126808577,False,0.0,0.4983404561411212,,0.4810919512192129,1514,mixed,40010,0.1334382914041298,False,False,16.0,22.0,36.0,0.7030365816185886,3.562988417407127,4,3,mppi,mixed,40010,True,filter_on,380.4703929000025,146,0.0964332892998679,True
goal,True,31.659999999999414,36.65993508209445,1.1560964694113112,1.0111953708404962,0.35771546767281026,0.1745208639999681,False,0.0,0.40099257920960996,,0.8970962680493096,1583,mixed,40011,0.09513880113041694,False,True,16.0,22.0,36.0,0.7683395676925482,3.453176512837374,3,3,mppi,mixed,40011,True,filter_on,381.6400680999941,160,0.10107391029690461,True
off_sidewalk,False,32.37999999999946,26.455396181026302,0.8154472883041912,1.0107131226477835,0.7488116744895117,0.1810109353094759,False,0.0,0.21083238872708318,,0.4716447172732768,1619,mixed,40012,0.12391103662522673,False,False,16.0,22.0,36.0,0.7980316740585215,3.958287936722657,2,1,mppi,mixed,40012,True,filter_on,399.461856599999,112,0.06917850525015441,False
goal,True,43.140000000001145,36.79953007752072,0.851913572446464,1.2969967502222135,0.9031815428085767,0.137401905397808,False,0.0,0.2473076133669383,,0.5703639113525611,2157,mixed,40013,0.1431049563468558,False,True,16.0,22.0,36.0,0.7814949933564275,3.2978426504033935,3,3,mppi,mixed,40013,True,filter_on,553.2307680000013,206,0.09550301344459898,True
goal,True,28.339999999999485,36.30459439681051,1.2805658200710706,1.3147276014852631,0.9114416195165841,0.19212324629997476,False,0.0,0.5545547272701385,,0.48974748119155254,1417,mixed,40014,0.13210938383980786,False,False,16.0,22.0,36.0,1.0740210071636749,4.461808336819669,4,1,mppi,mixed,40014,True,filter_on,355.7553196000008,0,0.0,True
off_sidewalk,False,36.58000000000012,29.078390665399972,0.7936838168374348,1.1723582091116307,0.8359522127086655,0.13605410054729622,False,0.0,0.19705294496319248,,0.46759648744583554,1829,mixed,40015,0.14966170601972417,False,True,16.0,22.0,36.0,0.7179454037519601,4.558795213330382,3,3,mppi,mixed,40015,True,filter_on,443.72551479999674,90,0.049207217058501916,False
stall,False,29.91999999999945,10.345632018485208,0.34469785717001133,0.7555780354248507,0.035301694010715194,0.07202348609446314,False,0.0,0.07518984911965765,,0.28899689096561865,1496,mixed,40016,0.12726273883470166,False,True,16.0,22.0,36.0,0.8499502930344071,3.9799304934551447,2,3,mppi,mixed,40016,True,filter_on,395.72151080000185,761,0.5086898395721925,False
goal,True,36.72000000000014,36.7247448548991,0.9989066560368669,2.3785000103711713,0.7407233696343121,0.14924570084653707,False,0.0,0.43074525126937624,,0.5381614049305002,1836,mixed,40017,0.10617792480799618,True,False,16.0,22.0,36.0,0.8113443294992472,3.020085908641412,4,3,mppi,mixed,40017,True,filter_on,472.1431698000015,0,0.0,True
goal,True,30.739999999999434,36.85035545531087,1.1968020818371223,0.9731507031791496,0.10239158207515518,0.10910672166468048,False,0.0,0.4569926968696425,,0.4956798724843295,1537,mixed,40018,0.116069208165202,True,True,16.0,22.0,36.0,0.7696339718997771,3.1314938087028037,4,3,mppi,mixed,40018,True,filter_on,394.71655759999703,79,0.05139882888744307,True
goal,True,31.159999999999425,36.61043625606905,1.1733876491835558,2.0934494948266638,0.7690509582954738,0.1659192022889546,False,0.0,0.7290420774079917,,0.5549566901313093,1558,mixed,40019,0.10783105943662999,True,False,16.0,22.0,36.0,0.906573083335485,4.495864137350109,4,1,mppi,mixed,40019,True,filter_on,396.73370769999747,22,0.014120667522464698,True
goal,True,32.29999999999945,36.813985769786385,1.1385206782659774,1.0024763559062408,0.07290404029129849,0.10116923453858989,False,0.0,0.418916028351497,,0.465037907341626,1615,crowded,40000,0.0,False,False,1000.0,1000.0,36.0,1.0269549633599504,4.188836833563437,6,2,mppi,crowded,40000,True,filter_on,351.42765599999984,236,0.14613003095975233,True
goal,True,40.80000000000078,37.33133666037285,0.9126767567098373,1.1696820682378017,0.04162390896152093,0.1304121729481768,False,0.0,0.21186584772089334,,0.6035383205138493,2040,crowded,40001,0.0,False,False,1000.0,1000.0,36.0,0.7243368133338365,3.1962339098678587,6,1,mppi,crowded,40001,True,filter_on,447.14431219999824,464,0.22745098039215686,True
timeout,False,90.01999999999923,35.478091479698506,0.3929504229871651,0.9144691696673141,0.0695511834216681,0.07809075309052753,False,0.0,0.409168202086295,,0.9018079948398224,4501,crowded,40002,0.0,False,False,1000.0,1000.0,36.0,0.7508052787243958,4.644611467052789,5,2,mppi,crowded,40002,True,filter_on,976.2018914,174,0.03865807598311486,False
goal,True,61.500000000004015,37.737483705065465,0.6121203404534661,0.9081379922977453,0.06791297977937137,0.09847707474965861,False,0.0,0.29945389933920363,,0.7060800615690458,3075,crowded,40003,0.0,False,False,1000.0,1000.0,36.0,0.8490167860554859,4.628405710192151,6,2,mppi,crowded,40003,True,filter_on,464.4855577999988,302,0.09821138211382113,True
timeout,False,90.01999999999923,22.735982283944853,0.2509352983462318,1.0008897286777712,0.06230824980342308,0.08065104484982485,False,0.0,0.45678572217677915,,0.8536348813564087,4501,crowded,40004,0.0,False,False,1000.0,1000.0,36.0,1.0795923035566237,3.5362672398920467,6,1,mppi,crowded,40004,True,filter_on,975.9648327999967,60,0.013330371028660297,False
goal,True,31.719999999999413,37.4388779981828,1.1774220682422127,0.7789023721320026,0.03801851779773251,0.12351260997078764,False,0.0,0.49370621282168736,,0.528290016772096,1586,crowded,40005,0.0,False,False,1000.0,1000.0,36.0,0.9560507401347812,4.376729974275946,5,1,mppi,crowded,40005,True,filter_on,257.8852532000019,201,0.12673392181588902,True
goal,True,27.919999999999494,36.53167265060511,1.3078071149910544,0.9711005332417292,0.06757674309304136,0.0975971435647652,False,0.0,0.3307157366361564,,0.4185055248554459,1396,crowded,40006,0.0,False,False,1000.0,1000.0,36.0,0.8058562020379452,4.409381050135197,4,1,mppi,crowded,40006,True,filter_on,300.637619000001,5,0.0035816618911174787,True
goal,True,84.24000000000038,37.95902140167009,0.4494607429645209,0.8616197303584753,0.06780320820717943,0.08054422807681946,False,0.0,0.26795736642245993,,0.8574830709666499,4212,crowded,40007,0.0,False,False,1000.0,1000.0,36.0,0.915670126779264,4.96842277310037,5,2,mppi,crowded,40007,True,filter_on,868.4641604999997,877,0.20821462488129155,True
goal,True,37.04000000000019,36.66081989182105,0.9886918362662357,0.7642878053440819,0.04465088847669029,0.10095185986452315,False,0.0,0.2132519424537116,,0.5204051858893577,1852,crowded,40008,0.0,False,False,1000.0,1000.0,36.0,0.8481775663468065,4.540265161935243,3,1,mppi,crowded,40008,True,filter_on,403.24967319999996,94,0.05075593952483801,True
stall,False,19.25999999999968,4.085459544472059,0.2109505475646204,0.7754454316822749,0.040210898931773625,0.0752201444725737,False,0.0,0.30156316529887184,,0.1755102785128953,963,crowded,40009,0.0,False,False,1000.0,1000.0,36.0,1.0652296151283247,4.265109495877631,6,1,mppi,crowded,40009,True,filter_on,221.5802920999995,613,0.6365524402907581,False
goal,True,33.479999999999634,36.49055028725096,1.0894255405326723,1.007737415281498,0.06675642555482068,0.09683088043205261,False,0.0,0.25029695093728,,0.44063487515694355,1674,crowded,40010,0.0,False,False,1000.0,1000.0,36.0,0.7030365816185886,3.562988417407127,3,2,mppi,crowded,40010,True,filter_on,361.7376265000057,0,0.0,True
goal,True,63.06000000000426,38.20085574052785,0.6034895118117005,1.0078255210973157,0.0725465026373583,0.10995295068392302,False,0.0,0.3220199743841109,,0.7871027573062211,3153,crowded,40011,0.0,False,False,1000.0,1000.0,36.0,0.7683395676925482,3.453176512837374,4,1,mppi,crowded,40011,True,filter_on,666.9064173000006,315,0.09990485252140818,True
goal,True,34.97999999999987,37.67426580416242,1.0735904582627294,0.9054140753936699,0.05403057758381118,0.10526093731145889,False,0.0,0.13024108016252844,,0.48958141982234343,1749,crowded,40012,0.0,False,False,1000.0,1000.0,36.0,0.7980316740585215,3.958287936722657,5,2,mppi,crowded,40012,True,filter_on,378.63544869999896,506,0.2893081761006289,True
goal,True,27.759999999999497,36.21602898426034,1.3043760806934435,0.9026535456239494,0.049300012512317894,0.08638284191205862,False,0.0,0.5341675174971359,,0.39789596820574497,1388,crowded,40013,0.0,False,False,1000.0,1000.0,36.0,0.7814949933564275,3.2978426504033935,3,2,mppi,crowded,40013,True,filter_on,292.6411206999983,147,0.10590778097982709,True
goal,True,32.139999999999425,36.91809969131288,1.1464672044331026,0.7049951615942701,0.03679740965802798,0.10922670709869388,False,0.0,0.483467054658391,,0.521350872256122,1607,crowded,40014,0.0,False,False,1000.0,1000.0,36.0,1.0740210071636749,4.461808336819669,4,2,mppi,crowded,40014,True,filter_on,349.6157239000022,103,0.0640945861854387,True
goal,True,50.64000000000232,38.414641746221555,0.7561419432947872,0.8849947137649554,0.059792969941689485,0.09622323203927681,False,0.0,0.39926876912409603,,0.634254569181724,2532,crowded,40015,0.0,False,False,1000.0,1000.0,36.0,0.7179454037519601,4.558795213330382,5,2,mppi,crowded,40015,True,filter_on,556.8152989000009,210,0.08293838862559241,True
goal,True,31.579999999999416,36.86296298489098,1.1657617206837394,0.7793095913920493,0.03491919865145359,0.08068554800361732,False,0.0,0.537852765442804,,0.4187035834183559,1579,crowded,40016,0.0,False,False,1000.0,1000.0,36.0,0.8499502930344071,3.9799304934551447,3,2,mppi,crowded,40016,True,filter_on,344.19826589999866,342,0.21659278024065864,True
goal,True,46.46000000000166,37.28202238665399,0.8001854082782943,0.6167103741162748,0.03309757163067682,0.11158055543071616,False,0.0,0.2966143161821685,,0.638418349200833,2323,crowded,40017,0.0,False,False,1000.0,1000.0,36.0,0.8113443294992472,3.020085908641412,3,1,mppi,crowded,40017,True,filter_on,518.5851078000051,453,0.19500645716745588,True
goal,True,75.74000000000207,39.047346570933975,0.5140171835164635,1.1543895049818453,0.04235624468838673,0.10013079530823732,False,0.0,0.5575751384553118,,0.8467115263455326,3787,crowded,40018,0.0,False,False,1000.0,1000.0,36.0,0.7696339718997771,3.1314938087028037,4,1,mppi,crowded,40018,True,filter_on,830.3044863999967,353,0.09321362556113018,True
goal,True,28.03999999999949,36.61527416989091,1.304123453525673,0.9551405830988896,0.06855139742397365,0.1091754943255103,False,0.0,0.345209276068496,,0.42723449974468425,1402,crowded,40019,0.0,False,False,1000.0,1000.0,36.0,0.906573083335485,4.495864137350109,3,1,mppi,crowded,40019,True,filter_on,256.9586777000004,125,0.0891583452211127,True
off_sidewalk,False,25.159999999999553,26.137616295103882,1.0346531061212734,1.8816524355729025,1.0994970182652313,0.23671907557798177,False,0.0,0.3626076619273353,,0.46363846262353436,1258,mixed,40000,0.1382794740817809,False,False,16.0,22.0,36.0,1.0269549633599504,4.188836833563437,4,2,mppi,mixed,40000,False,filter_off,306.6853135000056,0,0.0,False
goal,True,35.84,36.624487071615874,1.0206562833389792,1.207503682339033,0.8150511314149073,0.1451293513375983,False,0.0,0.35123105112217723,,0.5339981091931533,1792,mixed,40001,0.11759975460084857,False,True,16.0,22.0,36.0,0.7243368133338365,3.1962339098678587,3,3,mppi,mixed,40001,False,filter_off,455.2361141000001,0,0.0,True
off_sidewalk,False,12.459999999999823,4.800775379933612,0.38348406861117146,0.9212776933116655,0.1323277758338315,0.14629253535928566,False,0.0,0.5217847437939247,,0.1551598560619207,623,mixed,40002,0.1483565285291978,False,True,16.0,22.0,36.0,0.7508052787243958,4.644611467052789,2,3,mppi,mixed,40002,False,filter_off,144.08106360000238,0,0.0,False
goal,True,33.219999999999594,36.57763960891042,1.099379656217626,1.977487059469644,0.38184563400481164,0.15007149176585144,False,0.0,0.3525006139670237,,0.5314254157021479,1661,mixed,40003,0.13741979681327354,True,False,16.0,22.0,36.0,0.8490167860554859,4.628405710192151,2,3,mppi,mixed,40003,False,filter_off,422.87039340000047,0,0.0,True
goal,True,43.82000000000125,36.941881750460084,0.8410219990611697,2.3691116148363673,0.7502974221696687,0.14863268825715917,False,0.0,0.25637097567845424,,0.6495618639111463,2191,mixed,40004,0.09720936530079487,True,False,16.0,22.0,36.0,1.0795923035566237,3.5362672398920467,2,3,mppi,mixed,40004,False,filter_off,547.2494508000018,0,0.0,True
off_sidewalk,False,14.699999999999775,9.681281881173902,0.655424746174017,0.7553306490143694,0.2310223615551732,0.1429739146533812,False,0.0,0.3680281411332552,,0.20618764177871876,735,mixed,40005,0.11561613872560209,False,False,16.0,22.0,36.0,0.9560507401347812,4.376729974275946,3,2,mppi,mixed,40005,False,filter_off,185.3511475999985,0,0.0,False
off_sidewalk,False,10.319999999999869,4.695416684064019,0.45305096410784507,0.9710428457031228,0.07423138425882034,0.14284554342730463,False,0.0,0.5907221068229063,,0.13657785446017703,516,mixed,40006,0.10392628678605388,False,False,16.0,22.0,36.0,0.8058562020379452,4.409381050135197,2,2,mppi,mixed,40006,False,filter_off,115.4345231000043,0,0.0,False
off_sidewalk,False,29.779999999999454,29.60229269152935,0.9914250096603926,2.5631602219862333,0.7722052290026443,0.19943477028967266,False,0.0,0.27594300588786386,,0.48914779259459124,1489,mixed,40007,0.12735084372173167,False,False,16.0,22.0,36.0,0.915670126779264,4.96842277310037,4,3,mppi,mixed,40007,False,filter_off,365.8228472999981,0,0.0,False
off_sidewalk,False,14.699999999999775,7.395879769941326,0.5007107229485229,0.7489518606337382,0.08769277171685072,0.14499890927040912,False,0.0,0.18213000534485355,,0.20944889749529763,735,mixed,40008,0.10759643124749771,True,True,16.0,22.0,36.0,0.8481775663468065,4.540265161935243,2,2,mppi,mixed,40008,False,filter_off,177.42857709999953,0,0.0,False
off_sidewalk,False,31.959999999999408,29.97282178217021,0.9353093649401375,0.8547121133834014,0.6399326317081049,0.14390453166581538,False,0.0,0.48731073335590513,,0.49134516313501786,1598,mixed,40009,0.09809674133696933,False,True,16.0,22.0,36.0,1.0652296151283247,4.265109495877631,4,2,mppi,mixed,40009,False,filter_off,394.2298909999954,0,0.0,False
goal,True,29.91999999999945,36.41517087188267,1.2164086822976403,2.1679388820579977,0.8790098598445655,0.2085458402815536,False,0.0,0.4758272873379298,,0.48051920034110795,1496,mixed,40010,0.1334382914041298,False,False,16.0,22.0,36.0,0.7030365816185886,3.562988417407127,4,3,mppi,mixed,40010,False,filter_off,377.82548900000256,0,0.0,True
goal,True,30.999999999999428,36.67050856983811,1.1810522160205696,1.0111953708404962,0.33000479637208524,0.16970767409395462,False,0.0,0.40099257920960996,,0.8945855912766587,1550,mixed,40011,0.09513880113041694,False,True,16.0,22.0,36.0,0.7683395676925482,3.453176512837374,3,3,mppi,mixed,40011,False,filter_off,374.9898602999965,0,0.0,True
goal,True,31.77999999999941,36.71318927097892,1.1528523655220537,1.6107054609658096,0.8748768606097043,0.19583736312760697,False,0.0,0.2868413337106074,,0.5504410143227826,1589,mixed,40012,0.12391103662522673,False,False,16.0,22.0,36.0,0.7980316740585215,3.958287936722657,2,1,mppi,mixed,40012,False,filter_off,400.97185580000223,0,0.0,True
goal,True,40.50000000000073,36.814718600069135,0.907821134344197,1.2969967502222135,0.9031815428085767,0.14323555966436383,False,0.0,0.22723611117558074,,0.5586178426153297,2025,mixed,40013,0.1431049563468558,False,True,16.0,22.0,36.0,0.7814949933564275,3.2978426504033935,3,3,mppi,mixed,40013,False,filter_off,524.0662603999954,0,0.0,True
goal,True,28.339999999999485,36.30459439681051,1.2805658200710706,1.3147276014852631,0.9114416195165841,0.19212324629997476,False,0.0,0.5545547272701385,,0.48974748119155254,1417,mixed,40014,0.13210938383980786,False,False,16.0,22.0,36.0,1.0740210071636749,4.461808336819669,4,1,mppi,mixed,40014,False,filter_off,354.96612650000316,0,0.0,True
off_sidewalk,False,36.52000000000011,29.057379737860437,0.7944613644940355,1.2277331900999298,0.8276479583330634,0.13867746493925556,False,0.0,0.22605162478594165,,0.4697992510571777,1826,mixed,40015,0.14966170601972417,False,True,16.0,22.0,36.0,0.7179454037519601,4.558795213330382,3,3,mppi,mixed,40015,False,filter_off,443.6258202999961,0,0.0,False
collision,False,14.999999999999769,10.430655093851026,0.6951627934739039,0.7555780390955089,0.03530169557523794,0.11084546932224407,False,0.0,-0.02048128631116619,obstacle,0.1952707384876533,750,mixed,40016,0.12726273883470166,False,True,16.0,22.0,36.0,0.8499502930344071,3.9799304934551447,2,3,mppi,mixed,40016,False,filter_off,195.1551959999997,0,0.0,False
goal,True,36.52000000000011,36.73682941636655,1.0047308974210927,2.1523190683378615,0.736255097791426,0.15026595678315632,False,0.0,0.4314620097673514,,0.545652896672434,1826,mixed,40017,0.10617792480799618,True,False,16.0,22.0,36.0,0.8113443294992472,3.020085908641412,4,3,mppi,mixed,40017,False,filter_off,424.63113480000175,0,0.0,True
off_sidewalk,False,16.77999999999973,12.130975178025478,0.7213556239930357,0.9731507031791496,0.19618057208213313,0.14740384503414675,False,0.0,0.005052035619828366,,0.24793124183005752,839,mixed,40018,0.116069208165202,True,True,16.0,22.0,36.0,0.7696339718997771,3.1314938087028037,4,3,mppi,mixed,40018,False,filter_off,208.64997060000314,0,0.0,False
goal,True,31.159999999999425,36.606478000422385,1.173354468248569,2.2370340644882925,0.7736978333909593,0.1670667213766906,False,0.0,0.7290420774079917,,0.5561354825401587,1558,mixed,40019,0.10783105943662999,True,False,16.0,22.0,36.0,0.906573083335485,4.495864137350109,4,1,mppi,mixed,40019,False,filter_off,366.64735840000503,0,0.0,True
goal,True,32.899999999999544,36.745901927770966,1.1157831484881713,1.0024763559422,0.07290399808507537,0.09825310018089994,False,0.0,0.3962990515745324,,0.47241740394122644,1645,crowded,40000,0.0,False,False,1000.0,1000.0,36.0,1.0269549633599504,4.188836833563437,6,2,mppi,crowded,40000,False,filter_off,363.40315149999515,0,0.0,True
goal,True,54.600000000002936,37.85564440311082,0.6917263548038863,0.7863397777791755,0.040833374995993536,0.09832404472022176,False,0.0,0.24873497280361698,,0.6716462845452131,2730,crowded,40001,0.0,False,False,1000.0,1000.0,36.0,0.7243368133338365,3.1962339098678587,6,1,mppi,crowded,40001,False,filter_off,432.41006979999656,0,0.0,True
goal,True,39.80000000000062,37.80131345095383,0.9475729037367822,0.9144691696673141,0.0695511834216681,0.1011986017446386,False,0.0,0.3741877394135137,,0.5649030787802686,1990,crowded,40002,0.0,False,False,1000.0,1000.0,36.0,0.7508052787243958,4.644611467052789,5,2,mppi,crowded,40002,False,filter_off,421.0656897000008,0,0.0,True
goal,True,60.7800000000039,37.76183365352141,0.6197030837279276,0.9081379922977453,0.06791297977937137,0.09735571754629899,False,0.0,0.29945389933920363,,0.7188430536905456,3039,crowded,40003,0.0,False,False,1000.0,1000.0,36.0,0.8490167860554859,4.628405710192151,6,2,mppi,crowded,40003,False,filter_off,454.05215739999403,0,0.0,True
timeout,False,90.01999999999923,22.804052501116196,0.25177406682258274,1.0008897286777712,0.06230824980342308,0.08061019099201862,False,0.0,0.4278131079936933,,0.8518442463903997,4501,crowded,40004,0.0,False,False,1000.0,1000.0,36.0,1.0795923035566237,3.5362672398920467,6,1,mppi,crowded,40004,False,filter_off,811.3927775999982,0,0.0,False
goal,True,31.91999999999941,37.43713452641856,1.1696852003535232,0.784383825404918,0.05061301629251338,0.1272423481756625,False,0.0,0.10362915390106567,,0.52162735477096,1596,crowded,40005,0.0,False,False,1000.0,1000.0,36.0,0.9560507401347812,4.376729974275946,5,1,mppi,crowded,40005,False,filter_off,183.08133799999632,0,0.0,True
goal,True,27.919999999999494,36.53298845240271,1.307854556218809,0.9711005332417292,0.06757674309304136,0.09761814261448411,False,0.0,0.3307004899680084,,0.4184648954057625,1396,crowded,40006,0.0,False,False,1000.0,1000.0,36.0,0.8058562020379452,4.409381050135197,4,1,mppi,crowded,40006,False,filter_off,305.4085657999967,0,0.0,True
goal,True,84.1000000000004,38.2896040516395,0.4543966460626102,0.8616197303584753,0.06780320820717943,0.0699713882212841,False,0.0,0.09655727729523086,,0.8365322977142094,4205,crowded,40007,0.0,False,False,1000.0,1000.0,36.0,0.915670126779264,4.96842277310037,5,2,mppi,crowded,40007,False,filter_off,615.1293138000037,0,0.0,True
goal,True,36.12000000000005,36.591793232830284,1.0120592246082853,0.7642878053440803,0.044650888476695856,0.10558461009116896,False,0.0,0.20031078290953885,,0.5214058434266642,1806,crowded,40008,0.0,False,False,1000.0,1000.0,36.0,0.8481775663468065,4.540265161935243,3,1,mppi,crowded,40008,False,filter_off,377.1563596999986,0,0.0,True
goal,True,42.8400000000011,37.06945674816503,0.8631707049447943,0.7754454316822739,0.040210898931772494,0.0984821004583397,False,0.0,0.36109953579684695,,0.5799889082512193,2142,crowded,40009,0.0,False,False,1000.0,1000.0,36.0,1.0652296151283247,4.265109495877631,6,1,mppi,crowded,40009,False,filter_off,334.7697730999935,0,0.0,True
goal,True,33.479999999999634,36.49055028725111,1.089425540532676,1.0077374152814973,0.06675642555482077,0.09683088043205708,False,0.0,0.25029695093731086,,0.44063487515694544,1674,crowded,40010,0.0,False,False,1000.0,1000.0,36.0,0.7030365816185886,3.562988417407127,3,2,mppi,crowded,40010,False,filter_off,345.42839360000653,0,0.0,True
goal,True,85.70000000000009,39.49683530252097,0.45905218187951896,1.0078255210973157,0.07254650263735823,0.09793773115311796,False,0.0,0.30402209705884325,,0.9446069852680603,4285,crowded,40011,0.0,False,False,1000.0,1000.0,36.0,0.7683395676925482,3.453176512837374,4,1,mppi,crowded,40011,False,filter_off,577.4060575999974,0,0.0,True
goal,True,33.8999999999997,37.6873563915842,1.1082643677513022,0.9054140753936699,0.054030577583811044,0.11304651624709683,False,0.0,0.19393943844150197,,0.5254407462242308,1695,crowded,40012,0.0,False,False,1000.0,1000.0,36.0,0.7980316740585215,3.958287936722657,5,2,mppi,crowded,40012,False,filter_off,340.0199011000004,0,0.0,True
goal,True,27.6399999999995,36.216692127608766,1.3100424951432432,0.9026535456239494,0.04930001251231785,0.08835545242806903,False,0.0,0.5341906530919387,,0.4062656427820714,1382,crowded,40013,0.0,False,False,1000.0,1000.0,36.0,0.7814949933564275,3.2978426504033935,3,2,mppi,crowded,40013,False,filter_off,216.23314459999528,0,0.0,True
goal,True,32.11999999999942,36.89813415725021,1.146546428349459,0.8018214555829551,0.052834721815696074,0.11727445381881905,False,0.0,0.4773340961284983,,0.5337122234560026,1606,crowded,40014,0.0,False,False,1000.0,1000.0,36.0,1.0740210071636749,4.461808336819669,4,2,mppi,crowded,40014,False,filter_off,320.95538249999663,0,0.0,True
collision,False,75.54000000000211,25.829163409148034,0.340165149054427,0.8849947137649558,0.05979296994168886,0.08563960593572288,False,0.0,-0.002797238567343402,pedestrian,0.7511608984666713,3777,crowded,40015,0.0,False,False,1000.0,1000.0,36.0,0.7179454037519601,4.558795213330382,5,2,mppi,crowded,40015,False,filter_off,516.2749780000013,0,0.0,False
goal,True,31.019999999999428,36.859349081335836,1.1865950960184417,0.7793095913923909,0.03491919865158725,0.08983847516474683,False,0.0,0.5381487233842817,,0.45314181653884966,1551,crowded,40016,0.0,False,False,1000.0,1000.0,36.0,0.8499502930344071,3.9799304934551447,3,2,mppi,crowded,40016,False,filter_off,307.5183775999976,0,0.0,True
stall,False,49.600000000002154,24.408244486733828,0.4901532759424004,0.6167103741164137,0.03491299570580843,0.09828343743609928,False,0.0,0.31142714085487,,0.586396624214565,2480,crowded,40017,0.0,False,False,1000.0,1000.0,36.0,0.8113443294992472,3.020085908641412,3,1,mppi,crowded,40017,False,filter_off,370.40511899999547,0,0.0,False
goal,True,75.20000000000218,38.84041374876805,0.5151169461560469,0.7231217571027116,0.0297748067198519,0.0713348757092905,False,0.0,0.6029693765318699,,0.78359063250687,3760,crowded,40018,0.0,False,False,1000.0,1000.0,36.0,0.7696339718997771,3.1314938087028037,4,1,mppi,crowded,40018,False,filter_off,639.7957311999999,0,0.0,True
goal,True,28.219999999999487,36.62439203061804,1.2960059567652198,0.95514058309889,0.06855139742397379,0.11356717557865195,False,0.0,0.3459370008497985,,0.44823753183758447,1411,crowded,40019,0.0,False,False,1000.0,1000.0,36.0,0.906573083335485,4.495864137350109,3,1,mppi,crowded,40019,False,filter_off,161.04993310000282,0,0.0,True
stall,False,40.520000000000735,30.348489357302867,0.7474536897283552,1.3134571789723903,0.8455207143850029,0.25924574073420936,False,0.0,0.06693491186519301,,0.9760006088351929,2026,mixed,40000,0.1382794740817809,False,False,16.0,22.0,36.0,1.0269549633599504,4.188836833563437,4,2,dwa,mixed,40000,True,filter_on,5.198059899994405,944,0.46594274432379074,False
stall,False,23.119999999999596,7.756275727493458,0.33402169678077204,1.3266502723707858,0.053784263243482,0.23751680844346748,False,0.0,0.19228744494876804,,0.40643181226536934,1156,mixed,40001,0.11759975460084857,False,True,16.0,22.0,36.0,0.7243368133338365,3.1962339098678587,3,3,dwa,mixed,40001,True,filter_on,3.1108545000024606,802,0.6937716262975778,False
goal,True,28.839999999999474,36.570615045608186,1.2660658146143984,1.0625716999517303,0.2914562569107187,0.25094275837745317,False,0.0,0.0732849077201635,,0.8546676993658582,1442,mixed,40002,0.1483565285291978,False,True,16.0,22.0,36.0,0.7508052787243958,4.644611467052789,2,3,dwa,mixed,40002,True,filter_on,3.1300076999978046,181,0.12552011095700416,True
stall,False,22.279999999999614,7.16601642455942,0.32065005179312595,1.1812210109611552,0.08428824648792194,0.18963077654771499,False,0.0,0.22097177653581207,,0.3369459991442774,1114,mixed,40003,0.13741979681327354,True,False,16.0,22.0,36.0,0.8490167860554859,4.628405710192151,2,3,dwa,mixed,40003,True,filter_on,2.7292364000022644,814,0.7307001795332136,False
stall,False,23.999999999999577,11.261371329806131,0.4678525349425655,1.120930272272515,0.06708675250127209,0.18559805110861996,False,0.0,0.08783819317296537,,0.3879314377636734,1200,mixed,40004,0.09720936530079487,True,False,16.0,22.0,36.0,1.0795923035566237,3.5362672398920467,2,3,dwa,mixed,40004,True,filter_on,3.1171803000033833,147,0.1225,False
goal,True,26.439999999999525,36.32439271127318,1.3738412154993673,2.5017520086506497,0.6410322173797973,0.25404969720920145,False,0.0,0.24684104291762723,,0.7108826239787908,1322,mixed,40005,0.11561613872560209,False,False,16.0,22.0,36.0,0.9560507401347812,4.376729974275946,3,2,dwa,mixed,40005,True,filter_on,2.94567719999759,269,0.20347957639939485,True
stall,False,27.5399999999995,9.366285528416684,0.33842389822718166,0.958880238004033,0.07729786884091706,0.1695455737775138,False,0.0,0.06182725684440754,,0.4253823124883704,1377,mixed,40006,0.10392628678605388,False,False,16.0,22.0,36.0,0.8058562020379452,4.409381050135197,2,2,dwa,mixed,40006,True,filter_on,3.730463400002918,905,0.6572258533042846,False
stall,False,44.06000000000129,28.913674176814677,0.6550007208093759,1.0522361888346878,0.5194835228721072,0.20787832149808846,False,0.0,0.25384323886957083,,0.8311467244028065,2203,mixed,40007,0.12735084372173167,False,False,16.0,22.0,36.0,0.915670126779264,4.96842277310037,4,3,dwa,mixed,40007,True,filter_on,6.030720700000529,127,0.05764866091693146,False
stall,False,20.99999999999964,7.3330197474083825,0.3475728623815531,1.0183922123303488,0.06113933447003871,0.1576855283931268,False,0.0,0.2563687704924159,,0.2993672716367515,1050,mixed,40008,0.10759643124749771,True,True,16.0,22.0,36.0,0.8481775663468065,4.540265161935243,2,2,dwa,mixed,40008,True,filter_on,2.5912472999989404,749,0.7133333333333334,False
goal,True,39.22000000000053,36.518961669645115,0.928979715868408,1.2240892411270077,0.45107392333186813,0.2306643379895077,False,0.0,0.25920276434071965,,0.9450883866734155,1961,mixed,40009,0.09809674133696933,False,True,16.0,22.0,36.0,1.0652296151283247,4.265109495877631,4,2,dwa,mixed,40009,True,filter_on,5.333826599999156,538,0.27434982151963283,True
goal,True,26.939999999999515,36.20081396600551,1.3437688556513683,2.7259334255095977,0.9079391032273477,0.2620050560899402,False,0.0,0.03437283348996023,,0.6183895676405674,1347,mixed,40010,0.1334382914041298,False,False,16.0,22.0,36.0,0.7030365816185886,3.562988417407127,4,3,dwa,mixed,40010,True,filter_on,3.591452599997865,211,0.15664439495174462,True
stall,False,18.439999999999696,4.998335160579882,0.26970889155140304,0.9426148467580104,0.047220090008991425,0.13910120072458737,False,0.0,0.06965418700139994,,0.24145593790770975,922,mixed,40011,0.09513880113041694,False,True,16.0,22.0,36.0,0.7683395676925482,3.453176512837374,3,3,dwa,mixed,40011,True,filter_on,2.863050200001453,819,0.8882863340563991,False
stall,False,30.619999999999436,22.78251932388201,0.7246340649964853,2.5110070495752157,0.5023933211344381,0.2467376127089807,False,0.0,0.3345318530231197,,1.2280563751164395,1531,mixed,40012,0.12391103662522673,False,False,16.0,22.0,36.0,0.7980316740585215,3.958287936722657,2,1,dwa,mixed,40012,True,filter_on,3.468372899995302,137,0.08948399738732854,False
collision,False,20.459999999999653,25.97219893862189,1.2688439361598867,1.1765532045070135,0.526640092183925,0.2720457160227081,False,0.0,-0.008713300748346642,obstacle,0.5826796481263832,1023,mixed,40013,0.1431049563468558,False,True,16.0,22.0,36.0,0.7814949933564275,3.2978426504033935,3,3,dwa,mixed,40013,True,filter_on,2.550651800003834,298,0.2913000977517107,False
goal,True,39.180000000000526,36.09249565984647,0.920586590524505,2.927638512463325,0.8310971602525977,0.2374231301511537,False,0.0,0.07437776775199412,,0.7939238981773621,1959,mixed,40014,0.13210938383980786,False,False,16.0,22.0,36.0,1.0740210071636749,4.461808336819669,4,1,dwa,mixed,40014,True,filter_on,5.0279976000019815,112,0.05717202654415518,True
collision,False,4.939999999999983,6.9909590300396935,1.4177111506917588,0.9703029087395829,0.07477150593290173,0.2567291630815987,False,0.0,-0.010509397431255896,obstacle,0.1790848557515462,247,mixed,40015,0.14966170601972417,False,True,16.0,22.0,36.0,0.7179454037519601,4.558795213330382,3,3,dwa,mixed,40015,True,filter_on,0.6703177000017604,102,0.41295546558704455,False
collision,False,8.199999999999914,10.290237559152287,1.2540965512711895,1.0071656910159066,0.07773596014581598,0.27948202653905957,False,0.0,-0.0022831646466141553,obstacle,0.2751939434368694,410,mixed,40016,0.12726273883470166,False,True,16.0,22.0,36.0,0.8499502930344071,3.9799304934551447,2,3,dwa,mixed,40016,True,filter_on,1.121706699996139,90,0.21951219512195122,False
goal,True,30.87999999999943,36.23252637375804,1.1732066063715265,2.2586986609624966,0.7650913053251144,0.24910523551358665,False,0.0,0.10812451444001447,,0.7089640740054893,1544,mixed,40017,0.10617792480799618,True,False,16.0,22.0,36.0,0.8113443294992472,3.020085908641412,4,3,dwa,mixed,40017,True,filter_on,4.002656799995748,189,0.12240932642487047,True
collision,False,8.799999999999901,10.743974765323417,1.2203611743416218,1.0042114037240255,0.05956403931574737,0.24646436857850187,False,0.0,-0.01077076656502196,obstacle,0.2729219649351874,440,mixed,40018,0.116069208165202,True,True,16.0,22.0,36.0,0.7696339718997771,3.1314938087028037,4,3,dwa,mixed,40018,True,filter_on,1.2455045999959111,102,0.2318181818181818,False
goal,True,26.979999999999514,36.15654188250049,1.3404568945697775,1.443346444692869,0.5350872399217088,0.21676824311590784,False,0.0,0.32682290528586244,,0.7449619047294453,1349,mixed,40019,0.10783105943662999,True,False,16.0,22.0,36.0,0.906573083335485,4.495864137350109,4,1,dwa,mixed,40019,True,filter_on,3.3341175000023213,337,0.24981467753891773,True
stall,False,42.8600000000011,29.807547904602213,0.695097583437531,2.9052209314509057,0.7035927930505534,0.18439468371669213,False,0.0,0.5311690625800861,,0.6040930152908369,2143,mixed,40020,0.11728344647129728,False,False,16.0,22.0,36.0,1.0784303399483601,3.8980196533822684,2,1,dwa,mixed,40020,True,filter_on,4.8538630999973975,2,0.0009332711152589828,False
goal,True,29.119999999999468,36.68249561044845,1.258971973094403,2.863919248506329,0.8087634172269399,0.28168384018386594,False,0.0,0.06553210277774535,,0.8255115123230549,1456,mixed,40021,0.1349724742931551,False,False,16.0,22.0,36.0,0.7802842716162096,3.5386999951573146,4,2,dwa,mixed,40021,True,filter_on,3.5501049000013154,312,0.21428571428571427,True
stall,False,31.37999999999942,22.7718058880157,0.7088745686168602,2.5062888865971313,0.547423032614123,0.235648260059588,False,0.0,0.8407872528158722,,0.9314278479422738,1569,mixed,40022,0.14577035564304586,False,False,16.0,22.0,36.0,0.9857899162482915,3.876455550552783,4,3,dwa,mixed,40022,True,filter_on,4.054491499999131,187,0.11918419375398343,False
goal,True,28.199999999999488,36.30419424314545,1.2864051894142887,2.185257945091776,0.6868398626255136,0.26405139028715097,False,0.0,0.11761686356207565,,0.81236949603034,1410,mixed,40023,0.13168477062749592,True,False,16.0,22.0,36.0,0.8516422703049387,4.935202389266619,4,3,dwa,mixed,40023,True,filter_on,3.6366622999994433,315,0.22340425531914893,True
stall,False,36.02000000000003,28.05973030838156,0.7785490062364818,1.1852035696997418,0.16966870833990774,0.17166650443188028,False,0.0,0.313695821263412,,0.5715873149907362,1801,mixed,40024,0.11385203798090476,True,True,16.0,22.0,36.0,1.0306603538535497,3.6198489947184163,2,3,dwa,mixed,40024,True,filter_on,4.229126799997175,0,0.0,False
stall,False,36.880000000000166,27.560043049148444,0.7463961878046869,1.0120774093197376,0.5899951326175759,0.16350600119462044,False,0.0,0.17362131935581893,,0.6321632553900709,1844,mixed,40025,0.13728872377668433,False,True,16.0,22.0,36.0,0.8526272218542965,4.173848518190195,4,3,dwa,mixed,40025,True,filter_on,4.707063699999708,872,0.47288503253796094,False
collision,False,9.35999999999989,5.216670913997004,0.5564140917364447,1.0387073154821826,0.0742012227765683,0.2685271457937267,False,0.0,-0.001991260217779345,obstacle,0.21807019245682163,468,mixed,40026,0.12791466115434708,True,False,16.0,22.0,36.0,1.044141999212794,3.6659385751060407,2,3,dwa,mixed,40026,True,filter_on,1.1974525999976322,41,0.0876068376068376,False
stall,False,22.9999999999996,4.491635930550023,0.19212342248849243,1.1776805300748456,0.06713793221664983,0.207140041740432,False,0.0,0.0586581508745635,,0.36487515500635875,1150,mixed,40027,0.10375711799575914,False,True,16.0,22.0,36.0,1.053542838541399,4.265938298700595,3,1,dwa,mixed,40027,True,filter_on,3.2285460000057356,881,0.7660869565217391,False
stall,False,39.560000000000585,26.162666353096892,0.6603973881737825,2.39559077843219,0.591142882834776,0.19820289793372625,False,0.0,0.3189602196892469,,0.601458461110024,1978,mixed,40028,0.12378022218339735,False,False,16.0,22.0,36.0,0.7216495609265299,4.767537849018466,3,2,dwa,mixed,40028,True,filter_on,4.946003600001859,113,0.05712841253791709,False
goal,True,34.83999999999985,37.334985513564476,1.0691653368271516,1.1773384530233055,0.3910763471438095,0.23464243718371144,False,0.0,0.24595904709957486,,0.8793246414165183,1742,mixed,40029,0.11068266601463561,False,True,16.0,22.0,36.0,0.7120046903057495,3.873518351399377,4,3,dwa,mixed,40029,True,filter_on,4.453622699998959,317,0.1819747416762342,True
stall,False,36.78000000000015,27.391434550308375,0.7429615662205316,1.187194138295254,0.4720413701784009,0.21332657170375424,False,0.0,0.08084849954147821,,0.793571072566583,1839,mixed,40030,0.1019701224578749,False,False,16.0,22.0,36.0,0.9708094058038798,4.2320673561172075,4,1,dwa,mixed,40030,True,filter_on,4.946612799998547,227,0.12343665035345297,False
stall,False,30.079999999999448,8.719994727029711,0.28933899561186077,1.0197128421944106,0.08612423572357183,0.11061489652295572,False,0.0,0.25823375089473544,,0.3037134377508136,1504,mixed,40031,0.11838959127106012,False,False,16.0,22.0,36.0,1.0141076789449541,4.580459609903585,3,1,dwa,mixed,40031,True,filter_on,3.668816600002174,424,0.28191489361702127,False
goal,True,26.27999999999953,36.18034090950417,1.3767753502385447,2.639985664715328,0.7747496381034582,0.2618846711083942,False,0.0,0.29018616925316076,,0.5522418711132546,1314,mixed,40032,0.1311410067452635,False,False,16.0,22.0,36.0,0.8158921726449161,3.4731275484511577,4,1,dwa,mixed,40032,True,filter_on,3.18288730000495,36,0.0273972602739726,True
stall,False,23.199999999999594,10.296394670287455,0.4423820872655922,1.054769183536276,0.0728853374814478,0.16750761571679934,False,0.0,0.07008989786046965,,0.37953385551010504,1160,mixed,40033,0.12691284061082575,False,False,16.0,22.0,36.0,0.7251047910836249,4.406303961790812,2,3,dwa,mixed,40033,True,filter_on,3.117855200005579,779,0.6715517241379311,False
stall,False,20.65999999999965,7.644983694442049,0.3693258819512548,0.9932370863878293,0.05925901540451291,0.14956225403737436,False,0.0,0.13924286523301815,,0.32497627917094496,1033,mixed,40034,0.11351754956284855,False,False,16.0,22.0,36.0,0.8842371725297713,3.8591991611600687,4,2,dwa,mixed,40034,True,filter_on,2.777996600001643,777,0.7521781219748306,False
stall,False,23.159999999999595,8.129781403864682,0.3492735177981408,1.067665684715796,0.08147600211218121,0.20798129139415758,False,0.0,0.09216608355169476,,0.4231762770563193,1158,mixed,40035,0.12159995420100617,False,True,16.0,22.0,36.0,0.9724730030392097,4.1935511046130625,4,2,dwa,mixed,40035,True,filter_on,3.4669284999981755,237,0.20466321243523317,False
goal,True,22.639999999999606,36.12977871945822,1.596187618125574,2.747492846163306,0.8975633856402373,0.2641887462244136,False,0.0,0.09314209327850687,,0.6209320877753302,1132,mixed,40036,0.14266727735156232,False,False,16.0,22.0,36.0,1.069162997705235,4.339039910918447,2,3,dwa,mixed,40036,True,filter_on,2.4792081999985385,119,0.10512367491166077,True
stall,False,30.35999999999944,6.26953949281098,0.2052465274114685,1.087825826476235,0.05404197649248254,0.14214129004516576,False,0.0,0.10525950001346884,,0.3361268215191082,1518,mixed,40037,0.09270055121386228,True,False,16.0,22.0,36.0,0.7600347229307929,3.0361488610625345,4,1,dwa,mixed,40037,True,filter_on,4.081179000000702,1168,0.769433465085639,False
goal,True,25.919999999999536,36.21135341316336,1.3971890995561316,2.435765587277369,0.7004129373707165,0.22947764598058518,False,0.0,0.1856481594505639,,0.6122673005239511,1296,mixed,40038,0.12137017462719892,True,False,16.0,22.0,36.0,1.087547914896784,4.573518959252186,4,1,dwa,mixed,40038,True,filter_on,3.073945399999502,229,0.17669753086419754,True
stall,False,43.840000000001254,30.84860070509826,0.7024042916432431,3.104243336813557,0.8627574341090132,0.2328252723746082,True,0.0002737226277372263,0.3418669453286144,,0.8449166378343438,2192,mixed,40039,0.1488968723122117,False,False,16.0,22.0,36.0,0.7788526595978952,4.463583000707763,4,2,dwa,mixed,40039,True,filter_on,5.744374299996707,189,0.08622262773722628,False
stall,False,26.459999999999525,9.375155224219355,0.3527922523658382,1.345174394281489,0.14692930704438725,0.20874479352513692,False,0.0,0.002277498356946017,,0.4068539598144907,1323,crowded,40000,0.0,False,False,1000.0,1000.0,36.0,1.0269549633599504,4.188836833563437,6,2,dwa,crowded,40000,True,filter_on,3.8294605999981286,701,0.5298563869992441,False
goal,True,29.759999999999454,36.595474295138246,1.2286270536967052,1.0839233076181063,0.05230228133261353,0.2164323870548954,False,0.0,0.2724059128475663,,0.6382135316856159,1488,crowded,40001,0.0,False,False,1000.0,1000.0,36.0,0.7243368133338365,3.1962339098678587,6,1,dwa,crowded,40001,True,filter_on,3.998495899999398,753,0.5060483870967742,True
goal,True,27.5399999999995,36.214603777189126,1.313915695621167,0.998961934596959,0.08269962151209959,0.18721963377243628,False,0.0,0.09985024986280294,,0.5173134780456025,1377,crowded,40002,0.0,False,False,1000.0,1000.0,36.0,0.7508052787243958,4.644611467052789,5,2,dwa,crowded,40002,True,filter_on,3.2116745000021183,849,0.616557734204793,True
stall,False,28.239999999999487,5.459184872135916,0.18635521636217997,1.0826211354877837,0.08029847457565716,0.1323145108204854,False,0.0,0.00241508052813888,,0.29374197557534715,1412,crowded,40003,0.0,False,False,1000.0,1000.0,36.0,0.8490167860554859,4.628405710192151,6,2,dwa,crowded,40003,True,filter_on,3.8189783999987412,567,0.40155807365439095,False
goal,True,27.15999999999951,36.70673617696754,1.3508103971267025,1.3045769501894435,0.05277529818067458,0.24206010396118927,False,0.0,0.2706238810247581,,0.7000862139656332,1358,crowded,40004,0.0,False,False,1000.0,1000.0,36.0,1.0795923035566237,3.5362672398920467,6,1,dwa,crowded,40004,True,filter_on,3.3784619999933057,842,0.6200294550810015,True
goal,True,20.09999999999966,36.18123769212388,1.8008770102558007,1.0142572038434337,0.08216478722683963,0.12428686838291705,False,0.0,0.2966684249122764,,0.3841770442289162,1005,crowded,40005,0.0,False,False,1000.0,1000.0,36.0,0.9560507401347812,4.376729974275946,5,1,dwa,crowded,40005,True,filter_on,2.3546747000000323,226,0.22487562189054727,True
stall,False,32.139999999999425,21.97291118884533,0.6826551622323036,0.9925208587489662,0.07981069411209768,0.11674382450611893,False,0.0,0.21907317146055638,,0.39447770653116904,1607,crowded,40006,0.0,False,False,1000.0,1000.0,36.0,0.8058562020379452,4.409381050135197,4,1,dwa,crowded,40006,True,filter_on,4.289151400000264,753,0.4685749844430616,False
goal,True,23.739999999999583,36.42376577707001,1.5341719702744927,1.027937545329331,0.0899156024641246,0.21965553402368626,False,0.0,0.10598722968283991,,0.6199181203062251,1187,crowded,40007,0.0,False,False,1000.0,1000.0,36.0,0.915670126779264,4.96842277310037,5,2,dwa,crowded,40007,True,filter_on,2.778508799994597,442,0.37236731255265376,True
stall,False,27.17999999999951,18.997835745339398,0.6979128599357172,0.9927662176989204,0.08241285185133695,0.13872667759313626,False,0.0,0.2251042687153993,,0.3983622720659194,1359,crowded,40008,0.0,False,False,1000.0,1000.0,36.0,0.8481775663468065,4.540265161935243,3,1,dwa,crowded,40008,True,filter_on,3.137615100000403,773,0.5688005886681383,False
stall,False,36.26000000000007,22.672948317871633,0.6231185048450119,1.1190759796958478,0.07990187794007159,0.2164929402115542,False,0.0,0.08152574726520423,,0.806188365031851,1813,crowded,40009,0.0,False,False,1000.0,1000.0,36.0,1.0652296151283247,4.265109495877631,6,1,dwa,crowded,40009,True,filter_on,4.983017800004745,412,0.2272476558190844,False
collision,False,13.439999999999802,6.562203527321158,0.48714914531448905,1.0033013487354328,0.0631400358517677,0.23163755456681326,False,0.0,-0.0014944551578273124,obstacle,0.2305948693890862,672,crowded,40010,0.0,False,False,1000.0,1000.0,36.0,0.7030365816185886,3.562988417407127,3,2,dwa,crowded,40010,True,filter_on,1.5360719000018435,1,0.001488095238095238,False
goal,True,29.279999999999465,36.41691557828833,1.24222009802456,1.1973059472687586,0.07762898442094661,0.25183774726112906,False,0.0,0.12613943999241503,,0.810047225787191,1464,crowded,40011,0.0,False,False,1000.0,1000.0,36.0,0.7683395676925482,3.453176512837374,4,1,dwa,crowded,40011,True,filter_on,3.2757256999975652,494,0.337431693989071,True
stall,False,30.219999999999445,19.070689020084036,0.6283768141783593,1.2142958388644507,0.07828448545830015,0.2507412133276253,False,0.0,0.05658005163429258,,0.69304485293791,1511,crowded,40012,0.0,False,False,1000.0,1000.0,36.0,0.7980316740585215,3.958287936722657,5,2,dwa,crowded,40012,True,filter_on,4.671328500000527,642,0.4248841826604897,False
goal,True,18.339999999999698,36.12450590013045,1.9707566277172575,1.0370686007900791,0.07673295945786673,0.09488697367411925,False,0.0,0.3120871338969977,,0.25520992521746805,917,crowded,40013,0.0,False,False,1000.0,1000.0,36.0,0.7814949933564275,3.2978426504033935,3,2,dwa,crowded,40013,True,filter_on,1.78392399999575,0,0.0,True
goal,True,24.579999999999565,36.31638658109853,1.4775426116545178,1.2477764856009401,0.07547800846795157,0.22494809480907613,False,0.0,0.21910540830847458,,0.6692400426449648,1229,crowded,40014,0.0,False,False,1000.0,1000.0,36.0,1.0740210071636749,4.461808336819669,4,2,dwa,crowded,40014,True,filter_on,2.687855899996066,256,0.2082994304312449,True
collision,False,29.53999999999946,24.792243506392026,0.8376685372205445,0.9703028709418612,0.07477149542384869,0.19168627238091357,False,0.0,-0.001552824655894569,obstacle,0.6438526062742826,1477,crowded,40015,0.0,False,False,1000.0,1000.0,36.0,0.7179454037519601,4.558795213330382,5,2,dwa,crowded,40015,True,filter_on,3.7354598000019905,922,0.6242383209207854,False
goal,True,20.57999999999965,36.08739700541079,1.7539990373961485,1.1223721265595177,0.06637786557085962,0.23665020274499185,False,0.0,0.2661205671074961,,0.5184913631825977,1029,crowded,40016,0.0,False,False,1000.0,1000.0,36.0,0.8499502930344071,3.9799304934551447,3,2,dwa,crowded,40016,True,filter_on,1.9122964999987744,103,0.1000971817298348,True
goal,True,22.53999999999961,36.23483323249115,1.60794706033227,1.1826518514704105,0.05388543732573013,0.22957636137450166,False,0.0,0.30335035364820784,,0.642982116694481,1127,crowded,40017,0.0,False,False,1000.0,1000.0,36.0,0.8113443294992472,3.020085908641412,3,1,dwa,crowded,40017,True,filter_on,2.3241992000039318,381,0.3380656610470275,True
goal,True,24.019999999999577,36.35562585987518,1.5131422753378982,1.4464143113451875,0.05454833522956782,0.27600557040686036,False,0.0,0.26401835817828956,,0.7439818354206899,1201,crowded,40018,0.0,False,False,1000.0,1000.0,36.0,0.7696339718997771,3.1314938087028037,4,1,dwa,crowded,40018,True,filter_on,2.6056051999985357,346,0.2880932556203164,True
goal,True,25.31999999999955,36.3562300923084,1.4353493378036324,0.8776523787984641,0.05113481455194026,0.1546195407305006,False,0.0,0.23001048215117714,,0.4445362136466435,1266,crowded,40019,0.0,False,False,1000.0,1000.0,36.0,0.906573083335485,4.495864137350109,3,1,dwa,crowded,40019,True,filter_on,2.5823786000037217,123,0.0971563981042654,True
goal,True,24.059999999999576,36.40634958016903,1.512688869055727,1.042113410887699,0.08437239434242635,0.22357620679351836,False,0.0,0.2673457179595825,,0.6243417454050534,1203,crowded,40020,0.0,False,False,1000.0,1000.0,36.0,1.0784303399483601,3.8980196533822684,6,1,dwa,crowded,40020,True,filter_on,2.786372800001118,468,0.38902743142144636,True
stall,False,34.41999999999978,18.832658808960545,0.5466472194070877,0.9387251603790092,0.05044392933410375,0.10492579883176582,False,0.0,0.06732596452614414,,0.36932445301368955,1721,crowded,40021,0.0,False,False,1000.0,1000.0,36.0,0.7802842716162096,3.5386999951573146,3,2,dwa,crowded,40021,True,filter_on,4.3767055999996956,750,0.4357931435212086,False
goal,True,26.999999999999513,36.32995122457178,1.3451405605685287,1.0716306940174334,0.05002017739318725,0.22249312167300106,False,0.0,0.12514220026750056,,0.6470573131277862,1350,crowded,40022,0.0,False,False,1000.0,1000.0,36.0,0.9857899162482915,3.876455550552783,5,2,dwa,crowded,40022,True,filter_on,3.2297025000007125,523,0.3874074074074074,True
goal,True,25.559999999999544,36.13123913190968,1.4138116520344133,0.9721875986299391,0.08765955419137385,0.18591495732956678,False,0.0,0.11263692538129577,,0.6880235001950264,1278,crowded,40023,0.0,False,False,1000.0,1000.0,36.0,0.8516422703049387,4.935202389266619,6,2,dwa,crowded,40023,True,filter_on,3.3464978999982122,626,0.48982785602503914,True
stall,False,24.459999999999567,8.224844514057114,0.3353284535807898,1.0473721896850055,0.08269518904412208,0.12215953283817384,False,0.0,0.22396111595860785,,0.263256638491407,1223,crowded,40024,0.0,False,False,1000.0,1000.0,36.0,1.0306603538535497,3.6198489947184163,5,1,dwa,crowded,40024,True,filter_on,2.778535000004922,733,0.5993458708094849,False
collision,False,18.399999999999697,14.457939288423347,0.7843544409605585,1.0140605245086367,0.08137974706268257,0.19873448529851243,False,0.0,-0.00024584005004246734,obstacle,0.3988740532912426,920,crowded,40025,0.0,False,False,1000.0,1000.0,36.0,0.8526272218542965,4.173848518190195,5,2,dwa,crowded,40025,True,filter_on,2.5415350000039325,338,0.3673913043478261,False
stall,False,44.00000000000128,26.680815501209917,0.6045666657360189,1.2013666809856416,0.08234951695091386,0.20282090157138916,False,0.0,0.2588780720241777,,0.7642148935902209,2200,crowded,40026,0.0,False,False,1000.0,1000.0,36.0,1.044141999212794,3.6659385751060407,5,2,dwa,crowded,40026,True,filter_on,5.92941140000039,444,0.2018181818181818,False
goal,True,26.599999999999522,36.214229671289075,1.3612096043919555,1.1219990332377403,0.05778565513932786,0.25564395597189843,False,0.0,0.22490033552698915,,0.8397662661994005,1330,crowded,40027,0.0,False,False,1000.0,1000.0,36.0,1.053542838541399,4.265938298700595,5,1,dwa,crowded,40027,True,filter_on,3.5079804999986663,437,0.32857142857142857,True
stall,False,30.599999999999437,23.244304057551616,0.7586522868119038,1.1589037505530917,0.07689189595527117,0.17449348511862656,False,0.0,0.287754201189271,,0.5488559894927565,1530,crowded,40028,0.0,False,False,1000.0,1000.0,36.0,0.7216495609265299,4.767537849018466,3,2,dwa,crowded,40028,True,filter_on,3.8992092999978922,182,0.11895424836601307,False
goal,True,22.01999999999962,36.07825658918692,1.639278358290544,0.9852869137652192,0.07004278401175758,0.11011851955990938,False,0.0,0.4854772483235986,,0.3308537414077227,1101,crowded,40029,0.0,False,False,1000.0,1000.0,36.0,0.7120046903057495,3.873518351399377,3,1,dwa,crowded,40029,True,filter_on,2.312597000003734,0,0.0,True
stall,False,32.27999999999945,30.379350519472677,0.9402053522073788,1.0357651820051328,0.0816025436631921,0.15676640737031838,False,0.0,0.17854887052374957,,0.5455297688717542,1614,crowded,40030,0.0,False,False,1000.0,1000.0,36.0,0.9708094058038798,4.2320673561172075,4,1,dwa,crowded,40030,True,filter_on,3.8019172999993316,893,0.5532837670384139,False
goal,True,29.53999999999946,36.77525082746422,1.2426944431639464,1.2294749928126143,0.08838861876097623,0.2674734103589634,False,0.0,0.24697842235833475,,0.8417206112907839,1477,crowded,40031,0.0,False,False,1000.0,1000.0,36.0,1.0141076789449541,4.580459609903585,6,1,dwa,crowded,40031,True,filter_on,3.7028692999956547,518,0.35071090047393366,True
goal,True,24.73999999999956,36.19760809180566,1.4634417083757005,1.0691959851384034,0.0658493721344115,0.2041686175143235,False,0.0,0.2666649432121442,,0.5981994805684324,1237,crowded,40032,0.0,False,False,1000.0,1000.0,36.0,0.8158921726449161,3.4731275484511577,6,2,dwa,crowded,40032,True,filter_on,3.1606106999970507,223,0.18027485852869846,True
goal,True,26.459999999999525,36.52660456394151,1.3796623545653774,1.1230228711498749,0.07288515013019077,0.2286928488656615,False,0.0,0.06746811578730483,,0.675838832894925,1323,crowded,40033,0.0,False,False,1000.0,1000.0,36.0,0.7251047910836249,4.406303961790812,6,2,dwa,crowded,40033,True,filter_on,3.5138684999983525,278,0.21012849584278157,True
goal,True,26.399999999999526,36.55637309808023,1.383900375865712,1.1532757684327009,0.06139596565506032,0.2709689034369883,False,0.0,0.2459294179646512,,0.7936537173468917,1320,crowded,40034,0.0,False,False,1000.0,1000.0,36.0,0.8842371725297713,3.8591991611600687,6,1,dwa,crowded,40034,True,filter_on,3.2409993999972357,537,0.4068181818181818,True
goal,True,26.539999999999523,36.19517024984292,1.364005133048685,1.160027786172667,0.08008164172338211,0.1940915555221173,False,0.0,0.26296885899111,,0.6420128272256914,1327,crowded,40035,0.0,False,False,1000.0,1000.0,36.0,0.9724730030392097,4.1935511046130625,6,2,dwa,crowded,40035,True,filter_on,3.6622838000039337,215,0.16201959306706856,True
collision,False,26.039999999999534,29.195479228133927,1.1191516786922504,1.1275090663002307,0.08424485238631316,0.27110854515060745,False,0.0,-0.011493603914859485,obstacle,0.8053917601307279,1302,crowded,40036,0.0,False,False,1000.0,1000.0,36.0,1.069162997705235,4.339039910918447,3,2,dwa,crowded,40036,True,filter_on,3.1538838999986183,288,0.22119815668202766,False
stall,False,28.97999999999947,14.147301783812058,0.4871785286902868,1.371935374936963,0.07936061821888313,0.22219175588896412,False,0.0,0.1960695279147997,,0.5121500587217975,1449,crowded,40037,0.0,False,False,1000.0,1000.0,36.0,0.7600347229307929,3.0361488610625345,5,1,dwa,crowded,40037,True,filter_on,3.988158200001635,828,0.5714285714285714,False
stall,False,21.99999999999962,3.6641854507686435,0.1653455263215046,1.0136704819552436,0.08294067836705662,0.12411265166665914,False,0.0,0.1386139724253957,,0.22333913521064008,1100,crowded,40038,0.0,False,False,1000.0,1000.0,36.0,1.087547914896784,4.573518959252186,3,2,dwa,crowded,40038,True,filter_on,2.7871367999978247,704,0.64,False
stall,False,34.41999999999978,21.030460384650098,0.6091694467231532,1.0920275935708434,0.0594722159789133,0.21746128090181635,False,0.0,0.23842583339384427,,0.7025396764087731,1721,crowded,40039,0.0,False,False,1000.0,1000.0,36.0,0.7788526595978952,4.463583000707763,4,2,dwa,crowded,40039,True,filter_on,5.009384700002556,761,0.44218477629285297,False
stall,False,35.84,30.91569788753487,0.8537389884613878,2.207776330596148,0.9367055044691902,0.49125567846428914,False,0.0,0.06919597479449646,,1.592907683461471,1792,mixed,40000,0.1382794740817809,False,False,16.0,22.0,36.0,1.0269549633599504,4.188836833563437,4,2,ppo,mixed,40000,True,filter_on,4.261469699995359,1064,0.59375,False
goal,True,22.779999999999603,36.53548965632016,1.5972015807534525,1.3751465466457666,0.7315480635173968,0.43080143417693356,False,0.0,0.5504885962724893,,1.5955711101879149,1139,mixed,40001,0.11759975460084857,False,True,16.0,22.0,36.0,0.7243368133338365,3.1962339098678587,3,3,ppo,mixed,40001,True,filter_on,2.5358894000019063,229,0.20105355575065847,True
goal,True,21.09999999999964,36.58136450533235,1.7265097192734287,1.2966428140266353,0.7185868775486528,0.5202530259452393,False,0.0,0.3858022250020362,,1.5321348366973906,1055,mixed,40002,0.1483565285291978,False,True,16.0,22.0,36.0,0.7508052787243958,4.644611467052789,2,3,ppo,mixed,40002,True,filter_on,2.4122869999991963,192,0.1819905213270142,True
goal,True,21.239999999999636,36.68181753214562,1.720458644924793,1.9127162513178224,1.1358899775441968,0.4731281535012704,False,0.0,0.4452776702902953,,1.2744317984206157,1062,mixed,40003,0.13741979681327354,True,False,16.0,22.0,36.0,0.8490167860554859,4.628405710192151,2,3,ppo,mixed,40003,True,filter_on,2.2664292999979807,258,0.24293785310734464,True
goal,True,20.939999999999642,36.75119472612448,1.748464714652462,2.65631950633209,0.9812321068133076,0.5176427866046728,False,0.0,0.33206572294039904,,1.5065780357622973,1047,mixed,40004,0.09720936530079487,True,False,16.0,22.0,36.0,1.0795923035566237,3.5362672398920467,2,3,ppo,mixed,40004,True,filter_on,2.4875295000019833,215,0.20534861509073543,True
collision,False,11.619999999999841,8.940787672415398,0.7573260879565039,1.372367891709391,0.3712197515145443,0.5082971935790088,False,0.0,-0.00048307281087872633,obstacle,0.5701872201974715,581,mixed,40005,0.11561613872560209,False,False,16.0,22.0,36.0,0.9560507401347812,4.376729974275946,3,2,ppo,mixed,40005,True,filter_on,1.2219493000011425,222,0.38209982788296043,False
goal,True,20.679999999999648,36.5897102406144,1.760499204514368,2.5802441324705865,0.7971187560256494,0.5379472471445644,False,0.0,0.2595927193361738,,1.4120682093069719,1034,mixed,40006,0.10392628678605388,False,False,16.0,22.0,36.0,0.8058562020379452,4.409381050135197,2,2,ppo,mixed,40006,True,filter_on,2.224512599997979,232,0.22437137330754353,True
stall,False,46.32000000000164,30.080861890710363,0.6412043769972299,1.841232883111293,0.47483147567036077,0.32923233053084683,False,0.0,0.21346430601594646,,1.759341130387255,2316,mixed,40007,0.12735084372173167,False,False,16.0,22.0,36.0,0.915670126779264,4.96842277310037,4,3,ppo,mixed,40007,True,filter_on,5.022892200002389,1093,0.47193436960276336,False
goal,True,20.379999999999654,36.70892719147896,1.7939361194996568,1.0316565073788877,0.1264330674897395,0.4371120014853009,False,0.0,0.2981327361082522,,1.1741181841103085,1019,mixed,40008,0.10759643124749771,True,True,16.0,22.0,36.0,0.8481775663468065,4.540265161935243,2,2,ppo,mixed,40008,True,filter_on,2.1709966999987955,148,0.1452404317958783,True
off_sidewalk,False,4.539999999999991,6.585701219678187,1.4440249967634597,1.1834597153665047,0.3996800647861185,0.593469488157339,False,0.0,0.8339485700802924,,0.3524762365977309,227,mixed,40009,0.09809674133696933,False,True,16.0,22.0,36.0,1.0652296151283247,4.265109495877631,4,2,ppo,mixed,40009,True,filter_on,0.5984414999984438,76,0.33480176211453744,False
stall,False,16.939999999999728,2.979661442357427,0.1696272421005965,1.2689742360345417,0.06719933438135699,0.236753984683853,False,0.0,0.6367283111958885,,0.28085581227730816,847,mixed,40010,0.1334382914041298,False,False,16.0,22.0,36.0,0.7030365816185886,3.562988417407127,4,3,ppo,mixed,40010,True,filter_on,1.9927527999971062,11,0.012987012987012988,False
off_sidewalk,False,3.3200000000000025,4.786011140514074,1.4356490718276849,1.0013591388207632,0.34377531973562325,0.5619140121737067,False,0.0,0.7774799534775733,,0.24737617689685684,166,mixed,40011,0.09513880113041694,False,True,16.0,22.0,36.0,0.7683395676925482,3.453176512837374,3,3,ppo,mixed,40011,True,filter_on,0.3828069999945001,64,0.3855421686746988,False
goal,True,21.899999999999622,36.87416191191006,1.6752941295886081,2.0550448276586475,0.8691286306912277,0.5152430506405432,False,0.0,0.15617462385406078,,1.3601599454092135,1095,mixed,40012,0.12391103662522673,False,False,16.0,22.0,36.0,0.7980316740585215,3.958287936722657,2,1,ppo,mixed,40012,True,filter_on,2.3140970000022207,279,0.2547945205479452,True
goal,True,23.699999999999584,36.44952053581321,1.5322414760367322,1.363359454766983,0.5127731072126605,0.45014047773402605,False,0.0,0.309372917664838,,1.6287327016176756,1185,mixed,40013,0.1431049563468558,False,True,16.0,22.0,36.0,0.7814949933564275,3.2978426504033935,3,3,ppo,mixed,40013,True,filter_on,2.5419851999977254,428,0.36118143459915614,True
stall,False,25.67999999999954,15.74780764618104,0.6098116527424248,1.491434295880636,0.4223246314001993,0.25546185826989964,False,0.0,1.294531002274364,,1.1014737896668063,1284,mixed,40014,0.13210938383980786,False,False,16.0,22.0,36.0,1.0740210071636749,4.461808336819669,4,1,ppo,mixed,40014,True,filter_on,2.6535259000011138,67,0.05218068535825545,False
goal,True,20.419999999999654,36.69256986335253,1.789086782819763,1.2513642893420691,0.6570419713596368,0.48334189672595534,False,0.0,0.5347782875555571,,1.411509312347847,1021,mixed,40015,0.14966170601972417,False,True,16.0,22.0,36.0,0.7179454037519601,4.558795213330382,3,3,ppo,mixed,40015,True,filter_on,2.225114200002281,172,0.168462291870715,True
goal,True,23.31999999999959,36.63114346361673,1.5637072644008283,1.4277071760848739,0.8226148300892168,0.4786779967260655,False,0.0,0.01287793901671408,,1.2901719524561792,1166,mixed,40016,0.12726273883470166,False,True,16.0,22.0,36.0,0.8499502930344071,3.9799304934551447,2,3,ppo,mixed,40016,True,filter_on,2.486389000005147,116,0.09948542024013722,True
stall,False,31.33999999999942,27.070273076436116,0.8535166288820847,1.4340028373397071,0.7939582689661215,0.3982313458877888,False,0.0,0.4061978035529945,,1.1902701674002885,1567,mixed,40017,0.10617792480799618,True,False,16.0,22.0,36.0,0.8113443294992472,3.020085908641412,4,3,ppo,mixed,40017,True,filter_on,3.415186799997173,277,0.17677089980855137,False
goal,True,21.859999999999623,36.937679964654855,1.6809788512228927,1.2283900890959922,0.145227373496971,0.5057296571896819,False,0.0,0.5211581074514896,,1.3752012086713987,1093,mixed,40018,0.116069208165202,True,True,16.0,22.0,36.0,0.7696339718997771,3.1314938087028037,4,3,ppo,mixed,40018,True,filter_on,2.4377394000039203,288,0.26349496797804206,True
goal,True,23.499999999999588,36.6869740059924,1.5493018501392188,1.8684966564892083,0.9093035084235405,0.5126510908850144,False,0.0,0.2568231131799926,,1.5220259702310242,1175,mixed,40019,0.10783105943662999,True,False,16.0,22.0,36.0,0.906573083335485,4.495864137350109,4,1,ppo,mixed,40019,True,filter_on,2.4907817999992403,472,0.40170212765957447,True
goal,True,19.13999999999968,36.45750544233406,1.8965698136198446,2.803482230081934,1.1059250014029622,0.6496570064422823,False,0.0,0.5969539374962243,,1.5195542607256074,957,mixed,40020,0.11728344647129728,False,False,16.0,22.0,36.0,1.0784303399483601,3.8980196533822684,2,1,ppo,mixed,40020,True,filter_on,1.9711501999991015,4,0.0041797283176593526,True
goal,True,23.87999999999958,36.67595086942708,1.526694327315517,1.8053163274727644,0.8725413176220816,0.5233780337877367,False,0.0,0.4823038199209252,,1.5743387888481348,1194,mixed,40021,0.1349724742931551,False,False,16.0,22.0,36.0,0.7802842716162096,3.5386999951573146,4,2,ppo,mixed,40021,True,filter_on,2.437550499998906,263,0.2202680067001675,True
goal,True,27.019999999999513,37.115828355901854,1.3622289910139695,3.785611163944881,1.035307072083041,0.5855866671437313,True,0.0011843079200592153,0.5414315363113914,,1.7069434522938276,1351,mixed,40022,0.14577035564304586,False,False,16.0,22.0,36.0,0.9857899162482915,3.876455550552783,4,3,ppo,mixed,40022,True,filter_on,2.8619780000008177,257,0.19022945965951146,False
goal,True,21.879999999999622,36.63409461348397,1.6661245481273943,2.266352223459905,1.036535694697922,0.5425969668498543,False,0.0,0.2907768336812311,,1.5425433495930778,1094,mixed,40023,0.13168477062749592,True,False,16.0,22.0,36.0,0.8516422703049387,4.935202389266619,4,3,ppo,mixed,40023,True,filter_on,2.197056100005284,366,0.33455210237659966,True
stall,False,29.89999999999945,29.043172867065927,0.9668882030749916,1.561851007151783,0.4624001510281615,0.4510366890528932,False,0.0,0.862211959469376,,1.3745595738906655,1495,mixed,40024,0.11385203798090476,True,True,16.0,22.0,36.0,1.0306603538535497,3.6198489947184163,2,3,ppo,mixed,40024,True,filter_on,2.844767499998852,0,0.0,False
stall,False,31.41999999999942,26.310327621935976,0.8329408398099877,1.2572212842384995,0.6604172926540683,0.37234176176988454,False,0.0,0.0658010461012416,,1.473897313086053,1571,mixed,40025,0.13728872377668433,False,True,16.0,22.0,36.0,0.8526272218542965,4.173848518190195,4,3,ppo,mixed,40025,True,filter_on,3.363717500003986,147,0.09357097390197326,False
goal,True,23.119999999999596,36.935661425254764,1.5870945417820552,2.1963841014719017,1.0920334767114772,0.590506397955576,False,0.0,0.2647481051752937,,1.5233836410866213,1156,mixed,40026,0.12791466115434708,True,False,16.0,22.0,36.0,1.044141999212794,3.6659385751060407,2,3,ppo,mixed,40026,True,filter_on,2.3209324999988894,420,0.3633217993079585,True
goal,True,25.77999999999954,36.87967781220776,1.4201031244991467,1.2344844083019062,0.7360722278144295,0.5048304011818773,False,0.0,0.09689881812085502,,1.440529967718878,1289,mixed,40027,0.10375711799575914,False,True,16.0,22.0,36.0,1.053542838541399,4.265938298700595,3,1,ppo,mixed,40027,True,filter_on,2.51629800000228,559,0.43366951124903025,True
goal,True,19.559999999999672,36.437992859615115,1.856034725642448,2.3880123290778204,1.0618113444173074,0.5131644918634608,False,0.0,0.49657810502418265,,1.468288533035974,978,mixed,40028,0.12378022218339735,False,False,16.0,22.0,36.0,0.7216495609265299,4.767537849018466,3,2,ppo,mixed,40028,True,filter_on,2.0400809999991907,117,0.1196319018404908,True
off_sidewalk,False,3.3800000000000026,5.319603862467811,1.5673452862020463,1.0688096005910612,0.653966024498546,0.48347574994049963,False,0.0,0.3943899691265945,,0.265398404452266,169,mixed,40029,0.11068266601463561,False,True,16.0,22.0,36.0,0.7120046903057495,3.873518351399377,4,3,ppo,mixed,40029,True,filter_on,0.4000106999956188,40,0.23668639053254437,False
goal,True,23.639999999999585,36.72051916252971,1.5429773343193534,1.4608449627115996,0.8071315401691644,0.5059283104612916,False,0.0,0.3899443541198725,,1.3810650468286259,1182,mixed,40030,0.1019701224578749,False,False,16.0,22.0,36.0,0.9708094058038798,4.2320673561172075,4,1,ppo,mixed,40030,True,filter_on,2.4004547000004095,363,0.30710659898477155,True
goal,True,21.239999999999636,36.31314299769121,1.703725356858582,2.4442021355696912,1.1799939170679448,0.5582303107516761,False,0.0,0.569707308538038,,1.9069734210241402,1062,mixed,40031,0.11838959127106012,False,False,16.0,22.0,36.0,1.0141076789449541,4.580459609903585,3,1,ppo,mixed,40031,True,filter_on,2.1432646000030218,169,0.1591337099811676,True
goal,True,20.959999999999642,36.56518988695888,1.7345700946222158,2.3347488827772125,1.1212577805080914,0.5762831989164029,False,0.0,0.44434693026028893,,1.4691893502909443,1048,mixed,40032,0.1311410067452635,False,False,16.0,22.0,36.0,0.8158921726449161,3.4731275484511577,4,1,ppo,mixed,40032,True,filter_on,2.116413800002192,168,0.16030534351145037,True
goal,True,20.399999999999654,36.426297516089576,1.7800277513617204,1.8279716852886427,1.1151550484988815,0.4441976267941287,False,0.0,0.11051395976554979,,1.5273125669506231,1020,mixed,40033,0.12691284061082575,False,False,16.0,22.0,36.0,0.7251047910836249,4.406303961790812,2,3,ppo,mixed,40033,True,filter_on,2.0229074000017135,143,0.14019607843137255,True
goal,True,22.619999999999607,36.62657347373931,1.6150874540279891,1.546292470644098,0.8445711020055641,0.44053044625203086,False,0.0,0.5547693821260946,,2.0136132224996284,1131,mixed,40034,0.11351754956284855,False,False,16.0,22.0,36.0,0.8842371725297713,3.8591991611600687,4,2,ppo,mixed,40034,True,filter_on,2.3727539999963483,316,0.27939876215738285,True
goal,True,20.299999999999656,36.66957857147022,1.7970234709015813,1.2591679966062252,0.7740119120442562,0.6287460491237816,False,0.0,0.4707091490267613,,1.5605388927690231,1015,mixed,40035,0.12159995420100617,False,True,16.0,22.0,36.0,0.9724730030392097,4.1935511046130625,4,2,ppo,mixed,40035,True,filter_on,2.154067900002701,178,0.17536945812807883,True
stall,False,26.019999999999534,11.138945671219844,0.4235784144814938,1.2180130777998595,0.09210323055292176,0.3142593416454879,False,0.0,0.18366942506865425,,0.733960885853608,1301,mixed,40036,0.14266727735156232,False,False,16.0,22.0,36.0,1.069162997705235,4.339039910918447,2,3,ppo,mixed,40036,True,filter_on,2.6991496000046027,807,0.6202920830130668,False
off_sidewalk,False,13.839999999999794,22.37109361288806,1.6109598993353482,1.6824226640337405,0.5433988979167986,0.5047059892089704,False,0.0,0.536049734441983,,1.0124039045358442,692,mixed,40037,0.09270055121386228,True,False,16.0,22.0,36.0,0.7600347229307929,3.0361488610625345,4,1,ppo,mixed,40037,True,filter_on,1.5028059999967809,136,0.19653179190751446,False
goal,True,26.61999999999952,37.02745861310676,1.3841867524625842,1.4580945126514544,0.6819903325412126,0.3782892058951799,False,0.0,0.15081051134468812,,1.789375394081164,1331,mixed,40038,0.12137017462719892,True,False,16.0,22.0,36.0,1.087547914896784,4.573518959252186,4,1,ppo,mixed,40038,True,filter_on,2.7640568999995594,459,0.34485349361382417,True
goal,True,21.759999999999625,36.46965470159806,1.6678407809814606,2.5043937097461892,1.126619914402851,0.509303650374928,False,0.0,0.3154216412610845,,1.7646052148470364,1088,mixed,40039,0.1488968723122117,False,False,16.0,22.0,36.0,0.7788526595978952,4.463583000707763,4,2,ppo,mixed,40039,True,filter_on,2.5240173999991384,264,0.2426470588235294,True
goal,True,19.19999999999968,37.52032268071679,1.9508817272953052,1.1573234183879872,0.07971396782221638,0.3533961205313153,False,0.0,1.3071205711571696,,0.9941088221831387,960,crowded,40000,0.0,False,False,1000.0,1000.0,36.0,1.0269549633599504,4.188836833563437,6,2,ppo,crowded,40000,True,filter_on,1.7768353999999817,1,0.0010416666666666667,True
goal,True,20.019999999999662,38.03303465255431,1.895861803670031,1.015451594669591,0.07531953012014032,0.3372497433598886,False,0.0,1.6460073254820553,,1.1070559892039482,1001,crowded,40001,0.0,False,False,1000.0,1000.0,36.0,0.7243368133338365,3.1962339098678587,6,1,ppo,crowded,40001,True,filter_on,2.2239773999972385,117,0.11688311688311688,True
goal,True,21.839999999999623,37.16338664436104,1.693712512292689,1.0773606774551998,0.08395850233166681,0.43669467373559734,False,0.0,0.7397309785898833,,1.318842884653465,1092,crowded,40002,0.0,False,False,1000.0,1000.0,36.0,0.7508052787243958,4.644611467052789,5,2,ppo,crowded,40002,True,filter_on,2.2572641000006115,257,0.23534798534798534,True
goal,True,19.63999999999967,37.383491440506425,1.8996550891325477,1.0382026611408879,0.08123353865690353,0.4244995548931736,False,0.0,0.8836908689640979,,1.289930514644691,982,crowded,40003,0.0,False,False,1000.0,1000.0,36.0,0.8490167860554859,4.628405710192151,6,2,ppo,crowded,40003,True,filter_on,2.209280299997772,114,0.11608961303462322,True
goal,True,20.319999999999656,37.622071613939795,1.8458134087724427,1.2963031193321548,0.09610305610200327,0.43498480808233203,False,0.0,0.5364703100171241,,1.3472321606984965,1016,crowded,40004,0.0,False,False,1000.0,1000.0,36.0,1.0795923035566237,3.5362672398920467,6,1,ppo,crowded,40004,True,filter_on,2.136711099999957,199,0.19586614173228348,True
goal,True,19.499999999999673,37.3109234070422,1.9103406968205414,1.0088319449342964,0.08851480260339176,0.30482581362575945,False,0.0,1.6256992997369808,,0.9456622689144865,975,crowded,40005,0.0,False,False,1000.0,1000.0,36.0,0.9560507401347812,4.376729974275946,5,1,ppo,crowded,40005,True,filter_on,2.089759900001809,96,0.09846153846153846,True
goal,True,19.499999999999673,37.4210860107076,1.9167544328010129,1.01382421412886,0.08069615864317445,0.38885110828372993,False,0.0,2.482404772786167,,1.2512498879582652,975,crowded,40006,0.0,False,False,1000.0,1000.0,36.0,0.8058562020379452,4.409381050135197,4,1,ppo,crowded,40006,True,filter_on,2.16397169999982,0,0.0,True
goal,True,19.539999999999672,37.280608781496994,1.904619240708449,1.0765167093822523,0.08858787426387424,0.35423543577129757,False,0.0,1.723225331690338,,1.119581627982788,977,crowded,40007,0.0,False,False,1000.0,1000.0,36.0,0.915670126779264,4.96842277310037,5,2,ppo,crowded,40007,True,filter_on,2.1390438999951584,108,0.1105424769703173,True
goal,True,19.17999999999968,36.620294203473016,1.9073192030128774,1.005219452750885,0.0649612604818283,0.23972052616892295,False,0.0,1.2465283948923223,,0.6398513927939656,959,crowded,40008,0.0,False,False,1000.0,1000.0,36.0,0.8481775663468065,4.540265161935243,3,1,ppo,crowded,40008,True,filter_on,1.9585552999997162,87,0.09071949947862357,True
goal,True,25.27999999999955,37.44601250643581,1.4709638779151482,1.2321326602770786,0.08330012110057254,0.4956209353549347,False,0.0,0.9598267879082061,,1.556783849778385,1264,crowded,40009,0.0,False,False,1000.0,1000.0,36.0,1.0652296151283247,4.265109495877631,6,1,ppo,crowded,40009,True,filter_on,2.794710699999996,450,0.3560126582278481,True
goal,True,18.959999999999685,37.357126265507475,1.967283180252193,0.9299630611197351,0.06864860997285677,0.40260599206467884,False,0.0,1.346991284743199,,1.2686784995004465,948,crowded,40010,0.0,False,False,1000.0,1000.0,36.0,0.7030365816185886,3.562988417407127,3,2,ppo,crowded,40010,True,filter_on,2.1270524999999907,0,0.0,True
goal,True,19.899999999999665,37.008301371478154,1.856661648313555,1.0435212639336688,0.07759044386714177,0.3382212423418137,False,0.0,0.7026829561559992,,0.9898034810296648,995,crowded,40011,0.0,False,False,1000.0,1000.0,36.0,0.7683395676925482,3.453176512837374,4,1,ppo,crowded,40011,True,filter_on,2.0818753999992623,193,0.19396984924623115,True
goal,True,19.919999999999664,37.18003579964577,1.86300067707134,1.0159397164942616,0.07439930779206576,0.3498929565226135,False,0.0,0.8860695133135559,,1.1500531766898816,996,crowded,40012,0.0,False,False,1000.0,1000.0,36.0,0.7980316740585215,3.958287936722657,5,2,ppo,crowded,40012,True,filter_on,2.130679100002453,180,0.18072289156626506,True
goal,True,18.67999999999969,36.874674313032905,1.9729743482113211,1.0404962751062206,0.08435785516834433,0.287341183248132,False,0.0,1.4967213311611227,,0.7660014360744554,934,crowded,40013,0.0,False,False,1000.0,1000.0,36.0,0.7814949933564275,3.2978426504033935,3,2,ppo,crowded,40013,True,filter_on,1.968263199996727,0,0.0,True
goal,True,20.15999999999966,37.78742567670262,1.8692457900931698,1.1829141430162369,0.07101189581736098,0.44499053457522675,False,0.0,0.8206114489839307,,1.3785057117380612,1008,crowded,40014,0.0,False,False,1000.0,1000.0,36.0,1.0740210071636749,4.461808336819669,4,2,ppo,crowded,40014,True,filter_on,2.211847899998247,151,0.1498015873015873,True
goal,True,19.539999999999672,37.44088724169166,1.913155785803024,0.965220416860727,0.07959409022316319,0.3364803979429189,False,0.0,1.1470656253999243,,1.1344825671268894,977,crowded,40015,0.0,False,False,1000.0,1000.0,36.0,0.7179454037519601,4.558795213330382,5,2,ppo,crowded,40015,True,filter_on,2.084544500001357,102,0.10440122824974411,True
goal,True,19.21999999999968,36.628224089385526,1.9010026757088792,1.0631385824594592,0.07871134478665846,0.3805964189105827,False,0.0,1.0311801811550054,,1.0137666814126505,961,crowded,40016,0.0,False,False,1000.0,1000.0,36.0,0.8499502930344071,3.9799304934551447,3,2,ppo,crowded,40016,True,filter_on,1.9350011999995331,94,0.09781477627471384,True
goal,True,20.11999999999966,36.92944631023104,1.8315727403609068,1.0092293017122067,0.0622836916248767,0.3202016571371967,False,0.0,1.0556165464923633,,1.0019928677916379,1006,crowded,40017,0.0,False,False,1000.0,1000.0,36.0,0.8113443294992472,3.020085908641412,3,1,ppo,crowded,40017,True,filter_on,2.09480959999928,232,0.23061630218687873,True
goal,True,21.55999999999963,37.38742111430223,1.72729583275134,1.193668120391857,0.08025894649085641,0.3679111685803671,False,0.0,0.42397794004119616,,1.1202767310449795,1078,crowded,40018,0.0,False,False,1000.0,1000.0,36.0,0.7696339718997771,3.1314938087028037,4,1,ppo,crowded,40018,True,filter_on,2.344486900001357,330,0.30612244897959184,True
goal,True,20.07999999999966,37.12542601876784,1.8456154176041575,0.9600384050095006,0.0824134145624117,0.3201007805112838,False,0.0,0.771792987617602,,1.0916894201767107,1004,crowded,40019,0.0,False,False,1000.0,1000.0,36.0,0.906573083335485,4.495864137350109,3,1,ppo,crowded,40019,True,filter_on,2.0198434999983874,210,0.20916334661354583,True
goal,True,19.63999999999967,37.15278304055971,1.8872493155036958,1.064628772358793,0.08618708246574774,0.3595917219808331,False,0.0,0.9531939523118467,,1.0144412992430196,982,crowded,40020,0.0,False,False,1000.0,1000.0,36.0,1.0784303399483601,3.8980196533822684,6,1,ppo,crowded,40020,True,filter_on,1.9870222000026843,124,0.12627291242362526,True
goal,True,24.559999999999565,36.887160159990636,1.4963080639869069,1.217032904805445,0.06970829168975738,0.4260035741701743,False,0.0,0.8159255096174831,,1.1713474028451134,1228,crowded,40021,0.0,False,False,1000.0,1000.0,36.0,0.7802842716162096,3.5386999951573146,3,2,ppo,crowded,40021,True,filter_on,2.5368396999983815,879,0.7157980456026058,True
goal,True,19.739999999999668,38.15791332131606,1.9266259810010362,1.111912577585949,0.08748923940528279,0.47701331998175234,False,0.0,0.7952041222333739,,1.4655635393752655,987,crowded,40022,0.0,False,False,1000.0,1000.0,36.0,0.9857899162482915,3.876455550552783,5,2,ppo,crowded,40022,True,filter_on,2.1521979000026477,53,0.05369807497467072,True
goal,True,20.19999999999966,37.98237059927672,1.8762166695072107,1.0064607570005042,0.08905822048882234,0.3807681280090569,False,0.0,1.0957908473975102,,1.266798146988651,1010,crowded,40023,0.0,False,False,1000.0,1000.0,36.0,0.8516422703049387,4.935202389266619,6,2,ppo,crowded,40023,True,filter_on,2.041347599995788,163,0.1613861386138614,True
goal,True,19.459999999999674,37.54111239718484,1.9258318759855662,1.0773231469304854,0.08784590765259387,0.39207118937662383,False,0.0,1.1978467841521296,,1.2633658270764914,973,crowded,40024,0.0,False,False,1000.0,1000.0,36.0,1.0306603538535497,3.6198489947184163,5,1,ppo,crowded,40024,True,filter_on,2.0119310000009136,64,0.065775950668037,True
goal,True,25.939999999999536,37.669071597557945,1.4435917214023435,1.2149722559191547,0.08216920333843494,0.5464953787911283,False,0.0,1.0566286544030026,,1.7734784507621493,1297,crowded,40025,0.0,False,False,1000.0,1000.0,36.0,0.8526272218542965,4.173848518190195,5,2,ppo,crowded,40025,True,filter_on,2.7589602999942144,260,0.2004626060138782,True
goal,True,20.55999999999965,37.41786780083129,1.8158822234849383,1.1692139372205959,0.0811316230754983,0.35925624594135575,False,0.0,0.7390355153317915,,1.119464386305407,1028,crowded,40026,0.0,False,False,1000.0,1000.0,36.0,1.044141999212794,3.6659385751060407,5,2,ppo,crowded,40026,True,filter_on,2.1501128999952925,239,0.23249027237354086,True
goal,True,22.719999999999605,37.697565490913,1.6499524541222073,1.247576561513229,0.09024724399046886,0.5214186719464798,False,0.0,1.019289445791633,,1.5130939888914805,1136,crowded,40027,0.0,False,False,1000.0,1000.0,36.0,1.053542838541399,4.265938298700595,5,1,ppo,crowded,40027,True,filter_on,2.360876600003394,458,0.40316901408450706,True
goal,True,19.67999999999967,36.98763564610132,1.876052657695731,0.955857713358672,0.08231507456171669,0.34282092420446203,False,0.0,0.8298785449299071,,1.1260585997402843,984,crowded,40028,0.0,False,False,1000.0,1000.0,36.0,0.7216495609265299,4.767537849018466,3,2,ppo,crowded,40028,True,filter_on,2.0188615000006394,159,0.16158536585365854,True
goal,True,20.09999999999966,37.123468901855375,1.844393606627475,1.0096507641695,0.07444381116379839,0.3325211782742055,False,0.0,0.7542196375068386,,0.9763941075994522,1005,crowded,40029,0.0,False,False,1000.0,1000.0,36.0,0.7120046903057495,3.873518351399377,3,1,ppo,crowded,40029,True,filter_on,1.9223660999996355,225,0.22388059701492538,True
goal,True,19.13999999999968,37.47633292408434,1.9559687093178704,1.0997686510868976,0.07962876892449317,0.33845208077356814,False,0.0,2.3724145076473917,,1.1462863219043804,957,crowded,40030,0.0,False,False,1000.0,1000.0,36.0,0.9708094058038798,4.2320673561172075,4,1,ppo,crowded,40030,True,filter_on,1.9548480000012205,6,0.006269592476489028,True
goal,True,19.71999999999967,37.534159720485576,1.899409965800845,1.1651979121248541,0.07415808861240683,0.394726485290855,False,0.0,1.4548388900200504,,1.1557246127521625,986,crowded,40031,0.0,False,False,1000.0,1000.0,36.0,1.0141076789449541,4.580459609903585,6,1,ppo,crowded,40031,True,filter_on,2.061639399995329,97,0.09837728194726167,True
stall,False,35.88000000000001,39.5105324766214,1.0958270337222835,1.2539094201353504,0.0870236327977017,0.43319061944347154,False,0.0,2.6103117188412353,,1.9259473847338273,1794,crowded,40032,0.0,False,False,1000.0,1000.0,36.0,0.8158921726449161,3.4731275484511577,6,2,ppo,crowded,40032,True,filter_on,3.802048500001547,0,0.0,False
goal,True,20.019999999999662,37.89899830528547,1.8889956365948823,0.9704493766717446,0.08073158898351634,0.35635125511545207,False,0.0,1.5028084997680622,,1.2085255619269204,1001,crowded,40033,0.0,False,False,1000.0,1000.0,36.0,0.7251047910836249,4.406303961790812,6,2,ppo,crowded,40033,True,filter_on,2.180192400002852,135,0.13486513486513488,True
goal,True,22.359999999999612,38.02003601278686,1.6904832181708942,1.1015028849681519,0.0789682326339657,0.44664912427765013,False,0.0,0.6459411825592568,,1.3924239218255183,1118,crowded,40034,0.0,False,False,1000.0,1000.0,36.0,0.8842371725297713,3.8591991611600687,6,1,ppo,crowded,40034,True,filter_on,2.3915468999985023,437,0.39087656529516995,True
goal,True,19.299999999999677,38.09117642593693,1.9702200231572926,1.0735905098704213,0.08150861477059543,0.4252811967975195,False,0.0,2.4286494760775987,,1.338283298133613,965,crowded,40035,0.0,False,False,1000.0,1000.0,36.0,0.9724730030392097,4.1935511046130625,6,2,ppo,crowded,40035,True,filter_on,2.1729403999997885,6,0.0062176165803108805,True
goal,True,20.07999999999966,37.50822173724566,1.8637782062704562,1.0476713245593534,0.08447903764785403,0.357858179141207,False,0.0,0.9083600409592674,,1.1015564766597206,1004,crowded,40036,0.0,False,False,1000.0,1000.0,36.0,1.069162997705235,4.339039910918447,3,2,ppo,crowded,40036,True,filter_on,2.125993399997242,181,0.1802788844621514,True
goal,True,24.31999999999957,38.44506000506235,1.5744590592576717,1.080671293927069,0.0787001698296589,0.41027243293510196,False,0.0,0.8668273734475045,,1.2513166860890037,1216,crowded,40037,0.0,False,False,1000.0,1000.0,36.0,0.7600347229307929,3.0361488610625345,5,1,ppo,crowded,40037,True,filter_on,2.7159113000016077,621,0.5106907894736842,True
goal,True,20.379999999999654,37.27958106420456,1.8242716462443396,1.1059838063064602,0.08776629461582075,0.37879256794240856,False,0.0,0.844038786263428,,1.289778976065045,1019,crowded,40038,0.0,False,False,1000.0,1000.0,36.0,1.087547914896784,4.573518959252186,3,2,ppo,crowded,40038,True,filter_on,2.1749116999999387,229,0.22473012757605496,True
goal,True,19.979999999999663,37.148383243842325,1.8554680449492313,0.9748243648113476,0.07510180856836857,0.3481244287027844,False,0.0,0.7821326757964082,,1.2379913224321892,999,crowded,40039,0.0,False,False,1000.0,1000.0,36.0,0.7788526595978952,4.463583000707763,4,2,ppo,crowded,40039,True,filter_on,2.213783400002285,196,0.1961961961961962,True
stall,False,30.759999999999433,22.654017510284174,0.7216401849098443,3.297229019009047,0.5167863490642126,0.2784320156498431,True,0.0007802340702210664,0.2616358475564361,,1.4937156204387656,1538,mixed,40000,0.1382794740817809,False,False,16.0,22.0,36.0,1.0269549633599504,4.188836833563437,4,2,dwa,mixed,40000,False,filter_off,3.440673400000378,0,0.0,False
stall,False,23.599999999999586,8.299334762304513,0.3500728549330827,1.3266502723707863,0.06760979776512083,0.20700105608809793,False,0.0,0.0486306667342814,,0.39172189528234824,1180,mixed,40001,0.11759975460084857,False,True,16.0,22.0,36.0,0.7243368133338365,3.1962339098678587,3,3,dwa,mixed,40001,False,filter_off,3.3427706000002217,0,0.0,False
goal,True,25.999999999999535,36.758187706916004,1.4115001123004538,1.2834014802043752,0.6072440055857111,0.25646654803329944,False,0.0,0.34234622850735474,,0.8199805706864495,1300,mixed,40002,0.1483565285291978,False,True,16.0,22.0,36.0,0.7508052787243958,4.644611467052789,2,3,dwa,mixed,40002,False,filter_off,2.7705443000013474,0,0.0,True
stall,False,22.699999999999605,7.617961934821387,0.33404584336878157,1.1812210109611543,0.08428824648792213,0.18119756324051492,False,0.0,0.04263079551393267,,0.33658546000756634,1135,mixed,40003,0.13741979681327354,True,False,16.0,22.0,36.0,0.8490167860554859,4.628405710192151,2,3,dwa,mixed,40003,False,filter_off,2.7940635999984806,0,0.0,False
stall,False,23.85999999999958,11.671384907800162,0.48783344266944423,1.137040798529693,0.06708675250127186,0.18010750100552886,False,0.0,0.02426870827818367,,0.40623398022362023,1193,mixed,40004,0.09720936530079487,True,False,16.0,22.0,36.0,1.0795923035566237,3.5362672398920467,2,3,dwa,mixed,40004,False,filter_off,2.967297499999404,0,0.0,False
goal,True,25.099999999999554,36.34879102638805,1.4481447649882764,2.531689833266423,0.6396134041577558,0.26629573889711744,False,0.0,0.24631479892840932,,0.7587414885578935,1255,mixed,40005,0.11561613872560209,False,False,16.0,22.0,36.0,0.9560507401347812,4.376729974275946,3,2,dwa,mixed,40005,False,filter_off,2.6528591999958735,0,0.0,True
collision,False,7.8999999999999195,9.57322607196891,1.2101247040484753,1.0145176388773436,0.25547087146965186,0.3336369903730625,False,0.0,-0.000939143183166069,obstacle,0.3251435084463084,395,mixed,40006,0.10392628678605388,False,False,16.0,22.0,36.0,0.8058562020379452,4.409381050135197,2,2,dwa,mixed,40006,False,filter_off,0.9631522999989102,0,0.0,False
stall,False,38.76000000000046,28.663101158371248,0.7363496458085118,1.4476645843198575,0.5537262313466708,0.22008301312664214,False,0.0,0.3071919453975842,,0.8291277510411837,1938,mixed,40007,0.12735084372173167,False,False,16.0,22.0,36.0,0.915670126779264,4.96842277310037,4,3,dwa,mixed,40007,False,filter_off,4.722253200001433,0,0.0,False
collision,False,7.659999999999925,7.614282349607221,0.9907779491905648,1.0183922123303484,0.07506208655184053,0.27975841866543955,False,0.0,-0.00034913680954801185,obstacle,0.25393969607706357,383,mixed,40008,0.10759643124749771,True,True,16.0,22.0,36.0,0.8481775663468065,4.540265161935243,2,2,dwa,mixed,40008,False,filter_off,0.884194899997965,0,0.0,False
goal,True,38.04000000000035,36.78177376577543,0.9647230552439855,1.2240892411270072,0.430885912194329,0.26325007811264606,False,0.0,0.1534220303270236,,1.0504210726036118,1902,mixed,40009,0.09809674133696933,False,True,16.0,22.0,36.0,1.0652296151283247,4.265109495877631,4,2,dwa,mixed,40009,False,filter_off,4.479962399993383,0,0.0,True
goal,True,24.73999999999956,36.27592142327283,1.466176650421726,2.769684199500595,0.8190896285614072,0.26550507948711155,False,0.0,0.05828837403830334,,0.5560530120258836,1237,mixed,40010,0.1334382914041298,False,False,16.0,22.0,36.0,0.7030365816185886,3.562988417407127,4,3,dwa,mixed,40010,False,filter_off,2.9343153000008897,0,0.0,True
goal,True,26.099999999999532,36.39918497428414,1.3934939359391816,1.2576615320970381,0.2795809149804968,0.24532079422171663,False,0.0,0.05164134984640545,,0.7795123731457924,1305,mixed,40011,0.09513880113041694,False,True,16.0,22.0,36.0,0.7683395676925482,3.453176512837374,3,3,dwa,mixed,40011,False,filter_off,2.82764170000155,0,0.0,True
goal,True,25.73999999999954,36.37258554892742,1.4125518982927168,2.2163915493137742,0.850211654145695,0.2694697229298057,False,0.0,0.2369380074640852,,0.6550896519827842,1287,mixed,40012,0.12391103662522673,False,False,16.0,22.0,36.0,0.7980316740585215,3.958287936722657,2,1,dwa,mixed,40012,False,filter_off,2.559371800001827,0,0.0,True
collision,False,22.219999999999615,26.025548310659453,1.1704069699168465,1.2676466936806696,0.47376227063244736,0.26869684318311027,False,0.0,-0.015262568065332494,obstacle,0.6107266835027989,1111,mixed,40013,0.1431049563468558,False,True,16.0,22.0,36.0,0.7814949933564275,3.2978426504033935,3,3,dwa,mixed,40013,False,filter_off,2.508209199993871,0,0.0,False
stall,False,24.459999999999567,11.192371469592805,0.4557801313735387,1.0427249705353867,0.08495678041833611,0.1777603169419219,False,0.0,0.07032362384439517,,0.402132757642437,1223,mixed,40014,0.13210938383980786,False,False,16.0,22.0,36.0,1.0740210071636749,4.461808336819669,4,1,dwa,mixed,40014,False,filter_off,2.807484900004056,0,0.0,False
collision,False,4.539999999999991,7.032629977521812,1.5526165379328791,0.9703029087395829,0.07477150593290173,0.29513094124223077,False,0.0,-0.01045378213455228,obstacle,0.21054866735411565,227,mixed,40015,0.14966170601972417,False,True,16.0,22.0,36.0,0.7179454037519601,4.558795213330382,3,3,dwa,mixed,40015,False,filter_off,0.5495090000040364,0,0.0,False
collision,False,6.899999999999941,10.300875343217944,1.4926337146333197,1.0825515750673689,0.07773596014581662,0.323074590808703,False,0.0,-0.009925146218536851,obstacle,0.2959267463208925,345,mixed,40016,0.12726273883470166,False,True,16.0,22.0,36.0,0.8499502930344071,3.9799304934551447,2,3,dwa,mixed,40016,False,filter_off,0.8400315999970189,0,0.0,False
goal,True,29.97999999999945,36.25918882561672,1.2093591891435242,1.928001762952343,0.8037576711451108,0.25459448127877377,False,0.0,0.12670547041418379,,0.7223081669182564,1499,mixed,40017,0.10617792480799618,True,False,16.0,22.0,36.0,0.8113443294992472,3.020085908641412,4,3,dwa,mixed,40017,False,filter_off,3.3861902999997255,0,0.0,True
goal,True,28.179999999999488,36.22678497839358,1.2854332621885687,1.146225791510468,0.10502851446704795,0.22499971579675512,False,0.0,0.057163506918831986,,0.7755247218252298,1409,mixed,40018,0.116069208165202,True,True,16.0,22.0,36.0,0.7696339718997771,3.1314938087028037,4,3,dwa,mixed,40018,False,filter_off,3.2219340999945416,0,0.0,True
goal,True,26.15999999999953,36.15174971057736,1.382069825166642,1.778479092292738,0.7062961876695386,0.24011185731730525,False,0.0,0.28950806586624667,,0.7769914073682503,1308,mixed,40019,0.10783105943662999,True,False,16.0,22.0,36.0,0.906573083335485,4.495864137350109,4,1,dwa,mixed,40019,False,filter_off,2.8364511999971,0,0.0,True
stall,False,42.8600000000011,29.726181565749197,0.6933040168968041,2.905623721534882,0.7045382088317292,0.1824517451660724,False,0.0,0.6107820964843403,,0.60173739648556,2143,mixed,40020,0.11728344647129728,False,False,16.0,22.0,36.0,1.0784303399483601,3.8980196533822684,2,1,dwa,mixed,40020,False,filter_off,4.106351499998709,0,0.0,False
off_sidewalk,False,21.219999999999636,28.738309474493814,1.3529865024630543,2.814869112749685,0.8012887997998219,0.3345605393259098,False,0.0,0.17113847345878697,,0.7076257245633505,1061,mixed,40021,0.1349724742931551,False,False,16.0,22.0,36.0,0.7802842716162096,3.5386999951573146,4,2,dwa,mixed,40021,False,filter_off,2.2938931999960914,0,0.0,False
stall,False,30.03999999999945,22.736696059793662,0.7405585644132403,2.4609896326981495,0.5131064683846996,0.22126196754043181,False,0.0,0.732474077410029,,0.8498458655767844,1502,mixed,40022,0.14577035564304586,False,False,16.0,22.0,36.0,0.9857899162482915,3.876455550552783,4,3,dwa,mixed,40022,False,filter_off,3.4678687999985414,0,0.0,False
goal,True,24.41999999999957,36.359456583547214,1.4887925830739002,3.0048125967393733,0.7321716614539261,0.29134780168871627,True,0.0001638001638001638,0.19278705109783253,,0.7838632458822841,1221,mixed,40023,0.13168477062749592,True,False,16.0,22.0,36.0,0.8516422703049387,4.935202389266619,4,3,dwa,mixed,40023,False,filter_off,2.7878899999996065,0,0.0,False
stall,False,43.00000000000112,28.044172239706228,0.6519275230127352,1.0473721335506305,0.09019423838672594,0.14421639444023565,False,0.0,0.30499012223595945,,0.5853483074333924,2150,mixed,40024,0.11385203798090476,True,True,16.0,22.0,36.0,1.0306603538535497,3.6198489947184163,2,3,dwa,mixed,40024,False,filter_off,4.351875699998345,0,0.0,False
stall,False,36.560000000000116,27.887096812888693,0.7617782567771963,1.0713990846836978,0.6184882941255346,0.19990980732188046,False,0.0,0.006736201734073521,,0.7447135416764374,1828,mixed,40025,0.13728872377668433,False,True,16.0,22.0,36.0,0.8526272218542965,4.173848518190195,4,3,dwa,mixed,40025,False,filter_off,4.396897500002524,0,0.0,False
collision,False,9.179999999999893,5.219316775353645,0.5684822738447007,1.1260317186872135,0.07420122277656832,0.30730167157356597,False,0.0,-0.0012561178329449918,obstacle,0.24712085316610471,459,mixed,40026,0.12791466115434708,True,False,16.0,22.0,36.0,1.044141999212794,3.6659385751060407,2,3,dwa,mixed,40026,False,filter_off,1.027051199998823,0,0.0,False
goal,True,24.979999999999556,36.16992769477943,1.4481129382862803,0.9783539293898076,0.4192437840659522,0.2405884349806888,False,0.0,0.04977384633969417,,0.7052028480711923,1249,mixed,40027,0.10375711799575914,False,True,16.0,22.0,36.0,1.053542838541399,4.265938298700595,3,1,dwa,mixed,40027,False,filter_off,2.5653642999968724,0,0.0,True
collision,False,32.29999999999945,26.54148291517698,0.8204047829374271,2.4515742354853454,0.5857540291679488,0.22555126053673105,False,0.0,-0.0017411624404481962,obstacle,0.5915719051117193,1615,mixed,40028,0.12378022218339735,False,False,16.0,22.0,36.0,0.7216495609265299,4.767537849018466,3,2,dwa,mixed,40028,False,filter_off,3.587239700005739,0,0.0,False
collision,False,5.659999999999967,4.106778919108691,0.7236501317133819,0.977347805610729,0.06906197481344364,0.296272348347739,False,0.0,-0.0033797929523885495,obstacle,0.1559354173706328,283,mixed,40029,0.11068266601463561,False,True,16.0,22.0,36.0,0.7120046903057495,3.873518351399377,4,3,dwa,mixed,40029,False,filter_off,0.7310520999963046,0,0.0,False
off_sidewalk,False,5.879999999999963,9.793889731031415,1.662520603682919,1.199548533648815,0.37154579782489766,0.3412674911167425,False,0.0,0.38264622653189684,,0.2638496967684782,294,mixed,40030,0.1019701224578749,False,False,16.0,22.0,36.0,0.9708094058038798,4.2320673561172075,4,1,dwa,mixed,40030,False,filter_off,0.7020339000009699,0,0.0,False
stall,False,36.86000000000016,9.22334007351431,0.2488370240381107,1.0197128421944106,0.08612423572357186,0.11223033729763728,False,0.0,0.03417697193804625,,0.36464015621672,1843,mixed,40031,0.11838959127106012,False,False,16.0,22.0,36.0,1.0141076789449541,4.580459609903585,3,1,dwa,mixed,40031,False,filter_off,4.080778700001247,0,0.0,False
goal,True,26.19999999999953,36.16749007692109,1.3805033140324727,2.62659867199461,0.7829950389424833,0.26226199566139696,False,0.0,0.2729077629993629,,0.5474140784698444,1310,mixed,40032,0.1311410067452635,False,False,16.0,22.0,36.0,0.8158921726449161,3.4731275484511577,4,1,dwa,mixed,40032,False,filter_off,2.8659713999950327,0,0.0,True
collision,False,26.21999999999953,28.35495886597236,1.0804131158864794,2.5723492968341035,0.6460810232350771,0.29717661801138917,False,0.0,-0.006462943578308289,obstacle,0.6523141602660687,1311,mixed,40033,0.12691284061082575,False,False,16.0,22.0,36.0,0.7251047910836249,4.406303961790812,2,3,dwa,mixed,40033,False,filter_off,2.790881300003093,0,0.0,False
stall,False,21.239999999999636,7.98160357710651,0.3748799898478741,0.9666023907137277,0.05925901540451291,0.17292156173773407,False,0.0,0.04937891563431562,,0.3560060062034058,1062,mixed,40034,0.11351754956284855,False,False,16.0,22.0,36.0,0.8842371725297713,3.8591991611600687,4,2,dwa,mixed,40034,False,filter_off,2.641751800001657,0,0.0,False
goal,True,25.159999999999553,36.16778278377678,1.437763921483781,1.067665684715795,0.5465801584648448,0.23846644214444454,False,0.0,0.05588527685744818,,0.7408519701065371,1258,mixed,40035,0.12159995420100617,False,True,16.0,22.0,36.0,0.9724730030392097,4.1935511046130625,4,2,dwa,mixed,40035,False,filter_off,2.730304500000784,0,0.0,True
goal,True,21.93999999999962,36.10589426986438,1.6460624872257537,2.705663116121587,0.8877699188057165,0.2677878240836117,False,0.0,0.09546155434968662,,0.6191977027052471,1097,mixed,40036,0.14266727735156232,False,False,16.0,22.0,36.0,1.069162997705235,4.339039910918447,2,3,dwa,mixed,40036,False,filter_off,2.2056337999965763,0,0.0,True
stall,False,22.639999999999606,6.5490808525743525,0.28743483973740624,1.143253768542262,0.05404197649248203,0.16547692089988342,False,0.0,0.04678456602691661,,0.2972058383040314,1132,mixed,40037,0.09270055121386228,True,False,16.0,22.0,36.0,0.7600347229307929,3.0361488610625345,4,1,dwa,mixed,40037,False,filter_off,2.8066706000026898,0,0.0,False
goal,True,24.479999999999567,36.26704304630151,1.482065669787769,1.7369522131002784,0.6465229712349806,0.19807372652721053,False,0.0,0.21666764747292178,,0.5895805673539669,1224,mixed,40038,0.12137017462719892,True,False,16.0,22.0,36.0,1.087547914896784,4.573518959252186,4,1,dwa,mixed,40038,False,filter_off,2.551380600001721,0,0.0,True
collision,False,31.239999999999423,31.233305332921315,0.9984352746198565,1.9025691570465073,1.0224963484358092,0.2682220819432341,False,0.0,-0.007101150413775459,obstacle,0.7893655708426807,1562,mixed,40039,0.1488968723122117,False,False,16.0,22.0,36.0,0.7788526595978952,4.463583000707763,4,2,dwa,mixed,40039,False,filter_off,3.4571071000027587,0,0.0,False
collision,False,12.999999999999812,9.44181060744528,0.7251531089851002,1.3588683243832973,0.11126333818749147,0.2911377991707455,False,0.0,-0.011304611527474528,obstacle,0.30809481600326427,650,crowded,40000,0.0,False,False,1000.0,1000.0,36.0,1.0269549633599504,4.188836833563437,6,2,dwa,crowded,40000,False,filter_off,1.2745940000022529,0,0.0,False
goal,True,27.6399999999995,36.28025117929437,1.3119486306242423,1.0839233076181063,0.053897593936324636,0.24702165810338955,False,0.0,0.18921754151015382,,0.7615611603878755,1382,crowded,40001,0.0,False,False,1000.0,1000.0,36.0,0.7243368133338365,3.1962339098678587,6,1,dwa,crowded,40001,False,filter_off,3.387407999995048,0,0.0,True
collision,False,13.99999999999979,24.40452807707852,1.7418224305209982,0.998961934596959,0.08269962151209959,0.29509818766922136,False,0.0,-0.004747227507327145,obstacle,0.5156826954975691,700,crowded,40002,0.0,False,False,1000.0,1000.0,36.0,0.7508052787243958,4.644611467052789,5,2,dwa,crowded,40002,False,filter_off,1.5565062000023318,0,0.0,False
goal,True,31.37999999999942,36.6742341228036,1.1678179278053993,1.0416327487060835,0.08029847457565722,0.16498057201540817,False,0.0,0.07898744971286786,,0.5555570873028273,1569,crowded,40003,0.0,False,False,1000.0,1000.0,36.0,0.8490167860554859,4.628405710192151,6,2,dwa,crowded,40003,False,filter_off,3.323330100000021,0,0.0,True
goal,True,20.919999999999643,36.231759542988684,1.731813596450207,0.9434317279009937,0.03667146216740493,0.2097335558913037,False,0.0,0.09293768502422983,,0.6548866361295304,1046,crowded,40004,0.0,False,False,1000.0,1000.0,36.0,1.0795923035566237,3.5362672398920467,6,1,dwa,crowded,40004,False,filter_off,2.42895519999729,0,0.0,True
goal,True,19.779999999999667,36.18116988499588,1.829983147975216,1.0142572038434325,0.08216478722767946,0.12531720135658955,False,0.0,0.29401724748382274,,0.391027716282168,989,crowded,40005,0.0,False,False,1000.0,1000.0,36.0,0.9560507401347812,4.376729974275946,5,1,dwa,crowded,40005,False,filter_off,1.9879808000041521,0,0.0,True
stall,False,33.01999999999956,22.42814995982541,0.6778209049153437,0.992520858748967,0.07981069411209751,0.1102754633185703,False,0.0,0.03576547154909357,,0.4060796186536828,1651,crowded,40006,0.0,False,False,1000.0,1000.0,36.0,0.8058562020379452,4.409381050135197,4,1,dwa,crowded,40006,False,filter_off,3.9863781000021845,0,0.0,False
goal,True,21.09999999999964,36.421601735279495,1.7259907315632859,1.3085805589314725,0.08991560246412447,0.2546020106519772,False,0.0,0.08622010677809022,,0.6835491544622594,1055,crowded,40007,0.0,False,False,1000.0,1000.0,36.0,0.915670126779264,4.96842277310037,5,2,dwa,crowded,40007,False,filter_off,2.2403465999959735,0,0.0,True
stall,False,27.719999999999498,19.50429933131637,0.7018872345049112,0.9927662176989204,0.08241285185145114,0.13992286151290861,False,0.0,0.03320451351521572,,0.3852143429985512,1386,crowded,40008,0.0,False,False,1000.0,1000.0,36.0,0.8481775663468065,4.540265161935243,3,1,dwa,crowded,40008,False,filter_off,2.9863426000010804,0,0.0,False
goal,True,22.9799999999996,36.386274901000725,1.5828331921000292,1.0199645107296684,0.0799018779400714,0.2561212754897158,False,0.0,0.2331414473276748,,0.8769406922040254,1149,crowded,40009,0.0,False,False,1000.0,1000.0,36.0,1.0652296151283247,4.265109495877631,6,1,dwa,crowded,40009,False,filter_off,2.6422346999970614,0,0.0,True
collision,False,13.439999999999802,6.562901624544935,0.48717828262044816,1.0033013487354323,0.06314003585176753,0.23168282495133846,False,0.0,-0.0017803155271173265,obstacle,0.23067848275367642,672,crowded,40010,0.0,False,False,1000.0,1000.0,36.0,0.7030365816185886,3.562988417407127,3,2,dwa,crowded,40010,False,filter_off,1.3504707000029157,0,0.0,False
goal,True,21.699999999999626,36.90740060987446,1.69977346172488,1.295430351030345,0.0776289844209468,0.28494039142163635,False,0.0,0.272066128892849,,0.7466580660963076,1085,crowded,40011,0.0,False,False,1000.0,1000.0,36.0,0.7683395676925482,3.453176512837374,4,1,dwa,crowded,40011,False,filter_off,2.1758440999983577,0,0.0,True
stall,False,29.51999999999946,18.980850196106015,0.6402619932824979,1.288558632815567,0.0687393133269812,0.28249188860258045,False,0.0,0.030351482224857396,,0.7689107741798008,1476,crowded,40012,0.0,False,False,1000.0,1000.0,36.0,0.7980316740585215,3.958287936722657,5,2,dwa,crowded,40012,False,filter_off,4.16762480000034,0,0.0,False
goal,True,18.339999999999698,36.124505900130465,1.9707566277172575,1.0370686007900791,0.07673295945786733,0.09488697367411925,False,0.0,0.31208713389699616,,0.25520992521746794,917,crowded,40013,0.0,False,False,1000.0,1000.0,36.0,0.7814949933564275,3.2978426504033935,3,2,dwa,crowded,40013,False,filter_off,1.5399663999996847,0,0.0,True
goal,True,21.09999999999964,36.26988944556628,1.719331112199583,1.017266705315508,0.07515435380935272,0.16854544515169873,False,0.0,0.2171700044397593,,0.5128940085906794,1055,crowded,40014,0.0,False,False,1000.0,1000.0,36.0,1.0740210071636749,4.461808336819669,4,2,dwa,crowded,40014,False,filter_off,2.325490900002478,0,0.0,True
goal,True,21.739999999999625,36.846946434794525,1.6939314613856031,0.9729544848439731,0.07477149542384891,0.23248119486410773,False,0.0,0.24860375171435192,,0.696516567343793,1087,crowded,40015,0.0,False,False,1000.0,1000.0,36.0,0.7179454037519601,4.558795213330382,5,2,dwa,crowded,40015,False,filter_off,2.076499499999045,0,0.0,True
goal,True,19.979999999999663,36.095327519054685,1.8070414820425469,1.1364815998655706,0.07064403329761282,0.23036767890369225,False,0.0,0.26411978648223855,,0.5114118412409288,999,crowded,40016,0.0,False,False,1000.0,1000.0,36.0,0.8499502930344071,3.9799304934551447,3,2,dwa,crowded,40016,False,filter_off,1.8350175000014133,0,0.0,True
goal,True,19.799999999999667,36.2398105243045,1.830785973082872,1.1826518514704107,0.053885437325730014,0.22237843155173836,False,0.0,0.2706289616870573,,0.5481148626359772,990,crowded,40017,0.0,False,False,1000.0,1000.0,36.0,0.8113443294992472,3.020085908641412,3,1,dwa,crowded,40017,False,filter_off,1.8459124000000884,0,0.0,True
goal,True,21.99999999999962,36.85386094954296,1.6736019614274287,1.190893951809166,0.054548335229567944,0.2705527477633407,False,0.0,0.27379249968710206,,0.736321016164716,1100,crowded,40018,0.0,False,False,1000.0,1000.0,36.0,0.7696339718997771,3.1314938087028037,4,1,dwa,crowded,40018,False,filter_off,2.3170673999993596,0,0.0,True
goal,True,25.21999999999955,36.386628878044924,1.442236023477652,0.8776542432146206,0.05113901654681482,0.1537962730713592,False,0.0,0.23136498561272079,,0.43366873253087224,1261,crowded,40019,0.0,False,False,1000.0,1000.0,36.0,0.906573083335485,4.495864137350109,3,1,dwa,crowded,40019,False,filter_off,2.3348057999974117,0,0.0,True
goal,True,21.379999999999633,36.4021399453457,1.70222758595066,1.3065611091518592,0.08437239434242638,0.2336906064139052,False,0.0,0.2591402688648955,,0.6636263739052651,1069,crowded,40020,0.0,False,False,1000.0,1000.0,36.0,1.0784303399483601,3.8980196533822684,6,1,dwa,crowded,40020,False,filter_off,2.3117703999960213,0,0.0,True
collision,False,19.799999999999667,18.913340677705435,0.9554543270512662,0.9387251603790092,0.050443929334123984,0.1339007533885187,False,0.0,-0.009107598144069695,obstacle,0.26668502469960415,990,crowded,40021,0.0,False,False,1000.0,1000.0,36.0,0.7802842716162096,3.5386999951573146,3,2,dwa,crowded,40021,False,filter_off,2.0016254000001936,0,0.0,False
goal,True,24.35999999999957,37.1867924091214,1.525726976126164,1.4606679142034558,0.05962015827514515,0.2468598620180385,False,0.0,0.12289452821839403,,0.6708015228765949,1218,crowded,40022,0.0,False,False,1000.0,1000.0,36.0,0.9857899162482915,3.876455550552783,5,2,dwa,crowded,40022,False,filter_off,2.678313199998229,0,0.0,True
goal,True,24.119999999999575,36.17033212483992,1.4995729538969582,1.1371315636278085,0.087659554191374,0.2726160950924266,False,0.0,0.15759879257318735,,0.9398265966899046,1206,crowded,40023,0.0,False,False,1000.0,1000.0,36.0,0.8516422703049387,4.935202389266619,6,2,dwa,crowded,40023,False,filter_off,2.6999539000025834,0,0.0,True
stall,False,25.19999999999955,8.640228712559598,0.3420070212376127,1.0473721896850052,0.08269518904412211,0.12096972021119924,False,0.0,0.0364942221624327,,0.27113518526831865,1260,crowded,40024,0.0,False,False,1000.0,1000.0,36.0,1.0306603538535497,3.6198489947184163,5,1,dwa,crowded,40024,False,filter_off,2.4152257000023383,0,0.0,False
goal,True,21.99999999999962,36.270483482878404,1.6487221795422626,1.1081076556367349,0.09020901438368052,0.22011088945098536,False,0.0,0.22487805447988507,,0.5658071040887929,1100,crowded,40025,0.0,False,False,1000.0,1000.0,36.0,0.8526272218542965,4.173848518190195,5,2,dwa,crowded,40025,False,filter_off,2.6168363000033423,0,0.0,True
stall,False,46.52000000000167,27.43255726095947,0.5873155875378228,1.2013666809856416,0.08234951695091403,0.1949054639665412,False,0.0,0.029125944759483685,,0.8477305855650068,2326,crowded,40026,0.0,False,False,1000.0,1000.0,36.0,1.044141999212794,3.6659385751060407,5,2,dwa,crowded,40026,False,filter_off,5.731016400000954,0,0.0,False
goal,True,26.979999999999514,36.389034138856154,1.3477422850097358,1.0785188889502328,0.05778565513932784,0.2289436266369443,False,0.0,0.20921716330056825,,0.7898130978552569,1349,crowded,40027,0.0,False,False,1000.0,1000.0,36.0,1.053542838541399,4.265938298700595,5,1,dwa,crowded,40027,False,filter_off,2.9752911000032327,0,0.0,True
goal,True,28.319999999999485,36.29517990660811,1.2809789911542215,1.1589037505530924,0.07689189595527154,0.2032961386975023,False,0.0,0.08219373241407918,,0.6246782115876964,1416,crowded,40028,0.0,False,False,1000.0,1000.0,36.0,0.7216495609265299,4.767537849018466,3,2,dwa,crowded,40028,False,filter_off,2.6945300000006682,0,0.0,True
goal,True,22.01999999999962,36.07825658918691,1.639278358290544,0.9852869137652193,0.07004278401175792,0.11011851955990938,False,0.0,0.4854772483235982,,0.3308537414077223,1101,crowded,40029,0.0,False,False,1000.0,1000.0,36.0,0.7120046903057495,3.873518351399377,3,1,dwa,crowded,40029,False,filter_off,2.139983900000516,0,0.0,True
stall,False,37.50000000000026,30.741136534736203,0.8185895548880605,1.0357651820051335,0.08160254366319208,0.11830268206616913,False,0.0,0.04453210009166461,,0.5287916039902415,1875,crowded,40030,0.0,False,False,1000.0,1000.0,36.0,0.9708094058038798,4.2320673561172075,4,1,dwa,crowded,40030,False,filter_off,3.914535600000818,0,0.0,False
goal,True,25.31999999999955,36.42840844563986,1.4372732166107092,1.1909139705764804,0.08939796576602561,0.2350873193658006,False,0.0,0.14018353579388512,,0.7271157964019177,1266,crowded,40031,0.0,False,False,1000.0,1000.0,36.0,1.0141076789449541,4.580459609903585,6,1,dwa,crowded,40031,False,filter_off,2.683360499999253,0,0.0,True
goal,True,24.37999999999957,36.3418928276442,1.490795240262373,1.0691959851384039,0.06584937213441162,0.20620926868188227,False,0.0,0.26133767007545716,,0.6339627115314135,1219,crowded,40032,0.0,False,False,1000.0,1000.0,36.0,0.8158921726449161,3.4731275484511577,6,2,dwa,crowded,40032,False,filter_off,2.7331021999998484,0,0.0,True
goal,True,22.739999999999604,36.29952714129395,1.5959960840669725,1.0490270363376633,0.0728851501301903,0.23024067862406677,False,0.0,0.09872477804148383,,0.6528540435960057,1137,crowded,40033,0.0,False,False,1000.0,1000.0,36.0,0.7251047910836249,4.406303961790812,6,2,dwa,crowded,40033,False,filter_off,2.5696889999962877,0,0.0,True
goal,True,22.739999999999604,37.32907657019256,1.6396275670303935,1.0079558457269817,0.062193048867976886,0.28591189267145267,False,0.0,0.3555240937977312,,0.7988506610268309,1137,crowded,40034,0.0,False,False,1000.0,1000.0,36.0,0.8842371725297713,3.8591991611600687,6,1,dwa,crowded,40034,False,filter_off,2.3447850000011385,0,0.0,True
goal,True,22.319999999999613,36.19769066493178,1.6221852655771698,1.013628738223841,0.0800816417233823,0.16987497152548228,False,0.0,0.2503244959057973,,0.5707969295067497,1116,crowded,40035,0.0,False,False,1000.0,1000.0,36.0,0.9724730030392097,4.1935511046130625,6,2,dwa,crowded,40035,False,filter_off,2.6026636000024155,0,0.0,True
collision,False,19.17999999999968,29.25663079149487,1.5239292564566969,1.127509066300232,0.08424485238631323,0.25901781883054803,False,0.0,-0.0012973414079476275,obstacle,0.684492730473534,959,crowded,40036,0.0,False,False,1000.0,1000.0,36.0,1.069162997705235,4.339039910918447,3,2,dwa,crowded,40036,False,filter_off,1.9078889999946114,0,0.0,False
goal,True,28.13999999999949,36.16832468044383,1.2847477918150225,1.371935374936963,0.07936061821888286,0.3739783727922963,False,0.0,0.049658143248898334,,1.0683278163281988,1407,crowded,40037,0.0,False,False,1000.0,1000.0,36.0,0.7600347229307929,3.0361488610625345,5,1,dwa,crowded,40037,False,filter_off,3.1831480999971973,0,0.0,True
stall,False,21.759999999999625,3.9983086217134467,0.18256879909732315,1.0136704819552433,0.0829406783670567,0.1252633857173232,False,0.0,0.04441391707392309,,0.22048937464860044,1088,crowded,40038,0.0,False,False,1000.0,1000.0,36.0,1.087547914896784,4.573518959252186,3,2,dwa,crowded,40038,False,filter_off,2.333289500005776,0,0.0,False
goal,True,29.819999999999453,36.43309341072072,1.2201641817997577,1.0962591787612157,0.06744730953476516,0.25865500396158114,False,0.0,0.08271266412096565,,0.8576890094490806,1491,crowded,40039,0.0,False,False,1000.0,1000.0,36.0,0.7788526595978952,4.463583000707763,4,2,dwa,crowded,40039,False,filter_off,3.2333986000012374,0,0.0,True
stall,False,29.819999999999453,28.388072244979742,0.9443862252764327,2.675941806432073,0.9910803272733838,0.5197445941488857,False,0.0,0.42062191797249493,,1.4447878134535603,1491,mixed,40000,0.1382794740817809,False,False,16.0,22.0,36.0,1.0269549633599504,4.188836833563437,4,2,ppo,mixed,40000,False,filter_off,2.771111199996085,0,0.0,False
goal,True,19.11999999999968,36.51376525628052,1.9049381164991381,1.499390175301886,0.6235510195939368,0.44213128451378264,False,0.0,0.5458582428307255,,1.5608795482852735,956,mixed,40001,0.11759975460084857,False,True,16.0,22.0,36.0,0.7243368133338365,3.1962339098678587,3,3,ppo,mixed,40001,False,filter_off,1.9625596999976551,0,0.0,True
goal,True,18.919999999999686,36.56863303976523,1.9252595979919853,1.3266960787217505,0.7266048840170467,0.5281304084300573,False,0.0,0.10882330698015322,,1.5234839270461462,946,mixed,40002,0.1483565285291978,False,True,16.0,22.0,36.0,0.7508052787243958,4.644611467052789,2,3,ppo,mixed,40002,False,filter_off,1.879712500005553,0,0.0,True
goal,True,19.67999999999967,36.62497947127458,1.8539574083935628,1.9218260310616424,1.1727846564824835,0.5119039328700984,False,0.0,0.44045919239354414,,1.409890348979045,984,mixed,40003,0.13741979681327354,True,False,16.0,22.0,36.0,0.8490167860554859,4.628405710192151,2,3,ppo,mixed,40003,False,filter_off,1.7767534999948111,0,0.0,True
goal,True,19.339999999999677,36.75702488124972,1.8929605313529312,3.0340186383602528,0.9397709224010876,0.5487921831915427,True,0.0004136504653567735,0.2829336999583961,,1.4931832849737072,967,mixed,40004,0.09720936530079487,True,False,16.0,22.0,36.0,1.0795923035566237,3.5362672398920467,2,3,ppo,mixed,40004,False,filter_off,1.799136499997985,0,0.0,False
collision,False,5.619999999999968,8.865792932865173,1.5671797945774055,1.308002688248031,0.21020957922104347,0.6591364508593548,False,0.0,-0.006469313170406554,obstacle,0.5276196511610192,281,mixed,40005,0.11561613872560209,False,False,16.0,22.0,36.0,0.9560507401347812,4.376729974275946,3,2,ppo,mixed,40005,False,filter_off,0.5343922000029124,0,0.0,False
goal,True,18.919999999999686,36.60881386132671,1.9264637191697331,2.030124368693177,1.019438604742737,0.5327922659141663,False,0.0,0.23558243347934169,,1.3258437728855887,946,mixed,40006,0.10392628678605388,False,False,16.0,22.0,36.0,0.8058562020379452,4.409381050135197,2,2,ppo,mixed,40006,False,filter_off,1.7269769000049564,0,0.0,True
goal,True,19.559999999999672,36.41015729649564,1.855956844223492,1.922169770731929,0.8915848763902394,0.4935021226328324,False,0.0,0.3764403809132646,,1.8578670726063955,978,mixed,40007,0.12735084372173167,False,False,16.0,22.0,36.0,0.915670126779264,4.96842277310037,4,3,ppo,mixed,40007,False,filter_off,1.997209200002544,0,0.0,True
goal,True,18.65999999999969,36.502114423447416,1.9521643600803227,1.0549741562978,0.1173396977121467,0.42211663388578485,False,0.0,0.31092123350482737,,1.1562589654329,933,mixed,40008,0.10759643124749771,True,True,16.0,22.0,36.0,0.8481775663468065,4.540265161935243,2,2,ppo,mixed,40008,False,filter_off,1.7549481000023661,0,0.0,True
off_sidewalk,False,3.980000000000003,6.337147675527296,1.5880676440532009,1.2009981801137608,0.43427731009895004,0.6118498433231676,False,0.0,0.8987177342253185,,0.35285492824042586,199,mixed,40009,0.09809674133696933,False,True,16.0,22.0,36.0,1.0652296151283247,4.265109495877631,4,2,ppo,mixed,40009,False,filter_off,0.42221640000207117,0,0.0,False
collision,False,2.4000000000000017,3.6367953418067396,1.5132085862287246,1.2689742360345415,0.06719933438135703,0.6421186794492478,False,0.0,-0.01972836210350709,obstacle,0.21915208769373942,120,mixed,40010,0.1334382914041298,False,False,16.0,22.0,36.0,0.7030365816185886,3.562988417407127,4,3,ppo,mixed,40010,False,filter_off,0.23926019999635173,0,0.0,False
off_sidewalk,False,2.920000000000002,4.866017086785514,1.6625530756985887,1.267336930062181,0.6095428128866367,0.6091719474322135,False,0.0,0.7349918125470679,,0.2619444230084348,146,mixed,40011,0.09513880113041694,False,True,16.0,22.0,36.0,0.7683395676925482,3.453176512837374,3,3,ppo,mixed,40011,False,filter_off,0.2591647999943234,0,0.0,False
goal,True,19.63999999999967,36.80205372278986,1.8658784620198865,1.626399233657794,1.1403267855826804,0.5235685708053313,False,0.0,0.14578636226470154,,1.4425102523523148,982,mixed,40012,0.12391103662522673,False,False,16.0,22.0,36.0,0.7980316740585215,3.958287936722657,2,1,ppo,mixed,40012,False,filter_off,2.0032089999949676,0,0.0,True
collision,False,14.139999999999787,26.87111138115251,1.8912542553184026,1.486709488576052,0.9193511684788003,0.595746253837841,False,0.0,-0.008419621194881377,obstacle,1.2254403163085779,707,mixed,40013,0.1431049563468558,False,True,16.0,22.0,36.0,0.7814949933564275,3.2978426504033935,3,3,ppo,mixed,40013,False,filter_off,1.3390168999976595,0,0.0,False
goal,True,19.799999999999667,36.42665330865187,1.8336512461311996,1.4762849573313779,0.8344972002421472,0.5438530401085543,False,0.0,0.6150510283140672,,1.8228979449939884,990,mixed,40014,0.13210938383980786,False,False,16.0,22.0,36.0,1.0740210071636749,4.461808336819669,4,1,ppo,mixed,40014,False,filter_off,1.9978114999976242,0,0.0,True
goal,True,18.879999999999686,36.92499517104502,1.9487419403650204,1.380674655735564,0.7656747622395543,0.49237626688166924,False,0.0,0.2800005786995886,,1.4607105707557015,944,mixed,40015,0.14966170601972417,False,True,16.0,22.0,36.0,0.7179454037519601,4.558795213330382,3,3,ppo,mixed,40015,False,filter_off,1.8639987999995355,0,0.0,True
goal,True,22.179999999999616,36.88676612642798,1.6558436497334736,1.40716528161335,0.8006651570662483,0.5160283780121867,False,0.0,0.10293512079771028,,1.4048181607540313,1109,mixed,40016,0.12726273883470166,False,True,16.0,22.0,36.0,0.8499502930344071,3.9799304934551447,2,3,ppo,mixed,40016,False,filter_off,2.2875378000026103,0,0.0,True
goal,True,20.219999999999658,36.357419651805436,1.7934279219467293,2.5634514885263804,1.2338901166790697,0.4536056315865741,False,0.0,0.06375351378955929,,1.9522044847286515,1011,mixed,40017,0.10617792480799618,True,False,16.0,22.0,36.0,0.8113443294992472,3.020085908641412,4,3,ppo,mixed,40017,False,filter_off,2.01325530000031,0,0.0,True
goal,True,19.21999999999968,36.692977691276546,1.905380943521052,1.3047802396453212,0.47205933567249886,0.43398964037711596,False,0.0,0.32538859016589994,,1.6186237381395379,961,mixed,40018,0.116069208165202,True,True,16.0,22.0,36.0,0.7696339718997771,3.1314938087028037,4,3,ppo,mixed,40018,False,filter_off,1.993643499998143,0,0.0,True
goal,True,19.15999999999968,36.568355048232554,1.899709068843246,1.7496716616047825,0.8354907386249851,0.5677542550267646,False,0.0,0.13089654541286247,,1.5563551111077925,958,mixed,40019,0.10783105943662999,True,False,16.0,22.0,36.0,0.906573083335485,4.495864137350109,4,1,ppo,mixed,40019,False,filter_off,1.835934400005499,0,0.0,True
goal,True,19.09999999999968,36.43260175432227,1.9001605983507708,2.8566898494240123,1.1045300341747128,0.6486483949061549,False,0.0,0.63645598673216,,1.5327853613706084,955,mixed,40020,0.11728344647129728,False,False,16.0,22.0,36.0,1.0784303399483601,3.8980196533822684,2,1,ppo,mixed,40020,False,filter_off,1.8348259999984293,0,0.0,True
goal,True,20.359999999999655,36.78481713247425,1.7971797661163764,1.5727518502174611,0.8309286395087229,0.5391274444118036,False,0.0,0.3955874298552907,,1.553572235186196,1018,mixed,40021,0.1349724742931551,False,False,16.0,22.0,36.0,0.7802842716162096,3.5386999951573146,4,2,ppo,mixed,40021,False,filter_off,1.9931440000000293,0,0.0,True
goal,True,19.959999999999663,37.05517780977827,1.8443567914604204,2.354364932282478,1.521550999447662,0.6415783528380481,False,0.0,0.6433478220909435,,1.6168579060089252,998,mixed,40022,0.14577035564304586,False,False,16.0,22.0,36.0,0.9857899162482915,3.876455550552783,4,3,ppo,mixed,40022,False,filter_off,2.0686999000026844,0,0.0,True
goal,True,19.13999999999968,36.610064222142924,1.9042213384913687,2.4206874866078874,1.7620347083797707,0.5734483565376007,False,0.0,0.23749758076533112,,1.5779453806397619,957,mixed,40023,0.13168477062749592,True,False,16.0,22.0,36.0,0.8516422703049387,4.935202389266619,4,3,ppo,mixed,40023,False,filter_off,1.9298037999978988,0,0.0,True
collision,False,16.139999999999745,30.271520947412117,1.868949354430163,1.5718694666661304,0.43589174255662766,0.6292505239942088,False,0.0,-0.003973072751992948,obstacle,1.3539231972896606,807,mixed,40024,0.11385203798090476,True,True,16.0,22.0,36.0,1.0306603538535497,3.6198489947184163,2,3,ppo,mixed,40024,False,filter_off,1.515370699999039,0,0.0,False
stall,False,33.219999999999594,29.40988309903934,0.8810790665068832,1.3907951750183447,0.7395595272831157,0.35781460030201495,False,0.0,0.057846448149295626,,1.6817421416992322,1661,mixed,40025,0.13728872377668433,False,True,16.0,22.0,36.0,0.8526272218542965,4.173848518190195,4,3,ppo,mixed,40025,False,filter_off,3.1870028999983333,0,0.0,False
goal,True,20.07999999999966,36.41988768067108,1.8083178832934077,1.7131877316786672,0.8863898505428027,0.5336929010892206,False,0.0,0.21909434400635217,,1.802890203604602,1004,mixed,40026,0.12791466115434708,True,False,16.0,22.0,36.0,1.044141999212794,3.6659385751060407,2,3,ppo,mixed,40026,False,filter_off,1.9189467999967746,0,0.0,True
goal,True,19.899999999999665,36.90513940621211,1.8451018781273198,1.7628475390835716,0.7469593750762469,0.579035426901321,False,0.0,0.04691272186469195,,1.496739059596958,995,mixed,40027,0.10375711799575914,False,True,16.0,22.0,36.0,1.053542838541399,4.265938298700595,3,1,ppo,mixed,40027,False,filter_off,1.8225353000016185,0,0.0,True
goal,True,18.819999999999688,36.44351496289998,1.9295363028871035,2.6319237690511526,1.0714967379319067,0.5242607348567073,False,0.0,0.4932400324367193,,1.4741739428480658,941,mixed,40028,0.12378022218339735,False,False,16.0,22.0,36.0,0.7216495609265299,4.767537849018466,3,2,ppo,mixed,40028,False,filter_off,1.7297067000035895,0,0.0,True
goal,True,19.879999999999665,36.72436093223289,1.8442265097198847,1.4613550091457517,0.5371457368190935,0.3890323792882885,False,0.0,0.27684059290461327,,1.90734234965254,994,mixed,40029,0.11068266601463561,False,True,16.0,22.0,36.0,0.7120046903057495,3.873518351399377,4,3,ppo,mixed,40029,False,filter_off,1.911757399997441,0,0.0,True
goal,True,20.17999999999966,36.724841421608396,1.8116870869941413,1.3713131883752938,0.7018044904300335,0.5255218860537206,False,0.0,0.27068784280756497,,1.4884471590430275,1009,mixed,40030,0.1019701224578749,False,False,16.0,22.0,36.0,0.9708094058038798,4.2320673561172075,4,1,ppo,mixed,40030,False,filter_off,1.887929600001371,0,0.0,True
goal,True,19.959999999999663,36.32825908531667,1.813592035189661,2.8386745123166204,2.672487686536508,0.5773573122121465,False,0.0,0.4452765811365519,,1.9381078674990517,998,mixed,40031,0.11838959127106012,False,False,16.0,22.0,36.0,1.0141076789449541,4.580459609903585,3,1,ppo,mixed,40031,False,filter_off,1.790241300004709,0,0.0,True
goal,True,19.559999999999672,36.57591759332031,1.8602367855216806,2.2571565419265567,1.1215579452320024,0.5731903390705546,False,0.0,0.24879647324857165,,1.4294299546192866,978,mixed,40032,0.1311410067452635,False,False,16.0,22.0,36.0,0.8158921726449161,3.4731275484511577,4,1,ppo,mixed,40032,False,filter_off,1.7516111000004457,0,0.0,True
goal,True,19.499999999999673,36.4018537539973,1.8620025338108557,2.219688532190922,1.197475456980065,0.4576807334412099,False,0.0,0.11423531752458016,,1.5250278627557388,975,mixed,40033,0.12691284061082575,False,False,16.0,22.0,36.0,0.7251047910836249,4.406303961790812,2,3,ppo,mixed,40033,False,filter_off,1.7994192999976804,0,0.0,True
goal,True,20.99999999999964,36.71162780081434,1.739975253624487,1.488282781084803,0.784418743446026,0.5714516918429231,False,0.0,0.4176640592485027,,1.6762228142812738,1050,mixed,40034,0.11351754956284855,False,False,16.0,22.0,36.0,0.8842371725297713,3.8591991611600687,4,2,ppo,mixed,40034,False,filter_off,1.9641377000007196,0,0.0,True
goal,True,18.879999999999686,36.66229713538789,1.9334198543437506,1.336897559721603,0.7759069835595693,0.5823567861948321,False,0.0,0.3953376151462086,,1.488685638517323,944,mixed,40035,0.12159995420100617,False,True,16.0,22.0,36.0,0.9724730030392097,4.1935511046130625,4,2,ppo,mixed,40035,False,filter_off,1.847292300000845,0,0.0,True
collision,False,11.099999999999852,11.495010707912586,1.0283566237750728,1.2180130777998612,0.09210323055292159,0.49877523906322885,False,0.0,-0.003166417794449594,obstacle,0.6777880363142947,555,mixed,40036,0.14266727735156232,False,False,16.0,22.0,36.0,1.069162997705235,4.339039910918447,2,3,ppo,mixed,40036,False,filter_off,0.9884295000010752,0,0.0,False
goal,True,20.07999999999966,36.505952417482796,1.8127667826473195,2.5446469419033937,1.1267430058776864,0.523364359888052,False,0.0,0.35591119944442484,,1.5227586853573374,1004,mixed,40037,0.09270055121386228,True,False,16.0,22.0,36.0,0.7600347229307929,3.0361488610625345,4,1,ppo,mixed,40037,False,filter_off,1.764141200001177,0,0.0,True
goal,True,21.819999999999624,36.435077889168355,1.6637963995669907,2.1082454291123827,1.1537950750188677,0.46274698118977414,False,0.0,0.37154465424175553,,1.7526658704044402,1091,mixed,40038,0.12137017462719892,True,False,16.0,22.0,36.0,1.087547914896784,4.573518959252186,4,1,ppo,mixed,40038,False,filter_off,1.9425161999970442,0,0.0,True
stall,False,30.339999999999442,28.530041764624695,0.9347916921328515,2.9651064760784642,0.745430891951733,0.4053609432692543,False,0.0,0.48291906235817794,,1.3559508296609772,1517,mixed,40039,0.1488968723122117,False,False,16.0,22.0,36.0,0.7788526595978952,4.463583000707763,4,2,ppo,mixed,40039,False,filter_off,2.8811970000024303,0,0.0,False
goal,True,19.19999999999968,37.522761599603896,1.951216592779808,1.1992542540091355,0.08310251883442417,0.3353367649090972,False,0.0,1.3136970383883828,,1.0118019924304134,960,crowded,40000,0.0,False,False,1000.0,1000.0,36.0,1.0269549633599504,4.188836833563437,6,2,ppo,crowded,40000,False,filter_off,1.762898100001621,0,0.0,True
goal,True,18.919999999999686,37.32670883283418,1.9691686296081963,1.015451594646786,0.0753195613322145,0.37937154202654694,False,0.0,1.6768259214610657,,1.19017470616057,946,crowded,40001,0.0,False,False,1000.0,1000.0,36.0,0.7243368133338365,3.1962339098678587,6,1,ppo,crowded,40001,False,filter_off,1.6599045999973896,0,0.0,True
goal,True,23.199999999999594,37.313906480647105,1.6011433755737432,1.1455298320812612,0.08395850233166666,0.429531621327213,False,0.0,0.737965035710523,,1.4336520229491598,1160,crowded,40002,0.0,False,False,1000.0,1000.0,36.0,0.7508052787243958,4.644611467052789,5,2,ppo,crowded,40002,False,filter_off,2.1044381000028807,0,0.0,True
goal,True,18.959999999999685,37.403590761548195,1.968831661514572,1.0382026611408823,0.0812335386569033,0.4294352115882036,False,0.0,0.8836908689640983,,1.3195932723918715,948,crowded,40003,0.0,False,False,1000.0,1000.0,36.0,0.8490167860554859,4.628405710192151,6,2,ppo,crowded,40003,False,filter_off,1.6063966999936383,0,0.0,True
goal,True,19.09999999999968,37.6894759036249,1.9676144723317148,1.318066353534754,0.08387760024164183,0.45162904322557196,False,0.0,0.583644958650168,,1.35715163860877,955,crowded,40004,0.0,False,False,1000.0,1000.0,36.0,1.0795923035566237,3.5362672398920467,6,1,ppo,crowded,40004,False,filter_off,1.6201839999994263,0,0.0,True
goal,True,18.859999999999687,37.204890884576194,1.9695852987843663,1.1473107028636729,0.08341504784153829,0.3392046446248672,False,0.0,1.6549508342721417,,1.0135964216227435,943,crowded,40005,0.0,False,False,1000.0,1000.0,36.0,0.9560507401347812,4.376729974275946,5,1,ppo,crowded,40005,False,filter_off,1.5998294999953941,0,0.0,True
goal,True,19.499999999999673,37.42108601070759,1.9167544328010138,1.0138242141288607,0.08069615864317448,0.38885110828372993,False,0.0,2.4824047727861625,,1.251249887958265,975,crowded,40006,0.0,False,False,1000.0,1000.0,36.0,0.8058562020379452,4.409381050135197,4,1,ppo,crowded,40006,False,filter_off,1.801981500000693,0,0.0,True
goal,True,18.899999999999686,37.33505614904662,1.972366395004383,1.002711657844247,0.08858787426387404,0.34138298670971284,False,0.0,1.7607064179081424,,1.1418446786778806,945,crowded,40007,0.0,False,False,1000.0,1000.0,36.0,0.915670126779264,4.96842277310037,5,2,ppo,crowded,40007,False,filter_off,1.6583943999939947,0,0.0,True
goal,True,18.65999999999969,36.607962116614814,1.9596978838928718,1.0052192637115036,0.0649612604818283,0.2465146231327954,False,0.0,1.252382936388161,,0.6700987258994844,933,crowded,40008,0.0,False,False,1000.0,1000.0,36.0,0.8481775663468065,4.540265161935243,3,1,ppo,crowded,40008,False,filter_off,1.616329600001336,0,0.0,True
goal,True,20.359999999999655,37.28915465791602,1.8205042549503687,1.368728626938394,0.14818728234953965,0.5586996819265239,False,0.0,0.963250373787554,,1.7067394755809735,1018,crowded,40009,0.0,False,False,1000.0,1000.0,36.0,1.0652296151283247,4.265109495877631,6,1,ppo,crowded,40009,False,filter_off,1.7761096000031102,0,0.0,True
goal,True,18.959999999999685,37.357126265507475,1.9672831802521928,0.9299630611197351,0.06864860997285727,0.4026059920646789,False,0.0,1.346991284743198,,1.2686784995004472,948,crowded,40010,0.0,False,False,1000.0,1000.0,36.0,0.7030365816185886,3.562988417407127,3,2,ppo,crowded,40010,False,filter_off,1.7508882000038284,0,0.0,True
goal,True,18.71999999999969,37.043496915012355,1.9763367755162125,1.043521263933668,0.07759044386714292,0.33305482310906187,False,0.0,0.7241653890235459,,1.0773192770040385,936,crowded,40011,0.0,False,False,1000.0,1000.0,36.0,0.7683395676925482,3.453176512837374,4,1,ppo,crowded,40011,False,filter_off,1.632849499997974,0,0.0,True
goal,True,18.77999999999969,37.0487531712943,1.9702324926697914,1.015939716494262,0.07439930779206506,0.31207183181952153,False,0.0,0.8994466720669989,,1.0134567541660608,939,crowded,40012,0.0,False,False,1000.0,1000.0,36.0,0.7980316740585215,3.958287936722657,5,2,ppo,crowded,40012,False,filter_off,1.6736218000005465,0,0.0,True
goal,True,18.67999999999969,36.874674313032905,1.9729743482113213,1.0404962751062206,0.08435785516834439,0.28734118324813196,False,0.0,1.4967213311611245,,0.7660014360744554,934,crowded,40013,0.0,False,False,1000.0,1000.0,36.0,0.7814949933564275,3.2978426504033935,3,2,ppo,crowded,40013,False,filter_off,1.5802515000032145,0,0.0,True
goal,True,19.339999999999677,37.999605061145516,1.959585289598199,1.1608291825803738,0.08301613896583032,0.45193107048058917,False,0.0,0.7725496097591186,,1.3526351481358638,967,crowded,40014,0.0,False,False,1000.0,1000.0,36.0,1.0740210071636749,4.461808336819669,4,2,ppo,crowded,40014,False,filter_off,1.6471788999988348,0,0.0,True
goal,True,18.959999999999685,37.45157776332109,1.971786667057967,0.9652204168607261,0.0795940902231634,0.33543291713501533,False,0.0,1.0345899987552942,,1.1306559517038677,948,crowded,40015,0.0,False,False,1000.0,1000.0,36.0,0.7179454037519601,4.558795213330382,5,2,ppo,crowded,40015,False,filter_off,1.638390200001595,0,0.0,True
goal,True,19.019999999999683,37.14391095841451,1.9483335344866224,1.0827530043836386,0.07795081192025696,0.3521581630674806,False,0.0,0.4660176741187494,,1.0013971284615875,951,crowded,40016,0.0,False,False,1000.0,1000.0,36.0,0.8499502930344071,3.9799304934551447,3,2,ppo,crowded,40016,False,filter_off,1.5369483999966178,0,0.0,True
goal,True,18.67999999999969,36.798299072705156,1.965860569228359,1.0092293017122067,0.07887791605326645,0.3191429237572348,False,0.0,1.0250212676010213,,0.8726993413538158,934,crowded,40017,0.0,False,False,1000.0,1000.0,36.0,0.8113443294992472,3.020085908641412,3,1,ppo,crowded,40017,False,filter_off,1.2793099999980768,0,0.0,True
goal,True,20.55999999999965,37.68045126877622,1.8251127685544246,1.18596356314958,0.08025894649085638,0.41867859246081235,False,0.0,0.3734370599361928,,1.2274522024039685,1028,crowded,40018,0.0,False,False,1000.0,1000.0,36.0,0.7696339718997771,3.1314938087028037,4,1,ppo,crowded,40018,False,filter_off,1.8645011999979033,0,0.0,True
goal,True,18.879999999999686,37.245355833977,1.9693244391847748,0.9944129200460975,0.08241341456241186,0.3327177597938151,False,0.0,0.7717929876176028,,1.0761312542502213,944,crowded,40019,0.0,False,False,1000.0,1000.0,36.0,0.906573083335485,4.495864137350109,3,1,ppo,crowded,40019,False,filter_off,1.6412618000031216,0,0.0,True
goal,True,18.859999999999687,37.17902050393506,1.967054409688442,1.2824416116431157,0.0861870824657475,0.38517007182969765,False,0.0,0.991256698224892,,1.0800445063456634,943,crowded,40020,0.0,False,False,1000.0,1000.0,36.0,1.0784303399483601,3.8980196533822684,6,1,ppo,crowded,40020,False,filter_off,1.5643405999944662,0,0.0,True
goal,True,19.23999999999968,37.807930782821,1.9604958950021791,1.0114179732870536,0.07383195953690032,0.3979606749731378,False,0.0,0.29411412420844796,,1.0925508348168405,962,crowded,40021,0.0,False,False,1000.0,1000.0,36.0,0.7802842716162096,3.5386999951573146,3,2,ppo,crowded,40021,False,filter_off,1.6815047999989474,0,0.0,True
goal,True,19.299999999999677,37.906139899895116,1.9584701982393649,1.1762367296862435,0.08748923940528273,0.46778432146811666,False,0.0,0.7952041222333739,,1.427191893122164,965,crowded,40022,0.0,False,False,1000.0,1000.0,36.0,0.9857899162482915,3.876455550552783,5,2,ppo,crowded,40022,False,filter_off,1.5815873999963515,0,0.0,True
goal,True,19.039999999999683,37.6004193966569,1.97044420657454,0.9541252894354695,0.08905822048882248,0.4030652998293981,False,0.0,1.1119283035628722,,1.332514016626932,952,crowded,40023,0.0,False,False,1000.0,1000.0,36.0,0.8516422703049387,4.935202389266619,6,2,ppo,crowded,40023,False,filter_off,1.8255863999947906,0,0.0,True
goal,True,18.979999999999684,37.412805692237306,1.9680923172971772,1.1789650700539,0.08784590765259417,0.4067124057372556,False,0.0,1.1978467841521319,,1.2650798934142573,949,crowded,40024,0.0,False,False,1000.0,1000.0,36.0,1.0306603538535497,3.6198489947184163,5,1,ppo,crowded,40024,False,filter_off,1.568766799995501,0,0.0,True
goal,True,23.83999999999958,37.97217350212278,1.5823908442432317,1.2859760979630497,0.0784921332804945,0.6015338910067808,False,0.0,1.0178096093319942,,1.9515187014905202,1192,crowded,40025,0.0,False,False,1000.0,1000.0,36.0,0.8526272218542965,4.173848518190195,5,2,ppo,crowded,40025,False,filter_off,2.150031499993929,0,0.0,True
goal,True,19.17999999999968,37.342561043412886,1.9427996372195804,1.1537545286191386,0.08113162307549822,0.38618141506698833,False,0.0,0.7489323903968291,,1.1763856300652584,959,crowded,40026,0.0,False,False,1000.0,1000.0,36.0,1.044141999212794,3.6659385751060407,5,2,ppo,crowded,40026,False,filter_off,1.6813869000034174,0,0.0,True
goal,True,19.559999999999672,37.792726621809045,1.92569057042428,1.2144049447787395,0.08758230518576247,0.5061350561281828,False,0.0,0.8739356216194469,,1.3817073036623375,978,crowded,40027,0.0,False,False,1000.0,1000.0,36.0,1.053542838541399,4.265938298700595,5,1,ppo,crowded,40027,False,filter_off,1.7825107000026037,0,0.0,True
goal,True,18.69999999999969,37.0004680856437,1.975834112433111,0.962286748885209,0.082315074561717,0.33906864601388914,False,0.0,0.7841092722732343,,1.1923204362791535,935,crowded,40028,0.0,False,False,1000.0,1000.0,36.0,0.7216495609265299,4.767537849018466,3,2,ppo,crowded,40028,False,filter_off,1.620777399999497,0,0.0,True
goal,True,18.67999999999969,36.922920432821265,1.9738631894798455,1.0096507641695,0.07444381116379852,0.34879556208900253,False,0.0,0.7623913624038565,,1.067559251981672,934,crowded,40029,0.0,False,False,1000.0,1000.0,36.0,0.7120046903057495,3.873518351399377,3,1,ppo,crowded,40029,False,filter_off,1.600663800003531,0,0.0,True
goal,True,19.11999999999968,37.58271078279108,1.9632679777789699,1.1770863483590837,0.08063672269331978,0.3510730033665164,False,0.0,2.3838697787128074,,1.150620197720205,956,crowded,40030,0.0,False,False,1000.0,1000.0,36.0,0.9708094058038798,4.2320673561172075,4,1,ppo,crowded,40030,False,filter_off,1.5910055999993347,0,0.0,True
goal,True,19.21999999999968,37.56458058587074,1.9510982257944696,1.1289652930726617,0.0795160851066245,0.38458772633628563,False,0.0,1.497205249093619,,1.1456117280879037,961,crowded,40031,0.0,False,False,1000.0,1000.0,36.0,1.0141076789449541,4.580459609903585,6,1,ppo,crowded,40031,False,filter_off,1.7290055000048596,0,0.0,True
stall,False,35.88000000000001,39.51053247662141,1.0958270337222844,1.2539094201353516,0.08702363279770303,0.43319061944347154,False,0.0,2.6103117188413005,,1.9259473847338275,1794,crowded,40032,0.0,False,False,1000.0,1000.0,36.0,0.8158921726449161,3.4731275484511577,6,2,ppo,crowded,40032,False,filter_off,3.068358399999852,0,0.0,False
goal,True,19.319999999999677,38.14559930542982,1.9704743094377206,0.9704493766717448,0.08073158898351702,0.383880527397339,False,0.0,1.5083892193002877,,1.3188352349441204,966,crowded,40033,0.0,False,False,1000.0,1000.0,36.0,0.7251047910836249,4.406303961790812,6,2,ppo,crowded,40033,False,filter_off,1.4274538999961806,0,0.0,True
goal,True,19.25999999999968,37.7428558115786,1.9511913262719034,1.2332935685137874,0.0814613581478188,0.4727019202122302,False,0.0,0.6266136569115585,,1.4049571422961198,963,crowded,40034,0.0,False,False,1000.0,1000.0,36.0,0.8842371725297713,3.8591991611600687,6,1,ppo,crowded,40034,False,filter_off,1.8068889999995008,0,0.0,True
goal,True,18.999999999999684,37.51765090637379,1.9719919522758709,1.1186273521083097,0.08150861477059551,0.3548027890087819,False,0.0,2.4341141237546653,,1.1997923053292563,950,crowded,40035,0.0,False,False,1000.0,1000.0,36.0,0.9724730030392097,4.1935511046130625,6,2,ppo,crowded,40035,False,filter_off,1.709072699995886,0,0.0,True
goal,True,19.039999999999683,37.58045493672125,1.9703145127143218,1.1870904739110921,0.08604585696956993,0.3838233928406859,False,0.0,0.9244842063962484,,1.165677640583754,952,crowded,40036,0.0,False,False,1000.0,1000.0,36.0,1.069162997705235,4.339039910918447,3,2,ppo,crowded,40036,False,filter_off,1.6206915000002482,0,0.0,True
goal,True,19.319999999999677,37.45879666249471,1.9311717570748284,1.0806712939270686,0.07922113620104947,0.48965604533583035,False,0.0,1.405673593695554,,1.3747195465123359,966,crowded,40037,0.0,False,False,1000.0,1000.0,36.0,0.7600347229307929,3.0361488610625345,5,1,ppo,crowded,40037,False,filter_off,1.720952199997555,0,0.0,True
goal,True,18.959999999999685,37.34053191833184,1.9647850387282975,1.2228717847249804,0.08776629461582088,0.40299597267265447,False,0.0,0.833641863869498,,1.3810542294202082,948,crowded,40038,0.0,False,False,1000.0,1000.0,36.0,1.087547914896784,4.573518959252186,3,2,ppo,crowded,40038,False,filter_off,1.6735883000001195,0,0.0,True
goal,True,18.73999999999969,37.03420663833702,1.9733570187623966,0.9748243648113473,0.07510180856836857,0.34450288655774874,False,0.0,0.8420394199052887,,1.1264635257078262,937,crowded,40039,0.0,False,False,1000.0,1000.0,36.0,0.7788526595978952,4.463583000707763,4,2,ppo,crowded,40039,False,filter_off,1.5477767999982461,0,0.0,True
