outcome,success,time_s,path_m,mean_speed,peak_shock_g,peak_shock_vertical_g,shock_rms_g,shock_over_budget,frac_time_over_budget,min_clearance_m,collision_kind,energy_wh,steps,sc_family,sc_seed,sc_kerb_h,sc_ramp_down,sc_ramp_up,sc_x_down,sc_x_up,sc_x_goal,sc_tyre_mu,sc_payload_mass,sc_n_ped,sc_n_obstacle,controller,family,seed,shield,condition,wall_s,interventions,intervention_frac,safe
stall,False,20.19999999999966,3.360777590226999,0.1654857486220307,0.6403557817210209,0.026089330554935227,0.074108859094753,False,0.0,0.3628521874175372,,0.1598410513643909,1010,mixed,40000,0.1382794740817809,False,False,16.0,22.0,36.0,1.0269549633599504,4.188836833563437,4,2,mppi,mixed,40000,True,cap_0.8,266.1179470000061,639,0.6326732673267327,False
goal,True,58.2200000000035,36.227671153927865,0.6215495481022035,1.1101889649598842,0.5856415488749461,0.08030969591261669,False,0.0,0.38696461838851215,,0.5543483915279195,2911,mixed,40001,0.11759975460084857,False,True,16.0,22.0,36.0,0.7243368133338365,3.1962339098678587,3,3,mppi,mixed,40001,True,cap_0.8,740.8840316999995,0,0.0,True
off_sidewalk,False,20.879999999999644,4.877709218739933,0.23240733421232954,0.5945853704381588,0.13801135011237223,0.05807156220835593,False,0.0,0.42086423495033043,,0.1667212134248199,1044,mixed,40002,0.1483565285291978,False,True,16.0,22.0,36.0,0.7508052787243958,4.644611467052789,2,3,mppi,mixed,40002,True,cap_0.8,234.04320830000506,0,0.0,False
goal,True,54.88000000000298,36.23528147835514,0.659534868464034,0.8072289857519847,0.32646611681381915,0.07220574708158321,False,0.0,0.46170791284330426,,0.5358295591861812,2744,mixed,40003,0.13741979681327354,True,False,16.0,22.0,36.0,0.8490167860554859,4.628405710192151,2,3,mppi,mixed,40003,True,cap_0.8,697.2075473000004,0,0.0,True
goal,True,72.84000000000265,36.39821626265549,0.4987274579551437,0.7139695464231995,0.3184373480128954,0.07139973435782657,False,0.0,0.3370449660984376,,0.7168797601642635,3642,mixed,40004,0.09720936530079487,True,False,16.0,22.0,36.0,1.0795923035566237,3.5362672398920467,2,3,mppi,mixed,40004,True,cap_0.8,889.8938238999981,0,0.0,True
off_sidewalk,False,27.419999999999504,9.11589151328254,0.3295992945787111,0.543339439467567,0.14741795828670484,0.08548596419400568,False,0.0,0.3475627972298774,,0.25056047383245067,1371,mixed,40005,0.11561613872560209,False,False,16.0,22.0,36.0,0.9560507401347812,4.376729974275946,3,2,mppi,mixed,40005,True,cap_0.8,295.2976699999999,86,0.06272793581327499,False
off_sidewalk,False,9.77999999999988,3.7419307102807267,0.3798606931511434,0.6182437421378384,0.060256558674400086,0.08284456955843028,False,0.0,0.5104263872279517,,0.09014697048978247,489,mixed,40006,0.10392628678605388,False,False,16.0,22.0,36.0,0.8058562020379452,4.409381050135197,2,2,mppi,mixed,40006,True,cap_0.8,114.28124069999467,0,0.0,False
off_sidewalk,False,53.26000000000273,27.520955060563946,0.5129025091181358,1.0166947983724153,0.4690360238600425,0.09748751239414909,False,0.0,0.3341404736905925,,0.5249023832000589,2663,mixed,40007,0.12735084372173167,False,False,16.0,22.0,36.0,0.915670126779264,4.96842277310037,4,3,mppi,mixed,40007,True,cap_0.8,678.3941638000033,236,0.08862185505069471,False
off_sidewalk,False,30.199999999999445,9.116915426106198,0.3000610511063386,0.5781605347937757,0.06431885199399784,0.06899265242573645,False,0.0,0.31921896321428367,,0.2630223088762775,1510,mixed,40008,0.10759643124749771,True,True,16.0,22.0,36.0,0.8481775663468065,4.540265161935243,2,2,mppi,mixed,40008,True,cap_0.8,371.23187060000055,168,0.11125827814569536,False
off_sidewalk,False,48.04000000000191,7.890218558718918,0.1629241064581107,0.6476653907476215,0.07827059498679116,0.07621238688850215,False,0.0,0.29800346467642347,,0.39872933568042074,2402,mixed,40009,0.09809674133696933,False,True,16.0,22.0,36.0,1.0652296151283247,4.265109495877631,4,2,mppi,mixed,40009,True,cap_0.8,620.5074815999978,964,0.4013322231473772,False
goal,True,52.24000000000257,36.23723161797551,0.6930012355965303,0.9790691886286854,0.6211701923832027,0.09056139842235655,False,0.0,0.5172370712947777,,0.4983906606563161,2612,mixed,40010,0.1334382914041298,False,False,16.0,22.0,36.0,0.7030365816185886,3.562988417407127,4,3,mppi,mixed,40010,True,cap_0.8,654.2038923,0,0.0,True
goal,True,66.14000000000398,36.47693946311365,0.5496555032754772,0.8316201817789529,0.4884086525613609,0.08780033875633333,False,0.0,0.32934524899924456,,0.6356903786144509,3307,mixed,40011,0.09513880113041694,False,True,16.0,22.0,36.0,0.7683395676925482,3.453176512837374,3,3,mppi,mixed,40011,True,cap_0.8,714.5730863999997,26,0.007862110674327185,True
goal,True,54.080000000002855,36.321652459481044,0.6701042683705436,0.9960114431786202,0.5417817747991331,0.09098665034473467,False,0.0,0.5029781110046178,,0.5297897637741311,2704,mixed,40012,0.12391103662522673,False,False,16.0,22.0,36.0,0.7980316740585215,3.958287936722657,2,1,mppi,mixed,40012,True,cap_0.8,677.6431143999944,0,0.0,True
off_sidewalk,False,54.06000000000285,26.743791090095847,0.49354973407053426,1.3175722430231975,0.6600784548756004,0.08875938907426566,False,0.0,0.3258517573226529,,0.5025579421659375,2703,mixed,40013,0.1431049563468558,False,True,16.0,22.0,36.0,0.7814949933564275,3.2978426504033935,3,3,mppi,mixed,40013,True,cap_0.8,595.3197275999992,3,0.0011098779134295228,False
goal,True,56.380000000003214,36.37336855356789,0.6438974183694665,1.504284178944061,0.3336683229360344,0.09301552801158583,False,0.0,0.5463398502217061,,0.541935927126143,2819,mixed,40014,0.13210938383980786,False,False,16.0,22.0,36.0,1.0740210071636749,4.461808336819669,4,1,mppi,mixed,40014,True,cap_0.8,689.3893505999949,0,0.0,True
goal,True,69.38000000000334,36.536411227127864,0.5251466597750354,1.2657338852202618,0.5622738835129724,0.08629415608689972,False,0.0,0.31676681015688535,,0.6401398232762087,3469,mixed,40015,0.14966170601972417,False,True,16.0,22.0,36.0,0.7179454037519601,4.558795213330382,3,3,mppi,mixed,40015,True,cap_0.8,711.821911900006,0,0.0,True
goal,True,79.88000000000125,36.44356927262937,0.4553330515190291,0.7300611694617285,0.333658886485414,0.06767533801704353,False,0.0,0.3329234314146159,,0.768977934920985,3994,mixed,40016,0.12726273883470166,False,True,16.0,22.0,36.0,0.8499502930344071,3.9799304934551447,2,3,mppi,mixed,40016,True,cap_0.8,909.5779437000019,0,0.0,True
off_sidewalk,False,14.659999999999776,4.156459174510342,0.2812349321907637,0.6525037276090536,0.0688792698493208,0.11228506181201822,False,0.0,0.511685299020154,,0.1364393714638201,733,mixed,40017,0.10617792480799618,True,False,16.0,22.0,36.0,0.8113443294992472,3.020085908641412,4,3,mppi,mixed,40017,True,cap_0.8,173.73015529999975,18,0.02455661664392906,False
goal,True,57.340000000003364,36.27068071349677,0.6318167029397475,0.657739791433807,0.05144274556154067,0.06650888222569606,False,0.0,0.33722963846077225,,0.5549277234334407,2867,mixed,40018,0.116069208165202,True,True,16.0,22.0,36.0,0.7696339718997771,3.1314938087028037,4,3,mppi,mixed,40018,True,cap_0.8,736.1222023000009,58,0.020230205790024415,True
goal,True,59.62000000000372,36.447441339500784,0.6101175904509495,0.9158871073243804,0.2623943884596359,0.0744786473501333,False,0.0,0.41323736760769225,,0.5761743994351847,2981,mixed,40019,0.10783105943662999,True,False,16.0,22.0,36.0,0.906573083335485,4.495864137350109,4,1,mppi,mixed,40019,True,cap_0.8,636.2974691999989,92,0.030862126803086212,True
goal,True,40.54000000000074,36.7897142008683,0.9054461984277263,1.6398613449283292,0.7131256382372609,0.16918780141131923,False,0.0,0.14037978139164653,,0.5713950249391556,2027,mixed,40000,0.1382794740817809,False,False,16.0,22.0,36.0,1.0269549633599504,4.188836833563437,4,2,mppi,mixed,40000,True,cap_1.4,502.42959880000126,0,0.0,True
goal,True,37.14000000000021,36.382648634149646,0.978909093311872,1.0400810283243178,0.7520931605997033,0.13477993153404397,False,0.0,0.3781431010123384,,0.5045777305304199,1857,mixed,40001,0.11759975460084857,False,True,16.0,22.0,36.0,0.7243368133338365,3.1962339098678587,3,3,mppi,mixed,40001,True,cap_1.4,470.22613940000156,0,0.0,True
off_sidewalk,False,12.819999999999816,5.016904987498394,0.38890856625660397,0.8170422849224223,0.12569242340289424,0.10134150023908817,False,0.0,0.14401285475183268,,0.13223817883832967,641,mixed,40002,0.1483565285291978,False,True,16.0,22.0,36.0,0.7508052787243958,4.644611467052789,2,3,mppi,mixed,40002,True,cap_1.4,150.08363450000616,5,0.0078003120124804995,False
goal,True,37.50000000000026,36.38258472384568,0.9689646750768983,0.8346956562607443,0.618657905800545,0.11461440909541955,False,0.0,0.4412360938095914,,0.5081479934057969,1875,mixed,40003,0.13741979681327354,True,False,16.0,22.0,36.0,0.8490167860554859,4.628405710192151,2,3,mppi,mixed,40003,True,cap_1.4,471.562789100004,0,0.0,True
stall,False,52.740000000002645,27.37293948120448,0.5178723197684196,1.9653714851073723,0.6175000080313262,0.10948487597872862,False,0.0,0.10457921924896019,,0.5687301232077928,2637,mixed,40004,0.09720936530079487,True,False,16.0,22.0,36.0,1.0795923035566237,3.5362672398920467,2,3,mppi,mixed,40004,True,cap_1.4,656.371266400005,542,0.2055365946150929,False
off_sidewalk,False,12.379999999999825,4.518832823218735,0.3630915375081271,0.7125930902057974,0.06893890575465242,0.1188072062479475,False,0.0,0.49014772895382774,,0.1456715462774854,619,mixed,40005,0.11561613872560209,False,False,16.0,22.0,36.0,0.9560507401347812,4.376729974275946,3,2,mppi,mixed,40005,True,cap_1.4,138.24179339999682,0,0.0,False
off_sidewalk,False,13.99999999999979,9.667349246005552,0.6863681291432938,0.8793306571486483,0.2233194753218598,0.1486214180143214,False,0.0,0.33269908770806833,,0.19963507088022248,700,mixed,40006,0.10392628678605388,False,False,16.0,22.0,36.0,0.8058562020379452,4.409381050135197,2,2,mppi,mixed,40006,True,cap_1.4,167.49300829999993,0,0.0,False
off_sidewalk,False,32.199999999999434,28.469008024939903,0.8778650147877921,1.1546094390263153,0.6693406983536588,0.18176846191161186,False,0.0,0.29252034786232506,,0.49951935587532037,1610,mixed,40007,0.12735084372173167,False,False,16.0,22.0,36.0,0.915670126779264,4.96842277310037,4,3,mppi,mixed,40007,True,cap_1.4,401.58566040000005,112,0.06956521739130435,False
off_sidewalk,False,18.1999999999997,7.709621288845997,0.4206821411267193,0.7107562784455794,0.17488781558260807,0.11264397642616508,False,0.0,0.32022474671618784,,0.19321996829515176,910,mixed,40008,0.10759643124749771,True,True,16.0,22.0,36.0,0.8481775663468065,4.540265161935243,2,2,mppi,mixed,40008,True,cap_1.4,206.6284764000011,4,0.004395604395604396,False
goal,True,37.34000000000024,36.4979583977567,0.9759856886093475,0.8926996546817292,0.5857244113395609,0.12023503748142383,False,0.0,0.5384947558102544,,0.5080459045439379,1867,mixed,40009,0.09809674133696933,False,True,16.0,22.0,36.0,1.0652296151283247,4.265109495877631,4,2,mppi,mixed,40009,True,cap_1.4,474.63393519999954,0,0.0,True
goal,True,35.25999999999991,36.462082726569236,1.0334568607999928,1.581321963384148,0.8330683403315243,0.1653161575004374,False,0.0,0.5244136421332998,,0.4614320818019215,1763,mixed,40010,0.1334382914041298,False,False,16.0,22.0,36.0,0.7030365816185886,3.562988417407127,4,3,mppi,mixed,40010,True,cap_1.4,436.03942890000326,0,0.0,True
goal,True,38.10000000000036,36.58519884112121,0.9585943952124122,0.9562204668733651,0.6008928967685776,0.1477312226948255,False,0.0,0.414677103580938,,0.6152520405922173,1905,mixed,40011,0.09513880113041694,False,True,16.0,22.0,36.0,0.7683395676925482,3.453176512837374,3,3,mppi,mixed,40011,True,cap_1.4,462.48866239999916,33,0.01732283464566929,True
off_sidewalk,False,32.27999999999945,25.475213413609076,0.7875219894045309,1.4352800527109986,0.7293105986407599,0.1666433514184185,False,0.0,0.48205189190605036,,0.41997559385102334,1614,mixed,40012,0.12391103662522673,False,False,16.0,22.0,36.0,0.7980316740585215,3.958287936722657,2,1,mppi,mixed,40012,True,cap_1.4,387.7616255999965,0,0.0,False
stall,False,50.620000000002314,26.085253592801312,0.5140899262605999,1.3677175957284922,0.8995780694109567,0.1150555506861679,False,0.0,0.10970428585725711,,0.5327780914283119,2531,mixed,40013,0.1431049563468558,False,True,16.0,22.0,36.0,0.7814949933564275,3.2978426504033935,3,3,mppi,mixed,40013,True,cap_1.4,649.610778299997,805,0.3180561043065982,False
goal,True,32.49999999999948,36.206482166619516,1.1136018146090128,1.9018316098184482,0.6737173277325887,0.17528499156149566,False,0.0,0.6285947344825433,,0.4655214211829695,1625,mixed,40014,0.13210938383980786,False,False,16.0,22.0,36.0,1.0740210071636749,4.461808336819669,4,1,mppi,mixed,40014,True,cap_1.4,400.1527847999969,0,0.0,True
goal,True,46.44000000000166,36.60573167283776,0.7870184143404966,1.2332154578627472,0.7280663417439756,0.12410788645206067,False,0.0,0.29199797843668485,,0.5686611777166067,2322,mixed,40015,0.14966170601972417,False,True,16.0,22.0,36.0,0.7179454037519601,4.558795213330382,3,3,mppi,mixed,40015,True,cap_1.4,576.2452048999985,0,0.0,True
goal,True,36.66000000000013,36.46040852147754,0.9933087474794007,0.9344904568972008,0.6665309795995943,0.12970664081950978,False,0.0,0.24403441488499933,,0.4877365293962236,1833,mixed,40016,0.12726273883470166,False,True,16.0,22.0,36.0,0.8499502930344071,3.9799304934551447,2,3,mppi,mixed,40016,True,cap_1.4,454.4903714999964,0,0.0,True
goal,True,60.00000000000378,36.544925600235565,0.6081615422019622,1.5439781215722859,0.6592933619298794,0.10480179637744517,False,0.0,0.3542280264033999,,0.6535125312316944,3000,mixed,40017,0.10617792480799618,True,False,16.0,22.0,36.0,0.8113443294992472,3.020085908641412,4,3,mppi,mixed,40017,True,cap_1.4,738.6651757,733,0.24433333333333335,True
goal,True,35.980000000000025,36.485331806544835,1.0129862291690703,0.9133738791916632,0.07185943942904252,0.08944250681761955,False,0.0,0.48119505163305787,,0.4687347769309665,1799,mixed,40018,0.116069208165202,True,True,16.0,22.0,36.0,0.7696339718997771,3.1314938087028037,4,3,mppi,mixed,40018,True,cap_1.4,451.95764079999935,0,0.0,True
goal,True,37.30000000000023,36.53048323692359,0.9775325279807277,1.2676386102445687,0.5597519543277764,0.1348753836026491,False,0.0,0.4746064359439488,,0.5414428278570581,1865,mixed,40019,0.10783105943662999,True,False,16.0,22.0,36.0,0.906573083335485,4.495864137350109,4,1,mppi,mixed,40019,True,cap_1.4,474.6985905000038,0,0.0,True
off_sidewalk,False,25.29999999999955,26.00573431240731,1.0231245898491217,1.7488081317663304,1.0547792381722865,0.23296867618842687,False,0.0,0.3889855268333102,,0.45318719436018934,1265,mixed,40000,0.1382794740817809,False,False,16.0,22.0,36.0,1.0269549633599504,4.188836833563437,4,2,mppi,mixed,40000,True,cap_2.0,298.4061131999988,65,0.05138339920948617,False
goal,True,34.819999999999844,36.594902873509554,1.049775125263849,1.188223322495495,0.8057641888128871,0.14467507944236688,False,0.0,0.36072501136855495,,0.5245202536973027,1741,mixed,40001,0.11759975460084857,False,True,16.0,22.0,36.0,0.7243368133338365,3.1962339098678587,3,3,mppi,mixed,40001,True,cap_2.0,437.5983452999935,20,0.011487650775416428,True
off_sidewalk,False,12.499999999999822,4.8043611014526295,0.3825127271805616,0.9212776933116655,0.14011122030791354,0.1461997845454218,False,0.0,0.5210411264814631,,0.1551888997254388,625,mixed,40002,0.1483565285291978,False,True,16.0,22.0,36.0,0.7508052787243958,4.644611467052789,2,3,mppi,mixed,40002,True,cap_2.0,140.95672560000094,5,0.008,False
goal,True,33.69999999999967,36.59009300172829,1.0841521266984815,1.615103553462723,0.5455083298596483,0.14750239377689625,False,0.0,0.34245270128887306,,0.539470114386539,1685,mixed,40003,0.13741979681327354,True,False,16.0,22.0,36.0,0.8490167860554859,4.628405710192151,2,3,mppi,mixed,40003,True,cap_2.0,419.2086124999987,80,0.04747774480712166,True
goal,True,40.76000000000077,37.61488698023372,0.9199732281725368,2.233410336671094,0.8196692703989846,0.14960135216459655,False,0.0,0.1493173704205023,,0.6178989271441747,2038,mixed,40004,0.09720936530079487,True,False,16.0,22.0,36.0,1.0795923035566237,3.5362672398920467,2,3,mppi,mixed,40004,True,cap_2.0,505.73994030000176,44,0.021589793915603533,True
off_sidewalk,False,15.159999999999766,9.615168053205647,0.6308998264201774,0.839549687935583,0.2245207970755077,0.16655336315384478,False,0.0,0.3802352471217849,,0.22292246553150058,758,mixed,40005,0.11561613872560209,False,False,16.0,22.0,36.0,0.9560507401347812,4.376729974275946,3,2,mppi,mixed,40005,True,cap_2.0,183.23267779999878,66,0.0870712401055409,False
off_sidewalk,False,10.319999999999869,4.695416684064019,0.45305096410784507,0.9710428457031228,0.07423138425882034,0.14284554342730463,False,0.0,0.5907221068229063,,0.13657785446017703,516,mixed,40006,0.10392628678605388,False,False,16.0,22.0,36.0,0.8058562020379452,4.409381050135197,2,2,mppi,mixed,40006,True,cap_2.0,113.22300590000668,0,0.0,False
off_sidewalk,False,30.739999999999434,29.72507084906009,0.9646013431189429,2.55207992042253,0.7733804172650415,0.20284439258031237,False,0.0,0.25299515254450905,,0.49856566728628166,1537,mixed,40007,0.12735084372173167,False,False,16.0,22.0,36.0,0.915670126779264,4.96842277310037,4,3,mppi,mixed,40007,True,cap_2.0,366.2986832000024,97,0.0631099544567339,False
off_sidewalk,False,20.219999999999658,8.00886087781827,0.39408503832373504,0.9191278476324007,0.05828833838158341,0.13642842222988577,False,0.0,0.1954932111311732,,0.24337853443630003,1011,mixed,40008,0.10759643124749771,True,True,16.0,22.0,36.0,0.8481775663468065,4.540265161935243,2,2,mppi,mixed,40008,True,cap_2.0,233.78697749999992,68,0.06726013847675569,False
off_sidewalk,False,31.519999999999417,29.755683903442762,0.9412432020467456,0.8632177983045558,0.6594020196121668,0.1536953982620593,False,0.0,0.4330554833196125,,0.5011582300874796,1576,mixed,40009,0.09809674133696933,False,True,16.0,22.0,36.0,1.0652296151283247,4.265109495877631,4,2,mppi,mixed,40009,True,cap_2.0,391.5711663999973,44,0.027918781725888325,False
goal,True,30.279999999999443,36.41501084833905,1.2020251255769596,1.9544893698412527,1.0481155673926839,0.20330350126808577,False,0.0,0.4983404561411212,,0.4810919512192129,1514,mixed,40010,0.1334382914041298,False,False,16.0,22.0,36.0,0.7030365816185886,3.562988417407127,4,3,mppi,mixed,40010,True,cap_2.0,368.44222420000006,146,0.0964332892998679,True
goal,True,31.659999999999414,36.65993508209445,1.1560964694113112,1.0111953708404962,0.35771546767281026,0.1745208639999681,False,0.0,0.40099257920960996,,0.8970962680493096,1583,mixed,40011,0.09513880113041694,False,True,16.0,22.0,36.0,0.7683395676925482,3.453176512837374,3,3,mppi,mixed,40011,True,cap_2.0,376.7149129000027,160,0.10107391029690461,True
off_sidewalk,False,32.37999999999946,26.455396181026302,0.8154472883041912,1.0107131226477835,0.7488116744895117,0.1810109353094759,False,0.0,0.21083238872708318,,0.4716447172732768,1619,mixed,40012,0.12391103662522673,False,False,16.0,22.0,36.0,0.7980316740585215,3.958287936722657,2,1,mppi,mixed,40012,True,cap_2.0,387.363296800002,112,0.06917850525015441,False
goal,True,43.140000000001145,36.79953007752072,0.851913572446464,1.2969967502222135,0.9031815428085767,0.137401905397808,False,0.0,0.2473076133669383,,0.5703639113525611,2157,mixed,40013,0.1431049563468558,False,True,16.0,22.0,36.0,0.7814949933564275,3.2978426504033935,3,3,mppi,mixed,40013,True,cap_2.0,549.6282613000003,206,0.09550301344459898,True
goal,True,28.339999999999485,36.30459439681051,1.2805658200710706,1.3147276014852631,0.9114416195165841,0.19212324629997476,False,0.0,0.5545547272701385,,0.48974748119155254,1417,mixed,40014,0.13210938383980786,False,False,16.0,22.0,36.0,1.0740210071636749,4.461808336819669,4,1,mppi,mixed,40014,True,cap_2.0,344.4915012999991,0,0.0,True
off_sidewalk,False,36.58000000000012,29.078390665399972,0.7936838168374348,1.1723582091116307,0.8359522127086655,0.13605410054729622,False,0.0,0.19705294496319248,,0.46759648744583554,1829,mixed,40015,0.14966170601972417,False,True,16.0,22.0,36.0,0.7179454037519601,4.558795213330382,3,3,mppi,mixed,40015,True,cap_2.0,436.2285800999962,90,0.049207217058501916,False
stall,False,29.93999999999945,10.348866698220565,0.34455773046902494,0.7555780390955089,0.03530169557523794,0.07226898023893916,False,0.0,0.07200042422010111,,0.2892652254735551,1497,mixed,40016,0.12726273883470166,False,True,16.0,22.0,36.0,0.8499502930344071,3.9799304934551447,2,3,mppi,mixed,40016,True,cap_2.0,389.9177701000008,762,0.5090180360721442,False
goal,True,36.52000000000011,36.73682941636655,1.0047308974210927,2.1523190683378615,0.736255097791426,0.15026595678315632,False,0.0,0.4314620097673514,,0.545652896672434,1826,mixed,40017,0.10617792480799618,True,False,16.0,22.0,36.0,0.8113443294992472,3.020085908641412,4,3,mppi,mixed,40017,True,cap_2.0,391.7076601000008,0,0.0,True
goal,True,30.93999999999943,36.77967267077354,1.1869411853379106,0.9731565002815741,0.1014536301049172,0.11606366846034186,False,0.0,0.4723592956188952,,0.5052508552491395,1547,mixed,40018,0.116069208165202,True,True,16.0,22.0,36.0,0.7696339718997771,3.1314938087028037,4,3,mppi,mixed,40018,True,cap_2.0,391.6176013000004,79,0.05106658047834518,True
goal,True,31.139999999999425,36.608181663138,1.174043444834142,2.1768009237682717,0.785319024878275,0.16942299467120484,False,0.0,0.7094813440777759,,0.5620201288342245,1557,mixed,40019,0.10783105943662999,True,False,16.0,22.0,36.0,0.906573083335485,4.495864137350109,4,1,mppi,mixed,40019,True,cap_2.0,322.25191469999845,22,0.014129736673089274,True
off_sidewalk,False,12.859999999999815,6.433450300676577,0.4978384206998891,1.0025915206230689,0.08660305081889355,0.15312103799182253,False,0.0,0.5667669457073264,,0.18652907147476055,643,mixed,40000,0.1382794740817809,False,False,16.0,22.0,36.0,1.0269549633599504,4.188836833563437,4,2,mppi,mixed,40000,True,cap_2.6,146.33428399999684,45,0.06998444790046657,False
goal,True,33.51999999999964,36.67510662640978,1.0927213127887265,1.1233841557567632,0.8056076454562218,0.16175388301327148,False,0.0,0.3500143399455249,,0.5962092894121467,1676,mixed,40001,0.11759975460084857,False,True,16.0,22.0,36.0,0.7243368133338365,3.1962339098678587,3,3,mppi,mixed,40001,True,cap_2.6,403.3113086000012,30,0.017899761336515514,True
goal,True,31.939999999999408,37.252422353316966,1.1643996595431323,1.2217890549413446,0.8087682490614936,0.17558572965361244,False,0.0,0.5768080977820791,,0.6114463149594636,1597,mixed,40002,0.1483565285291978,False,True,16.0,22.0,36.0,0.7508052787243958,4.644611467052789,2,3,mppi,mixed,40002,True,cap_2.6,397.7559542000017,151,0.09455228553537884,True
stall,False,26.979999999999514,7.21369967354294,0.2662443384334077,0.7829336977619037,0.049012554113865146,0.0764899778735363,False,0.0,0.2683704122397764,,0.2656020350855548,1349,mixed,40003,0.13741979681327354,True,False,16.0,22.0,36.0,0.8490167860554859,4.628405710192151,2,3,mppi,mixed,40003,True,cap_2.6,273.49167280000256,709,0.5255744996293551,False
off_sidewalk,False,7.999999999999917,8.410637163901926,1.0452668161974523,0.9319719975799557,0.18658135563399694,0.1951560043589888,False,0.0,0.5052769004592987,,0.18408971802619498,400,mixed,40004,0.09720936530079487,True,False,16.0,22.0,36.0,1.0795923035566237,3.5362672398920467,2,3,mppi,mixed,40004,True,cap_2.6,101.36629830000311,12,0.03,False
off_sidewalk,False,15.339999999999762,9.667468880626757,0.6268878817106266,0.9253368443056943,0.22984944009907177,0.1675677193552227,False,0.0,0.3863559883723702,,0.22617603754047683,767,mixed,40005,0.11561613872560209,False,False,16.0,22.0,36.0,0.9560507401347812,4.376729974275946,3,2,mppi,mixed,40005,True,cap_2.6,183.08686070000113,68,0.08865710560625815,False
off_sidewalk,False,10.459999999999866,4.77140445771214,0.4541969225459217,0.9640251619563949,0.07537122553550422,0.14593473344963862,False,0.0,0.5911938018314945,,0.14377776068501538,523,mixed,40006,0.10392628678605388,False,False,16.0,22.0,36.0,0.8058562020379452,4.409381050135197,2,2,mppi,mixed,40006,True,cap_2.6,117.7225105999969,0,0.0,False
off_sidewalk,False,28.95999999999947,29.753954503137084,1.0247055875263347,1.9026075705921428,1.7842389385519366,0.20789099170024236,False,0.0,0.26671160744062306,,0.5161083018169313,1448,mixed,40007,0.12735084372173167,False,False,16.0,22.0,36.0,0.915670126779264,4.96842277310037,4,3,mppi,mixed,40007,True,cap_2.6,332.07561310000165,135,0.09323204419889503,False
off_sidewalk,False,35.55999999999996,29.915351565641622,0.8399419261183084,0.9026173774457363,0.09132818104548905,0.1098565527263697,False,0.0,0.188292689083257,,0.5112775937604207,1778,mixed,40008,0.10759643124749771,True,True,16.0,22.0,36.0,0.8481775663468065,4.540265161935243,2,2,mppi,mixed,40008,True,cap_2.6,422.20178860000306,72,0.04049493813273341,False
off_sidewalk,False,32.6399999999995,30.50610130240874,0.9316698668290951,0.9395130182889502,0.719207278928537,0.14949057138042124,False,0.0,0.2538937814760852,,0.5524851928788587,1632,mixed,40009,0.09809674133696933,False,True,16.0,22.0,36.0,1.0652296151283247,4.265109495877631,4,2,mppi,mixed,40009,True,cap_2.6,276.12160619999486,60,0.03676470588235294,False
goal,True,29.43999999999946,36.4398446813277,1.2369988116915325,1.6236738568033169,1.1343235635440057,0.20202026389839584,False,0.0,0.48565775061175365,,0.5333081421046043,1472,mixed,40010,0.1334382914041298,False,False,16.0,22.0,36.0,0.7030365816185886,3.562988417407127,4,3,mppi,mixed,40010,True,cap_2.6,356.2743854,116,0.07880434782608696,True
goal,True,30.279999999999443,36.675250827412945,1.2087970359721862,1.0075945401427435,0.5684468049182181,0.1819881298483826,False,0.0,0.3013012802930004,,0.9919683984450798,1514,mixed,40011,0.09513880113041694,False,True,16.0,22.0,36.0,0.7683395676925482,3.453176512837374,3,3,mppi,mixed,40011,True,cap_2.6,254.92757749999873,202,0.1334214002642008,True
off_sidewalk,False,29.819999999999453,31.18578665810612,1.0385928908080229,1.2478708493030997,0.8509054705283252,0.20928725863125325,False,0.0,0.29492425548233225,,0.554960812292425,1491,mixed,40012,0.12391103662522673,False,False,16.0,22.0,36.0,0.7980316740585215,3.958287936722657,2,1,mppi,mixed,40012,True,cap_2.6,358.85391000000527,165,0.11066398390342053,False
stall,False,42.16000000000099,26.140231906887905,0.6182357028486517,1.2545532581148433,0.9123494430250454,0.14382628498044547,False,0.0,0.11261890368590699,,0.5413052736098011,2108,mixed,40013,0.1431049563468558,False,True,16.0,22.0,36.0,0.7814949933564275,3.2978426504033935,3,3,mppi,mixed,40013,True,cap_2.6,338.4616946000024,717,0.3401328273244782,False
goal,True,26.61999999999952,36.545836001318044,1.3718174531716438,1.8881990382015463,1.0766993324994043,0.21436870445543896,False,0.0,0.5532958621827773,,0.5627030953687194,1331,mixed,40014,0.13210938383980786,False,False,16.0,22.0,36.0,1.0740210071636749,4.461808336819669,4,1,mppi,mixed,40014,True,cap_2.6,317.19256550000136,92,0.06912096168294515,True
goal,True,36.620000000000125,36.94262193981388,1.007168891033806,1.343059356051017,0.8140060518670319,0.16578539673308407,False,0.0,0.14530410040275926,,0.6267539174757211,1831,mixed,40015,0.14966170601972417,False,True,16.0,22.0,36.0,0.7179454037519601,4.558795213330382,3,3,mppi,mixed,40015,True,cap_2.6,305.4409872999968,68,0.03713817586018569,True
goal,True,28.799999999999475,36.777176399699904,1.2759125015025305,1.1536047470718132,0.790060440474003,0.15303002709866528,False,0.0,0.46908142432261546,,0.5244461804243755,1440,mixed,40016,0.12726273883470166,False,True,16.0,22.0,36.0,0.8499502930344071,3.9799304934551447,2,3,mppi,mixed,40016,True,cap_2.6,339.08316829999967,0,0.0,True
goal,True,34.959999999999866,36.731903435466336,1.0497921188491013,2.7011284729193044,0.9364499487888016,0.16021877771695212,False,0.0,0.42723361871604326,,0.5790619553354157,1748,mixed,40017,0.10617792480799618,True,False,16.0,22.0,36.0,0.8113443294992472,3.020085908641412,4,3,mppi,mixed,40017,True,cap_2.6,282.5732657999979,0,0.0,True
goal,True,38.20000000000037,37.23263493803648,0.972990274526087,0.9770508311847999,0.4019462539411056,0.13070710292185117,False,0.0,0.21048634650571302,,0.7036650642019929,1910,mixed,40018,0.116069208165202,True,True,16.0,22.0,36.0,0.7696339718997771,3.1314938087028037,4,3,mppi,mixed,40018,True,cap_2.6,429.89863029999833,332,0.17382198952879582,True
goal,True,29.179999999999467,36.680027725766905,1.2552909265747685,0.9652642192595389,0.37403319444310174,0.1416275977301095,False,0.0,0.7433141232449775,,0.553665338659406,1459,mixed,40019,0.10783105943662999,True,False,16.0,22.0,36.0,0.906573083335485,4.495864137350109,4,1,mppi,mixed,40019,True,cap_2.6,216.0289147000003,40,0.027416038382453736,True
collision,False,39.880000000000635,30.74741534708338,0.7703125456542012,1.75837011105971,0.6491559298663722,0.13365516466215377,False,0.0,-8.359940106877906e-05,obstacle,0.44424901344897855,1994,mixed,40000,0.1382794740817809,False,False,16.0,22.0,36.0,1.0269549633599504,4.188836833563437,4,2,dwa,mixed,40000,True,cap_0.8,4.245017900000676,41,0.020561685055165497,False
goal,True,46.6800000000017,36.33751224076972,0.7775337155628513,1.1129438506688154,0.6191235802687067,0.11224234947746085,False,0.0,0.1054118652744287,,0.4772446908271303,2334,mixed,40001,0.11759975460084857,False,True,16.0,22.0,36.0,0.7243368133338365,3.1962339098678587,3,3,dwa,mixed,40001,True,cap_0.8,4.589936600001238,17,0.00728363324764353,True
stall,False,19.819999999999666,3.8131178529930634,0.191172290638741,0.6225882942713019,0.03357708929161109,0.07392367406053721,False,0.0,0.22293115384623485,,0.1664851083762556,991,mixed,40002,0.1483565285291978,False,True,16.0,22.0,36.0,0.7508052787243958,4.644611467052789,2,3,dwa,mixed,40002,True,cap_0.8,2.1681866999933845,747,0.7537840565085772,False
goal,True,46.220000000001626,36.22989213142468,0.7832695158155984,0.6609816809498427,0.3088179131205721,0.0811800352692792,False,0.0,0.13106803022405222,,0.4695594679130958,2311,mixed,40003,0.13741979681327354,True,False,16.0,22.0,36.0,0.8490167860554859,4.628405710192151,2,3,dwa,mixed,40003,True,cap_0.8,4.441114499997639,12,0.005192557334487235,True
goal,True,46.74000000000171,36.50247241256374,0.7803758072964513,1.9981514353402152,1.016547657964319,0.11080747811330971,False,0.0,0.055442520898773995,,0.45159777932198386,2337,mixed,40004,0.09720936530079487,True,False,16.0,22.0,36.0,1.0795923035566237,3.5362672398920467,2,3,dwa,mixed,40004,True,cap_0.8,4.56346620000113,4,0.0017115960633290544,True
stall,False,19.279999999999678,3.6763114650644066,0.18917796978199414,0.6468600875385478,0.029373330288088053,0.08408188803867293,False,0.0,0.256998302470057,,0.17041789133312113,964,mixed,40005,0.11561613872560209,False,False,16.0,22.0,36.0,0.9560507401347812,4.376729974275946,3,2,dwa,mixed,40005,True,cap_0.8,2.4036134999987553,698,0.7240663900414938,False
stall,False,26.799999999999518,9.322794632304573,0.34642015478415267,0.6901210649328416,0.02972630526441075,0.09442965320617748,False,0.0,0.0695507313080404,,0.257750752711924,1340,mixed,40006,0.10392628678605388,False,False,16.0,22.0,36.0,0.8058562020379452,4.409381050135197,2,2,dwa,mixed,40006,True,cap_0.8,3.1838936999993166,745,0.5559701492537313,False
goal,True,59.780000000003746,36.46658065761056,0.6081316744063443,1.588757483453787,0.5066598309916054,0.13372910116052997,False,0.0,0.056096153201045856,,0.6467232254649906,2989,mixed,40007,0.12735084372173167,False,False,16.0,22.0,36.0,0.915670126779264,4.96842277310037,4,3,dwa,mixed,40007,True,cap_0.8,6.606128700004774,338,0.1130812980930077,True
goal,True,49.340000000002114,36.43766585803317,0.7378190477512601,0.6307373399009274,0.053716887150905744,0.08058825023555473,False,0.0,0.05885036135307975,,0.48348234476212065,2467,mixed,40008,0.10759643124749771,True,True,16.0,22.0,36.0,0.8481775663468065,4.540265161935243,2,2,dwa,mixed,40008,True,cap_0.8,5.076924900000449,70,0.02837454398054317,True
goal,True,46.74000000000171,36.2557573533428,0.7752683611332517,0.8707821553563944,0.45856420373866735,0.101262315859156,False,0.0,0.3470062534550802,,0.4900094082543101,2337,mixed,40009,0.09809674133696933,False,True,16.0,22.0,36.0,1.0652296151283247,4.265109495877631,4,2,dwa,mixed,40009,True,cap_0.8,4.831827900001372,44,0.018827556696619598,True
stall,False,42.000000000000966,25.799036813733906,0.515334418813358,1.902732030096386,0.6473407052614176,0.3388554027538939,False,0.0,0.6600372305550024,,0.8838221470655065,2100,mixed,40010,0.1334382914041298,False,False,16.0,22.0,36.0,0.7030365816185886,3.562988417407127,4,3,dwa,mixed,40010,True,cap_0.8,3.8941018999976222,0,0.0,False
stall,False,35.920000000000016,6.0211633934772255,0.16549114099961412,0.7343091093272449,0.023072052693691458,0.09429680482938042,False,0.0,0.07727679303302448,,0.30738995443000133,1796,mixed,40011,0.09513880113041694,False,True,16.0,22.0,36.0,0.7683395676925482,3.453176512837374,3,3,dwa,mixed,40011,True,cap_0.8,4.9815380000000005,650,0.3619153674832962,False
collision,False,38.400000000000404,28.213336020761957,0.7329062538270077,1.714260438670196,0.570351437661655,0.1589447502605605,False,0.0,-0.006212704949891568,pedestrian,0.440459648507322,1920,mixed,40012,0.12391103662522673,False,False,16.0,22.0,36.0,0.7980316740585215,3.958287936722657,2,1,dwa,mixed,40012,True,cap_0.8,3.9147465999994893,10,0.005208333333333333,False
goal,True,46.64000000000169,36.53993017345531,0.7828682389468469,1.357582633036833,0.7191153789830316,0.0938359443406289,False,0.0,0.11806685423927343,,0.4523370371263996,2332,mixed,40013,0.1431049563468558,False,True,16.0,22.0,36.0,0.7814949933564275,3.2978426504033935,3,3,dwa,mixed,40013,True,cap_0.8,4.975186399999075,15,0.006432246998284734,True
stall,False,42.98000000000112,22.6237558099585,0.5159928392778167,1.6642115927770158,0.5701592259388292,0.12526686651873872,False,0.0,0.5597287276515204,,0.720991721490634,2149,mixed,40014,0.13210938383980786,False,False,16.0,22.0,36.0,1.0740210071636749,4.461808336819669,4,1,dwa,mixed,40014,True,cap_0.8,4.038558200001717,0,0.0,False
goal,True,47.040000000001754,36.67625891821836,0.7789068159140909,1.223758583021489,0.6032947638085947,0.09629619897156134,False,0.0,0.1944016831668388,,0.47160299240040027,2352,mixed,40015,0.14966170601972417,False,True,16.0,22.0,36.0,0.7179454037519601,4.558795213330382,3,3,dwa,mixed,40015,True,cap_0.8,4.961064800001623,24,0.01020408163265306,True
stall,False,28.11999999999949,10.334468827529916,0.3667617761056676,0.6577304282390123,0.02460827578146641,0.06556721618777794,False,0.0,0.009414758113833188,,0.2387288569410812,1406,mixed,40016,0.12726273883470166,False,True,16.0,22.0,36.0,0.8499502930344071,3.9799304934551447,2,3,dwa,mixed,40016,True,cap_0.8,3.603823799996462,767,0.5455192034139402,False
stall,False,43.5000000000012,22.894410522646993,0.5139657770278914,1.5807688197052956,1.2172761435071946,0.14616019455248067,False,0.0,0.3106037318487458,,0.8271152037169426,2175,mixed,40017,0.10617792480799618,True,False,16.0,22.0,36.0,0.8113443294992472,3.020085908641412,4,3,dwa,mixed,40017,True,cap_0.8,4.503957799999625,16,0.0073563218390804595,False
goal,True,46.340000000001645,36.44053919069951,0.785501930732596,0.7421627544177732,0.04854741440381019,0.07411564961781011,False,0.0,0.2491058021803283,,0.45131975363900395,2317,mixed,40018,0.116069208165202,True,True,16.0,22.0,36.0,0.7696339718997771,3.1314938087028037,4,3,dwa,mixed,40018,True,cap_0.8,4.990903199999593,17,0.0073370738023306,True
stall,False,43.44000000000119,22.78128344027797,0.5107531435391492,1.4066175005855561,0.918090954083206,0.1266156462502574,False,0.0,0.35707864162398284,,0.8182539945688836,2172,mixed,40019,0.10783105943662999,True,False,16.0,22.0,36.0,0.906573083335485,4.495864137350109,4,1,dwa,mixed,40019,True,cap_0.8,4.452128099997935,16,0.007366482504604052,False
goal,True,46.82000000000172,36.155808256874934,0.7722263431736067,2.0528226037982584,0.9207626685101128,0.1294481423070793,False,0.0,0.244291529468337,,0.4509403055125929,2341,mixed,40020,0.11728344647129728,False,False,16.0,22.0,36.0,1.0784303399483601,3.8980196533822684,2,1,dwa,mixed,40020,True,cap_0.8,4.025256699998863,0,0.0,True
collision,False,13.03999999999981,9.825677924888355,0.7523997330975559,0.6615174565337445,0.022973018776032812,0.13890645167663132,False,0.0,-0.0011598945310817843,obstacle,0.1680488756569024,652,mixed,40021,0.1349724742931551,False,False,16.0,22.0,36.0,0.7802842716162096,3.5386999951573146,4,2,dwa,mixed,40021,True,cap_0.8,1.4721361999982037,14,0.02147239263803681,False
stall,False,43.70000000000123,22.632467241317425,0.5076236027443911,1.9743852379266444,0.6931310867523205,0.1534592999635291,False,0.0,0.3289032963957783,,0.7584940052521191,2185,mixed,40022,0.14577035564304586,False,False,16.0,22.0,36.0,0.9857899162482915,3.876455550552783,4,3,dwa,mixed,40022,True,cap_0.8,4.667073800002981,36,0.016475972540045767,False
stall,False,49.660000000002164,22.92874974341959,0.45131326191320803,1.605228803735744,0.8731537866034751,0.13929918589096627,False,0.0,0.10037810143563683,,0.8952067516452382,2483,mixed,40023,0.13168477062749592,True,False,16.0,22.0,36.0,0.8516422703049387,4.935202389266619,4,3,dwa,mixed,40023,True,cap_0.8,5.440151799994055,76,0.030608135320177206,False
stall,False,53.820000000002814,29.642413931032717,0.5505780156139334,0.6776080177828187,0.048685716486763835,0.04565097372139116,False,0.0,0.060956202663293046,,0.45743737860884703,2691,mixed,40024,0.11385203798090476,True,True,16.0,22.0,36.0,1.0306603538535497,3.6198489947184163,2,3,dwa,mixed,40024,True,cap_0.8,5.493600299996615,733,0.2723894463024898,False
collision,False,16.33999999999974,11.595652430725533,0.7077597479443501,0.6810306914271025,0.02766849603903372,0.12115248577984415,False,0.0,-0.0008224867719084372,obstacle,0.17954601079085522,817,mixed,40025,0.13728872377668433,False,True,16.0,22.0,36.0,0.8526272218542965,4.173848518190195,4,3,dwa,mixed,40025,True,cap_0.8,2.0192496000017854,37,0.04528763769889841,False
collision,False,6.839999999999942,5.35799136537807,0.783182446264002,0.6721083199396063,0.025773075243484454,0.08941087278290291,False,0.0,-0.0016510079819264112,obstacle,0.06777686523182676,342,mixed,40026,0.12791466115434708,True,False,16.0,22.0,36.0,1.044141999212794,3.6659385751060407,2,3,dwa,mixed,40026,True,cap_0.8,0.6971286000043619,2,0.005847953216374269,False
goal,True,53.20000000000272,36.26173634502692,0.6805654030621091,0.8839606331888645,0.47641475616994855,0.11486245712214659,False,0.0,0.12270167298605816,,0.5425848059663397,2660,mixed,40027,0.10375711799575914,False,True,16.0,22.0,36.0,1.053542838541399,4.265938298700595,3,1,dwa,mixed,40027,True,cap_0.8,5.477451899998414,239,0.08984962406015037,True
stall,False,45.36000000000149,25.566177055069595,0.4763356391155764,1.5417533278950235,0.5164773091662391,0.2868388378790866,False,0.0,0.150825829317341,,0.9672576872704397,2268,mixed,40028,0.12378022218339735,False,False,16.0,22.0,36.0,0.7216495609265299,4.767537849018466,3,2,dwa,mixed,40028,True,cap_0.8,4.633632800003397,70,0.030864197530864196,False
stall,False,33.05999999999957,3.3174735503180184,0.09559095024223022,0.7051580114845503,0.024027131663310514,0.09560707354955823,False,0.0,0.24094254203720075,,0.26938883866742747,1653,mixed,40029,0.11068266601463561,False,True,16.0,22.0,36.0,0.7120046903057495,3.873518351399377,4,3,dwa,mixed,40029,True,cap_0.8,4.732594600005541,702,0.4246823956442831,False
goal,True,47.84000000000188,36.43331552463559,0.760830133025665,1.5331982842774747,0.6064502058694637,0.12863695557746643,False,0.0,0.09370082256018386,,0.5497052841584158,2392,mixed,40030,0.1019701224578749,False,False,16.0,22.0,36.0,0.9708094058038798,4.2320673561172075,4,1,dwa,mixed,40030,True,cap_0.8,5.140069300003233,47,0.019648829431438128,True
stall,False,43.280000000001166,22.888080913537575,0.5141451286452136,1.46090256430707,0.6796142446569159,0.13785086060141594,False,0.0,0.21579385794711048,,0.7616745049535747,2164,mixed,40031,0.11838959127106012,False,False,16.0,22.0,36.0,1.0141076789449541,4.580459609903585,3,1,dwa,mixed,40031,True,cap_0.8,4.422233700002835,0,0.0,False
stall,False,44.96000000000143,22.59667556709569,0.4932337633306869,1.8681713648783773,1.1429159284297856,0.1651237233868557,False,0.0,0.24807692524130334,,0.8305091582046105,2248,mixed,40032,0.1311410067452635,False,False,16.0,22.0,36.0,0.8158921726449161,3.4731275484511577,4,1,dwa,mixed,40032,True,cap_0.8,4.862639200000558,29,0.012900355871886121,False
stall,False,42.640000000001066,25.76150109889641,0.5089027554890393,1.6079373520365876,0.5484603806625182,0.2856959992672601,False,0.0,0.18980065177843283,,0.970283266296547,2132,mixed,40033,0.12691284061082575,False,False,16.0,22.0,36.0,0.7251047910836249,4.406303961790812,2,3,dwa,mixed,40033,True,cap_0.8,4.3399729000011575,21,0.009849906191369606,False
collision,False,26.23999999999953,10.001476498422983,0.3770438853100045,0.6455415938919694,0.02420776437935507,0.10116292303293582,False,0.0,-0.004933530647733386,obstacle,0.2477799097063343,1312,mixed,40034,0.11351754956284855,False,False,16.0,22.0,36.0,0.8842371725297713,3.8591991611600687,4,2,dwa,mixed,40034,True,cap_0.8,3.1898541999980807,569,0.4336890243902439,False
goal,True,46.48000000000167,36.559952006474,0.7859871852538033,1.0321841606057744,0.5292606524917399,0.09246500154396646,False,0.0,0.31976734681289487,,0.45943961493112606,2324,mixed,40035,0.12159995420100617,False,True,16.0,22.0,36.0,0.9724730030392097,4.1935511046130625,4,2,dwa,mixed,40035,True,cap_0.8,5.3266392000005,15,0.006454388984509466,True
stall,False,43.140000000001145,22.71897078872969,0.515367830554668,1.1415876534086744,0.6088905928192183,0.1291762991836445,False,0.0,0.3963295766672831,,0.7192607940234461,2157,mixed,40036,0.14266727735156232,False,False,16.0,22.0,36.0,1.069162997705235,4.339039910918447,2,3,dwa,mixed,40036,True,cap_0.8,4.481690000000526,0,0.0,False
goal,True,49.32000000000211,36.33320938835444,0.7354539155947624,1.0759617915833835,0.262776409927669,0.11726591707668088,False,0.0,0.1528649562846356,,0.5372123056621153,2466,mixed,40037,0.09270055121386228,True,False,16.0,22.0,36.0,0.7600347229307929,3.0361488610625345,4,1,dwa,mixed,40037,True,cap_0.8,5.515428500002599,92,0.0373073803730738,True
stall,False,44.08000000000129,23.022576557091803,0.5099142795048238,1.4234451855859296,0.5920775649791427,0.11876893459669798,False,0.0,0.33081275348883143,,0.7953220677505539,2204,mixed,40038,0.12137017462719892,True,False,16.0,22.0,36.0,1.087547914896784,4.573518959252186,4,1,dwa,mixed,40038,True,cap_0.8,4.664337599999271,16,0.007259528130671506,False
stall,False,43.04000000000113,22.687051026677896,0.5156369818575199,1.2324422892172113,0.5953506025641632,0.1382399650722083,False,0.0,0.23746411380867602,,0.7599110175941926,2152,mixed,40039,0.1488968723122117,False,False,16.0,22.0,36.0,0.7788526595978952,4.463583000707763,4,2,dwa,mixed,40039,True,cap_0.8,4.5964984000020195,10,0.004646840148698885,False
off_sidewalk,False,30.43999999999944,22.62416490560256,0.7342636243303136,1.2207064309119962,0.6790227444412323,0.32542570015309846,False,0.0,0.28284595744638663,,0.59920607957349,1522,mixed,40000,0.1382794740817809,False,False,16.0,22.0,36.0,1.0269549633599504,4.188836833563437,4,2,ppo,mixed,40000,True,cap_0.8,3.009180599998217,121,0.0795006570302234,False
goal,True,50.120000000002236,36.61931285314071,0.7250950311428052,0.8653630689516733,0.6185097013144807,0.2659851312100497,False,0.0,0.5458442778937579,,1.1072019690548438,2506,mixed,40001,0.11759975460084857,False,True,16.0,22.0,36.0,0.7243368133338365,3.1962339098678587,3,3,ppo,mixed,40001,True,cap_0.8,5.118443400002434,31,0.012370311252992818,True
stall,False,49.160000000002086,26.057373471659314,0.5230762266133122,1.035162699545612,0.5563254675291658,0.29275909847330206,False,0.0,0.3614737077115745,,0.8395619994325478,2458,mixed,40002,0.1483565285291978,False,True,16.0,22.0,36.0,0.7508052787243958,4.644611467052789,2,3,ppo,mixed,40002,True,cap_0.8,5.053262699999323,85,0.03458096013018715,False
stall,False,43.90000000000126,23.134086404234843,0.5114114380038971,1.2322355167886896,0.3094839608500603,0.2326481042715944,False,0.0,0.42106800311298787,,1.0163748052316766,2195,mixed,40003,0.13741979681327354,True,False,16.0,22.0,36.0,0.8490167860554859,4.628405710192151,2,3,ppo,mixed,40003,True,cap_0.8,4.527038700005505,2,0.0009111617312072893,False
off_sidewalk,False,28.719999999999477,22.435657079270715,0.7752003891712466,1.1835482631593957,0.4146566592537418,0.2754318130401932,False,0.0,0.19918848813045087,,0.5244205049973939,1436,mixed,40004,0.09720936530079487,True,False,16.0,22.0,36.0,1.0795923035566237,3.5362672398920467,2,3,ppo,mixed,40004,True,cap_0.8,2.8891981999986456,7,0.004874651810584958,False
stall,False,46.860000000001726,23.511935499003044,0.48399748124178205,0.932045342652163,0.5478452521890602,0.26746676852589724,False,0.0,0.1531505627378494,,1.115266919978648,2343,mixed,40005,0.11561613872560209,False,False,16.0,22.0,36.0,0.9560507401347812,4.376729974275946,3,2,ppo,mixed,40005,True,cap_0.8,4.56972769999993,102,0.04353393085787452,False
stall,False,38.76000000000046,15.769217083734757,0.4015677774833235,0.8438049910727253,0.25069731738456397,0.18094302438296855,False,0.0,0.21886523761335094,,0.7192174761651836,1938,mixed,40006,0.10392628678605388,False,False,16.0,22.0,36.0,0.8058562020379452,4.409381050135197,2,2,ppo,mixed,40006,True,cap_0.8,3.8301294000048074,117,0.06037151702786378,False
off_sidewalk,False,28.61999999999948,22.530308878501252,0.7783486756330916,0.9699997757971035,0.5258252137183123,0.3291956155929159,False,0.0,0.6603923723231776,,0.5679243171135681,1431,mixed,40007,0.12735084372173167,False,False,16.0,22.0,36.0,0.915670126779264,4.96842277310037,4,3,ppo,mixed,40007,True,cap_0.8,2.8960069000022486,20,0.013976240391334731,False
goal,True,49.70000000000217,36.60265434390977,0.7317596067857208,0.7893113288507542,0.29941408737217573,0.24768337136686924,False,0.0,0.08943754996258974,,1.1081296426169618,2485,mixed,40008,0.10759643124749771,True,True,16.0,22.0,36.0,0.8481775663468065,4.540265161935243,2,2,ppo,mixed,40008,True,cap_0.8,4.768904999997176,42,0.016901408450704224,True
goal,True,50.96000000000237,36.753211390342656,0.7152393772421795,0.8114774120125332,0.24860774622873755,0.26574306644089285,False,0.0,0.5817938656254,,1.1363176453817776,2548,mixed,40009,0.09809674133696933,False,True,16.0,22.0,36.0,1.0652296151283247,4.265109495877631,4,2,ppo,mixed,40009,True,cap_0.8,4.879627300004358,67,0.02629513343799058,True
stall,False,20.219999999999658,2.5139374265996324,0.12064172245670865,0.748137849511907,0.03819508817758611,0.18101645367257987,False,0.0,0.9967235147948844,,0.20878997332589538,1011,mixed,40010,0.1334382914041298,False,False,16.0,22.0,36.0,0.7030365816185886,3.562988417407127,4,3,ppo,mixed,40010,True,cap_0.8,1.991445699997712,0,0.0,False
goal,True,51.48000000000245,36.81501232342335,0.7096816675448363,1.0978140578328817,0.636074292355081,0.26282761266795984,False,0.0,0.40480014422373545,,1.143551652003117,2574,mixed,40011,0.09513880113041694,False,True,16.0,22.0,36.0,0.7683395676925482,3.453176512837374,3,3,ppo,mixed,40011,True,cap_0.8,5.16668380000192,87,0.0337995337995338,True
stall,False,44.24000000000132,23.242830396753604,0.5095333785994854,1.1676486732941207,0.5673160716521978,0.22547547709111548,False,0.0,0.1261554117845084,,0.9963499284422124,2212,mixed,40012,0.12391103662522673,False,False,16.0,22.0,36.0,0.7980316740585215,3.958287936722657,2,1,ppo,mixed,40012,True,cap_0.8,4.449198499998602,42,0.0189873417721519,False
stall,False,37.44000000000025,15.608655891988825,0.4138991154146927,1.1703693515886961,0.7312872032122611,0.18239611821247748,False,0.0,0.48727946813208245,,0.7181211940264686,1872,mixed,40013,0.1431049563468558,False,True,16.0,22.0,36.0,0.7814949933564275,3.2978426504033935,3,3,ppo,mixed,40013,True,cap_0.8,3.7984536999938427,37,0.019764957264957264,False
stall,False,42.74000000000108,23.01815072256332,0.5204399481966647,1.111523421003837,0.5534180661121901,0.29702206544016263,False,0.0,0.9425501477820603,,1.129082525735867,2137,mixed,40014,0.13210938383980786,False,False,16.0,22.0,36.0,1.0740210071636749,4.461808336819669,4,1,ppo,mixed,40014,True,cap_0.8,4.043754700003774,0,0.0,False
goal,True,47.58000000000184,36.780440514553426,0.7635170379500176,1.2024694691421058,0.6400923346298553,0.3337131114013579,False,0.0,0.4796417756821566,,0.968184319963162,2379,mixed,40015,0.14966170601972417,False,True,16.0,22.0,36.0,0.7179454037519601,4.558795213330382,3,3,ppo,mixed,40015,True,cap_0.8,4.648570199999085,46,0.019335855401429174,True
goal,True,49.44000000000213,37.10511833848876,0.73975742782187,1.0024679835356527,0.5590503754204373,0.35421161741595464,False,0.0,0.02475678222859856,,0.9656265428879321,2472,mixed,40016,0.12726273883470166,False,True,16.0,22.0,36.0,0.8499502930344071,3.9799304934551447,2,3,ppo,mixed,40016,True,cap_0.8,4.870226300001377,35,0.014158576051779935,True
off_sidewalk,False,31.31999999999942,22.478269944630693,0.7140714841460266,1.139469954928166,0.37877529169886226,0.2136973735127164,False,0.0,0.5861426862824812,,0.7590378439436545,1566,mixed,40017,0.10617792480799618,True,False,16.0,22.0,36.0,0.8113443294992472,3.020085908641412,4,3,ppo,mixed,40017,True,cap_0.8,3.2749381000030553,49,0.031289910600255426,False
goal,True,55.84000000000313,36.54324634686907,0.6495635473616683,1.1572285631557861,0.611409238013656,0.2374588634888158,False,0.0,0.35101153162432097,,1.3872212901016334,2792,mixed,40018,0.116069208165202,True,True,16.0,22.0,36.0,0.7696339718997771,3.1314938087028037,4,3,ppo,mixed,40018,True,cap_0.8,5.813564099997166,151,0.05408309455587393,True
stall,False,44.420000000001345,23.16293783479792,0.5006935670628193,1.176307988955539,0.2842298329173642,0.3008311678145641,False,0.0,0.4892300427476193,,1.090956698015731,2221,mixed,40019,0.10783105943662999,True,False,16.0,22.0,36.0,0.906573083335485,4.495864137350109,4,1,ppo,mixed,40019,True,cap_0.8,4.460130400002527,71,0.031967582170193604,False
stall,False,43.06000000000113,23.056390363963004,0.5155965792583942,1.0893048582265126,0.6087819891357501,0.29795671846023825,False,0.0,1.382232150388208,,1.112628420855613,2153,mixed,40020,0.11728344647129728,False,False,16.0,22.0,36.0,1.0784303399483601,3.8980196533822684,2,1,ppo,mixed,40020,True,cap_0.8,4.185319900003378,0,0.0,False
off_sidewalk,False,30.719999999999434,22.790468919201746,0.734161915573884,1.17271642620773,0.6573072985252776,0.2641184211157174,False,0.0,0.41252949712806863,,0.5239125546381826,1536,mixed,40021,0.1349724742931551,False,False,16.0,22.0,36.0,0.7802842716162096,3.5386999951573146,4,2,ppo,mixed,40021,True,cap_0.8,3.157539399995585,22,0.014322916666666666,False
stall,False,62.32000000000414,24.37439510977786,0.3842995473134674,1.2740819973585995,0.6588825700668397,0.24261424265142478,False,0.0,0.14004794844684074,,0.8564055072119883,3116,mixed,40022,0.14577035564304586,False,False,16.0,22.0,36.0,0.9857899162482915,3.876455550552783,4,3,ppo,mixed,40022,True,cap_0.8,6.580095000004803,150,0.04813863928112965,False
off_sidewalk,False,29.759999999999454,22.617653467449614,0.7516442749169283,0.807925534932013,0.20187147173022454,0.3094101237375351,False,0.0,0.30574531769950053,,0.6037971148475129,1488,mixed,40023,0.13168477062749592,True,False,16.0,22.0,36.0,0.8516422703049387,4.935202389266619,4,3,ppo,mixed,40023,True,cap_0.8,3.254358799997135,67,0.04502688172043011,False
stall,False,45.98000000000159,25.28595645587494,0.5426363233188773,0.9230595038210795,0.06637092114970913,0.3143796962797912,False,0.0,0.9931985448268283,,0.7682452178798552,2299,mixed,40024,0.11385203798090476,True,True,16.0,22.0,36.0,1.0306603538535497,3.6198489947184163,2,3,ppo,mixed,40024,True,cap_0.8,4.577672999999777,0,0.0,False
off_sidewalk,False,33.71999999999967,22.508754868525514,0.6617904878299848,1.0571390534386456,0.5884705421965626,0.26139662829045107,False,0.0,0.05047094623397419,,0.7598041781339234,1686,mixed,40025,0.13728872377668433,False,True,16.0,22.0,36.0,0.8526272218542965,4.173848518190195,4,3,ppo,mixed,40025,True,cap_0.8,3.4508507999998983,53,0.03143534994068802,False
off_sidewalk,False,30.119999999999447,22.71760204201088,0.7432206122544328,0.7187349196853228,0.05265133423261808,0.3575176177512455,False,0.0,0.20486280339112042,,0.6178955950698476,1506,mixed,40026,0.12791466115434708,True,False,16.0,22.0,36.0,1.044141999212794,3.6659385751060407,2,3,ppo,mixed,40026,True,cap_0.8,3.061127499997383,96,0.06374501992031872,False
goal,True,51.92000000000252,37.26082481510519,0.7071212420046782,0.8437367656698231,0.5106662804862674,0.3212935156889907,False,0.0,0.20001619637461257,,1.0120511573395667,2596,mixed,40027,0.10375711799575914,False,True,16.0,22.0,36.0,1.053542838541399,4.265938298700595,3,1,ppo,mixed,40027,True,cap_0.8,5.006419099998311,153,0.05893682588597843,True
goal,True,47.54000000000183,36.6101038478786,0.7625747312595476,0.9420563621109103,0.5312574111720183,0.313954756333187,False,0.0,0.5197717965115906,,0.9652934658590345,2377,mixed,40028,0.12378022218339735,False,False,16.0,22.0,36.0,0.7216495609265299,4.767537849018466,3,2,ppo,mixed,40028,True,cap_0.8,4.857182799998554,26,0.01093815734118637,True
goal,True,52.12000000000255,36.742456421359805,0.6987658731016791,0.9755454413348147,0.5239599939252261,0.25190923529438386,False,0.0,0.11596287382794446,,1.0943824520838177,2606,mixed,40029,0.11068266601463561,False,True,16.0,22.0,36.0,0.7120046903057495,3.873518351399377,4,3,ppo,mixed,40029,True,cap_0.8,5.205631999997422,43,0.01650038372985418,True
off_sidewalk,False,34.59999999999981,22.449103114315314,0.6443981120175838,1.2632752373913696,0.25282227022967774,0.2084129241635771,False,0.0,0.5116410226721674,,0.7708735341326428,1730,mixed,40030,0.1019701224578749,False,False,16.0,22.0,36.0,0.9708094058038798,4.2320673561172075,4,1,ppo,mixed,40030,True,cap_0.8,3.643695699996897,17,0.009826589595375723,False
off_sidewalk,False,27.939999999999493,22.441720841389827,0.7960745812038609,0.9965749788946262,0.5510706840411669,0.2975086549392189,False,0.0,0.6316580686767146,,0.5105340711225281,1397,mixed,40031,0.11838959127106012,False,False,16.0,22.0,36.0,1.0141076789449541,4.580459609903585,3,1,ppo,mixed,40031,True,cap_0.8,2.7292688000015914,0,0.0,False
stall,False,53.40000000000275,23.027563638576428,0.416233727074787,1.2751370434646585,0.6993068212522711,0.2812686695849368,False,0.0,0.5675352950801157,,1.1927716586565948,2670,mixed,40032,0.1311410067452635,False,False,16.0,22.0,36.0,0.8158921726449161,3.4731275484511577,4,1,ppo,mixed,40032,True,cap_0.8,5.251559399999678,48,0.017977528089887642,False
stall,False,37.580000000000275,15.583167966683721,0.4113178783563223,0.9223070138245524,0.3789515246916361,0.17741254742856283,False,0.0,0.5974897561340184,,0.6976507638671068,1879,mixed,40033,0.12691284061082575,False,False,16.0,22.0,36.0,0.7251047910836249,4.406303961790812,2,3,ppo,mixed,40033,True,cap_0.8,3.7100940000018454,10,0.005321979776476849,False
collision,False,18.1599999999997,10.129847657748966,0.5472130344065966,0.9072253537013708,0.41966162924519435,0.31395263328635375,False,0.0,-0.004743976988947407,obstacle,0.3435033250659932,908,mixed,40034,0.11351754956284855,False,False,16.0,22.0,36.0,0.8842371725297713,3.8591991611600687,4,2,ppo,mixed,40034,True,cap_0.8,1.8299158000008902,235,0.2588105726872247,False
stall,False,38.78000000000046,15.705522539716464,0.4013395120507772,0.9868519628632982,0.43300616121945273,0.1990217140617925,False,0.0,0.45693627634216727,,0.7614153065379681,1939,mixed,40035,0.12159995420100617,False,True,16.0,22.0,36.0,0.9724730030392097,4.1935511046130625,4,2,ppo,mixed,40035,True,cap_0.8,3.8719998999949894,87,0.04486848891181021,False
stall,False,23.93999999999958,7.043916356432002,0.29202236997550407,0.6545141766251279,0.033237072453796083,0.12869209273746698,False,0.0,0.05549559299822954,,0.24546274733118598,1197,mixed,40036,0.14266727735156232,False,False,16.0,22.0,36.0,1.069162997705235,4.339039910918447,2,3,ppo,mixed,40036,True,cap_0.8,2.461904700001469,740,0.6182121971595655,False
off_sidewalk,False,28.49999999999948,22.63598242801782,0.7840548661455031,0.8770984458060321,0.2961371286705467,0.33013653404655174,False,0.0,0.7025985361726242,,0.5635263271851502,1425,mixed,40037,0.09270055121386228,True,False,16.0,22.0,36.0,0.7600347229307929,3.0361488610625345,4,1,ppo,mixed,40037,True,cap_0.8,2.796272299994598,3,0.002105263157894737,False
goal,True,51.840000000002505,36.89655510250911,0.7020381100618013,1.5766410779146065,0.2941550952555675,0.3334895704723785,False,0.0,0.47916807823575414,,1.051097320877493,2592,mixed,40038,0.12137017462719892,True,False,16.0,22.0,36.0,1.087547914896784,4.573518959252186,4,1,ppo,mixed,40038,True,cap_0.8,5.169364999994286,112,0.043209876543209874,True
off_sidewalk,False,30.179999999999445,22.564496304053108,0.7387729659987005,1.190416583784085,0.684958596788024,0.322563805043784,False,0.0,0.4639308827802464,,0.5682571895794708,1509,mixed,40039,0.1488968723122117,False,False,16.0,22.0,36.0,0.7788526595978952,4.463583000707763,4,2,ppo,mixed,40039,True,cap_0.8,3.0298050999990664,64,0.04241219350563287,False
collision,False,24.899999999999558,30.428333859190573,1.2218368913874813,1.840165160132337,0.7466047227353949,0.2279961867066202,False,0.0,-0.00783376609405495,obstacle,0.5087935494639084,1245,mixed,40000,0.1382794740817809,False,False,16.0,22.0,36.0,1.0269549633599504,4.188836833563437,4,2,dwa,mixed,40000,True,cap_1.4,2.653861999999208,21,0.016867469879518072,False
stall,False,23.45999999999959,7.733915215252424,0.328514461395955,0.9882776003150632,0.04855487604258967,0.1493347829125991,False,0.0,0.19391086630914017,,0.3079061565768682,1173,mixed,40001,0.11759975460084857,False,True,16.0,22.0,36.0,0.7243368133338365,3.1962339098678587,3,3,dwa,mixed,40001,True,cap_1.4,2.8835678000032203,754,0.6427962489343564,False
goal,True,29.659999999999457,36.40091275371377,1.2271558991405207,1.2349238953611261,0.5935784364673969,0.1660000212581029,False,0.0,0.2552221698081397,,0.4809515142982598,1483,mixed,40002,0.1483565285291978,False,True,16.0,22.0,36.0,0.7508052787243958,4.644611467052789,2,3,dwa,mixed,40002,True,cap_1.4,2.9993939000050887,5,0.0033715441672285905,True
stall,False,21.55999999999963,7.148668446391033,0.3305982232835923,0.9331412854046413,0.0677033149621016,0.12996543645110192,False,0.0,0.21910826260632443,,0.26675335222323954,1078,mixed,40003,0.13741979681327354,True,False,16.0,22.0,36.0,0.8490167860554859,4.628405710192151,2,3,dwa,mixed,40003,True,cap_1.4,2.405051399997319,743,0.6892393320964749,False
stall,False,23.199999999999594,11.311397451955845,0.48682678223160974,0.9554752450607287,0.057843544591853036,0.10630169523424925,False,0.0,0.18594290645767725,,0.27388044244313464,1160,mixed,40004,0.09720936530079487,True,False,16.0,22.0,36.0,1.0795923035566237,3.5362672398920467,2,3,dwa,mixed,40004,True,cap_1.4,2.628034800000023,760,0.6551724137931034,False
goal,True,30.179999999999445,36.33193356500715,1.203721049639171,1.4969329288700362,0.569020467421923,0.18335399898846028,False,0.0,0.1474474468634019,,0.564007011352184,1509,mixed,40005,0.11561613872560209,False,False,16.0,22.0,36.0,0.9560507401347812,4.376729974275946,3,2,dwa,mixed,40005,True,cap_1.4,3.193148900005326,29,0.019218025182239893,True
stall,False,23.39999999999959,9.34157308940933,0.39782151329896115,0.9409256844068524,0.06394993200075426,0.15203431828633665,False,0.0,0.06387228122904265,,0.34784676888069177,1170,mixed,40006,0.10392628678605388,False,False,16.0,22.0,36.0,0.8058562020379452,4.409381050135197,2,2,dwa,mixed,40006,True,cap_1.4,2.77042739999888,759,0.6487179487179487,False
stall,False,39.92000000000064,29.060844734139362,0.7269247149817321,0.9721117526042039,0.5719910908065761,0.17575669389355056,False,0.0,0.060034069925427036,,0.6629557375293063,1996,mixed,40007,0.12735084372173167,False,False,16.0,22.0,36.0,0.915670126779264,4.96842277310037,4,3,dwa,mixed,40007,True,cap_1.4,5.04122169999755,793,0.3972945891783567,False
stall,False,21.07999999999964,7.250704863196601,0.3420600512487732,0.7721667708333126,0.03975674763379647,0.1318303829697163,False,0.0,0.21268397289972435,,0.26236709201482844,1054,mixed,40008,0.10759643124749771,True,True,16.0,22.0,36.0,0.8481775663468065,4.540265161935243,2,2,dwa,mixed,40008,True,cap_1.4,2.529729199995927,631,0.5986717267552182,False
goal,True,29.399999999999462,36.160753914676825,1.229967240920654,1.0836849726794988,0.4363900104314827,0.1571202540706479,False,0.0,0.28594576825253626,,0.5354830037643423,1470,mixed,40009,0.09809674133696933,False,True,16.0,22.0,36.0,1.0652296151283247,4.265109495877631,4,2,dwa,mixed,40009,True,cap_1.4,3.194556600006763,36,0.024489795918367346,True
collision,False,26.059999999999533,30.18322672594912,1.1581774083115808,2.7048733479383897,1.0951119992519016,0.23691481563007238,False,0.0,-0.001425119161510946,obstacle,0.42893019168797997,1303,mixed,40010,0.1334382914041298,False,False,16.0,22.0,36.0,0.7030365816185886,3.562988417407127,4,3,dwa,mixed,40010,True,cap_1.4,2.9054713000004995,0,0.0,False
goal,True,34.059999999999725,36.197172508423044,1.062323003274295,1.0247176931834387,0.4980447001369137,0.16446495053707136,False,0.0,0.0705583005726016,,0.550453114973638,1703,mixed,40011,0.09513880113041694,False,True,16.0,22.0,36.0,0.7683395676925482,3.453176512837374,3,3,dwa,mixed,40011,True,cap_1.4,3.515934200004267,298,0.17498532002348796,True
stall,False,33.2599999999996,22.985249377103496,0.6670369243243903,1.867676866442212,0.5732627753612723,0.21500648110248421,False,0.0,0.39110530551221034,,1.2922940230857543,1663,mixed,40012,0.12391103662522673,False,False,16.0,22.0,36.0,0.7980316740585215,3.958287936722657,2,1,dwa,mixed,40012,True,cap_1.4,3.397448200004874,20,0.012026458208057728,False
stall,False,21.739999999999625,6.8844015631706155,0.3138745234135703,1.0502687506470598,0.0511339243128899,0.17759158789484555,False,0.0,0.2590225683899274,,0.2954469428832115,1087,mixed,40013,0.1431049563468558,False,True,16.0,22.0,36.0,0.7814949933564275,3.2978426504033935,3,3,dwa,mixed,40013,True,cap_1.4,2.6869911000030697,184,0.16927322907083717,False
goal,True,36.940000000000175,36.13388539526239,0.9782284270951525,2.525237169145295,0.7415668916054662,0.18413788002978967,False,0.0,0.23627486714512136,,0.5461933627908011,1847,mixed,40014,0.13210938383980786,False,False,16.0,22.0,36.0,1.0740210071636749,4.461808336819669,4,1,dwa,mixed,40014,True,cap_1.4,3.976418799997191,2,0.0010828370330265296,True
collision,False,5.3199999999999745,6.996010001722477,1.3164136013475554,0.940971521595647,0.06261709426558142,0.16843563054188518,False,0.0,-0.00534193260958854,obstacle,0.10542507346937312,266,mixed,40015,0.14966170601972417,False,True,16.0,22.0,36.0,0.7179454037519601,4.558795213330382,3,3,dwa,mixed,40015,True,cap_1.4,0.660588499995356,10,0.03759398496240601,False
stall,False,22.239999999999615,10.309171572009777,0.46259366322923007,0.9679128012557232,0.06047696033689832,0.09410938995828451,False,0.0,0.0005606499783735175,,0.23210660265780328,1112,mixed,40016,0.12726273883470166,False,True,16.0,22.0,36.0,0.8499502930344071,3.9799304934551447,2,3,dwa,mixed,40016,True,cap_1.4,2.7628930999999284,748,0.6726618705035972,False
stall,False,24.039999999999576,10.321390356589578,0.4283777884724251,1.0110938194381218,0.060887190759932264,0.15544618506943805,False,0.0,0.07986509769465086,,0.33409098107858637,1202,mixed,40017,0.10617792480799618,True,False,16.0,22.0,36.0,0.8113443294992472,3.020085908641412,4,3,dwa,mixed,40017,True,cap_1.4,3.0376843999983976,756,0.6289517470881864,False
collision,False,9.459999999999887,10.878825960098125,1.1488925635052427,0.9874143748524192,0.057221745037902776,0.1782894633211955,False,0.0,-0.0006272925321501033,obstacle,0.19294930828444964,473,mixed,40018,0.116069208165202,True,True,16.0,22.0,36.0,0.7696339718997771,3.1314938087028037,4,3,dwa,mixed,40018,True,cap_1.4,1.08739549999882,0,0.0,False
goal,True,28.13999999999949,36.160625892536714,1.2853286561301724,0.9768690737839946,0.5023647292745974,0.1371719498173058,False,0.0,0.35958902921266656,,0.4204752353809109,1407,mixed,40019,0.10783105943662999,True,False,16.0,22.0,36.0,0.906573083335485,4.495864137350109,4,1,dwa,mixed,40019,True,cap_1.4,2.951483899996674,4,0.0028429282160625444,True
stall,False,38.82000000000047,30.256313510915096,0.778984983833352,2.4724560956132495,0.7044275396389809,0.15360924157309058,False,0.0,0.143042451406669,,0.4521285807079745,1941,mixed,40020,0.11728344647129728,False,False,16.0,22.0,36.0,1.0784303399483601,3.8980196533822684,2,1,dwa,mixed,40020,True,cap_1.4,3.6224849999998696,742,0.3822771767130345,False
collision,False,7.439999999999929,9.817055234848844,1.3197074812293492,0.9841794584072482,0.05941474116168844,0.1757961106343714,False,0.0,-0.00756729294206987,obstacle,0.14310490379542715,372,mixed,40021,0.1349724742931551,False,False,16.0,22.0,36.0,0.7802842716162096,3.5386999951573146,4,2,dwa,mixed,40021,True,cap_1.4,0.805179599999974,0,0.0,False
stall,False,36.040000000000035,25.11194983656877,0.695868301967957,2.532094807271142,1.0269105928566256,0.20444409568321492,False,0.0,0.12033405089866342,,0.5164780948557379,1802,mixed,40022,0.14577035564304586,False,False,16.0,22.0,36.0,0.9857899162482915,3.876455550552783,4,3,dwa,mixed,40022,True,cap_1.4,3.9767229999997653,767,0.42563817980022195,False
goal,True,30.619999999999436,36.613877748927116,1.194595051124964,2.060190918457159,0.6333044477182971,0.19512381868753284,False,0.0,0.11810167267604801,,0.5294115068382406,1531,mixed,40023,0.13168477062749592,True,False,16.0,22.0,36.0,0.8516422703049387,4.935202389266619,4,3,dwa,mixed,40023,True,cap_1.4,3.446000500000082,31,0.020248203788373612,True
collision,False,22.9599999999996,28.531844509438354,1.2433117075963325,1.0024216285417895,0.07969543814976555,0.10969465287860534,False,0.0,-0.0022909095025859805,obstacle,0.33129928319181956,1148,mixed,40024,0.11385203798090476,True,True,16.0,22.0,36.0,1.0306603538535497,3.6198489947184163,2,3,dwa,mixed,40024,True,cap_1.4,2.3460134000051767,0,0.0,False
stall,False,38.340000000000394,27.39419550427409,0.7138999435740457,1.1886052858765157,0.6004666636854401,0.1386689017909137,False,0.0,0.04129961426061568,,0.5122476786264377,1917,mixed,40025,0.13728872377668433,False,True,16.0,22.0,36.0,0.8526272218542965,4.173848518190195,4,3,dwa,mixed,40025,True,cap_1.4,4.395552000001771,784,0.40897235263432447,False
stall,False,19.319999999999677,5.177039390103813,0.26706299533939054,0.9991310425455998,0.06223267132140496,0.10424023716227701,False,0.0,0.034929087729847264,,0.19446368849087659,966,mixed,40026,0.12791466115434708,True,False,16.0,22.0,36.0,1.044141999212794,3.6659385751060407,2,3,dwa,mixed,40026,True,cap_1.4,2.1683338999937405,763,0.7898550724637681,False
stall,False,18.879999999999686,3.5117678492559268,0.18327059715575933,0.9415621937357141,0.05099286610715853,0.1527366309688145,False,0.0,0.13748188519864535,,0.22230240940405613,944,mixed,40027,0.10375711799575914,False,True,16.0,22.0,36.0,1.053542838541399,4.265938298700595,3,1,dwa,mixed,40027,True,cap_1.4,2.3323892999978852,633,0.6705508474576272,False
collision,False,21.379999999999633,26.57718864660496,1.242912185355709,2.099266725952352,0.5785306780276777,0.22044958349787708,False,0.0,-0.003692991761226061,obstacle,0.363245678064202,1069,mixed,40028,0.12378022218339735,False,False,16.0,22.0,36.0,0.7216495609265299,4.767537849018466,3,2,dwa,mixed,40028,True,cap_1.4,2.15643049999926,23,0.021515434985968196,False
stall,False,43.12000000000114,29.991614327770375,0.6939951989097304,0.9607060928316198,0.4854713914450941,0.18864870000929626,False,0.0,0.07642939056567466,,0.7260700459098962,2156,mixed,40029,0.11068266601463561,False,True,16.0,22.0,36.0,0.7120046903057495,3.873518351399377,4,3,dwa,mixed,40029,True,cap_1.4,5.274315400005435,22,0.01020408163265306,False
goal,True,29.43999999999946,36.380458455817895,1.2353195178187775,1.1290439233403144,0.45350645486481245,0.18468431731740137,False,0.0,0.13311921760264261,,0.5678922021461988,1472,mixed,40030,0.1019701224578749,False,False,16.0,22.0,36.0,0.9708094058038798,4.2320673561172075,4,1,dwa,mixed,40030,True,cap_1.4,3.1660212999995565,31,0.021059782608695652,True
stall,False,28.49999999999948,8.760307600459383,0.3065029881363766,0.9646813843801337,0.06888072480569701,0.12895746597938043,False,0.0,0.22662216697289245,,0.2879073449099473,1425,mixed,40031,0.11838959127106012,False,False,16.0,22.0,36.0,1.0141076789449541,4.580459609903585,3,1,dwa,mixed,40031,True,cap_1.4,3.164870600005088,685,0.4807017543859649,False
goal,True,32.91999999999955,36.227913089156594,1.099434879353284,2.8815121258492233,0.8086377537393373,0.21399395213805555,False,0.0,0.30656106029991825,,0.5152931847285178,1646,mixed,40032,0.1311410067452635,False,False,16.0,22.0,36.0,0.8158921726449161,3.4731275484511577,4,1,dwa,mixed,40032,True,cap_1.4,3.2925163000036264,60,0.03645200486026731,True
collision,False,25.159999999999553,28.517584662363422,1.132986324181982,2.5164645608209693,0.6645395990840262,0.22307182075822915,False,0.0,-0.005025669736184013,obstacle,0.43431928075823967,1258,mixed,40033,0.12691284061082575,False,False,16.0,22.0,36.0,0.7251047910836249,4.406303961790812,2,3,dwa,mixed,40033,True,cap_1.4,2.46488899999531,1,0.000794912559618442,False
stall,False,20.65999999999965,7.658652870001477,0.3700487138530955,1.0181625573014776,0.057116460366788684,0.09692635253117382,False,0.0,0.14429751982968225,,0.22556636913487607,1033,mixed,40034,0.11351754956284855,False,False,16.0,22.0,36.0,0.8842371725297713,3.8591991611600687,4,2,dwa,mixed,40034,True,cap_1.4,2.591130799999519,736,0.712487899322362,False
goal,True,30.679999999999435,36.508911628899895,1.1891215149159393,0.9838941646051022,0.46697935307912347,0.159287464277245,False,0.0,0.08974345803610473,,0.4766869559483533,1534,mixed,40035,0.12159995420100617,False,True,16.0,22.0,36.0,0.9724730030392097,4.1935511046130625,4,2,dwa,mixed,40035,True,cap_1.4,3.356100900004094,126,0.08213820078226858,True
stall,False,40.16000000000068,30.925895782118243,0.7695195892502276,2.6446585467524217,0.6863235323242154,0.17934954111215198,False,0.0,0.13654175640753646,,0.5641471997968387,2008,mixed,40036,0.14266727735156232,False,False,16.0,22.0,36.0,1.069162997705235,4.339039910918447,2,3,dwa,mixed,40036,True,cap_1.4,4.397603299999901,794,0.3954183266932271,False
stall,False,35.1599999999999,22.806383971237384,0.6359628004163691,1.655763548701728,0.42870351227299913,0.19389150873602284,False,0.0,0.13457246262140127,,1.0172352451580704,1758,mixed,40037,0.09270055121386228,True,False,16.0,22.0,36.0,0.7600347229307929,3.0361488610625345,4,1,dwa,mixed,40037,True,cap_1.4,3.974354599995422,21,0.011945392491467578,False
goal,True,29.05999999999947,36.44617428358583,1.2538208146199554,1.136907811839906,0.4828974612396967,0.16761023592609292,False,0.0,0.2995286739964166,,0.5316711294838512,1453,mixed,40038,0.12137017462719892,True,False,16.0,22.0,36.0,1.087547914896784,4.573518959252186,4,1,dwa,mixed,40038,True,cap_1.4,3.0993971999996575,48,0.03303509979353063,True
goal,True,31.679999999999414,36.40925071470227,1.1486109894528915,2.641167052381573,1.1693510726246423,0.26082646578360924,False,0.0,0.2887722085013148,,0.6257068814037895,1584,mixed,40039,0.1488968723122117,False,False,16.0,22.0,36.0,0.7788526595978952,4.463583000707763,4,2,dwa,mixed,40039,True,cap_1.4,3.348783599998569,11,0.006944444444444444,True
stall,False,37.66000000000029,28.842317737257055,0.7564597592607647,1.6134254840111135,0.8082491642960944,0.442285230335664,False,0.0,0.38634239282036775,,1.1891868028703945,1883,mixed,40000,0.1382794740817809,False,False,16.0,22.0,36.0,1.0269549633599504,4.188836833563437,4,2,ppo,mixed,40000,True,cap_1.4,3.8690070000011474,72,0.038236856080722255,False
goal,True,30.35999999999944,36.60322624071486,1.1975869976301954,1.2716636264402361,0.6540991262187794,0.366903136040778,False,0.0,0.5368464960781101,,1.3987978020384897,1518,mixed,40001,0.11759975460084857,False,True,16.0,22.0,36.0,0.7243368133338365,3.1962339098678587,3,3,ppo,mixed,40001,True,cap_1.4,3.202232000003278,13,0.008563899868247694,True
goal,True,27.6199999999995,36.65599981202937,1.3178919996825524,1.234204812533105,0.7290259259689361,0.4642966784135402,False,0.0,0.3721091273970044,,1.2476689495993405,1381,mixed,40002,0.1483565285291978,False,True,16.0,22.0,36.0,0.7508052787243958,4.644611467052789,2,3,ppo,mixed,40002,True,cap_1.4,2.7175525999991805,52,0.03765387400434468,True
goal,True,28.739999999999476,36.896577578307124,1.2722819359434896,1.291156170152512,0.7384511332273401,0.4421539336198278,False,0.0,0.23349473182949063,,1.1733739410987447,1437,mixed,40003,0.13741979681327354,True,False,16.0,22.0,36.0,0.8490167860554859,4.628405710192151,2,3,ppo,mixed,40003,True,cap_1.4,3.043640299998515,77,0.05358385525400139,True
goal,True,27.719999999999498,36.7448067104658,1.3190695559887469,1.9685338152971799,0.7708252001256539,0.417898037075824,False,0.0,0.23788203556117704,,1.2370421427661424,1386,mixed,40004,0.09720936530079487,True,False,16.0,22.0,36.0,1.0795923035566237,3.5362672398920467,2,3,ppo,mixed,40004,True,cap_1.4,2.7611055000015767,31,0.022366522366522368,True
stall,False,26.17999999999953,8.914768178172007,0.33388579889626674,1.102058426939562,0.3221909834387326,0.3226262761782122,False,0.0,0.033975826579279444,,0.5971511410016469,1309,mixed,40005,0.11561613872560209,False,False,16.0,22.0,36.0,0.9560507401347812,4.376729974275946,3,2,ppo,mixed,40005,True,cap_1.4,2.663253699996858,844,0.6447669977081741,False
goal,True,28.07999999999949,36.55782598126235,1.2961741463234533,1.0489824888378776,0.5693458326418495,0.3765038346547173,False,0.0,0.22945104858351748,,1.3147335448686064,1404,mixed,40006,0.10392628678605388,False,False,16.0,22.0,36.0,0.8058562020379452,4.409381050135197,2,2,ppo,mixed,40006,True,cap_1.4,2.828699300000153,58,0.04131054131054131,True
stall,False,27.5999999999995,15.800519080320818,0.5689718452156471,1.1798987182200646,0.3214169473702217,0.269583036562737,False,0.0,0.9336875346203273,,0.8564583524586366,1380,mixed,40007,0.12735084372173167,False,False,16.0,22.0,36.0,0.915670126779264,4.96842277310037,4,3,ppo,mixed,40007,True,cap_1.4,2.8155385999998543,4,0.002898550724637681,False
stall,False,21.419999999999632,9.48442878242173,0.38332096073951155,1.0070613485927495,0.31454403497984756,0.28421605215512746,False,0.0,0.04049229788242714,,0.43930860267260047,1071,mixed,40008,0.10759643124749771,True,True,16.0,22.0,36.0,0.8481775663468065,4.540265161935243,2,2,ppo,mixed,40008,True,cap_1.4,2.335648799999035,758,0.707749766573296,False
off_sidewalk,False,8.319999999999911,8.31124773499434,0.9922897162724638,1.0439496390594885,0.5436073409181279,0.4501538339171867,False,0.0,0.11274716117277145,,0.36504622903659306,416,mixed,40009,0.09809674133696933,False,True,16.0,22.0,36.0,1.0652296151283247,4.265109495877631,4,2,ppo,mixed,40009,True,cap_1.4,0.8705875000014203,57,0.13701923076923078,False
stall,False,18.919999999999686,3.3873697678476566,0.1760399928330362,0.911542082795272,0.06205256399391186,0.22809934395125758,False,0.0,0.17486963285517293,,0.2706153082837505,946,mixed,40010,0.1334382914041298,False,False,16.0,22.0,36.0,0.7030365816185886,3.562988417407127,4,3,ppo,mixed,40010,True,cap_1.4,2.062190999997256,767,0.8107822410147991,False
goal,True,29.09999999999947,36.73753196558808,1.2576442060825819,1.2659554624765703,0.5568132418022536,0.3620094206953352,False,0.0,0.26875161472795783,,1.3835876990831537,1455,mixed,40011,0.09513880113041694,False,True,16.0,22.0,36.0,0.7683395676925482,3.453176512837374,3,3,ppo,mixed,40011,True,cap_1.4,3.0747952000019723,84,0.0577319587628866,True
stall,False,32.5999999999995,23.363623182311073,0.6893233223289374,1.5394510387426732,0.7052794861056294,0.3518030459255343,False,0.0,0.14754475419250146,,1.7392014436243706,1630,mixed,40012,0.12391103662522673,False,False,16.0,22.0,36.0,0.7980316740585215,3.958287936722657,2,1,ppo,mixed,40012,True,cap_1.4,3.198630000006233,50,0.03067484662576687,False
goal,True,28.739999999999476,36.6537048014213,1.2645251101465478,1.4798804084185597,0.9229176460990752,0.48047499256717824,False,0.0,0.2794440456333621,,1.2667002065456596,1437,mixed,40013,0.1431049563468558,False,True,16.0,22.0,36.0,0.7814949933564275,3.2978426504033935,3,3,ppo,mixed,40013,True,cap_1.4,2.8402549999955227,115,0.08002783576896312,True
off_sidewalk,False,17.399999999999718,22.637359471491102,1.2920053349638083,1.12766701018132,0.7225713204540071,0.47216611438449835,False,0.0,0.9549890857800128,,0.7559268370731212,870,mixed,40014,0.13210938383980786,False,False,16.0,22.0,36.0,1.0740210071636749,4.461808336819669,4,1,ppo,mixed,40014,True,cap_1.4,1.7925871999977971,0,0.0,False
goal,True,28.53999999999948,36.69033978083738,1.275362580840592,1.2667508042173181,0.7503186073141719,0.4420305117253923,False,0.0,0.48950882443635024,,1.2247600079923515,1427,mixed,40015,0.14966170601972417,False,True,16.0,22.0,36.0,0.7179454037519601,4.558795213330382,3,3,ppo,mixed,40015,True,cap_1.4,3.002971299996716,89,0.06236860546601261,True
goal,True,28.319999999999485,36.76786679780482,1.2887676462747224,1.2413423292461323,0.7236338216892452,0.47118408042684373,False,0.0,0.023468933954534643,,1.1467906382910165,1416,mixed,40016,0.12726273883470166,False,True,16.0,22.0,36.0,0.8499502930344071,3.9799304934551447,2,3,ppo,mixed,40016,True,cap_1.4,2.941805499998736,17,0.012005649717514125,True
stall,False,36.680000000000135,28.30996684544226,0.7688132114267745,1.1937930770418421,0.7550970858057698,0.26914186863307066,False,0.0,0.7050555299602572,,1.3072961517470276,1834,mixed,40017,0.10617792480799618,True,False,16.0,22.0,36.0,0.8113443294992472,3.020085908641412,4,3,ppo,mixed,40017,True,cap_1.4,3.6810855000003357,46,0.025081788440567066,False
off_sidewalk,False,18.439999999999696,22.449489878453576,1.2121260985734938,1.1030346031246614,0.36889400117884796,0.3205583522697262,False,0.0,0.4333906090410543,,0.8995660916346571,922,mixed,40018,0.116069208165202,True,True,16.0,22.0,36.0,0.7696339718997771,3.1314938087028037,4,3,ppo,mixed,40018,True,cap_1.4,1.963100900000427,45,0.04880694143167028,False
off_sidewalk,False,18.079999999999703,22.591186267383016,1.2390501749689895,0.9654089929571444,0.24067152626863222,0.4551568669294784,False,0.0,0.2743683512553211,,0.7830396098389455,904,mixed,40019,0.10783105943662999,True,False,16.0,22.0,36.0,0.906573083335485,4.495864137350109,4,1,ppo,mixed,40019,True,cap_1.4,1.8674944000013056,78,0.08628318584070796,False
goal,True,27.15999999999951,36.60249522381141,1.3367812360266644,2.103636080115158,0.6768430979422185,0.5274044063831119,False,0.0,0.5136936233830953,,1.1948339588538743,1358,mixed,40020,0.11728344647129728,False,False,16.0,22.0,36.0,1.0784303399483601,3.8980196533822684,2,1,ppo,mixed,40020,True,cap_1.4,2.483035099998233,0,0.0,True
goal,True,28.49999999999948,36.90921967991845,1.2849245360758514,1.3265813238455815,0.8208817008999156,0.47781138978576265,False,0.0,0.4660828061306518,,1.2402495279615267,1425,mixed,40021,0.1349724742931551,False,False,16.0,22.0,36.0,0.7802842716162096,3.5386999951573146,4,2,ppo,mixed,40021,True,cap_1.4,2.828193300003477,74,0.051929824561403506,True
off_sidewalk,False,20.53999999999965,22.975281825606974,1.1071634768795546,1.2533987069145824,0.7375815042941314,0.4697448542012034,False,0.0,0.57456467070523,,0.8079270518107079,1027,mixed,40022,0.14577035564304586,False,False,16.0,22.0,36.0,0.9857899162482915,3.876455550552783,4,3,ppo,mixed,40022,True,cap_1.4,2.1400388999973075,52,0.05063291139240506,False
goal,True,28.97999999999947,36.673854313504876,1.2560199195418422,1.7728311577822362,0.7366049141404679,0.4756493032851133,False,0.0,0.32104456204065435,,1.3561604009914012,1449,mixed,40023,0.13168477062749592,True,False,16.0,22.0,36.0,0.8516422703049387,4.935202389266619,4,3,ppo,mixed,40023,True,cap_1.4,2.957402000000002,105,0.07246376811594203,True
stall,False,36.54000000000011,29.007343844854628,0.7874459771924984,1.35892800526569,0.3470125040004093,0.4198348499968399,False,0.0,0.8784061572293249,,1.1447269951064643,1827,mixed,40024,0.11385203798090476,True,True,16.0,22.0,36.0,1.0306603538535497,3.6198489947184163,2,3,ppo,mixed,40024,True,cap_1.4,3.4541081999996095,0,0.0,False
goal,True,28.859999999999474,36.859403080729315,1.269852123780687,1.4359849377945415,0.5277402160231787,0.3972682878907148,False,0.0,0.05525964766041047,,1.3527156366102613,1443,mixed,40025,0.13728872377668433,False,True,16.0,22.0,36.0,0.8526272218542965,4.173848518190195,4,3,ppo,mixed,40025,True,cap_1.4,2.731783199997153,62,0.042966042966042964,True
stall,False,32.69999999999951,23.349017079171393,0.6826240052329469,2.7369935557920653,1.0157474326355802,0.43702601855002415,False,0.0,0.24780983587328767,,1.6590975635102465,1635,mixed,40026,0.12791466115434708,True,False,16.0,22.0,36.0,1.044141999212794,3.6659385751060407,2,3,ppo,mixed,40026,True,cap_1.4,3.218587799994566,69,0.04220183486238532,False
goal,True,30.239999999999444,37.195214881973854,1.219173901109426,1.1256469497237436,0.6636036407730814,0.4754237352753874,False,0.0,0.17658311951003455,,1.2866402822749543,1512,mixed,40027,0.10375711799575914,False,True,16.0,22.0,36.0,1.053542838541399,4.265938298700595,3,1,ppo,mixed,40027,True,cap_1.4,2.965036300003703,132,0.0873015873015873,True
off_sidewalk,False,16.259999999999742,22.37988674633573,1.3692015696364241,1.0896628827506611,0.7206324630205506,0.4368234146759305,False,0.0,0.7846532888939515,,0.7146286434801152,813,mixed,40028,0.12378022218339735,False,False,16.0,22.0,36.0,0.7216495609265299,4.767537849018466,3,2,ppo,mixed,40028,True,cap_1.4,1.7404520000054617,12,0.014760147601476014,False
goal,True,31.43999999999942,36.70196489139733,1.1615709840547541,1.0832764776927846,0.6258384935341098,0.30522111839421195,False,0.0,0.27355509670401534,,1.7290096089164133,1572,mixed,40029,0.11068266601463561,False,True,16.0,22.0,36.0,0.7120046903057495,3.873518351399377,4,3,ppo,mixed,40029,True,cap_1.4,3.1868250999978045,184,0.11704834605597965,True
off_sidewalk,False,18.3199999999997,22.444358499157264,1.2183487861574014,1.2393363645896507,0.569910544807718,0.36235058653320235,False,0.0,0.47481704821851867,,0.9786772220689729,916,mixed,40030,0.1019701224578749,False,False,16.0,22.0,36.0,0.9708094058038798,4.2320673561172075,4,1,ppo,mixed,40030,True,cap_1.4,1.7731797000014922,31,0.03384279475982533,False
goal,True,28.239999999999487,36.417342909912065,1.281222243421735,1.4184605128101169,0.718482480991344,0.4714808662366835,False,0.0,0.5960958018958762,,1.5119915303278921,1412,mixed,40031,0.11838959127106012,False,False,16.0,22.0,36.0,1.0141076789449541,4.580459609903585,3,1,ppo,mixed,40031,True,cap_1.4,2.652208299994527,16,0.0113314447592068,True
goal,True,40.56000000000074,36.67978275269277,0.895804882556357,1.9221230947339747,0.7895187475942201,0.40789172870722973,False,0.0,0.525028250823511,,1.5171228503172034,2028,mixed,40032,0.1311410067452635,False,False,16.0,22.0,36.0,0.8158921726449161,3.4731275484511577,4,1,ppo,mixed,40032,True,cap_1.4,3.982547200001136,38,0.01873767258382643,True
goal,True,34.499999999999794,36.506706382239734,1.0518910827245487,1.207691084592291,0.7198137752246238,0.3638720573061459,False,0.0,0.10643936572530988,,1.4203985719289474,1725,mixed,40033,0.12691284061082575,False,False,16.0,22.0,36.0,0.7251047910836249,4.406303961790812,2,3,ppo,mixed,40033,True,cap_1.4,3.452387000004819,22,0.012753623188405797,True
stall,False,22.099999999999618,9.219863625887891,0.4129471164508184,1.1782887274435165,0.7514652672972917,0.2817873380218659,False,0.0,0.57523095458906,,0.46502587691052577,1105,mixed,40034,0.11351754956284855,False,False,16.0,22.0,36.0,0.8842371725297713,3.8591991611600687,4,2,ppo,mixed,40034,True,cap_1.4,2.3240932999979123,13,0.011764705882352941,False
goal,True,27.739999999999498,36.64320479905873,1.3112174859236803,1.1823108104073246,0.7057264359082766,0.5150999197193578,False,0.0,0.463254079624005,,1.3336711578089453,1387,mixed,40035,0.12159995420100617,False,True,16.0,22.0,36.0,0.9724730030392097,4.1935511046130625,4,2,ppo,mixed,40035,True,cap_1.4,2.7430257000014535,71,0.05118961788031723,True
collision,False,5.4599999999999715,7.083193277628171,1.29018020523136,1.0030762924507686,0.06940198702479045,0.4224215059627607,False,0.0,-0.003130729373208907,obstacle,0.240842507987552,273,mixed,40036,0.14266727735156232,False,False,16.0,22.0,36.0,1.069162997705235,4.339039910918447,2,3,ppo,mixed,40036,True,cap_1.4,0.5568695000038133,23,0.08424908424908426,False
off_sidewalk,False,16.85999999999973,22.507183744038688,1.3268251270625708,1.0044741591279012,0.43385878631512803,0.4383041835151546,False,0.0,0.5514531809765922,,0.7807195869980291,843,mixed,40037,0.09270055121386228,True,False,16.0,22.0,36.0,0.7600347229307929,3.0361488610625345,4,1,ppo,mixed,40037,True,cap_1.4,1.6996069999950123,21,0.02491103202846975,False
goal,True,30.079999999999448,36.493263507451864,1.2075606397033698,1.2133105925623557,0.5906646706382053,0.37168529370102527,False,0.0,0.5633828093628056,,1.570917917293582,1504,mixed,40038,0.12137017462719892,True,False,16.0,22.0,36.0,1.087547914896784,4.573518959252186,4,1,ppo,mixed,40038,True,cap_1.4,2.943076399998972,93,0.061835106382978726,True
goal,True,28.699999999999477,36.47761628369381,1.2627073695869429,1.974385968483574,0.8242480425978003,0.4648908365234013,False,0.0,0.3513965297217654,,1.507144650329567,1435,mixed,40039,0.1488968723122117,False,False,16.0,22.0,36.0,0.7788526595978952,4.463583000707763,4,2,ppo,mixed,40039,True,cap_1.4,2.871280100000149,51,0.03554006968641115,True
stall,False,40.520000000000735,30.349918755584653,0.7474738325716006,1.3194335264565267,0.8492037571056605,0.2594709204313055,False,0.0,0.06812675302130544,,0.970753086835743,2026,mixed,40000,0.1382794740817809,False,False,16.0,22.0,36.0,1.0269549633599504,4.188836833563437,4,2,dwa,mixed,40000,True,cap_2.0,4.93107919999602,955,0.4713721618953603,False
stall,False,23.119999999999596,7.756275727493365,0.334021696780778,1.3266502723707851,0.05378426324348252,0.23751680844346748,False,0.0,0.1922874449487681,,0.40643181226536923,1156,mixed,40001,0.11759975460084857,False,True,16.0,22.0,36.0,0.7243368133338365,3.1962339098678587,3,3,dwa,mixed,40001,True,cap_2.0,2.9588681000022916,802,0.6937716262975778,False
stall,False,36.38000000000009,28.770625406634316,0.7887430271791698,0.9903980032091397,0.2914561409885914,0.18869865022840224,False,0.0,0.06907754023364732,,0.7583742345647846,1819,mixed,40002,0.1483565285291978,False,True,16.0,22.0,36.0,0.7508052787243958,4.644611467052789,2,3,dwa,mixed,40002,True,cap_2.0,3.9920286999986274,881,0.48433205057724027,False
stall,False,22.279999999999614,7.166016424559486,0.32065005179312295,1.1812210109611556,0.08428824648792249,0.189630776547715,False,0.0,0.2209717765358148,,0.3369459991442774,1114,mixed,40003,0.13741979681327354,True,False,16.0,22.0,36.0,0.8490167860554859,4.628405710192151,2,3,dwa,mixed,40003,True,cap_2.0,2.3349030000026687,814,0.7307001795332136,False
stall,False,23.999999999999577,11.261371329806245,0.46785253494257006,1.120930272272515,0.06708675250127212,0.18559805110861996,False,0.0,0.0878381931729657,,0.3879314377636733,1200,mixed,40004,0.09720936530079487,True,False,16.0,22.0,36.0,1.0795923035566237,3.5362672398920467,2,3,dwa,mixed,40004,True,cap_2.0,2.9707849999977043,147,0.1225,False
goal,True,26.439999999999525,36.328445922974296,1.373973565772964,2.553232446686329,0.6426685203585301,0.2538131341010885,False,0.0,0.24232754316383728,,0.7098197667115158,1322,mixed,40005,0.11561613872560209,False,False,16.0,22.0,36.0,0.9560507401347812,4.376729974275946,3,2,dwa,mixed,40005,True,cap_2.0,2.6919675000026473,268,0.2027231467473525,True
stall,False,27.5399999999995,9.366285528416709,0.3384238982271809,0.9588802380040321,0.07729786884091722,0.16954557377751378,False,0.0,0.061827256844407597,,0.42538231248837033,1377,mixed,40006,0.10392628678605388,False,False,16.0,22.0,36.0,0.8058562020379452,4.409381050135197,2,2,dwa,mixed,40006,True,cap_2.0,3.334965200003353,905,0.6572258533042846,False
stall,False,43.660000000001226,28.894730601621035,0.6606909067132246,1.191648204863492,0.5208956638687899,0.22539226972844684,False,0.0,0.24930714665666187,,0.8777762929179033,2183,mixed,40007,0.12735084372173167,False,False,16.0,22.0,36.0,0.915670126779264,4.96842277310037,4,3,dwa,mixed,40007,True,cap_2.0,5.369159699999727,130,0.05955107650022904,False
stall,False,20.99999999999964,7.333019747408368,0.34757286238155405,1.018392212330349,0.06113933447003964,0.1576855283931268,False,0.0,0.25636877049241685,,0.29936727163675136,1050,mixed,40008,0.10759643124749771,True,True,16.0,22.0,36.0,0.8481775663468065,4.540265161935243,2,2,dwa,mixed,40008,True,cap_2.0,2.238321900003939,749,0.7133333333333334,False
goal,True,39.16000000000052,36.53927017161536,0.9309037263925256,1.2240892411270077,0.45671776086297494,0.23057260183037617,False,0.0,0.2853048427227073,,0.9358607856226643,1958,mixed,40009,0.09809674133696933,False,True,16.0,22.0,36.0,1.0652296151283247,4.265109495877631,4,2,dwa,mixed,40009,True,cap_2.0,4.568429900005867,541,0.2763023493360572,True
goal,True,28.05999999999949,36.22566460921929,1.291028927713643,2.8173445818833587,1.139547696056355,0.2618518446911273,False,0.0,0.0032973466637626903,,0.6045911736000082,1403,mixed,40010,0.1334382914041298,False,False,16.0,22.0,36.0,0.7030365816185886,3.562988417407127,4,3,dwa,mixed,40010,True,cap_2.0,3.209203999998863,211,0.150392017106201,True
stall,False,18.439999999999696,4.998335160580097,0.2697088915513983,0.9426148467580096,0.047220090008991425,0.1391012007245876,False,0.0,0.06965418700141596,,0.24145593790770972,922,mixed,40011,0.09513880113041694,False,True,16.0,22.0,36.0,0.7683395676925482,3.453176512837374,3,3,dwa,mixed,40011,True,cap_2.0,2.579322999998112,819,0.8882863340563991,False
stall,False,30.679999999999435,22.756091479879576,0.7230453411271835,2.5149885932731957,0.5205672169875061,0.24559020592524314,False,0.0,0.3345318530231193,,1.221846647751552,1534,mixed,40012,0.12391103662522673,False,False,16.0,22.0,36.0,0.7980316740585215,3.958287936722657,2,1,dwa,mixed,40012,True,cap_2.0,3.0605192000002717,137,0.08930899608865711,False
collision,False,20.459999999999653,25.98212053070448,1.2695511821711412,1.1765532045070146,0.5243560229922991,0.27552474109254926,False,0.0,-0.0038794287597717636,obstacle,0.5880012580114838,1023,mixed,40013,0.1431049563468558,False,True,16.0,22.0,36.0,0.7814949933564275,3.2978426504033935,3,3,dwa,mixed,40013,True,cap_2.0,2.24230979999993,280,0.27370478983382207,False
goal,True,39.180000000000526,36.126358617206385,0.9214112878272974,2.938773550349532,0.82909705785139,0.23820928421494347,False,0.0,0.07437776775198623,,0.7930754649653621,1959,mixed,40014,0.13210938383980786,False,False,16.0,22.0,36.0,1.0740210071636749,4.461808336819669,4,1,dwa,mixed,40014,True,cap_2.0,4.4288482000047225,107,0.05461970393057682,True
collision,False,4.939999999999983,6.990959030039694,1.4177111506917588,0.9703029087395827,0.07477150593290208,0.25672916308159877,False,0.0,-0.010509397431255951,obstacle,0.17908485575154623,247,mixed,40015,0.14966170601972417,False,True,16.0,22.0,36.0,0.7179454037519601,4.558795213330382,3,3,dwa,mixed,40015,True,cap_2.0,0.6331200999993598,102,0.41295546558704455,False
collision,False,8.199999999999914,10.290237559152285,1.2540965512711897,1.007165691015907,0.07773596014581666,0.2794820265390595,False,0.0,-0.0022831646466162647,obstacle,0.2751939434368693,410,mixed,40016,0.12726273883470166,False,True,16.0,22.0,36.0,0.8499502930344071,3.9799304934551447,2,3,dwa,mixed,40016,True,cap_2.0,1.026910599997791,90,0.21951219512195122,False
goal,True,31.059999999999427,36.26594228422008,1.1674760619525846,2.0344689025714033,0.7612051013006153,0.248445759712012,False,0.0,0.1081245144400168,,0.7129450027261647,1553,mixed,40017,0.10617792480799618,True,False,16.0,22.0,36.0,0.8113443294992472,3.020085908641412,4,3,dwa,mixed,40017,True,cap_2.0,3.650615899998229,189,0.12169993560849968,True
collision,False,8.799999999999901,10.743974765323417,1.220361174341622,1.004211403724026,0.05956403931574736,0.24646436857850182,False,0.0,-0.01077076656502196,obstacle,0.2729219649351873,440,mixed,40018,0.116069208165202,True,True,16.0,22.0,36.0,0.7696339718997771,3.1314938087028037,4,3,dwa,mixed,40018,True,cap_2.0,1.1146288999952958,102,0.2318181818181818,False
goal,True,26.939999999999515,36.16628805698004,1.3428471497265655,1.3600883747680852,0.515726211790528,0.2141556336965848,False,0.0,0.3268229052858628,,0.7303331335090371,1347,mixed,40019,0.10783105943662999,True,False,16.0,22.0,36.0,0.906573083335485,4.495864137350109,4,1,dwa,mixed,40019,True,cap_2.0,2.8797176999942167,341,0.25315515961395696,True
stall,False,42.98000000000112,29.798311018736953,0.6929573373384792,2.8681636875619407,0.7037526544020037,0.1839147504380342,False,0.0,0.5406899430670898,,0.6049842261265818,2149,mixed,40020,0.11728344647129728,False,False,16.0,22.0,36.0,1.0784303399483601,3.8980196533822684,2,1,dwa,mixed,40020,True,cap_2.0,4.152801600001112,2,0.0009306654257794323,False
goal,True,31.699999999999413,37.503811125886685,1.1802771949029316,2.711390491540511,0.9980743756952819,0.290826407162608,False,0.0,0.06553210277538046,,0.8446638560588895,1585,mixed,40021,0.1349724742931551,False,False,16.0,22.0,36.0,0.7802842716162096,3.5386999951573146,4,2,dwa,mixed,40021,True,cap_2.0,3.574194799999532,367,0.23154574132492114,True
stall,False,30.699999999999434,22.726085594889543,0.7243142827098984,2.5168186163066837,0.4943106119345231,0.23552972985249299,False,0.0,0.8407872528158726,,0.9070559895230926,1535,mixed,40022,0.14577035564304586,False,False,16.0,22.0,36.0,0.9857899162482915,3.876455550552783,4,3,dwa,mixed,40022,True,cap_2.0,3.6753853999980493,187,0.12182410423452769,False
goal,True,28.199999999999488,36.31043845376694,1.2866182752014923,2.231954752544049,0.690281845492445,0.26294367653198086,False,0.0,0.11761686356190523,,0.8155848916281736,1410,mixed,40023,0.13168477062749592,True,False,16.0,22.0,36.0,0.8516422703049387,4.935202389266619,4,3,dwa,mixed,40023,True,cap_2.0,3.2677323000025353,316,0.22411347517730495,True
stall,False,43.400000000001185,27.98635243725969,0.6446631276461785,1.0473721335506299,0.09014061849611492,0.13815522892303103,False,0.0,0.36199115303955165,,0.5812278886820651,2170,mixed,40024,0.11385203798090476,True,True,16.0,22.0,36.0,1.0306603538535497,3.6198489947184163,2,3,dwa,mixed,40024,True,cap_2.0,4.646097999997437,0,0.0,False
stall,False,36.880000000000166,27.56123673744185,0.7464271538371124,1.0021347904478073,0.5847335015020493,0.16377103807476864,False,0.0,0.17612014779737306,,0.6324616318598681,1844,mixed,40025,0.13728872377668433,False,True,16.0,22.0,36.0,0.8526272218542965,4.173848518190195,4,3,dwa,mixed,40025,True,cap_2.0,4.297676899994258,875,0.4745119305856833,False
collision,False,9.35999999999989,5.216670913997002,0.5564140917364447,1.0387073154821829,0.07420122277656818,0.2685271457937267,False,0.0,-0.0019912602177784566,obstacle,0.21807019245682152,468,mixed,40026,0.12791466115434708,True,False,16.0,22.0,36.0,1.044141999212794,3.6659385751060407,2,3,dwa,mixed,40026,True,cap_2.0,0.9809318000043277,41,0.0876068376068376,False
stall,False,22.9999999999996,4.491635930550832,0.19212342248846206,1.1776805300749675,0.06713793221671256,0.20714004174043488,False,0.0,0.05865815087456838,,0.36487515500635936,1150,mixed,40027,0.10375711799575914,False,True,16.0,22.0,36.0,1.053542838541399,4.265938298700595,3,1,dwa,mixed,40027,True,cap_2.0,3.060439699998824,881,0.7660869565217391,False
stall,False,39.940000000000644,26.163002709666948,0.6541115821044486,2.4019428767955495,0.5820610237000879,0.19707477947264052,False,0.0,0.31896021968924704,,0.6035072312240399,1997,mixed,40028,0.12378022218339735,False,False,16.0,22.0,36.0,0.7216495609265299,4.767537849018466,3,2,dwa,mixed,40028,True,cap_2.0,4.317439699996612,113,0.05658487731597396,False
goal,True,34.77999999999984,37.29026188785721,1.0700564331491602,1.1739380390610683,0.3934232609421535,0.2367636642416569,False,0.0,0.2459590470970562,,0.8853065481026946,1739,mixed,40029,0.11068266601463561,False,True,16.0,22.0,36.0,0.7120046903057495,3.873518351399377,4,3,dwa,mixed,40029,True,cap_2.0,3.8918396000008215,312,0.1794134560092007,True
stall,False,36.78000000000015,27.396387506231967,0.743078710459493,1.1853490420689692,0.4665570549017371,0.21320480019296068,False,0.0,0.0785482617682326,,0.7931951120565861,1839,mixed,40030,0.1019701224578749,False,False,16.0,22.0,36.0,0.9708094058038798,4.2320673561172075,4,1,dwa,mixed,40030,True,cap_2.0,4.203271500002302,226,0.12289287656334964,False
stall,False,30.079999999999448,8.719994727029789,0.2893389956118581,1.0197128421944104,0.08612423572357195,0.11061489652295574,False,0.0,0.25823375089473544,,0.3037134377508137,1504,mixed,40031,0.11838959127106012,False,False,16.0,22.0,36.0,1.0141076789449541,4.580459609903585,3,1,dwa,mixed,40031,True,cap_2.0,3.2050707999951555,424,0.28191489361702127,False
goal,True,26.319999999999528,36.18877341018513,1.374967434374448,2.5035315996133805,0.790675980122797,0.26183941876756933,False,0.0,0.29018616925316054,,0.5585431902512545,1316,mixed,40032,0.1311410067452635,False,False,16.0,22.0,36.0,0.8158921726449161,3.4731275484511577,4,1,dwa,mixed,40032,True,cap_2.0,2.6991181999983382,36,0.02735562310030395,True
stall,False,23.199999999999594,10.296394670287533,0.4423820872655938,1.054769183536276,0.07288533748144803,0.16750761571679934,False,0.0,0.07008989786046965,,0.37953385551010504,1160,mixed,40033,0.12691284061082575,False,False,16.0,22.0,36.0,0.7251047910836249,4.406303961790812,2,3,dwa,mixed,40033,True,cap_2.0,2.892045499997039,779,0.6715517241379311,False
stall,False,20.65999999999965,7.644983694440849,0.3693258819513046,0.9932370863878288,0.059259015404512706,0.14956225403737436,False,0.0,0.1392428652330181,,0.32497627917094496,1033,mixed,40034,0.11351754956284855,False,False,16.0,22.0,36.0,0.8842371725297713,3.8591991611600687,4,2,dwa,mixed,40034,True,cap_2.0,2.3054718999992474,777,0.7521781219748306,False
stall,False,23.159999999999595,8.129781403869327,0.34927351779793303,1.0676656847157961,0.08147600211218099,0.2079812913941571,False,0.0,0.09216608355168399,,0.4231762770563192,1158,mixed,40035,0.12159995420100617,False,True,16.0,22.0,36.0,0.9724730030392097,4.1935511046130625,4,2,dwa,mixed,40035,True,cap_2.0,3.274004099999729,237,0.20466321243523317,False
goal,True,22.679999999999605,36.10918881469046,1.5924447877709096,2.750393486543928,0.8955745905349335,0.26436396388326294,False,0.0,0.0925824801133146,,0.6279148146689043,1134,mixed,40036,0.14266727735156232,False,False,16.0,22.0,36.0,1.069162997705235,4.339039910918447,2,3,dwa,mixed,40036,True,cap_2.0,2.3300692999982857,117,0.10317460317460317,True
stall,False,30.35999999999944,6.269539492811004,0.20524652741146845,1.087825826476235,0.05404197649248213,0.14214129004516576,False,0.0,0.10525950001345691,,0.3361268215191082,1518,mixed,40037,0.09270055121386228,True,False,16.0,22.0,36.0,0.7600347229307929,3.0361488610625345,4,1,dwa,mixed,40037,True,cap_2.0,3.5838146999958553,1168,0.769433465085639,False
goal,True,25.919999999999536,36.210433686198606,1.3971754837398132,2.435287602013612,0.695865802162309,0.22940791628121043,False,0.0,0.18564815945056357,,0.6121159906740362,1296,mixed,40038,0.12137017462719892,True,False,16.0,22.0,36.0,1.087547914896784,4.573518959252186,4,1,dwa,mixed,40038,True,cap_2.0,2.9241815999994287,229,0.17669753086419754,True
stall,False,43.76000000000124,30.852775532377954,0.7037519326705263,3.1036157567865987,0.8584769845746735,0.23222446338323047,True,0.0002742230347349177,0.34186694532861484,,0.8439329895639497,2188,mixed,40039,0.1488968723122117,False,False,16.0,22.0,36.0,0.7788526595978952,4.463583000707763,4,2,dwa,mixed,40039,True,cap_2.0,5.0722182000026805,181,0.08272394881170018,False
stall,False,31.499999999999417,27.88054407828823,0.8781547251666667,2.430984229853144,0.8869637218304567,0.4862845388550487,False,0.0,0.4082921858164533,,1.40131362077988,1575,mixed,40000,0.1382794740817809,False,False,16.0,22.0,36.0,1.0269549633599504,4.188836833563437,4,2,ppo,mixed,40000,True,cap_2.0,3.170935999994981,250,0.15873015873015872,False
goal,True,23.35999999999959,36.47480041163488,1.556487249546569,1.3070579872033488,0.7534036383222981,0.4200803289622401,False,0.0,0.5426839091286491,,1.6548001384946427,1168,mixed,40001,0.11759975460084857,False,True,16.0,22.0,36.0,0.7243368133338365,3.1962339098678587,3,3,ppo,mixed,40001,True,cap_2.0,2.339466600002197,226,0.1934931506849315,True
goal,True,20.819999999999645,36.923034482376956,1.7649993024350803,1.3005750626581005,0.7223160725405717,0.5121878324749424,False,0.0,0.385802225002034,,1.4860297764689414,1041,mixed,40002,0.1483565285291978,False,True,16.0,22.0,36.0,0.7508052787243958,4.644611467052789,2,3,ppo,mixed,40002,True,cap_2.0,1.9241813999979058,198,0.19020172910662825,True
goal,True,21.05999999999964,36.668312696828295,1.7346195312647714,1.9111837515566483,1.1472640558874505,0.4719679632987115,False,0.0,0.44527767029111387,,1.279246854958611,1053,mixed,40003,0.13741979681327354,True,False,16.0,22.0,36.0,0.8490167860554859,4.628405710192151,2,3,ppo,mixed,40003,True,cap_2.0,2.0842499999998836,247,0.2345679012345679,True
goal,True,20.699999999999648,36.72803489336464,1.7664003973631903,3.0691421229560825,0.9147702528232745,0.5448406426438268,True,0.0005797101449275362,0.2921138732016698,,1.4500495017329447,1035,mixed,40004,0.09720936530079487,True,False,16.0,22.0,36.0,1.0795923035566237,3.5362672398920467,2,3,ppo,mixed,40004,True,cap_2.0,1.9316762999951607,233,0.2251207729468599,False
stall,False,26.039999999999534,8.962602111622246,0.33727397659664465,1.3730107045891395,0.3579301049891104,0.34061123974003155,False,0.0,0.007063616972988462,,0.6717521674602787,1302,mixed,40005,0.11561613872560209,False,False,16.0,22.0,36.0,0.9560507401347812,4.376729974275946,3,2,ppo,mixed,40005,True,cap_2.0,2.6373142000011285,946,0.7265745007680492,False
goal,True,20.699999999999648,36.59941550432641,1.758978603633026,2.448603907405816,0.8934186249504003,0.5423476845554354,False,0.0,0.2595927221229607,,1.4275386340296692,1035,mixed,40006,0.10392628678605388,False,False,16.0,22.0,36.0,0.8058562020379452,4.409381050135197,2,2,ppo,mixed,40006,True,cap_2.0,2.0251686999981757,232,0.22415458937198068,True
goal,True,38.860000000000475,36.419836264943,0.9318965014258067,3.3957928142441762,3.37822711179326,0.37669704945184823,True,0.0002058672156459084,0.4179290097537949,,2.19894973989881,1943,mixed,40007,0.12735084372173167,False,False,16.0,22.0,36.0,0.915670126779264,4.96842277310037,4,3,ppo,mixed,40007,True,cap_2.0,3.6966643999985536,506,0.26042202779207413,False
goal,True,20.339999999999655,36.68319043276028,1.7969338182986774,1.0119092388462796,0.11512702113773955,0.4264889643697173,False,0.0,0.3175403372530514,,1.1539705296982503,1017,mixed,40008,0.10759643124749771,True,True,16.0,22.0,36.0,0.8481775663468065,4.540265161935243,2,2,ppo,mixed,40008,True,cap_2.0,1.98531379999622,147,0.14454277286135694,True
off_sidewalk,False,4.479999999999992,6.466007402853229,1.436789098965311,1.1956245305923212,0.39679788177348885,0.5968938905910107,False,0.0,0.849730724863375,,0.3521711443041956,224,mixed,40009,0.09809674133696933,False,True,16.0,22.0,36.0,1.0652296151283247,4.265109495877631,4,2,ppo,mixed,40009,True,cap_2.0,0.5063279000023613,73,0.32589285714285715,False
stall,False,16.939999999999728,2.979661442358117,0.16962724210061894,1.2689742360345415,0.06719933438135693,0.23675398468386308,False,0.0,0.6367283111958887,,0.2808558122773102,847,mixed,40010,0.1334382914041298,False,False,16.0,22.0,36.0,0.7030365816185886,3.562988417407127,4,3,ppo,mixed,40010,True,cap_2.0,1.7509356000009575,11,0.012987012987012988,False
off_sidewalk,False,3.3400000000000025,4.791254203839997,1.4279134099841555,1.0013591388207628,0.43063303367962186,0.5635604348957571,False,0.0,0.7771168908335306,,0.24994445193051112,167,mixed,40011,0.09513880113041694,False,True,16.0,22.0,36.0,0.7683395676925482,3.453176512837374,3,3,ppo,mixed,40011,True,cap_2.0,0.3158655000006547,61,0.3652694610778443,False
goal,True,21.91999999999962,36.8684824454066,1.6736662296001745,2.0799128475336803,0.9030148791822482,0.5179650151015264,False,0.0,0.1561746238540619,,1.3733837986212065,1096,mixed,40012,0.12391103662522673,False,False,16.0,22.0,36.0,0.7980316740585215,3.958287936722657,2,1,ppo,mixed,40012,True,cap_2.0,2.1822581000014907,279,0.2545620437956204,True
goal,True,23.719999999999583,36.475137505408924,1.531929153059232,1.350000024066764,0.5363275494948668,0.4564074372392134,False,0.0,0.30937291766483777,,1.6353988489882234,1186,mixed,40013,0.1431049563468558,False,True,16.0,22.0,36.0,0.7814949933564275,3.2978426504033935,3,3,ppo,mixed,40013,True,cap_2.0,2.3172589000023436,427,0.3600337268128162,True
stall,False,25.67999999999954,15.748194755042054,0.6097473638434681,1.4887248857969133,0.47716304369638657,0.25520666622809307,False,0.0,1.2953491268833508,,1.100181834386407,1284,mixed,40014,0.13210938383980786,False,False,16.0,22.0,36.0,1.0740210071636749,4.461808336819669,4,1,ppo,mixed,40014,True,cap_2.0,2.3352613000024576,67,0.05218068535825545,False
goal,True,20.439999999999653,36.70734432262378,1.788349422432291,1.2488910557573143,0.6398159515484035,0.47709116074833613,False,0.0,0.5347782875555548,,1.4055119612319136,1022,mixed,40015,0.14966170601972417,False,True,16.0,22.0,36.0,0.7179454037519601,4.558795213330382,3,3,ppo,mixed,40015,True,cap_2.0,1.9717339999988326,169,0.16536203522504891,True
goal,True,23.31999999999959,36.64579303716542,1.5643367982519636,1.4093870478074293,0.822877612151372,0.4776271666813742,False,0.0,0.012877939004993233,,1.2768253410427541,1166,mixed,40016,0.12726273883470166,False,True,16.0,22.0,36.0,0.8499502930344071,3.9799304934551447,2,3,ppo,mixed,40016,True,cap_2.0,2.2333596000025864,116,0.09948542024013722,True
stall,False,39.940000000000644,27.19262665904192,0.6734235555271231,1.7658378908203376,0.9007844783485099,0.36083859155280545,False,0.0,0.4166688936360827,,1.262855676490956,1997,mixed,40017,0.10617792480799618,True,False,16.0,22.0,36.0,0.8113443294992472,3.020085908641412,4,3,ppo,mixed,40017,True,cap_2.0,4.164325099998678,277,0.1387080620931397,False
stall,False,33.299999999999606,30.537435939586935,0.9113567343240838,1.2220568221232544,0.12430825547885398,0.4023509846401078,False,0.0,0.5238664014522131,,1.3511608354161018,1665,mixed,40018,0.116069208165202,True,True,16.0,22.0,36.0,0.7696339718997771,3.1314938087028037,4,3,ppo,mixed,40018,True,cap_2.0,3.364983999999822,255,0.15315315315315314,False
goal,True,23.699999999999584,36.51999743518607,1.5299078564708295,2.4942990459416494,1.0901878404919823,0.500125692910333,False,0.0,0.25682311317999307,,1.7506365228764607,1185,mixed,40019,0.10783105943662999,True,False,16.0,22.0,36.0,0.906573083335485,4.495864137350109,4,1,ppo,mixed,40019,True,cap_2.0,2.4356219000037527,468,0.3949367088607595,True
goal,True,19.17999999999968,36.467095864007774,1.893092478740142,2.780252382769113,1.039913632556893,0.6582065621182689,False,0.0,0.6334852849246668,,1.5311970542372844,959,mixed,40020,0.11728344647129728,False,False,16.0,22.0,36.0,1.0784303399483601,3.8980196533822684,2,1,ppo,mixed,40020,True,cap_2.0,1.678171999999904,7,0.0072992700729927005,True
goal,True,23.779999999999582,36.70620607533939,1.534118129058278,1.809817746026906,0.830426411828873,0.5198186182520712,False,0.0,0.4823038199384163,,1.5695786978689779,1189,mixed,40021,0.1349724742931551,False,False,16.0,22.0,36.0,0.7802842716162096,3.5386999951573146,4,2,ppo,mixed,40021,True,cap_2.0,2.4932183000055375,260,0.21867115222876365,True
goal,True,26.61999999999952,37.109247735522025,1.3829790630025744,3.714707144897603,1.0278768007961558,0.5818347641220777,True,0.0012021036814425245,0.5414315363126786,,1.6662449262025973,1331,mixed,40022,0.14577035564304586,False,False,16.0,22.0,36.0,0.9857899162482915,3.876455550552783,4,3,ppo,mixed,40022,True,cap_2.0,2.6265738000001875,256,0.19233658903080392,False
goal,True,21.91999999999962,36.65333995395297,1.6635013792659827,1.96254005215527,1.0083830250136772,0.54123564535884,False,0.0,0.2907768336812292,,1.5091042080562305,1096,mixed,40023,0.13168477062749592,True,False,16.0,22.0,36.0,0.8516422703049387,4.935202389266619,4,3,ppo,mixed,40023,True,cap_2.0,2.3332459000012022,366,0.33394160583941607,True
stall,False,30.89999999999943,30.007125382665336,0.9664991246542676,1.8045003266196646,0.49242483656757297,0.4591630501041214,False,0.0,0.1545579824266921,,1.4228399505439155,1545,mixed,40024,0.11385203798090476,True,True,16.0,22.0,36.0,1.0306603538535497,3.6198489947184163,2,3,ppo,mixed,40024,True,cap_2.0,2.94655779999448,771,0.49902912621359224,False
stall,False,31.43999999999942,26.319782914880715,0.8327342798401156,1.3110735969753617,0.6556684247021214,0.37308326400743214,False,0.0,0.0639543815245982,,1.4787259776873452,1572,mixed,40025,0.13728872377668433,False,True,16.0,22.0,36.0,0.8526272218542965,4.173848518190195,4,3,ppo,mixed,40025,True,cap_2.0,3.2650054000041564,131,0.08333333333333333,False
goal,True,25.559999999999544,36.93969400215633,1.4352521856688654,1.7446408664491577,0.8966900324813781,0.5584089165403815,False,0.0,0.25853179861034636,,1.516815384735595,1278,mixed,40026,0.12791466115434708,True,False,16.0,22.0,36.0,1.044141999212794,3.6659385751060407,2,3,ppo,mixed,40026,True,cap_2.0,2.6587994000001345,422,0.3302034428794992,True
goal,True,25.69999999999954,36.868629885896205,1.424285090935534,1.234484408301946,0.7355456698400583,0.506031811484948,False,0.0,0.10420410099524882,,1.4396469619300472,1285,mixed,40027,0.10375711799575914,False,True,16.0,22.0,36.0,1.053542838541399,4.265938298700595,3,1,ppo,mixed,40027,True,cap_2.0,2.624973299993144,556,0.43268482490272375,True
goal,True,19.499999999999673,36.454444738745195,1.8624440060594465,1.6806952445815166,1.0094637572336018,0.509295865545437,False,0.0,0.4866140451003981,,1.4669687924812937,975,mixed,40028,0.12378022218339735,False,False,16.0,22.0,36.0,0.7216495609265299,4.767537849018466,3,2,ppo,mixed,40028,True,cap_2.0,2.005301800003508,118,0.12102564102564102,True
off_sidewalk,False,3.4000000000000026,5.329854926637704,1.560501591559351,1.068811312853343,0.6558808170102262,0.49273617285177695,False,0.0,0.39438996851252217,,0.2655615858351282,170,mixed,40029,0.11068266601463561,False,True,16.0,22.0,36.0,0.7120046903057495,3.873518351399377,4,3,ppo,mixed,40029,True,cap_2.0,0.3854648000051384,41,0.2411764705882353,False
goal,True,23.779999999999582,36.704841100579614,1.5335497874155828,1.7822165624687079,0.7514645036547402,0.5088503743382282,False,0.0,0.4159530073829777,,1.40851680487898,1189,mixed,40030,0.1019701224578749,False,False,16.0,22.0,36.0,0.9708094058038798,4.2320673561172075,4,1,ppo,mixed,40030,True,cap_2.0,2.445882200001506,358,0.3010933557611438,True
goal,True,21.339999999999634,36.318378587041856,1.6963902073452377,2.193251535401173,0.8958342750653117,0.5392461484017503,False,0.0,0.5697073085235218,,1.8981359373566093,1067,mixed,40031,0.11838959127106012,False,False,16.0,22.0,36.0,1.0141076789449541,4.580459609903585,3,1,ppo,mixed,40031,True,cap_2.0,2.1415465000027325,168,0.15745079662605435,True
goal,True,20.959999999999642,36.55488880360507,1.733900186790698,2.302374450654835,1.099894566346068,0.5765676577329326,False,0.0,0.4443469302602957,,1.4705476713455155,1048,mixed,40032,0.1311410067452635,False,False,16.0,22.0,36.0,0.8158921726449161,3.4731275484511577,4,1,ppo,mixed,40032,True,cap_2.0,1.9894241000001784,168,0.16030534351145037,True
goal,True,20.439999999999653,36.39896760567519,1.7754511092818988,2.1797776197620715,1.1852827558049999,0.44912468794504634,False,0.0,0.10897616099465307,,1.5245108894655788,1022,mixed,40033,0.12691284061082575,False,False,16.0,22.0,36.0,0.7251047910836249,4.406303961790812,2,3,ppo,mixed,40033,True,cap_2.0,2.011742399998184,139,0.1360078277886497,True
goal,True,22.619999999999607,36.62538422128861,1.614836807446317,1.6913883226724507,0.6973891077630742,0.42835533378792506,False,0.0,0.5547694971206458,,2.017195310434779,1131,mixed,40034,0.11351754956284855,False,False,16.0,22.0,36.0,0.8842371725297713,3.8591991611600687,4,2,ppo,mixed,40034,True,cap_2.0,2.2595915000056266,303,0.26790450928381965,True
goal,True,20.259999999999657,36.642686759280956,1.7992823487300729,1.2531711164959205,0.7732309190948983,0.6332695112838006,False,0.0,0.4707091490267592,,1.5623836511334286,1013,mixed,40035,0.12159995420100617,False,True,16.0,22.0,36.0,0.9724730030392097,4.1935511046130625,4,2,ppo,mixed,40035,True,cap_2.0,2.046033200000238,178,0.175715695952616,True
stall,False,26.019999999999534,11.138945671219826,0.42357841448149564,1.2180130777998595,0.09210323055292172,0.31425934164548763,False,0.0,0.1836694250686569,,0.7339608858536083,1301,mixed,40036,0.14266727735156232,False,False,16.0,22.0,36.0,1.069162997705235,4.339039910918447,2,3,ppo,mixed,40036,True,cap_2.0,2.606514300001436,807,0.6202920830130668,False
off_sidewalk,False,13.659999999999798,22.375804742142076,1.631051029717771,1.7785682083189565,0.5413648441157468,0.536811743821326,False,0.0,0.5207906270567084,,0.9500812512333667,683,mixed,40037,0.09270055121386228,True,False,16.0,22.0,36.0,0.7600347229307929,3.0361488610625345,4,1,ppo,mixed,40037,True,cap_2.0,1.376696200000879,133,0.19472913616398244,False
goal,True,23.239999999999593,36.51967799833544,1.5655231052458258,1.3000381871432458,0.4408108607362625,0.46204326925367883,False,0.0,0.5114591566746315,,1.777793675117944,1162,mixed,40038,0.12137017462719892,True,False,16.0,22.0,36.0,1.087547914896784,4.573518959252186,4,1,ppo,mixed,40038,True,cap_2.0,2.2395900999981677,312,0.2685025817555938,True
goal,True,22.37999999999961,36.575496554865104,1.6258085879739148,1.4723174473695846,0.9672750492066712,0.47731065866135225,False,0.0,0.41966649624246877,,1.810788540065474,1119,mixed,40039,0.1488968723122117,False,False,16.0,22.0,36.0,0.7788526595978952,4.463583000707763,4,2,ppo,mixed,40039,True,cap_2.0,2.2186136999953305,269,0.24039320822162646,True
stall,False,45.4000000000015,30.168913098401827,0.6632303963391596,2.8063638525563364,0.8316664958743407,0.2766356165711127,False,0.0,0.22960883127997253,,1.1294545407600585,2270,mixed,40000,0.1382794740817809,False,False,16.0,22.0,36.0,1.0269549633599504,4.188836833563437,4,2,dwa,mixed,40000,True,cap_2.6,5.067072099998768,219,0.09647577092511013,False
stall,False,28.439999999999483,7.773093617581076,0.2714710201346174,1.0243883400405787,0.030944969267089978,0.17417541824100063,False,0.0,0.23756126536977656,,0.36128171739267373,1422,mixed,40001,0.11759975460084857,False,True,16.0,22.0,36.0,0.7243368133338365,3.1962339098678587,3,3,dwa,mixed,40001,True,cap_2.6,3.4391581999952905,818,0.5752461322081576,False
stall,False,31.87999999999941,3.7032056431586997,0.11510700850030801,0.9191951175751896,0.05716452833712025,0.12717420187692363,False,0.0,0.4017812910890525,,0.3380078296487927,1594,mixed,40002,0.1483565285291978,False,True,16.0,22.0,36.0,0.7508052787243958,4.644611467052789,2,3,dwa,mixed,40002,True,cap_2.6,3.7794723999977577,34,0.02132998745294856,False
stall,False,23.299999999999592,7.2153716304466275,0.30852020403592056,1.269231927954638,0.0870843344464209,0.19521317988135461,False,0.0,0.19005250590732065,,0.35463596030047617,1165,mixed,40003,0.13741979681327354,True,False,16.0,22.0,36.0,0.8490167860554859,4.628405710192151,2,3,dwa,mixed,40003,True,cap_2.6,2.590952300000936,834,0.7158798283261802,False
off_sidewalk,False,8.079999999999917,10.899555454739899,1.3475178077978067,1.2851488137097784,0.30004546126291487,0.4332215515947895,False,0.0,0.31004659435063275,,0.4264901658656185,404,mixed,40004,0.09720936530079487,True,False,16.0,22.0,36.0,1.0795923035566237,3.5362672398920467,2,3,dwa,mixed,40004,True,cap_2.6,0.9284505999967223,189,0.46782178217821785,False
off_sidewalk,False,5.639999999999968,6.6187954837815095,1.1729705959155774,1.0083075603237088,0.3402941759348177,0.4229785149967129,False,0.0,0.35428652676225225,,0.3214558140288297,282,mixed,40005,0.11561613872560209,False,False,16.0,22.0,36.0,0.9560507401347812,4.376729974275946,3,2,dwa,mixed,40005,True,cap_2.6,0.6391703000044799,111,0.39361702127659576,False
stall,False,25.159999999999553,9.349822642267952,0.36966944731777857,0.9497673637171898,0.06949413973264576,0.18426625674896188,False,0.0,0.12717861496729344,,0.44082760966001994,1258,mixed,40006,0.10392628678605388,False,False,16.0,22.0,36.0,0.8058562020379452,4.409381050135197,2,2,dwa,mixed,40006,True,cap_2.6,3.2372823000041535,711,0.5651828298887123,False
stall,False,42.58000000000106,28.9472285004719,0.6765175614021449,1.432350234363738,0.49179314013338465,0.2369653491005727,False,0.0,0.236321832796887,,1.0069934282417095,2129,mixed,40007,0.12735084372173167,False,False,16.0,22.0,36.0,0.915670126779264,4.96842277310037,4,3,dwa,mixed,40007,True,cap_2.6,5.204288600005384,194,0.09112259276655707,False
collision,False,32.459999999999475,28.966731974512534,0.8902220895555768,0.9975811309261816,0.31721256958209393,0.24648939976653234,False,0.0,-0.009891652026051578,obstacle,0.8431054693445733,1623,mixed,40008,0.10759643124749771,True,True,16.0,22.0,36.0,0.8481775663468065,4.540265161935243,2,2,dwa,mixed,40008,True,cap_2.6,3.2821401999972295,287,0.17683302526186076,False
goal,True,31.85999999999941,36.387356734246836,1.1414854478453929,4.490628361691439,0.2270319342461007,0.26465244281950123,True,0.0003766478342749529,0.2636123732400948,,0.9205929745212236,1593,mixed,40009,0.09809674133696933,False,True,16.0,22.0,36.0,1.0652296151283247,4.265109495877631,4,2,dwa,mixed,40009,True,cap_2.6,3.5747293999957037,397,0.24921531701192717,False
goal,True,31.29999999999942,36.213343640298596,1.1565502636641887,3.2427678822739034,0.8268918705056181,0.2870681291433602,True,0.0005111821086261981,0.3272121380071048,,0.8314726697397001,1565,mixed,40010,0.1334382914041298,False,False,16.0,22.0,36.0,0.7030365816185886,3.562988417407127,4,3,dwa,mixed,40010,True,cap_2.6,3.5734436999991885,38,0.02428115015974441,False
off_sidewalk,False,31.41999999999942,30.187693974000563,0.9593298745855118,1.4682751326685526,0.43329429612056375,0.3082100635669188,False,0.0,0.06992786908707094,,1.0228034420871202,1571,mixed,40011,0.09513880113041694,False,True,16.0,22.0,36.0,0.7683395676925482,3.453176512837374,3,3,dwa,mixed,40011,True,cap_2.6,3.4622476999938954,585,0.3723742838956079,False
goal,True,25.27999999999955,36.55081503405389,1.4452803501813791,2.177503510905862,0.9395583807412653,0.29882176391829296,False,0.0,0.2728544907117546,,0.828417007882541,1264,mixed,40012,0.12391103662522673,False,False,16.0,22.0,36.0,0.7980316740585215,3.958287936722657,2,1,dwa,mixed,40012,True,cap_2.6,2.468553599996085,159,0.12579113924050633,True
stall,False,37.82000000000031,25.860706850110407,0.6824805942789424,1.419790932210264,0.3294400112944387,0.2583282239735,False,0.0,0.1147232990922129,,0.957285903355613,1891,mixed,40013,0.1431049563468558,False,True,16.0,22.0,36.0,0.7814949933564275,3.2978426504033935,3,3,dwa,mixed,40013,True,cap_2.6,4.2042465999984415,774,0.4093072448439979,False
stall,False,26.519999999999524,10.600836991386926,0.39862575715202303,1.0964624558725504,0.08779275186177501,0.22439288965984275,False,0.0,0.23266030086557388,,0.5324278465146992,1326,mixed,40014,0.13210938383980786,False,False,16.0,22.0,36.0,1.0740210071636749,4.461808336819669,4,1,dwa,mixed,40014,True,cap_2.6,2.7513441999981296,788,0.5942684766214178,False
collision,False,4.999999999999981,7.022540580773103,1.4065719787183864,0.9615324646655656,0.07572621236844637,0.2535848094455329,False,0.0,-0.0030037958586817126,obstacle,0.16903611508156965,250,mixed,40015,0.14966170601972417,False,True,16.0,22.0,36.0,0.7179454037519601,4.558795213330382,3,3,dwa,mixed,40015,True,cap_2.6,0.5477943000005325,109,0.436,False
collision,False,8.439999999999909,10.368666432127295,1.2278801142225864,1.1082314131020319,0.07888350800487272,0.2895415325485002,False,0.0,-0.007229187961390049,obstacle,0.31502446590876343,422,mixed,40016,0.12726273883470166,False,True,16.0,22.0,36.0,0.8499502930344071,3.9799304934551447,2,3,dwa,mixed,40016,True,cap_2.6,1.0674390999993193,74,0.17535545023696683,False
goal,True,30.599999999999437,36.33638768677989,1.1874733200067182,1.7374794435132108,0.8052782699377831,0.2509071494649235,False,0.0,0.30854358260882286,,0.7799720286140357,1530,mixed,40017,0.10617792480799618,True,False,16.0,22.0,36.0,0.8113443294992472,3.020085908641412,4,3,dwa,mixed,40017,True,cap_2.6,3.5352512000026763,240,0.1568627450980392,True
goal,True,24.27999999999957,36.317199140263014,1.4959187240258027,1.1866065397193333,0.0972783320209359,0.2815913437160862,False,0.0,0.0909296870961156,,0.908295955827431,1214,mixed,40018,0.116069208165202,True,True,16.0,22.0,36.0,0.7696339718997771,3.1314938087028037,4,3,dwa,mixed,40018,True,cap_2.6,2.785458099999232,189,0.1556836902800659,True
off_sidewalk,False,22.799999999999603,30.240473330710373,1.3225412708195847,1.045901972665701,0.5594414746352091,0.30798953416814867,False,0.0,0.34565893092041655,,0.9200564190374975,1140,mixed,40019,0.10783105943662999,True,False,16.0,22.0,36.0,0.906573083335485,4.495864137350109,4,1,dwa,mixed,40019,True,cap_2.6,2.3995690000010654,279,0.24473684210526317,False
stall,False,41.66000000000091,29.735767231857416,0.7133391944266175,2.9076485442684787,0.7040426476541545,0.20718573909834828,False,0.0,0.6009437227573157,,0.7407177257039859,2083,mixed,40020,0.11728344647129728,False,False,16.0,22.0,36.0,1.0784303399483601,3.8980196533822684,2,1,dwa,mixed,40020,True,cap_2.6,4.010540800001763,0,0.0,False
stall,False,43.80000000000125,29.87132853376849,0.6798853508284719,3.458605424848288,0.972628405738584,0.26682277034314683,True,0.000547945205479452,0.1294404594551562,,0.9462677668905458,2190,mixed,40021,0.1349724742931551,False,False,16.0,22.0,36.0,0.7802842716162096,3.5386999951573146,4,2,dwa,mixed,40021,True,cap_2.6,5.135239199997159,989,0.45159817351598175,False
stall,False,30.199999999999445,22.748632884179234,0.7372025781594669,2.2012125061335275,0.6115518283162984,0.2649348398553993,False,0.0,0.8312409494513562,,1.1342975561426782,1510,mixed,40022,0.14577035564304586,False,False,16.0,22.0,36.0,0.9857899162482915,3.876455550552783,4,3,dwa,mixed,40022,True,cap_2.6,3.3656240000054822,223,0.147682119205298,False
goal,True,28.49999999999948,36.38014204301053,1.2757414120438122,2.248458292311937,0.7134575692310658,0.2907773227547567,False,0.0,0.19629439365560583,,0.9810464168035425,1425,mixed,40023,0.13168477062749592,True,False,16.0,22.0,36.0,0.8516422703049387,4.935202389266619,4,3,dwa,mixed,40023,True,cap_2.6,3.404341599998588,226,0.15859649122807018,True
stall,False,45.18000000000146,27.930762403200447,0.6179849405142069,1.0287652566357541,0.08756234703153012,0.14522460200352005,False,0.0,0.41187652164685806,,0.6686852069971357,2259,mixed,40024,0.11385203798090476,True,True,16.0,22.0,36.0,1.0306603538535497,3.6198489947184163,2,3,dwa,mixed,40024,True,cap_2.6,4.598278400000709,2,0.0008853474988933156,False
stall,False,47.78000000000187,25.72109638337503,0.537431820353357,1.015077812380026,0.5394207707022778,0.1643286417364504,False,0.0,0.2706608783472493,,0.6667853003548552,2389,mixed,40025,0.13728872377668433,False,True,16.0,22.0,36.0,0.8526272218542965,4.173848518190195,4,3,dwa,mixed,40025,True,cap_2.6,5.753544699997292,258,0.10799497697781499,False
stall,False,23.719999999999583,4.971045275227608,0.2085223450927519,1.0444769478249034,0.07085635374792174,0.15766552173199078,False,0.0,0.2724163047058126,,0.3156258925034141,1186,mixed,40026,0.12791466115434708,True,False,16.0,22.0,36.0,1.044141999212794,3.6659385751060407,2,3,dwa,mixed,40026,True,cap_2.6,2.7706796000056784,32,0.026981450252951095,False
stall,False,22.9799999999996,4.656066726812921,0.19946324158938472,1.1076707270629915,0.0678280278352359,0.23808132504643878,False,0.0,0.05415625432818172,,0.4315343049381528,1149,mixed,40027,0.10375711799575914,False,True,16.0,22.0,36.0,1.053542838541399,4.265938298700595,3,1,dwa,mixed,40027,True,cap_2.6,2.9693398000017623,854,0.7432550043516101,False
stall,False,46.00000000000159,26.55550480147146,0.576078963935726,2.355460178344913,0.5782966082709711,0.20753988422949318,False,0.0,0.12361338278146772,,0.8811529971541185,2300,mixed,40028,0.12378022218339735,False,False,16.0,22.0,36.0,0.7216495609265299,4.767537849018466,3,2,dwa,mixed,40028,True,cap_2.6,5.44121350000205,820,0.3565217391304348,False
collision,False,6.319999999999953,4.231400736670063,0.6673719344564114,0.9716992301804245,0.06919281229352023,0.2435797734397785,False,0.0,-0.0019851515972572065,obstacle,0.14373044143316444,316,mixed,40029,0.11068266601463561,False,True,16.0,22.0,36.0,0.7120046903057495,3.873518351399377,4,3,dwa,mixed,40029,True,cap_2.6,0.8336598000023514,18,0.056962025316455694,False
off_sidewalk,False,7.139999999999936,11.07201544892274,1.5475570521498105,0.911993989620201,0.31754553034902255,0.3288161422603056,False,0.0,0.3769763839479193,,0.2780687782195706,357,mixed,40030,0.1019701224578749,False,False,16.0,22.0,36.0,0.9708094058038798,4.2320673561172075,4,1,dwa,mixed,40030,True,cap_2.6,0.9029369999989285,235,0.6582633053221288,False
stall,False,32.49999999999948,8.916992564044037,0.2735288719463491,0.9858202491069145,0.08900795789240071,0.13979424911429122,False,0.0,0.11908042486496204,,0.3864864950767942,1625,mixed,40031,0.11838959127106012,False,False,16.0,22.0,36.0,1.0141076789449541,4.580459609903585,3,1,dwa,mixed,40031,True,cap_2.6,3.695441199997731,766,0.4713846153846154,False
goal,True,24.619999999999564,36.19907859459538,1.4702862071306946,2.6901659721959565,0.7797208427696495,0.28599209454838026,False,0.0,0.09902299489798119,,0.6963681897829979,1231,mixed,40032,0.1311410067452635,False,False,16.0,22.0,36.0,0.8158921726449161,3.4731275484511577,4,1,dwa,mixed,40032,True,cap_2.6,2.6992584000036004,26,0.021121039805036556,True
stall,False,24.41999999999957,10.19796373957006,0.41582454027527704,1.1016734727415824,0.07433258625201673,0.21098540949405817,False,0.0,0.1847982348173418,,0.4563989944904177,1221,mixed,40033,0.12691284061082575,False,False,16.0,22.0,36.0,0.7251047910836249,4.406303961790812,2,3,dwa,mixed,40033,True,cap_2.6,3.047803400004341,806,0.6601146601146601,False
stall,False,21.319999999999634,7.618894213999485,0.35642686664599915,1.0189615779438996,0.05882666949033803,0.1790034418878318,False,0.0,0.1622642803307095,,0.3661069808377037,1066,mixed,40034,0.11351754956284855,False,False,16.0,22.0,36.0,0.8842371725297713,3.8591991611600687,4,2,dwa,mixed,40034,True,cap_2.6,2.5213715999998385,804,0.7542213883677298,False
collision,False,22.119999999999617,28.317910204135064,1.27820630578297,1.075670091025165,0.3379730122805677,0.25846686710263833,False,0.0,-0.005721625662011676,obstacle,0.7414642156398545,1106,mixed,40035,0.12159995420100617,False,True,16.0,22.0,36.0,0.9724730030392097,4.1935511046130625,4,2,dwa,mixed,40035,True,cap_2.6,2.517010700001265,162,0.14647377938517178,False
goal,True,22.719999999999605,36.247652595926965,1.59284463435823,1.8970215135170763,0.7609083155651577,0.3068238924489692,False,0.0,0.09071652788372697,,0.8845693225758359,1136,mixed,40036,0.14266727735156232,False,False,16.0,22.0,36.0,1.069162997705235,4.339039910918447,2,3,dwa,mixed,40036,True,cap_2.6,2.2896905000015977,112,0.09859154929577464,True
stall,False,31.459999999999418,6.274443326402789,0.1983234880295317,1.1964730335611478,0.04136547561918065,0.13841951730978522,False,0.0,0.09578215951668065,,0.3378252767865968,1573,mixed,40037,0.09270055121386228,True,False,16.0,22.0,36.0,0.7600347229307929,3.0361488610625345,4,1,dwa,mixed,40037,True,cap_2.6,3.9897771000032662,1188,0.7552447552447552,False
stall,False,26.539999999999523,7.921247427398656,0.2970408463081306,0.8125527040444768,0.03533300330007809,0.10674022692846902,False,0.0,0.23350304886886109,,0.30071136062968107,1327,mixed,40038,0.12137017462719892,True,False,16.0,22.0,36.0,1.087547914896784,4.573518959252186,4,1,dwa,mixed,40038,True,cap_2.6,3.493201000004774,781,0.5885455915599096,False
stall,False,46.36000000000165,31.182467782950514,0.671101347107631,3.0475540546699067,0.8638174948404156,0.24719913887653186,True,0.0002588438308886972,0.04141625544643296,,1.08964293953671,2318,mixed,40039,0.1488968723122117,False,False,16.0,22.0,36.0,0.7788526595978952,4.463583000707763,4,2,dwa,mixed,40039,True,cap_2.6,5.685399999994843,800,0.3451251078515962,False
goal,True,19.17999999999968,36.7456223131489,1.9054323101859152,3.4349562809723198,1.127234665851759,0.6394030076098941,True,0.001251303441084463,0.20599352639263802,,1.9963030946851128,959,mixed,40000,0.1382794740817809,False,False,16.0,22.0,36.0,1.0269549633599504,4.188836833563437,4,2,ppo,mixed,40000,True,cap_2.6,2.004481299998588,296,0.3086548488008342,False
goal,True,19.59999999999967,36.46609104594616,1.856097646169873,1.2444244571818976,0.6401614937989901,0.46990330270014097,False,0.0,0.546409321136119,,1.8422301346010088,980,mixed,40001,0.11759975460084857,False,True,16.0,22.0,36.0,0.7243368133338365,3.1962339098678587,3,3,ppo,mixed,40001,True,cap_2.6,2.099389400005748,249,0.2540816326530612,True
goal,True,17.119999999999724,36.936256266478914,2.1495449949960057,1.3688061315842666,0.688616225395059,0.5422417776776719,False,0.0,0.4565768482767836,,1.7250272407202223,856,mixed,40002,0.1483565285291978,False,True,16.0,22.0,36.0,0.7508052787243958,4.644611467052789,2,3,ppo,mixed,40002,True,cap_2.6,1.8091595000005327,198,0.23130841121495327,True
goal,True,18.559999999999693,36.60031623625064,1.96326079776337,2.317877668497822,1.0695181976683825,0.5664495679672708,False,0.0,0.42547479159762924,,1.6517280045233722,928,mixed,40003,0.13741979681327354,True,False,16.0,22.0,36.0,0.8490167860554859,4.628405710192151,2,3,ppo,mixed,40003,True,cap_2.6,1.8043474999940372,296,0.31896551724137934,True
goal,True,17.31999999999972,36.76510682197397,2.1157676307948576,2.9007302491508877,1.0190658526544987,0.6042012647513222,False,0.0,0.32307343402077204,,1.701965070776717,866,mixed,40004,0.09720936530079487,True,False,16.0,22.0,36.0,1.0795923035566237,3.5362672398920467,2,3,ppo,mixed,40004,True,cap_2.6,1.7731253999954788,212,0.24480369515011546,True
collision,False,11.099999999999852,8.868109700671683,0.7889648928025587,1.3324862096430121,0.09355313687144806,0.4935583034239229,False,0.0,-0.00484604034634184,obstacle,0.6121138500939499,555,mixed,40005,0.11561613872560209,False,False,16.0,22.0,36.0,0.9560507401347812,4.376729974275946,3,2,ppo,mixed,40005,True,cap_2.6,1.1706436000022222,221,0.3981981981981982,False
goal,True,17.23999999999972,36.49577130006366,2.110308603726948,1.947696258892201,0.8611285054745308,0.5723816088910471,False,0.0,0.20674698706986158,,1.5763584163768478,862,mixed,40006,0.10392628678605388,False,False,16.0,22.0,36.0,0.8058562020379452,4.409381050135197,2,2,ppo,mixed,40006,True,cap_2.6,1.7183593999943696,239,0.27726218097447797,True
goal,True,19.759999999999668,36.884305577159246,1.8582106688133375,2.849160786790016,0.9837161094854887,0.5890582549496423,False,0.0,0.2162573540205697,,1.717113688019176,988,mixed,40007,0.12735084372173167,False,False,16.0,22.0,36.0,0.915670126779264,4.96842277310037,4,3,ppo,mixed,40007,True,cap_2.6,2.0380362999931094,451,0.4564777327935223,True
goal,True,16.139999999999745,36.54268468903751,2.2593351795185983,1.1302392666547636,0.15562148969454195,0.49393386968892417,False,0.0,0.3080985636812249,,1.4386627590689671,807,mixed,40008,0.10759643124749771,True,True,16.0,22.0,36.0,0.8481775663468065,4.540265161935243,2,2,ppo,mixed,40008,True,cap_2.6,1.5472975999946357,139,0.17224287484510534,True
off_sidewalk,False,5.119999999999979,6.735650725173132,1.3076315161840033,1.3909353089690721,0.24531636373623789,0.6349079831411708,False,0.0,0.7706280326520542,,0.45433645736767375,256,mixed,40009,0.09809674133696933,False,True,16.0,22.0,36.0,1.0652296151283247,4.265109495877631,4,2,ppo,mixed,40009,True,cap_2.6,0.5163604999979725,84,0.328125,False
stall,False,16.979999999999727,3.389003934983461,0.19773185729963338,1.476194621766708,0.07848849991826314,0.21624383610381526,False,0.0,0.17981039218543482,,0.31411792212481493,849,mixed,40010,0.1334382914041298,False,False,16.0,22.0,36.0,0.7030365816185886,3.562988417407127,4,3,ppo,mixed,40010,True,cap_2.6,1.7920376000038232,781,0.9199057714958775,False
off_sidewalk,False,2.940000000000002,4.961036617185583,1.6832349253774637,1.43831300192935,0.5082597603560481,0.6060431413613826,False,0.0,0.6695029673718519,,0.28928327062448667,147,mixed,40011,0.09513880113041694,False,True,16.0,22.0,36.0,0.7683395676925482,3.453176512837374,3,3,ppo,mixed,40011,True,cap_2.6,0.31186390000220854,55,0.3741496598639456,False
goal,True,19.439999999999674,36.72800776221286,1.8798873614875566,1.4709065005201494,0.9353859874588215,0.5543430337109858,False,0.0,0.17605190766768286,,1.6430822102081784,972,mixed,40012,0.12391103662522673,False,False,16.0,22.0,36.0,0.7980316740585215,3.958287936722657,2,1,ppo,mixed,40012,True,cap_2.6,1.9814938999988954,292,0.3004115226337449,True
goal,True,20.219999999999658,36.701558595060334,1.8092122518233136,1.4080884178471091,0.592149260688651,0.4852784401566758,False,0.0,0.29650294244616165,,1.8072362382738334,1011,mixed,40013,0.1431049563468558,False,True,16.0,22.0,36.0,0.7814949933564275,3.2978426504033935,3,3,ppo,mixed,40013,True,cap_2.6,2.15442880000046,420,0.41543026706231456,True
goal,True,20.019999999999662,36.42108942352813,1.8128827393215299,2.3292336058357064,0.9582495329166505,0.5642577888486721,False,0.0,1.2933865370994848,,2.287889347092258,1001,mixed,40014,0.13210938383980786,False,False,16.0,22.0,36.0,1.0740210071636749,4.461808336819669,4,1,ppo,mixed,40014,True,cap_2.6,1.8478853999986313,185,0.1848151848151848,True
goal,True,16.939999999999728,36.97484102151587,2.175468412808247,1.3652688742900467,0.7092368729146679,0.5228965484167505,False,0.0,0.4774171496718932,,1.6307517332118189,847,mixed,40015,0.14966170601972417,False,True,16.0,22.0,36.0,0.7179454037519601,4.558795213330382,3,3,ppo,mixed,40015,True,cap_2.6,1.781656600003771,183,0.21605667060212513,True
goal,True,16.979999999999727,36.48123987268054,2.1426405949312177,1.3798218580964192,0.7822581530742814,0.543623959682514,False,0.0,0.016470850339304843,,1.282626447016938,849,mixed,40016,0.12726273883470166,False,True,16.0,22.0,36.0,0.8499502930344071,3.9799304934551447,2,3,ppo,mixed,40016,True,cap_2.6,1.6392360999961966,103,0.12131919905771496,True
goal,True,21.799999999999624,36.8717681942864,1.6863358193870888,1.637687492196221,0.9799651027210327,0.5009327147360967,False,0.0,0.6755712019260993,,1.9278705120364865,1090,mixed,40017,0.10617792480799618,True,False,16.0,22.0,36.0,0.8113443294992472,3.020085908641412,4,3,ppo,mixed,40017,True,cap_2.6,2.3586180999991484,361,0.3311926605504587,True
goal,True,18.65999999999969,37.01055925329082,1.9768953851700874,1.4501159454650887,0.7001515700977675,0.47741852055364686,False,0.0,0.4077111524611563,,1.7143101756640449,933,mixed,40018,0.116069208165202,True,True,16.0,22.0,36.0,0.7696339718997771,3.1314938087028037,4,3,ppo,mixed,40018,True,cap_2.6,2.0461873000022024,342,0.3665594855305466,True
goal,True,19.63999999999967,37.0672411793109,1.8772896402685157,2.7731748871742847,1.010004184655527,0.5605244182648874,False,0.0,0.31864444226262134,,1.6902044928371818,982,mixed,40019,0.10783105943662999,True,False,16.0,22.0,36.0,0.906573083335485,4.495864137350109,4,1,ppo,mixed,40019,True,cap_2.6,2.107577400005539,416,0.42362525458248473,True
goal,True,14.759999999999774,36.52275547833673,2.4666556713955883,2.8878793560659646,1.0958725078604323,0.7037438460692125,False,0.0,0.5809867359424659,,1.6850783180308837,738,mixed,40020,0.11728344647129728,False,False,16.0,22.0,36.0,1.0784303399483601,3.8980196533822684,2,1,ppo,mixed,40020,True,cap_2.6,1.4637742999984766,18,0.024390243902439025,True
stall,False,35.459999999999944,29.652652459220143,0.828362630228167,1.9730921916183146,0.99516268319654,0.438934300877883,False,0.0,0.23966483727597854,,1.6316842427567593,1773,mixed,40021,0.1349724742931551,False,False,16.0,22.0,36.0,0.7802842716162096,3.5386999951573146,4,2,ppo,mixed,40021,True,cap_2.6,4.018057399996906,1067,0.601804850535815,False
off_sidewalk,False,12.719999999999818,22.78589389619612,1.779559050361639,3.386930759504926,0.9230397429428602,0.5972040812153158,True,0.0015723270440251573,1.13516431938142,,1.4100020544427705,636,mixed,40022,0.14577035564304586,False,False,16.0,22.0,36.0,0.9857899162482915,3.876455550552783,4,3,ppo,mixed,40022,True,cap_2.6,1.2592072000043117,209,0.32861635220125784,False
goal,True,19.11999999999968,36.837202731712296,1.9184909520219493,2.096154468861911,0.878773559596059,0.5842310364753504,False,0.0,0.2759817272048042,,1.7796083813729044,956,mixed,40023,0.13168477062749592,True,False,16.0,22.0,36.0,0.8516422703049387,4.935202389266619,4,3,ppo,mixed,40023,True,cap_2.6,1.8503208000038285,395,0.4131799163179916,True
stall,False,27.899999999999494,30.040907141303094,1.0722971223220021,1.636004641579097,0.9373646263945201,0.46859454026417724,False,0.0,0.16846648379669238,,1.6365163332396522,1395,mixed,40024,0.11385203798090476,True,True,16.0,22.0,36.0,1.0306603538535497,3.6198489947184163,2,3,ppo,mixed,40024,True,cap_2.6,2.6831998999987263,784,0.5620071684587814,False
stall,False,34.35999999999977,29.908992161424095,0.8610041815180944,1.5034993350517944,0.744830739504575,0.4536287753201557,False,0.0,0.0772067219372638,,1.7975550907603906,1718,mixed,40025,0.13728872377668433,False,True,16.0,22.0,36.0,0.8526272218542965,4.173848518190195,4,3,ppo,mixed,40025,True,cap_2.6,3.7414283999969484,201,0.1169965075669383,False
goal,True,18.559999999999693,36.594334506735215,1.9646324095613426,1.909968236077212,0.9758023880375412,0.5362644797072822,False,0.0,0.2191614418169594,,1.9240351764402301,928,mixed,40026,0.12791466115434708,True,False,16.0,22.0,36.0,1.044141999212794,3.6659385751060407,2,3,ppo,mixed,40026,True,cap_2.6,1.8907528999989154,270,0.29094827586206895,True
goal,True,19.61999999999967,36.85850772377936,1.8684993258941158,1.9917086288607826,0.6073964327502842,0.5702248464629116,False,0.0,0.21381177964853096,,1.5617453332081919,981,mixed,40027,0.10375711799575914,False,True,16.0,22.0,36.0,1.053542838541399,4.265938298700595,3,1,ppo,mixed,40027,True,cap_2.6,2.3226150999980746,351,0.3577981651376147,True
goal,True,15.939999999999749,36.50891886081624,2.2859300324338845,1.4943716585855589,0.8031577849260334,0.5267785401785674,False,0.0,0.5114259132148505,,1.6656231500866097,797,mixed,40028,0.12378022218339735,False,False,16.0,22.0,36.0,0.7216495609265299,4.767537849018466,3,2,ppo,mixed,40028,True,cap_2.6,1.578070799994748,118,0.1480552070263488,True
goal,True,19.11999999999968,36.77348882893057,1.9174825382033198,1.4161236670737087,0.6672851589457129,0.41287957899273475,False,0.0,0.28778245866916724,,2.1068372338790295,956,mixed,40029,0.11068266601463561,False,True,16.0,22.0,36.0,0.7120046903057495,3.873518351399377,4,3,ppo,mixed,40029,True,cap_2.6,2.314716300003056,321,0.33577405857740583,True
goal,True,20.11999999999966,36.8006233698679,1.8195162202258794,2.196883958672895,0.6741942841994267,0.5715240612354913,False,0.0,0.41939134457493665,,1.6441948493076064,1006,mixed,40030,0.1019701224578749,False,False,16.0,22.0,36.0,0.9708094058038798,4.2320673561172075,4,1,ppo,mixed,40030,True,cap_2.6,2.170936000002257,353,0.3508946322067594,True
goal,True,16.099999999999746,36.49799071606739,2.259169822738812,2.5936093509006444,1.0130285972465614,0.6404485638365514,False,0.0,0.5644845265585928,,1.7905672808327422,805,mixed,40031,0.11838959127106012,False,False,16.0,22.0,36.0,1.0141076789449541,4.580459609903585,3,1,ppo,mixed,40031,True,cap_2.6,1.6567954999991343,135,0.16770186335403728,True
goal,True,18.2599999999997,36.55622851810136,1.9937269397293296,2.252978964076492,1.1287496305656117,0.5745539062700705,False,0.0,0.48595745043988314,,1.6341118837017672,913,mixed,40032,0.1311410067452635,False,False,16.0,22.0,36.0,0.8158921726449161,3.4731275484511577,4,1,ppo,mixed,40032,True,cap_2.6,1.9764288000005763,206,0.22562979189485213,True
goal,True,17.039999999999726,36.37787714179928,2.129883214911398,1.6759073253140089,0.8732158572040222,0.4627196672420002,False,0.0,0.0828089430113031,,1.6971749180745912,852,mixed,40033,0.12691284061082575,False,False,16.0,22.0,36.0,0.7251047910836249,4.406303961790812,2,3,ppo,mixed,40033,True,cap_2.6,1.820454399996379,166,0.19483568075117372,True
goal,True,18.519999999999694,36.725731174649894,1.9759116835007542,1.8170758993707103,0.6676739595938498,0.5306173459571888,False,0.0,0.49245013292816064,,2.0175633360643053,926,mixed,40034,0.11351754956284855,False,False,16.0,22.0,36.0,0.8842371725297713,3.8591991611600687,4,2,ppo,mixed,40034,True,cap_2.6,2.2170580999954836,154,0.16630669546436286,True
goal,True,16.37999999999974,36.59307592164339,2.2272918653998364,1.6380581848271742,0.5817508609113159,0.6617544305424012,False,0.0,0.4797928983971038,,1.7725325889438543,819,mixed,40035,0.12159995420100617,False,True,16.0,22.0,36.0,0.9724730030392097,4.1935511046130625,4,2,ppo,mixed,40035,True,cap_2.6,1.6657764000046882,174,0.21245421245421245,True
goal,True,16.499999999999737,36.9062733258817,2.22704476292042,1.9356644327263295,0.9252261713936752,0.6664297310421016,False,0.0,0.23781474392508734,,1.8928655109849886,825,mixed,40036,0.14266727735156232,False,False,16.0,22.0,36.0,1.069162997705235,4.339039910918447,2,3,ppo,mixed,40036,True,cap_2.6,1.9142554999998538,118,0.14303030303030304,True
goal,True,19.399999999999675,36.61855437041903,1.8795840638641146,2.7106427900006804,1.0780813684600647,0.5493915362273735,False,0.0,0.39796338293689093,,1.6015488589722586,970,mixed,40037,0.09270055121386228,True,False,16.0,22.0,36.0,0.7600347229307929,3.0361488610625345,4,1,ppo,mixed,40037,True,cap_2.6,1.9543150999961654,435,0.4484536082474227,True
goal,True,21.219999999999636,36.56286338380252,1.7149531213034075,2.152202514578858,1.004058702958996,0.531077663480239,False,0.0,0.5183433006660627,,2.0097238590824826,1061,mixed,40038,0.12137017462719892,True,False,16.0,22.0,36.0,1.087547914896784,4.573518959252186,4,1,ppo,mixed,40038,True,cap_2.6,2.275241499999538,412,0.3883129123468426,True
stall,False,31.35999999999942,30.548354815810704,0.9673944044668961,2.3004370924534743,1.0116329366428816,0.4358423616561785,False,0.0,0.48016456028977594,,1.6249764061588823,1568,mixed,40039,0.1488968723122117,False,False,16.0,22.0,36.0,0.7788526595978952,4.463583000707763,4,2,ppo,mixed,40039,True,cap_2.6,2.8176272999990033,227,0.1447704081632653,False
