outcome,success,time_s,path_m,mean_speed,peak_shock_g,peak_shock_vertical_g,shock_rms_g,shock_over_budget,frac_time_over_budget,min_clearance_m,collision_kind,energy_wh,steps,sc_family,sc_seed,sc_kerb_h,sc_ramp_down,sc_ramp_up,sc_x_down,sc_x_up,sc_x_goal,sc_tyre_mu,sc_payload_mass,sc_n_ped,sc_n_obstacle,controller,family,seed,shield,tag,wall_s,interventions,intervention_frac,vehicle,speed_cap
goal,True,23.35999999999959,36.03876002808672,1.543161425899836,1.0144351297482368,0.06623367868354843,0.08905394058568765,False,0.0,,,0.33873467056176,1168,flat_clear,5000,0.0,False,False,1000.0,1000.0,36.0,0.8421893577539279,3.1106926377148136,0,0,mppi,flat_clear,5000,True,standard,246.594253999996,0,0.0,optimized,2.0
goal,True,23.559999999999587,36.051264291465145,1.5303457453840392,1.0412445617026538,0.07213769476464861,0.09663945614590616,False,0.0,,,0.3681687694421964,1178,flat_clear,5001,0.0,False,False,1000.0,1000.0,36.0,1.0085497877150973,3.463029867560513,0,0,mppi,flat_clear,5001,True,standard,249.3665966000044,0,0.0,optimized,2.0
goal,True,23.37999999999959,36.07413851038714,1.5433091177571119,0.9026422249900162,0.05536576447041635,0.08591221606284219,False,0.0,,,0.34859954923520425,1169,flat_clear,5002,0.0,False,False,1000.0,1000.0,36.0,1.006598628122048,3.903147756916806,0,0,mppi,flat_clear,5002,True,standard,247.1607487000001,0,0.0,optimized,2.0
goal,True,23.41999999999959,36.05330952248619,1.5398091159038503,0.9844761963101138,0.06863583108744069,0.08947031488732506,False,0.0,,,0.3388963971991099,1171,flat_clear,5003,0.0,False,False,1000.0,1000.0,36.0,0.7517930892575723,3.7871843554365645,0,0,mppi,flat_clear,5003,True,standard,248.44199200000003,0,0.0,optimized,2.0
goal,True,23.499999999999588,36.07336606162412,1.5353097181822366,1.052159862520824,0.06777333032503281,0.09202667460122804,False,0.0,,,0.3460413455957275,1175,flat_clear,5004,0.0,False,False,1000.0,1000.0,36.0,0.890305269851523,3.167338564992484,0,0,mppi,flat_clear,5004,True,standard,247.15151799999876,0,0.0,optimized,2.0
goal,True,23.279999999999593,36.067060542118135,1.549512280265522,0.9789706586945369,0.06031978239156083,0.08772776685209661,False,0.0,,,0.34175626087346006,1164,flat_clear,5005,0.0,False,False,1000.0,1000.0,36.0,0.9124810113829057,3.4541322103790937,0,0,mppi,flat_clear,5005,True,standard,244.68369919999532,0,0.0,optimized,2.0
goal,True,23.31999999999959,36.09410889249756,1.5479324178744915,0.8837545027853508,0.06826332554809844,0.08886499647244489,False,0.0,,,0.35244237011455154,1166,flat_clear,5006,0.0,False,False,1000.0,1000.0,36.0,0.878948645244961,4.724539790888749,0,0,mppi,flat_clear,5006,True,standard,246.4399809000024,0,0.0,optimized,2.0
goal,True,23.37999999999959,36.08976961454919,1.5439589753807956,0.853964006002814,0.0611679158669335,0.08400466326050816,False,0.0,,,0.35377906914636104,1169,flat_clear,5007,0.0,False,False,1000.0,1000.0,36.0,0.7003099757032973,4.832701252556141,0,0,mppi,flat_clear,5007,True,standard,246.7592227999994,0,0.0,optimized,2.0
goal,True,23.299999999999592,36.0613493276007,1.5480193460071825,0.9617434814359125,0.06154611319026565,0.0874025906050073,False,0.0,,,0.34706923549456936,1165,flat_clear,5008,0.0,False,False,1000.0,1000.0,36.0,0.7780156087365453,4.103977423040574,0,0,mppi,flat_clear,5008,True,standard,245.0146397999997,0,0.0,optimized,2.0
goal,True,23.31999999999959,36.05996474676728,1.546582503236378,1.0215253608069492,0.06861293724272216,0.09264503921871045,False,0.0,,,0.3522129811918462,1166,flat_clear,5009,0.0,False,False,1000.0,1000.0,36.0,0.9689358374482765,3.4873356243580726,0,0,mppi,flat_clear,5009,True,standard,245.74258910000208,0,0.0,optimized,2.0
goal,True,23.599999999999586,36.085247699096705,1.5292262005689468,0.8551517523370302,0.0651552820199084,0.08965077559142214,False,0.0,,,0.3527328551702244,1180,flat_clear,5010,0.0,False,False,1000.0,1000.0,36.0,0.7051556442607216,3.7667485448765166,0,0,mppi,flat_clear,5010,True,standard,248.74363649999577,0,0.0,optimized,2.0
goal,True,23.519999999999587,36.06190756951813,1.533613083713593,0.9188939439874972,0.056046436181749704,0.08739219824884976,False,0.0,,,0.3574352164299814,1176,flat_clear,5011,0.0,False,False,1000.0,1000.0,36.0,0.8328891001551972,4.081364643336002,0,0,mppi,flat_clear,5011,True,standard,248.4523543000032,0,0.0,optimized,2.0
goal,True,23.539999999999587,36.068821385049965,1.532577392166084,0.9460171952253258,0.07523634472923622,0.08892921115240855,False,0.0,,,0.35134111891338954,1177,flat_clear,5012,0.0,False,False,1000.0,1000.0,36.0,1.0932146650543806,4.746887235560902,0,0,mppi,flat_clear,5012,True,standard,247.6711725999994,0,0.0,optimized,2.0
goal,True,23.35999999999959,36.079084282116305,1.5447384610343515,0.9885587302563817,0.0788665420022316,0.09320268736583383,False,0.0,,,0.3542683945721822,1168,flat_clear,5013,0.0,False,False,1000.0,1000.0,36.0,0.9965686471139685,4.558301693417866,0,0,mppi,flat_clear,5013,True,standard,245.40563120000297,0,0.0,optimized,2.0
goal,True,23.45999999999959,36.08289120673602,1.5382540719112228,1.0095781503110022,0.07656206676631805,0.09531841926576229,False,0.0,,,0.36500466552508554,1173,flat_clear,5014,0.0,False,False,1000.0,1000.0,36.0,1.0079404557952962,4.248689932953564,0,0,mppi,flat_clear,5014,True,standard,247.46333790000062,0,0.0,optimized,2.0
goal,True,23.43999999999959,36.08994674444821,1.539897763977815,0.8373277394108087,0.05104900291074339,0.0865417205638571,False,0.0,,,0.3551412145899047,1172,flat_clear,5015,0.0,False,False,1000.0,1000.0,36.0,0.7129585808151011,3.616554150795544,0,0,mppi,flat_clear,5015,True,standard,247.92830210000102,0,0.0,optimized,2.0
goal,True,23.37999999999959,36.10322768292062,1.5441840593284935,1.0021870544280869,0.07457935362877406,0.0917290463404946,False,0.0,,,0.348550052646632,1169,flat_clear,5016,0.0,False,False,1000.0,1000.0,36.0,1.0824496477512628,4.4970018275504655,0,0,mppi,flat_clear,5016,True,standard,245.6754507000005,0,0.0,optimized,2.0
goal,True,23.579999999999586,36.09161862834266,1.530918525490832,1.0382917677002272,0.06716968329041727,0.08983251137304292,False,0.0,,,0.3469954265439394,1179,flat_clear,5017,0.0,False,False,1000.0,1000.0,36.0,1.0313683035167758,3.069327793573069,0,0,mppi,flat_clear,5017,True,standard,247.76156479999918,0,0.0,optimized,2.0
goal,True,23.41999999999959,36.06714691241397,1.540341902825364,1.0069769819268966,0.06344529858983547,0.08884370494512749,False,0.0,,,0.34594733887454265,1171,flat_clear,5018,0.0,False,False,1000.0,1000.0,36.0,0.8519960097254107,3.741644975951466,0,0,mppi,flat_clear,5018,True,standard,247.16622350000398,0,0.0,optimized,2.0
goal,True,23.47999999999959,36.068497026819436,1.5363204003503141,0.7807669114152898,0.05756747119417976,0.0845095512105025,False,0.0,,,0.35240052851257375,1174,flat_clear,5019,0.0,False,False,1000.0,1000.0,36.0,0.7749984328665865,4.6919924902412244,0,0,mppi,flat_clear,5019,True,standard,247.3305160000018,0,0.0,optimized,2.0
goal,True,23.43999999999959,36.09603087491651,1.5402835959248655,0.892555256946426,0.057780304154199776,0.08644302958333891,False,0.0,,,0.3533468295521996,1172,flat_clear,5020,0.0,False,False,1000.0,1000.0,36.0,0.7248282467948968,4.082261203094857,0,0,mppi,flat_clear,5020,True,standard,247.10034689999884,0,0.0,optimized,2.0
goal,True,23.519999999999587,36.10994375348666,1.535497846291787,0.8987602580353747,0.0566930311608364,0.08503338638676752,False,0.0,,,0.3431561068052238,1176,flat_clear,5021,0.0,False,False,1000.0,1000.0,36.0,0.9140104345757991,3.9670663971291336,0,0,mppi,flat_clear,5021,True,standard,247.6482704000009,0,0.0,optimized,2.0
goal,True,23.539999999999587,36.0774660051304,1.5329157426569837,0.8687080272464216,0.055436994743904434,0.08320329920623867,False,0.0,,,0.3482066792278136,1177,flat_clear,5022,0.0,False,False,1000.0,1000.0,36.0,0.8496203871888334,4.16327064677573,0,0,mppi,flat_clear,5022,True,standard,248.25997439999628,0,0.0,optimized,2.0
goal,True,23.559999999999587,36.07583326071822,1.5315567321292138,0.8284050376745994,0.06194164517735032,0.0821102039237527,False,0.0,,,0.35086435477732053,1178,flat_clear,5023,0.0,False,False,1000.0,1000.0,36.0,0.8171074644897484,4.845944573728948,0,0,mppi,flat_clear,5023,True,standard,249.0420221000022,0,0.0,optimized,2.0
goal,True,23.579999999999586,36.061989688009994,1.5298224380135172,0.9039922734528473,0.06317671066828165,0.0867170541500497,False,0.0,,,0.3599966391294114,1179,flat_clear,5024,0.0,False,False,1000.0,1000.0,36.0,0.8109383252924722,4.478913919082471,0,0,mppi,flat_clear,5024,True,standard,247.75533169999835,0,0.0,optimized,2.0
goal,True,23.37999999999959,36.066548354827034,1.5428761513219336,0.9416058751958858,0.07048022629501527,0.08530866074386875,False,0.0,,,0.3402181632721785,1169,flat_clear,5025,0.0,False,False,1000.0,1000.0,36.0,0.9732104368642298,4.750233220361416,0,0,mppi,flat_clear,5025,True,standard,245.43226800000411,0,0.0,optimized,2.0
goal,True,23.45999999999959,36.06286451957809,1.5374957275257517,0.9202530150790456,0.05627200362292182,0.08376766149196693,False,0.0,,,0.34582360419549973,1173,flat_clear,5026,0.0,False,False,1000.0,1000.0,36.0,0.7262499636679371,4.307968225800889,0,0,mppi,flat_clear,5026,True,standard,247.18791030000284,0,0.0,optimized,2.0
goal,True,23.35999999999959,36.05755681326081,1.5438353968206597,0.8458143968400078,0.05211600876900731,0.08701237782998206,False,0.0,,,0.3522147538517003,1168,flat_clear,5027,0.0,False,False,1000.0,1000.0,36.0,0.876142603073939,3.7904107308165678,0,0,mppi,flat_clear,5027,True,standard,246.29590669999743,0,0.0,optimized,2.0
goal,True,23.539999999999587,36.051025671235024,1.531873194187932,0.9228392331958483,0.06595097842533128,0.08476843356228136,False,0.0,,,0.34923214697999344,1177,flat_clear,5028,0.0,False,False,1000.0,1000.0,36.0,1.0334928486032917,4.609884125974756,0,0,mppi,flat_clear,5028,True,standard,248.6908592999971,0,0.0,optimized,2.0
goal,True,23.43999999999959,36.1032942451398,1.5405019556822679,0.9602420370689784,0.06004955516289373,0.0872304876855606,False,0.0,,,0.34621109083901513,1172,flat_clear,5029,0.0,False,False,1000.0,1000.0,36.0,0.8960683121439519,3.612757000380382,0,0,mppi,flat_clear,5029,True,standard,247.2338157999984,0,0.0,optimized,2.0
goal,True,23.539999999999587,36.10226439590238,1.5338812304504592,0.9961965118342226,0.060927211260988906,0.09222178170364045,False,0.0,,,0.36430600761661464,1177,flat_clear,5030,0.0,False,False,1000.0,1000.0,36.0,0.702641268886089,3.5741138987672745,0,0,mppi,flat_clear,5030,True,standard,249.08647960000235,0,0.0,optimized,2.0
goal,True,23.159999999999595,36.08107802655751,1.5582933179888805,0.9179843132034418,0.05722215538530955,0.08717362514180527,False,0.0,,,0.3461333494105208,1158,flat_clear,5031,0.0,False,False,1000.0,1000.0,36.0,1.0541886438268662,3.7270554480582403,0,0,mppi,flat_clear,5031,True,standard,244.73271119999845,0,0.0,optimized,2.0
goal,True,23.43999999999959,36.065605404764575,1.5389773995507579,0.8705432567566211,0.06719454038055955,0.08789697164042583,False,0.0,,,0.3470308790451852,1172,flat_clear,5032,0.0,False,False,1000.0,1000.0,36.0,0.8808706052658889,4.3792262715010075,0,0,mppi,flat_clear,5032,True,standard,247.0127296999999,0,0.0,optimized,2.0
goal,True,23.539999999999587,36.11272445071248,1.5341608775349214,0.9127306035225573,0.050785159602425474,0.08651766044695326,False,0.0,,,0.35248787041303825,1177,flat_clear,5033,0.0,False,False,1000.0,1000.0,36.0,1.0836130709500158,3.666279579977531,0,0,mppi,flat_clear,5033,True,standard,247.8573103000017,0,0.0,optimized,2.0
goal,True,23.43999999999959,36.11963671888442,1.5412356358274037,0.9960854804021665,0.07067276680935683,0.09105304920092486,False,0.0,,,0.3453536293129918,1172,flat_clear,5034,0.0,False,False,1000.0,1000.0,36.0,0.7665500295059827,3.804995479071652,0,0,mppi,flat_clear,5034,True,standard,247.015009499999,0,0.0,optimized,2.0
goal,True,23.41999999999959,36.05842739751488,1.5399598195705206,0.8830692318584316,0.058482738557624,0.08878370252076744,False,0.0,,,0.35655288589652606,1171,flat_clear,5035,0.0,False,False,1000.0,1000.0,36.0,0.9199233332386492,4.156022809768874,0,0,mppi,flat_clear,5035,True,standard,247.76511700000265,0,0.0,optimized,2.0
goal,True,23.35999999999959,36.06146819086178,1.5440948193049049,0.8611181990212577,0.05732527223050928,0.08503857989447036,False,0.0,,,0.350911360035767,1168,flat_clear,5036,0.0,False,False,1000.0,1000.0,36.0,1.0648143012996332,4.3024889064133,0,0,mppi,flat_clear,5036,True,standard,246.0430708000058,0,0.0,optimized,2.0
goal,True,23.45999999999959,36.07227625823894,1.537811376452479,0.8562410052175262,0.06745377716416348,0.08762219522634503,False,0.0,,,0.3536890638325438,1173,flat_clear,5037,0.0,False,False,1000.0,1000.0,36.0,0.7092210370314546,4.854865496269261,0,0,mppi,flat_clear,5037,True,standard,246.3876267999949,0,0.0,optimized,2.0
goal,True,23.43999999999959,36.07597339123287,1.539407254837996,0.9742358284224825,0.07735870213832685,0.08594398619826357,False,0.0,,,0.3408981521986081,1172,flat_clear,5038,0.0,False,False,1000.0,1000.0,36.0,1.0555417311834316,4.89287011986292,0,0,mppi,flat_clear,5038,True,standard,247.5840731999997,0,0.0,optimized,2.0
goal,True,23.41999999999959,36.08052347294876,1.540788807830632,0.898111705886647,0.04846838828293159,0.08430417140995845,False,0.0,,,0.3491872198356268,1171,flat_clear,5039,0.0,False,False,1000.0,1000.0,36.0,0.9402582229555535,3.6144856875598865,0,0,mppi,flat_clear,5039,True,standard,247.7264869999999,0,0.0,optimized,2.0
goal,True,23.37999999999959,36.0602929878543,1.5427580737185251,0.9098232867300851,0.05543871362402651,0.08669540450198221,False,0.0,,,0.34402402236817226,1169,flat_clear,5040,0.0,False,False,1000.0,1000.0,36.0,0.9712075052113058,3.1920688461343363,0,0,mppi,flat_clear,5040,True,standard,246.451627800001,0,0.0,optimized,2.0
goal,True,23.31999999999959,36.05575482404009,1.5464550674637814,0.9568465892531822,0.055264271242609055,0.08535689925809152,False,0.0,,,0.3376219221283531,1166,flat_clear,5041,0.0,False,False,1000.0,1000.0,36.0,0.7917534446414414,3.1247853346898227,0,0,mppi,flat_clear,5041,True,standard,245.9829991000006,0,0.0,optimized,2.0
goal,True,23.45999999999959,36.08433410516845,1.5383868636110702,0.8829670348734815,0.05276318278780103,0.08653473741953212,False,0.0,,,0.3477374190378738,1173,flat_clear,5042,0.0,False,False,1000.0,1000.0,36.0,0.9598932040906721,3.486030199242384,0,0,mppi,flat_clear,5042,True,standard,247.77657569999428,0,0.0,optimized,2.0
goal,True,23.31999999999959,36.069653816843406,1.546907896621054,1.0020950798886725,0.06841974478956844,0.09294102218220182,False,0.0,,,0.3599331780361167,1166,flat_clear,5043,0.0,False,False,1000.0,1000.0,36.0,1.0898186350139498,4.0020376195110305,0,0,mppi,flat_clear,5043,True,standard,246.84266470000148,0,0.0,optimized,2.0
goal,True,23.43999999999959,36.06097983884907,1.5387122689237676,0.9422119194045496,0.05734066757894018,0.08602511969318685,False,0.0,,,0.3390657710791103,1172,flat_clear,5044,0.0,False,False,1000.0,1000.0,36.0,1.0178429474867148,3.6549452422762707,0,0,mppi,flat_clear,5044,True,standard,246.78502780000417,0,0.0,optimized,2.0
goal,True,23.41999999999959,36.048462473285326,1.5395545014090184,0.9375899943440023,0.05724558205348826,0.08526602565432964,False,0.0,,,0.33837232170151077,1171,flat_clear,5045,0.0,False,False,1000.0,1000.0,36.0,0.7659494631232381,3.545543304209088,0,0,mppi,flat_clear,5045,True,standard,246.12835369999812,0,0.0,optimized,2.0
goal,True,23.39999999999959,36.08428955462254,1.5424344790901547,0.873078376159436,0.05516414782701485,0.08749894900275627,False,0.0,,,0.34687686732451833,1170,flat_clear,5046,0.0,False,False,1000.0,1000.0,36.0,0.9011545969108519,3.3327744218409308,0,0,mppi,flat_clear,5046,True,standard,245.8619264999943,0,0.0,optimized,2.0
goal,True,23.199999999999594,36.12048627350716,1.5571062721930646,0.8944341406202932,0.06422442421229042,0.09345027263569106,False,0.0,,,0.3493414550581594,1160,flat_clear,5047,0.0,False,False,1000.0,1000.0,36.0,0.9983218093282231,3.1410251815083683,0,0,mppi,flat_clear,5047,True,standard,244.11133330000303,0,0.0,optimized,2.0
goal,True,23.299999999999592,36.076789524258196,1.5486655875826707,0.9960249452899788,0.05888772952742826,0.08603670864994975,False,0.0,,,0.3389700668129303,1165,flat_clear,5048,0.0,False,False,1000.0,1000.0,36.0,1.0213876505575938,3.411304677538264,0,0,mppi,flat_clear,5048,True,standard,244.92620729999908,0,0.0,optimized,2.0
goal,True,23.41999999999959,36.09598281582372,1.5415634172393857,0.9446590622936766,0.05608997214351674,0.08468178549375525,False,0.0,,,0.33595150945784685,1171,flat_clear,5049,0.0,False,False,1000.0,1000.0,36.0,0.7517994105580714,3.1978602646371006,0,0,mppi,flat_clear,5049,True,standard,246.53328340000007,0,0.0,optimized,2.0
goal,True,23.579999999999586,36.05567883558354,1.529301562324258,2.3884976096244452,0.7750303656412639,0.19951389775399062,False,0.0,,,0.39388954944070964,1179,kerb,5000,0.10063859654556317,False,False,16.0,22.0,36.0,0.8421893577539279,3.1106926377148136,0,0,mppi,kerb,5000,True,standard,289.8430404000028,0,0.0,optimized,2.0
goal,True,23.93999999999958,36.06391436713275,1.5064861863312486,3.023675434311305,1.0495348188923674,0.2392122554402552,True,0.0003341687552213868,,,0.43679920223792884,1197,kerb,5001,0.1361326555543014,False,False,16.0,22.0,36.0,1.0085497877150973,3.463029867560513,0,0,mppi,kerb,5001,True,standard,294.56950810000126,0,0.0,optimized,2.0
goal,True,23.599999999999586,36.064686153767376,1.5282842346693533,2.0371642044602054,0.8557717077227718,0.19054564988556508,False,0.0,,,0.4017614500312532,1180,kerb,5002,0.10779195637104258,False,False,16.0,22.0,36.0,1.006598628122048,3.903147756916806,0,0,mppi,kerb,5002,True,standard,289.0618140000006,0,0.0,optimized,2.0
goal,True,23.699999999999584,36.06340931092094,1.5218539125630788,2.4334893288319317,0.771458551856618,0.210924496226956,False,0.0,,,0.4031917205145294,1185,kerb,5003,0.1152588703871631,False,False,16.0,22.0,36.0,0.7517930892575723,3.7871843554365645,0,0,mppi,kerb,5003,True,standard,289.20972370000527,0,0.0,optimized,2.0
goal,True,23.699999999999584,36.07039391151405,1.5221383210108528,2.255072598128968,0.7543598324170789,0.19007197791975514,False,0.0,,,0.39410049131045755,1185,kerb,5004,0.09395417832217653,False,False,16.0,22.0,36.0,0.890305269851523,3.167338564992484,0,0,mppi,kerb,5004,True,standard,291.38822639999853,0,0.0,optimized,2.0
goal,True,23.699999999999584,36.061444917876095,1.5215202894961857,2.596670184288432,0.9969473811965323,0.24672160105450244,False,0.0,,,0.4276765452481006,1185,kerb,5005,0.14452422563128192,False,False,16.0,22.0,36.0,0.9124810113829057,3.4541322103790937,0,0,mppi,kerb,5005,True,standard,288.78267010000127,0,0.0,optimized,2.0
goal,True,23.559999999999587,36.08927904681768,1.531818667153908,1.7067303269239456,0.760113246218857,0.18564377460284784,False,0.0,,,0.4088344285349682,1178,kerb,5006,0.11823518779379621,False,False,16.0,22.0,36.0,0.878948645244961,4.724539790888749,0,0,mppi,kerb,5006,True,standard,288.48217609999847,0,0.0,optimized,2.0
goal,True,23.559999999999587,36.10960243748918,1.5330120749110863,1.447904710847843,0.6209019200396011,0.13346342594606653,False,0.0,,,0.3901707181770356,1178,kerb,5007,0.09332622163787102,True,False,16.0,22.0,36.0,0.7003099757032973,4.832701252556141,0,0,mppi,kerb,5007,True,standard,290.96238439999433,0,0.0,optimized,2.0
goal,True,23.47999999999959,36.07126122245906,1.5364594352688656,1.5032458168745408,0.7004594050514737,0.16595809149865404,False,0.0,,,0.38653967883442203,1174,kerb,5008,0.090077259790111,False,False,16.0,22.0,36.0,0.7780156087365453,4.103977423040574,0,0,mppi,kerb,5008,True,standard,288.57652439999947,0,0.0,optimized,2.0
goal,True,23.47999999999959,36.0682146239458,1.5366288815143971,1.0167667184452724,0.09785108932485749,0.09486142946396227,False,0.0,,,0.363846493595776,1174,kerb,5009,0.11325841109235353,True,True,16.0,22.0,36.0,0.9689358374482765,3.4873356243580726,0,0,mppi,kerb,5009,True,standard,292.78974949999974,0,0.0,optimized,2.0
goal,True,23.89999999999958,36.10288728797503,1.510690734925655,1.5836439837342176,1.0179784723991876,0.2168830636832828,False,0.0,,,0.4065270285677963,1195,kerb,5010,0.14381243175444086,False,False,16.0,22.0,36.0,0.7051556442607216,3.7667485448765166,0,0,mppi,kerb,5010,True,standard,291.773657800004,0,0.0,optimized,2.0
goal,True,23.719999999999583,36.063583597883564,1.5211552828181287,0.9059485879879067,0.09920045968053481,0.0903265187517695,False,0.0,,,0.37772455029309604,1186,kerb,5011,0.14971532004645052,True,True,16.0,22.0,36.0,0.8328891001551972,4.081364643336002,0,0,mppi,kerb,5011,True,standard,297.1914519999991,0,0.0,optimized,2.0
goal,True,23.759999999999582,36.08200033196649,1.5187756830626225,1.161256994812549,0.7518798697045621,0.17967252541057582,False,0.0,,,0.4060353817062503,1188,kerb,5012,0.11599739438211938,False,False,16.0,22.0,36.0,1.0932146650543806,4.746887235560902,0,0,mppi,kerb,5012,True,standard,291.21982699999353,0,0.0,optimized,2.0
goal,True,23.579999999999586,36.09793667933659,1.5310906918144598,1.1861796375253735,0.7687258517121589,0.1508911762079887,False,0.0,,,0.38795545572321516,1179,kerb,5013,0.11438074496395545,True,False,16.0,22.0,36.0,0.9965686471139685,4.558301693417866,0,0,mppi,kerb,5013,True,standard,291.4484917000009,0,0.0,optimized,2.0
goal,True,23.679999999999584,36.08254017906278,1.5237625430737574,1.1765980951731172,0.883428845662484,0.20333867948873813,False,0.0,,,0.42238842576541535,1184,kerb,5014,0.13211528278562787,False,False,16.0,22.0,36.0,1.0079404557952962,4.248689932953564,0,0,mppi,kerb,5014,True,standard,289.9468323999972,0,0.0,optimized,2.0
goal,True,23.719999999999583,36.09351252851641,1.521656123210801,2.586481194622161,0.8311384770787638,0.20707485675813164,False,0.0,,,0.4165421571012467,1186,kerb,5015,0.11307428979546041,False,False,16.0,22.0,36.0,0.7129585808151011,3.616554150795544,0,0,mppi,kerb,5015,True,standard,291.1028288000016,0,0.0,optimized,2.0
goal,True,23.599999999999586,36.11172187394473,1.5299722949748225,1.3193696527257786,0.7960673781912205,0.19449760440824368,False,0.0,,,0.3995257418996903,1180,kerb,5016,0.12328780373270565,False,False,16.0,22.0,36.0,1.0824496477512628,4.4970018275504655,0,0,mppi,kerb,5016,True,standard,289.33091579999746,0,0.0,optimized,2.0
goal,True,23.85999999999958,36.06716919866796,1.5117580370558685,2.7795802177021116,0.9320688510453317,0.22211088547427807,False,0.0,,,0.40919215502511896,1193,kerb,5017,0.12162928738333142,False,False,16.0,22.0,36.0,1.0313683035167758,3.069327793573069,0,0,mppi,kerb,5017,True,standard,292.06419960000494,0,0.0,optimized,2.0
goal,True,23.599999999999586,36.07603241519453,1.52896817309296,1.9647372739639883,0.7871648301511366,0.15354798741040085,False,0.0,,,0.3847770334341837,1180,kerb,5018,0.1021966661181102,True,False,16.0,22.0,36.0,0.8519960097254107,3.741644975951466,0,0,mppi,kerb,5018,True,standard,291.67711369999597,0,0.0,optimized,2.0
goal,True,23.659999999999584,36.07576248895386,1.5248621722900693,1.2829430106210873,0.7220899706254795,0.16571902852002987,False,0.0,,,0.400278880627808,1183,kerb,5019,0.09694607558591248,False,False,16.0,22.0,36.0,0.7749984328665865,4.6919924902412244,0,0,mppi,kerb,5019,True,standard,289.65748090000125,0,0.0,optimized,2.0
goal,True,23.659999999999584,36.101411206796634,1.526046621643167,1.7514834174502998,0.9053221777023392,0.19330438208957137,False,0.0,,,0.3983207269093122,1183,kerb,5020,0.11812828874817456,False,False,16.0,22.0,36.0,0.7248282467948968,4.082261203094857,0,0,mppi,kerb,5020,True,standard,290.019157900002,0,0.0,optimized,2.0
goal,True,23.719999999999583,36.10327298275415,1.5223177056664476,1.8161004731333152,0.8833641833211852,0.15290496780426366,False,0.0,,,0.3799122338742491,1186,kerb,5021,0.11381894175763324,True,False,16.0,22.0,36.0,0.9140104345757991,3.9670663971291336,0,0,mppi,kerb,5021,True,standard,293.3629406999971,0,0.0,optimized,2.0
goal,True,23.83999999999958,36.06896228584141,1.512929739682499,2.0919653180673485,0.9033904635049798,0.21727248681829428,False,0.0,,,0.41535630648172234,1192,kerb,5022,0.13140191257451567,False,False,16.0,22.0,36.0,0.8496203871888334,4.16327064677573,0,0,mppi,kerb,5022,True,standard,292.1132144999938,0,0.0,optimized,2.0
goal,True,23.93999999999958,36.06391284549126,1.5066101843246582,2.4101728028992335,0.86873816673273,0.20582379258964906,False,0.0,,,0.4147081581815723,1197,kerb,5023,0.12867756728465177,False,False,16.0,22.0,36.0,0.8171074644897484,4.845944573728948,0,0,mppi,kerb,5023,True,standard,293.33480180000333,0,0.0,optimized,2.0
goal,True,23.959999999999578,36.03790631597349,1.50427427525175,2.4751827587946003,0.8523095951260435,0.22428167957297127,False,0.0,,,0.4279356699183422,1198,kerb,5024,0.13928371679168416,False,False,16.0,22.0,36.0,0.8109383252924722,4.478913919082471,0,0,mppi,kerb,5024,True,standard,293.56471520000196,0,0.0,optimized,2.0
goal,True,23.579999999999586,36.064874302646324,1.529592295762219,1.764449869058846,0.6944687854963636,0.16948718440583802,False,0.0,,,0.39148100731527363,1179,kerb,5025,0.09643074988431373,False,False,16.0,22.0,36.0,0.9732104368642298,4.750233220361416,0,0,mppi,kerb,5025,True,standard,288.72770569999557,0,0.0,optimized,2.0
goal,True,23.619999999999585,36.07092342739239,1.5273260736157335,1.1447481686783392,0.7536451341676424,0.1656654839380417,False,0.0,,,0.39007514048526504,1181,kerb,5026,0.09558762086488723,False,False,16.0,22.0,36.0,0.7262499636679371,4.307968225800889,0,0,mppi,kerb,5026,True,standard,290.4256361000007,0,0.0,optimized,2.0
goal,True,23.519999999999587,36.064549004156575,1.5337464271980514,1.0586109852674763,0.7849783820336682,0.14870285759717647,False,0.0,,,0.3830439305768851,1176,kerb,5027,0.11482123997562081,False,True,16.0,22.0,36.0,0.876142603073939,3.7904107308165678,0,0,mppi,kerb,5027,True,standard,290.92975560000195,0,0.0,optimized,2.0
goal,True,23.759999999999582,36.05299808275464,1.5176558434195115,1.9741789802062393,0.7312607925229083,0.17635747439522328,False,0.0,,,0.39480901688621134,1188,kerb,5028,0.10116781223940692,False,False,16.0,22.0,36.0,1.0334928486032917,4.609884125974756,0,0,mppi,kerb,5028,True,standard,291.9105866999962,0,0.0,optimized,2.0
goal,True,23.619999999999585,36.09721360520859,1.5285963395023188,1.2059825592966342,0.7870580972896009,0.15467051080823682,False,0.0,,,0.3728264302040946,1181,kerb,5029,0.12404880975552002,False,True,16.0,22.0,36.0,0.8960683121439519,3.612757000380382,0,0,mppi,kerb,5029,True,standard,291.880931300002,0,0.0,optimized,2.0
goal,True,23.699999999999584,36.09355592246142,1.523296493922838,1.0140591881290215,0.7688157086376172,0.15236664214063558,False,0.0,,,0.3925210359867809,1185,kerb,5030,0.11541600076902528,False,True,16.0,22.0,36.0,0.702641268886089,3.5741138987672745,0,0,mppi,kerb,5030,True,standard,292.81722089999676,0,0.0,optimized,2.0
goal,True,23.45999999999959,36.095370458431994,1.538958139505385,1.4057793756501562,0.966442511441606,0.1733468966447714,False,0.0,,,0.387858485858689,1173,kerb,5031,0.14561650478931443,True,False,16.0,22.0,36.0,1.0541886438268662,3.7270554480582403,0,0,mppi,kerb,5031,True,standard,289.5945458999995,0,0.0,optimized,2.0
goal,True,23.679999999999584,36.06294546424832,1.5231319836612827,1.5475673005269073,0.769889451053117,0.18668920881777618,False,0.0,,,0.4078365349284235,1184,kerb,5032,0.1122245362773568,False,False,16.0,22.0,36.0,0.8808706052658889,4.3792262715010075,0,0,mppi,kerb,5032,True,standard,290.6347405999986,0,0.0,optimized,2.0
goal,True,23.739999999999583,36.133409576206176,1.5219476935540428,1.4028076519973283,0.8058726228823467,0.1963680376030309,False,0.0,,,0.40018480224949465,1187,kerb,5033,0.11672621005094068,False,False,16.0,22.0,36.0,1.0836130709500158,3.666279579977531,0,0,mppi,kerb,5033,True,standard,291.1088729000039,0,0.0,optimized,2.0
goal,True,23.599999999999586,36.10448503466605,1.5304693915884164,0.9961286618501214,0.0959847873558998,0.09291544457468978,False,0.0,,,0.36259996228681796,1180,kerb,5034,0.12934267293598622,True,True,16.0,22.0,36.0,0.7665500295059827,3.804995479071652,0,0,mppi,kerb,5034,True,standard,293.9369894000047,0,0.0,optimized,2.0
goal,True,23.639999999999585,36.05827500784478,1.5256499690827277,1.5483671257846625,0.7161793985354832,0.14757336456741596,False,0.0,,,0.3989302623129707,1182,kerb,5035,0.10658169577161372,True,False,16.0,22.0,36.0,0.9199233332386492,4.156022809768874,0,0,mppi,kerb,5035,True,standard,292.7751997000014,0,0.0,optimized,2.0
goal,True,23.639999999999585,36.05781435949174,1.5254903050939321,1.9691980003508014,0.8237285282394348,0.19506379198119822,False,0.0,,,0.40426984110750624,1182,kerb,5036,0.1173697414789877,False,False,16.0,22.0,36.0,1.0648143012996332,4.3024889064133,0,0,mppi,kerb,5036,True,standard,290.3350744999989,0,0.0,optimized,2.0
goal,True,23.93999999999958,36.1054770448017,1.50790659718099,1.8932556929452318,0.9006985267306421,0.21656899494181117,False,0.0,,,0.442845501967198,1197,kerb,5037,0.13679937064081266,False,False,16.0,22.0,36.0,0.7092210370314546,4.854865496269261,0,0,mppi,kerb,5037,True,standard,293.0953248000005,0,0.0,optimized,2.0
goal,True,23.639999999999585,36.084320699102165,1.5266082549513196,1.8370403426784099,0.6909835041953715,0.1679380428382639,False,0.0,,,0.3908007519273187,1182,kerb,5038,0.09670644475941208,False,False,16.0,22.0,36.0,1.0555417311834316,4.89287011986292,0,0,mppi,kerb,5038,True,standard,291.2992153000014,0,0.0,optimized,2.0
goal,True,23.699999999999584,36.09389924955945,1.5231216520973894,1.748601877789046,0.916624971927895,0.16662676106421187,False,0.0,,,0.3871326562016545,1185,kerb,5039,0.13861797778812823,True,False,16.0,22.0,36.0,0.9402582229555535,3.6144856875598865,0,0,mppi,kerb,5039,True,standard,293.03842659999646,0,0.0,optimized,2.0
goal,True,23.679999999999584,36.052404579578635,1.522708393118462,1.986649048850658,0.9107930058201237,0.22343681464962792,False,0.0,,,0.4034109277446274,1184,kerb,5040,0.13659141728402505,False,False,16.0,22.0,36.0,0.9712075052113058,3.1920688461343363,0,0,mppi,kerb,5040,True,standard,290.60100239999883,0,0.0,optimized,2.0
goal,True,23.779999999999582,36.082079600283045,1.5174256318238266,3.4231312586342284,1.0790771092945146,0.25309828066944035,True,0.001009251471825063,,,0.4121327199594801,1189,kerb,5041,0.14238089228448053,False,False,16.0,22.0,36.0,0.7917534446414414,3.1247853346898227,0,0,mppi,kerb,5041,True,standard,290.8842436999985,0,0.0,optimized,2.0
goal,True,23.739999999999583,36.111545951887344,1.521171824759727,1.7255363756817266,0.8771773928585704,0.20162124709343163,False,0.0,,,0.4148002773405154,1187,kerb,5042,0.11346964484423985,False,False,16.0,22.0,36.0,0.9598932040906721,3.486030199242384,0,0,mppi,kerb,5042,True,standard,291.3883394000004,0,0.0,optimized,2.0
goal,True,23.499999999999588,36.07001558319173,1.5351679446484932,1.0976520399741898,0.7903520996166377,0.15459480618124605,False,0.0,,,0.388245141921051,1175,kerb,5043,0.1269385057241497,False,True,16.0,22.0,36.0,1.0898186350139498,4.0020376195110305,0,0,mppi,kerb,5043,True,standard,290.09356670000125,0,0.0,optimized,2.0
goal,True,23.83999999999958,36.07325129069545,1.5131788981907104,2.9717282699692773,1.0550247283306247,0.24046161663603605,False,0.0,,,0.40940537739870725,1192,kerb,5044,0.13998739401869517,False,False,16.0,22.0,36.0,1.0178429474867148,3.6549452422762707,0,0,mppi,kerb,5044,True,standard,292.71298709999974,0,0.0,optimized,2.0
goal,True,23.85999999999958,36.06396110198795,1.511490738119609,2.002305027758571,0.9097352392406597,0.22529786121717332,False,0.0,,,0.41533105345588417,1193,kerb,5045,0.13638592052525939,False,False,16.0,22.0,36.0,0.7659494631232381,3.545543304209088,0,0,mppi,kerb,5045,True,standard,291.31209579999995,0,0.0,optimized,2.0
goal,True,23.679999999999584,36.069171964131584,1.5234140157350853,1.87502698097603,0.8512554026712432,0.16868365135346053,False,0.0,,,0.3934928821179876,1184,kerb,5046,0.12227119309524864,True,False,16.0,22.0,36.0,0.9011545969108519,3.3327744218409308,0,0,mppi,kerb,5046,True,standard,293.6048166000037,0,0.0,optimized,2.0
goal,True,23.35999999999959,36.106269950248425,1.5456598615061707,2.28734584559611,0.7440765495662873,0.1912593662192615,False,0.0,,,0.3901997871159999,1168,kerb,5047,0.0907107601460403,False,False,16.0,22.0,36.0,0.9983218093282231,3.1410251815083683,0,0,mppi,kerb,5047,True,standard,286.966061500003,0,0.0,optimized,2.0
goal,True,23.499999999999588,36.10169630289945,1.536519717853702,2.1660750785394525,0.7921274361180204,0.18625429101494703,False,0.0,,,0.3880606339893995,1175,kerb,5048,0.09534548510317571,False,False,16.0,22.0,36.0,1.0213876505575938,3.411304677538264,0,0,mppi,kerb,5048,True,standard,289.3044471999965,0,0.0,optimized,2.0
goal,True,23.79999999999958,36.08404893258768,1.516357616441271,1.4260791601285323,1.014118323083127,0.22790121573874647,False,0.0,,,0.3977940703406083,1190,kerb,5049,0.14394041403531896,False,False,16.0,22.0,36.0,0.7517994105580714,3.1978602646371006,0,0,mppi,kerb,5049,True,standard,290.4950653000051,0,0.0,optimized,2.0
timeout,False,90.01999999999923,33.897102285249154,0.3750304861602358,1.0144351297482368,0.06623367868354843,0.08828192088476501,False,0.0,0.5142079997456951,,0.9117061251942763,4501,crowded,5000,0.0,False,False,1000.0,1000.0,36.0,0.8421893577539279,3.1106926377148136,6,1,mppi,crowded,5000,True,standard,977.8099559999973,232,0.051544101310819816,optimized,2.0
goal,True,34.01999999999972,36.90737819430198,1.08272765223898,1.0412445617026538,0.07213769476464861,0.11460107397839933,False,0.0,0.2668947829814887,,0.5148249504998518,1701,crowded,5001,0.0,False,False,1000.0,1000.0,36.0,1.0085497877150973,3.463029867560513,5,2,mppi,crowded,5001,True,standard,370.52856100000645,384,0.2257495590828924,optimized,2.0
goal,True,27.899999999999494,36.390923897836146,1.3040920711798152,0.9026422249900162,0.05536576447041635,0.10167577589684637,False,0.0,0.581469867348341,,0.45905221372096344,1395,crowded,5002,0.0,False,False,1000.0,1000.0,36.0,1.006598628122048,3.903147756916806,6,1,mppi,crowded,5002,True,standard,299.17539849999594,313,0.22437275985663083,optimized,2.0
timeout,False,90.01999999999923,30.77194867278804,0.34063972224242933,0.7252896986061661,0.04863201969679514,0.07435807872016204,False,0.0,0.47158409540581714,,0.8712783234313618,4501,crowded,5003,0.0,False,False,1000.0,1000.0,36.0,0.7517930892575723,3.7871843554365645,6,1,mppi,crowded,5003,True,standard,995.7485899000021,193,0.042879360142190626,optimized,2.0
goal,True,31.499999999999417,36.932451997726595,1.1704801088493224,1.052159862520824,0.06777333032503281,0.12880375927267812,False,0.0,0.3220556892094887,,0.5077369811266723,1575,crowded,5004,0.0,False,False,1000.0,1000.0,36.0,0.890305269851523,3.167338564992484,5,1,mppi,crowded,5004,True,standard,338.13068639999983,440,0.27936507936507937,optimized,2.0
stall,False,21.319999999999634,3.3425022457123763,0.15595856274541384,0.973578596201885,0.05762056531972934,0.07833487088094329,False,0.0,0.07992950425776743,,0.17807855447735593,1066,crowded,5005,0.0,False,False,1000.0,1000.0,36.0,0.9124810113829057,3.4541322103790937,6,2,mppi,crowded,5005,True,standard,242.02478490000067,647,0.6069418386491557,optimized,2.0
goal,True,31.37999999999942,36.523396666816986,1.1623841770726373,0.8837545027853508,0.06826332554809844,0.11657924250600044,False,0.0,0.3203667015172176,,0.590639595526594,1569,crowded,5006,0.0,False,False,1000.0,1000.0,36.0,0.878948645244961,4.724539790888749,5,1,mppi,crowded,5006,True,standard,337.8338703000045,496,0.3161249203314213,optimized,2.0
goal,True,28.459999999999482,36.698594996635876,1.2879008378273609,0.853964006002814,0.0611679158669335,0.09873556692606467,False,0.0,0.34609996466510384,,0.44496557583718244,1423,crowded,5007,0.0,False,False,1000.0,1000.0,36.0,0.7003099757032973,4.832701252556141,3,1,mppi,crowded,5007,True,standard,303.8484107999975,75,0.05270555165144062,optimized,2.0
goal,True,29.639999999999457,36.56329155160342,1.231999789836862,1.054136876449225,0.061434832709531824,0.13713459850248053,False,0.0,0.1265107571575195,,0.4979024303816009,1482,crowded,5008,0.0,False,False,1000.0,1000.0,36.0,0.7780156087365453,4.103977423040574,3,1,mppi,crowded,5008,True,standard,321.5470473999958,195,0.13157894736842105,optimized,2.0
goal,True,28.279999999999486,36.6531913725189,1.2946983020677194,1.0215253608069492,0.06861293724272216,0.10451097135596188,False,0.0,0.45135271344480377,,0.454778343676968,1414,crowded,5009,0.0,False,False,1000.0,1000.0,36.0,0.9689358374482765,3.4873356243580726,5,1,mppi,crowded,5009,True,standard,304.17739930000243,347,0.2454031117397454,optimized,2.0
goal,True,31.719999999999413,36.8429650589176,1.1595609986100177,0.8551517524319296,0.06515802679514784,0.1223173842388142,False,0.0,0.5403910199763867,,0.5120383535590685,1586,crowded,5010,0.0,False,False,1000.0,1000.0,36.0,0.7051556442607216,3.7667485448765166,4,2,mppi,crowded,5010,True,standard,345.16123509999306,78,0.04918032786885246,optimized,2.0
goal,True,35.63999999999997,37.28660040867062,1.0440258294004279,0.9188939439874972,0.056046436181749704,0.10993443876629207,False,0.0,0.44336058161471104,,0.5031004560646111,1782,crowded,5011,0.0,False,False,1000.0,1000.0,36.0,0.8328891001551972,4.081364643336002,3,2,mppi,crowded,5011,True,standard,387.33209080000233,352,0.19753086419753085,optimized,2.0
timeout,False,90.01999999999923,37.00266271581363,0.4100880101189039,0.7628552099630624,0.053779014557395595,0.06858083011945215,False,0.0,0.29777629426218793,,0.8686650699226682,4501,crowded,5012,0.0,False,False,1000.0,1000.0,36.0,1.0932146650543806,4.746887235560902,5,1,mppi,crowded,5012,True,standard,987.1861140999972,39,0.008664741168629194,optimized,2.0
goal,True,36.66000000000013,38.498258553545114,1.0463453842969148,1.0266829632366046,0.0788665420022316,0.1406771123802111,False,0.0,0.21984913755237742,,0.6101325654101365,1833,crowded,5013,0.0,False,False,1000.0,1000.0,36.0,0.9965686471139685,4.558301693417866,5,1,mppi,crowded,5013,True,standard,399.8123587000009,380,0.2073104200763775,optimized,2.0
collision,False,17.31999999999972,3.288233096703464,0.1880733926464573,0.7606367619491206,0.03906267529920685,0.0993125920201285,False,0.0,-0.0015879773356134719,pedestrian,0.15514017421422652,866,crowded,5014,0.0,False,False,1000.0,1000.0,36.0,1.0079404557952962,4.248689932953564,4,2,mppi,crowded,5014,True,standard,191.45170420000068,414,0.4780600461893764,optimized,2.0
goal,True,34.33999999999977,36.833484005321154,1.0715829147678617,0.8373277394108087,0.051049002911399965,0.09418134351779366,False,0.0,0.47060208303895323,,0.4834707270842317,1717,crowded,5015,0.0,False,False,1000.0,1000.0,36.0,0.7129585808151011,3.616554150795544,6,1,mppi,crowded,5015,True,standard,381.0645278000011,71,0.041351193942923706,optimized,2.0
goal,True,41.70000000000092,36.53290723291566,0.8748610632677883,1.0021870544280869,0.07457935362877406,0.09931492340955142,False,0.0,0.10268993891230468,,0.5498485202225761,2085,crowded,5016,0.0,False,False,1000.0,1000.0,36.0,1.0824496477512628,4.4970018275504655,4,2,mppi,crowded,5016,True,standard,465.5311131000053,880,0.42206235011990406,optimized,2.0
stall,False,17.81999999999971,3.908870441700829,0.21838527202774147,1.0382917677002272,0.06716968329041727,0.09191435219995442,False,0.0,0.23570920340347593,,0.1643903941227742,891,crowded,5017,0.0,False,False,1000.0,1000.0,36.0,1.0313683035167758,3.069327793573069,6,2,mppi,crowded,5017,True,standard,218.01229969999986,653,0.7328843995510662,optimized,2.0
goal,True,35.82,37.07004246432048,1.0319978163834311,0.9779196674100713,0.05269361818795647,0.11403656234983782,False,0.0,0.4513092715367083,,0.5525634427865134,1791,crowded,5018,0.0,False,False,1000.0,1000.0,36.0,0.8519960097254107,3.741644975951466,4,1,mppi,crowded,5018,True,standard,404.9007147999946,227,0.12674483528754885,optimized,2.0
stall,False,42.30000000000101,10.919498796289993,0.2573574502752696,0.7807304910472674,0.057675825933283985,0.06727312897214875,False,0.0,0.559271283940471,,0.38459605181940815,2115,crowded,5019,0.0,False,False,1000.0,1000.0,36.0,0.7749984328665865,4.6919924902412244,6,1,mppi,crowded,5019,True,standard,460.61870089999866,15,0.0070921985815602835,optimized,2.0
stall,False,34.699999999999825,10.376843275156814,0.29726155038865326,0.7185167679522744,0.03331280970346876,0.07610556451885235,False,0.0,0.10282684797436101,,0.3322453363869366,1735,crowded,5020,0.0,False,False,1000.0,1000.0,36.0,0.7248282467948968,4.082261203094857,6,1,mppi,crowded,5020,True,standard,402.46455499999865,1079,0.6219020172910663,optimized,2.0
goal,True,38.980000000000494,36.57495177423336,0.9374526571958458,0.8987602580353748,0.056693031160836446,0.09055354528394528,False,0.0,0.2649799843801114,,0.4924368475611467,1949,crowded,5021,0.0,False,False,1000.0,1000.0,36.0,0.9140104345757991,3.9670663971291336,5,1,mppi,crowded,5021,True,standard,445.1360827999961,739,0.37916880451513596,optimized,2.0
goal,True,39.0000000000005,37.97406680608925,0.9705556662203882,0.7914594150209249,0.04908349526083225,0.12626770102233054,False,0.0,0.4021615155896997,,0.5827842940753863,1950,crowded,5022,0.0,False,False,1000.0,1000.0,36.0,0.8496203871888334,4.16327064677573,5,2,mppi,crowded,5022,True,standard,430.7866273999971,395,0.20256410256410257,optimized,2.0
goal,True,42.14000000000099,36.688804722874245,0.8696158760450623,0.8284050376745997,0.06194164517735047,0.09087463696192333,False,0.0,0.1318372044866865,,0.5386075484553045,2107,crowded,5023,0.0,False,False,1000.0,1000.0,36.0,0.8171074644897484,4.845944573728948,5,2,mppi,crowded,5023,True,standard,462.05751579999924,37,0.017560512577123873,optimized,2.0
goal,True,40.960000000000804,38.061435371807704,0.9259965923577207,0.9039922734528467,0.06317671066828076,0.1189783254420613,False,0.0,0.4777599946600559,,0.5900212312410391,2048,crowded,5024,0.0,False,False,1000.0,1000.0,36.0,0.8109383252924722,4.478913919082471,3,2,mppi,crowded,5024,True,standard,441.08936769999855,201,0.09814453125,optimized,2.0
goal,True,24.979999999999556,36.15073154852045,1.4472913505083265,0.941605875195886,0.07048022629501509,0.0868877424769443,False,0.0,0.6901618900577609,,0.362816287763525,1249,crowded,5025,0.0,False,False,1000.0,1000.0,36.0,0.9732104368642298,4.750233220361416,4,1,mppi,crowded,5025,True,standard,271.5484593000001,0,0.0,optimized,2.0
stall,False,54.460000000002914,28.008573644667724,0.5129746290479784,0.9202530150790456,0.05627200362292167,0.08375818629447988,False,0.0,0.38785550388425927,,0.6001917815826816,2723,crowded,5026,0.0,False,False,1000.0,1000.0,36.0,0.7262499636679371,4.307968225800889,4,1,mppi,crowded,5026,True,standard,607.9703227999998,224,0.08226221079691516,optimized,2.0
timeout,False,90.01999999999923,22.415841728087653,0.2474248682363588,0.8458143968392958,0.05211601054307545,0.079036663282887,False,0.0,0.3660278939637235,,0.8525340527504444,4501,crowded,5027,0.0,False,False,1000.0,1000.0,36.0,0.876142603073939,3.7904107308165678,5,1,mppi,crowded,5027,True,standard,886.7568715000016,211,0.04687847145078872,optimized,2.0
goal,True,36.00000000000003,37.115362314488834,1.0287260296361718,0.9228392331958479,0.06595097842533146,0.11886494258439168,False,0.0,0.3822234865819367,,0.5395779673366324,1800,crowded,5028,0.0,False,False,1000.0,1000.0,36.0,1.0334928486032917,4.609884125974756,6,1,mppi,crowded,5028,True,standard,385.94491389999894,272,0.1511111111111111,optimized,2.0
goal,True,43.06000000000113,36.46555837368537,0.846043260423847,0.9602420370689781,0.06004955516289376,0.10281143094156354,False,0.0,0.24751781274293774,,0.5622456086034254,2153,crowded,5029,0.0,False,False,1000.0,1000.0,36.0,0.8960683121439519,3.612757000380382,4,2,mppi,crowded,5029,True,standard,485.3634708000027,496,0.23037621922898283,optimized,2.0
goal,True,28.339999999999485,36.882392161230804,1.2994935519691087,0.9961965118342226,0.060927211260988705,0.1118229603610794,False,0.0,0.6285959761457668,,0.4408791795916904,1417,crowded,5030,0.0,False,False,1000.0,1000.0,36.0,0.702641268886089,3.5741138987672745,5,1,mppi,crowded,5030,True,standard,308.4857950000005,134,0.09456598447424136,optimized,2.0
goal,True,39.06000000000051,37.77989530952539,0.9645752732634073,0.8486973723500759,0.056576977241187904,0.12195867279151552,False,0.0,0.43138296138047016,,0.575999602053231,1953,crowded,5031,0.0,False,False,1000.0,1000.0,36.0,1.0541886438268662,3.7270554480582403,4,2,mppi,crowded,5031,True,standard,428.2466363000058,230,0.11776753712237584,optimized,2.0
goal,True,56.24000000000319,37.930064567903855,0.671927031693843,0.9572894524820372,0.05466378351568514,0.10914780092198823,False,0.0,0.3468163356825774,,0.7075898618852536,2812,crowded,5032,0.0,False,False,1000.0,1000.0,36.0,0.8808706052658889,4.3792262715010075,5,1,mppi,crowded,5032,True,standard,608.7368177000026,279,0.0992176386913229,optimized,2.0
goal,True,29.259999999999465,36.73925978020711,1.2537186754494618,0.9127306035225577,0.05078515960242722,0.1079429400582406,False,0.0,0.33543809765312965,,0.45243829004550196,1463,crowded,5033,0.0,False,False,1000.0,1000.0,36.0,1.0836130709500158,3.666279579977531,3,1,mppi,crowded,5033,True,standard,330.04633369999647,66,0.045112781954887216,optimized,2.0
goal,True,47.02000000000175,37.31174333242303,0.7922131917383755,0.9960854804021662,0.07067276680935698,0.10115959391055582,False,0.0,0.284204904621277,,0.572325194393243,2351,crowded,5034,0.0,False,False,1000.0,1000.0,36.0,0.7665500295059827,3.804995479071652,5,2,mppi,crowded,5034,True,standard,513.8848453999963,145,0.061675882603147596,optimized,2.0
collision,False,20.99999999999964,17.31683809975565,0.8202176754574557,0.8844228464951212,0.059164118234725595,0.16612426498866997,False,0.0,-0.0074409808726950966,pedestrian,0.3406178123902441,1050,crowded,5035,0.0,False,False,1000.0,1000.0,36.0,0.9199233332386492,4.156022809768874,5,1,mppi,crowded,5035,True,standard,242.01562410000042,238,0.22666666666666666,optimized,2.0
stall,False,63.86000000000438,25.48259642273985,0.39691281459475475,0.8611181990212577,0.05732527223050934,0.09761217711581466,False,0.0,0.3252433671124445,,0.6908685365408035,3193,crowded,5036,0.0,False,False,1000.0,1000.0,36.0,1.0648143012996332,4.3024889064133,3,1,mppi,crowded,5036,True,standard,698.5219278000004,179,0.056060131537738804,optimized,2.0
stall,False,47.300000000001795,25.558947843977048,0.5382399035582175,0.856241001842354,0.06745267855932373,0.09674731592105192,False,0.0,0.3710921470620786,,0.5569466189668438,2365,crowded,5037,0.0,False,False,1000.0,1000.0,36.0,0.7092210370314546,4.854865496269261,5,2,mppi,crowded,5037,True,standard,526.7948356000052,207,0.08752642706131078,optimized,2.0
goal,True,33.43999999999963,37.403057718745096,1.1148201492343819,0.7935484514210887,0.053935130194616196,0.11640999518224814,False,0.0,0.351745359367004,,0.5225079467447996,1672,crowded,5038,0.0,False,False,1000.0,1000.0,36.0,1.0555417311834316,4.89287011986292,3,1,mppi,crowded,5038,True,standard,364.43492239999614,198,0.11842105263157894,optimized,2.0
goal,True,51.06000000000238,39.84521627135109,0.7768903563173774,0.8981117058175403,0.04846838782115764,0.11092786294678951,False,0.0,0.37821666675218724,,0.6794286013781584,2553,crowded,5039,0.0,False,False,1000.0,1000.0,36.0,0.9402582229555535,3.6144856875598865,6,2,mppi,crowded,5039,True,standard,517.3510481999983,287,0.11241676459067763,optimized,2.0
goal,True,28.739999999999476,36.50394577123343,1.2693539795853939,0.9098232867300848,0.05543871362402623,0.10198787029596112,False,0.0,0.6524529991670193,,0.435919083976777,1437,crowded,5040,0.0,False,False,1000.0,1000.0,36.0,0.9712075052113058,3.1920688461343363,4,2,mppi,crowded,5040,True,standard,306.09682169999724,80,0.055671537926235214,optimized,2.0
goal,True,61.54000000000402,38.82495576698405,0.627572762038027,0.8534814131515865,0.04807424403015991,0.14253061637597209,False,0.0,0.2440825034328462,,0.847402336689428,3077,crowded,5041,0.0,False,False,1000.0,1000.0,36.0,0.7917534446414414,3.1247853346898227,5,2,mppi,crowded,5041,True,standard,686.9475477000015,306,0.09944751381215469,optimized,2.0
stall,False,17.539999999999715,3.0526415908060964,0.17309741525121014,0.8829670341612561,0.05270491086034544,0.08421604903500644,False,0.0,0.21162867947884265,,0.1563574097910065,877,crowded,5042,0.0,False,False,1000.0,1000.0,36.0,0.9598932040906721,3.486030199242384,5,1,mppi,crowded,5042,True,standard,212.29430460000003,666,0.7594070695553021,optimized,2.0
stall,False,24.659999999999563,8.146814955569395,0.3298585544715923,1.0020950798886574,0.06841974478473885,0.07817765780493648,False,0.0,0.11400414586220964,,0.22403337023232817,1233,crowded,5043,0.0,False,False,1000.0,1000.0,36.0,1.0898186350139498,4.0020376195110305,3,2,mppi,crowded,5043,True,standard,274.64306249999936,691,0.5604217356042174,optimized,2.0
goal,True,31.159999999999425,37.065491629285006,1.187076668879901,0.94221191940455,0.057340667578940185,0.10784925152220994,False,0.0,0.3831345655167203,,0.47009824117247945,1558,crowded,5044,0.0,False,False,1000.0,1000.0,36.0,1.0178429474867148,3.6549452422762707,3,2,mppi,crowded,5044,True,standard,334.0453100999948,189,0.12130937098844673,optimized,2.0
goal,True,44.620000000001376,37.45623213969703,0.8368874961229785,1.0628975622297385,0.05724558205348831,0.11972228756551917,False,0.0,0.07773255081212568,,0.615689417250889,2231,crowded,5045,0.0,False,False,1000.0,1000.0,36.0,0.7659494631232381,3.545543304209088,5,2,mppi,crowded,5045,True,standard,502.7604971999972,572,0.25638727028238456,optimized,2.0
goal,True,44.800000000001404,37.102467062874034,0.8266241269533293,1.0504904950342109,0.055164147827014835,0.12271944536573857,False,0.0,0.14326444819111808,,0.5918608897411894,2240,crowded,5046,0.0,False,False,1000.0,1000.0,36.0,0.9011545969108519,3.3327744218409308,4,2,mppi,crowded,5046,True,standard,496.0442746999979,378,0.16875,optimized,2.0
goal,True,44.84000000000141,36.924947258619845,0.8220314594016701,0.9863719777181874,0.06422442421229102,0.12417473458463055,False,0.0,0.2216405650631634,,0.5996320280079085,2242,crowded,5047,0.0,False,False,1000.0,1000.0,36.0,0.9983218093282231,3.1410251815083683,3,1,mppi,crowded,5047,True,standard,496.11823749999894,296,0.1320249776984835,optimized,2.0
goal,True,27.919999999999494,36.48142857505112,1.3055227667638098,0.7982462050133124,0.048039624030957274,0.10219567284371317,False,0.0,0.5337993911486508,,0.4211337044471266,1396,crowded,5048,0.0,False,False,1000.0,1000.0,36.0,1.0213876505575938,3.411304677538264,4,1,mppi,crowded,5048,True,standard,297.7940965000016,78,0.055873925501432664,optimized,2.0
goal,True,34.119999999999735,36.891160542649914,1.0801905856025562,0.9446590622936769,0.05608997214351691,0.1026069381073857,False,0.0,0.4388803754990883,,0.49953246583630956,1706,crowded,5049,0.0,False,False,1000.0,1000.0,36.0,0.7517994105580714,3.1978602646371006,6,2,mppi,crowded,5049,True,standard,373.8987144000057,141,0.08264947245017586,optimized,2.0
goal,True,42.500000000001044,36.55921233332478,0.8584981715542126,1.4205114792329936,0.7582216659517216,0.16811118515107817,False,0.0,0.2945110047408269,,0.6250697255662014,2125,mixed,5000,0.10063859654556317,False,False,16.0,22.0,36.0,0.8421893577539279,3.1106926377148136,3,1,mppi,mixed,5000,True,standard,561.282878500002,426,0.20047058823529412,optimized,2.0
off_sidewalk,False,12.059999999999832,4.001784329940516,0.3298691162412787,1.039182541886588,0.11980288319309254,0.12702283657624616,False,0.0,0.7378780389929586,,0.1403630104831349,603,mixed,5001,0.1361326555543014,False,False,16.0,22.0,36.0,1.0085497877150973,3.463029867560513,2,1,mppi,mixed,5001,True,standard,142.48729849999654,0,0.0,optimized,2.0
goal,True,33.31999999999961,36.95556785388981,1.1071182823328942,1.2946414878237589,0.7503591750570769,0.1744986742155652,False,0.0,0.5646425382453581,,0.5537452801107217,1666,mixed,5002,0.10779195637104258,False,False,16.0,22.0,36.0,1.006598628122048,3.903147756916806,4,2,mppi,mixed,5002,True,standard,417.20146640000166,35,0.02100840336134454,optimized,2.0
goal,True,42.60000000000106,36.49925617075677,0.8560399458713517,1.83524640785434,0.8417179289914952,0.16190918153360465,False,0.0,0.3788213857831675,,0.5923403861308619,2130,mixed,5003,0.1152588703871631,False,False,16.0,22.0,36.0,0.7517930892575723,3.7871843554365645,3,2,mppi,mixed,5003,True,standard,565.6882878999968,92,0.0431924882629108,optimized,2.0
off_sidewalk,False,18.999999999999684,10.326243536994701,0.5423678935652485,1.0557578453738912,0.2524313154853136,0.126386742527684,False,0.0,0.2139141851485234,,0.2121016704008776,950,mixed,5004,0.09395417832217653,False,False,16.0,22.0,36.0,0.890305269851523,3.167338564992484,2,2,mppi,mixed,5004,True,standard,225.01768649999576,0,0.0,optimized,2.0
stall,False,31.119999999999425,23.113719775566434,0.718881890797455,1.8566838182068424,0.882379094005834,0.2325562151296652,False,0.0,0.6502763196214577,,1.5243681307276815,1556,mixed,5005,0.14452422563128192,False,False,16.0,22.0,36.0,0.9124810113829057,3.4541322103790937,2,1,mppi,mixed,5005,True,standard,391.27758509999694,51,0.032776349614395885,optimized,2.0
off_sidewalk,False,14.319999999999784,5.703381507850294,0.3969805762834592,0.8650408621788326,0.10121801082741287,0.10775580959056612,False,0.0,0.6583458726769836,,0.15557472502977315,716,mixed,5006,0.11823518779379621,False,False,16.0,22.0,36.0,0.878948645244961,4.724539790888749,3,2,mppi,mixed,5006,True,standard,163.3298888999998,0,0.0,optimized,2.0
off_sidewalk,False,5.879999999999963,5.620161930791366,0.9518050025179191,0.8405821503697799,0.15364626973595652,0.18898697881078425,False,0.0,0.38898143678955677,,0.11726618031670984,294,mixed,5007,0.09332622163787102,True,False,16.0,22.0,36.0,0.7003099757032973,4.832701252556141,3,3,mppi,mixed,5007,True,standard,73.31614909999917,15,0.05102040816326531,optimized,2.0
goal,True,31.619999999999415,36.365103864375826,1.1490658076249443,1.6471907581490044,0.6793599235448279,0.15716650061759332,False,0.0,0.5241284994915855,,0.5197560542315814,1581,mixed,5008,0.090077259790111,False,False,16.0,22.0,36.0,0.7780156087365453,4.103977423040574,4,1,mppi,mixed,5008,True,standard,398.36481569999887,148,0.09361163820366857,optimized,2.0
goal,True,43.88000000000126,36.64281954719725,0.833953204689526,1.237949420131374,0.42873073428247876,0.12871619389185565,False,0.0,0.3129508753197149,,0.6257376403089852,2194,mixed,5009,0.11325841109235353,True,True,16.0,22.0,36.0,0.9689358374482765,3.4873356243580726,3,3,mppi,mixed,5009,True,standard,562.8879840000009,114,0.05195989061075661,optimized,2.0
goal,True,28.259999999999486,36.514150517655516,1.2911665046838137,1.5649211000466918,1.0088595230647672,0.21298885325683264,False,0.0,0.5721483134607752,,0.4848898331536663,1413,mixed,5010,0.14381243175444086,False,False,16.0,22.0,36.0,0.7051556442607216,3.7667485448765166,2,1,mppi,mixed,5010,True,standard,346.8538985999985,44,0.03113941967445152,optimized,2.0
off_sidewalk,False,19.299999999999677,9.445200897643987,0.48848790723929525,0.9050857719603852,0.3441139818953373,0.10353702880864038,False,0.0,0.30720222383366264,,0.22108857321176414,965,mixed,5011,0.14971532004645052,True,True,16.0,22.0,36.0,0.8328891001551972,4.081364643336002,2,2,mppi,mixed,5011,True,standard,227.5382510999989,0,0.0,optimized,2.0
stall,False,30.799999999999432,22.744731711678494,0.7205800056647373,1.5904059778045598,0.7631403453729982,0.16737915874119536,False,0.0,0.741877985951783,,1.0507656685663034,1540,mixed,5012,0.11599739438211938,False,False,16.0,22.0,36.0,1.0932146650543806,4.746887235560902,4,1,mppi,mixed,5012,True,standard,418.5941705000005,0,0.0,optimized,2.0
goal,True,28.13999999999949,36.37220732750487,1.2917742779080699,1.391763344709599,0.5396686375952903,0.14647692941635984,False,0.0,0.5692402210639379,,0.46349723902980366,1407,mixed,5013,0.11438074496395545,True,False,16.0,22.0,36.0,0.9965686471139685,4.558301693417866,3,1,mppi,mixed,5013,True,standard,355.01878299999953,30,0.021321961620469083,optimized,2.0
goal,True,31.33999999999942,36.415667010181025,1.160724119867846,1.5370243104529577,0.8307211143364054,0.20765112305381567,False,0.0,0.2035773322501527,,0.549637611871428,1567,mixed,5014,0.13211528278562787,False,False,16.0,22.0,36.0,1.0079404557952962,4.248689932953564,3,1,mppi,mixed,5014,True,standard,388.46976609999547,105,0.06700701978302488,optimized,2.0
off_sidewalk,False,29.51999999999946,27.306046290722367,0.9226028334664476,1.3073471079287202,0.7712361042984943,0.17723694927862094,False,0.0,0.30538040954788226,,0.4235914847772356,1476,mixed,5015,0.11307428979546041,False,False,16.0,22.0,36.0,0.7129585808151011,3.616554150795544,3,2,mppi,mixed,5015,True,standard,363.8014076000036,0,0.0,optimized,2.0
off_sidewalk,False,19.11999999999968,9.745079278160354,0.5061341814099777,0.7458310811161071,0.08284716565779542,0.15276259985368304,False,0.0,0.449191853095551,,0.27475181997679515,956,mixed,5016,0.12328780373270565,False,False,16.0,22.0,36.0,1.0824496477512628,4.4970018275504655,4,2,mppi,mixed,5016,True,standard,247.25178259999666,57,0.0596234309623431,optimized,2.0
goal,True,27.879999999999495,36.55676030766563,1.3094570722673546,1.7917905081677616,0.8506383788844868,0.19521394128681316,False,0.0,0.5253655167791607,,0.4680517341569254,1394,mixed,5017,0.12162928738333142,False,False,16.0,22.0,36.0,1.0313683035167758,3.069327793573069,2,1,mppi,mixed,5017,True,standard,348.52748710000014,60,0.043041606886657105,optimized,2.0
goal,True,34.699999999999825,36.45416888284699,1.0497854024978024,1.8941228470778049,0.7249840927596283,0.13886079089138345,False,0.0,0.20046814311390787,,0.49618525085166115,1735,mixed,5018,0.1021966661181102,True,False,16.0,22.0,36.0,0.8519960097254107,3.741644975951466,2,3,mppi,mixed,5018,True,standard,437.4242791999932,5,0.002881844380403458,optimized,2.0
stall,False,21.49999999999963,5.160259157051053,0.23879001142105513,0.7726535063424061,0.058383119570619195,0.07707621346898,False,0.0,0.24721804878729287,,0.19212003240697142,1075,mixed,5019,0.09694607558591248,False,False,16.0,22.0,36.0,0.7749984328665865,4.6919924902412244,3,3,mppi,mixed,5019,True,standard,288.36951120000595,659,0.6130232558139534,optimized,2.0
stall,False,24.459999999999567,6.713093127565741,0.2707839406760125,0.8757172368446429,0.054305570729843385,0.11544032528836798,False,0.0,0.24745715666177526,,0.27047399340952294,1223,mixed,5020,0.11812828874817456,False,False,16.0,22.0,36.0,0.7248282467948968,4.082261203094857,4,2,mppi,mixed,5020,True,standard,301.36964550000266,782,0.6394112837285364,optimized,2.0
goal,True,30.45999999999944,36.86518339656069,1.208322074509527,2.0892746655060037,0.676977315071208,0.15440017195740868,False,0.0,0.6162799811272323,,0.48562615806802295,1523,mixed,5021,0.11381894175763324,True,False,16.0,22.0,36.0,0.9140104345757991,3.9670663971291336,3,2,mppi,mixed,5021,True,standard,388.5072854999962,116,0.07616546290216678,optimized,2.0
goal,True,29.139999999999468,36.45950796350208,1.248447240205482,2.1021795268053687,0.7897219844856446,0.19833813806949563,False,0.0,0.4722789787318371,,0.51370434492946,1457,mixed,5022,0.13140191257451567,False,False,16.0,22.0,36.0,0.8496203871888334,4.16327064677573,2,1,mppi,mixed,5022,True,standard,360.3253482,51,0.035003431708991076,optimized,2.0
off_sidewalk,False,22.03999999999962,12.243079400910492,0.5520892230779388,0.8235654968047621,0.23562920956079433,0.12767897035917028,False,0.0,0.6359612900762516,,0.28095414909915123,1102,mixed,5023,0.12867756728465177,False,False,16.0,22.0,36.0,0.8171074644897484,4.845944573728948,2,3,mppi,mixed,5023,True,standard,266.3497489000001,66,0.05989110707803993,optimized,2.0
goal,True,29.759999999999454,36.65018853132308,1.2297816494893472,2.2436566436856107,0.8732842439624282,0.20477681582658602,False,0.0,0.4319475332388094,,0.5105578693353943,1488,mixed,5024,0.13928371679168416,False,False,16.0,22.0,36.0,0.8109383252924722,4.478913919082471,2,1,mppi,mixed,5024,True,standard,378.6662968000019,126,0.0846774193548387,optimized,2.0
goal,True,32.839999999999534,36.692445588503084,1.115856968014098,1.8409989106849487,0.6680978625608107,0.15933521796652983,False,0.0,0.5136877793928519,,0.5122990237566506,1642,mixed,5025,0.09643074988431373,False,False,16.0,22.0,36.0,0.9732104368642298,4.750233220361416,4,2,mppi,mixed,5025,True,standard,416.459614600004,67,0.04080389768574909,optimized,2.0
stall,False,21.91999999999962,5.7421832516098545,0.2590408731323976,0.8816240331256876,0.049282260790930656,0.09951772258370233,False,0.0,0.25359019787716885,,0.22208503912767288,1096,mixed,5026,0.09558762086488723,False,False,16.0,22.0,36.0,0.7262499636679371,4.307968225800889,4,3,mppi,mixed,5026,True,standard,267.5910862000019,761,0.6943430656934306,optimized,2.0
goal,True,31.719999999999413,36.580397073569195,1.1521438433924711,1.0789203226737576,0.7835906693206037,0.13848099201793485,False,0.0,0.45217858705973646,,0.4895317025406465,1586,mixed,5027,0.11482123997562081,False,True,16.0,22.0,36.0,0.876142603073939,3.7904107308165678,3,2,mppi,mixed,5027,True,standard,413.0608787999954,6,0.0037831021437578815,optimized,2.0
off_sidewalk,False,23.119999999999596,25.994453108459034,1.1229947151608168,1.8082045564457458,0.7271678658054505,0.18984910447139075,False,0.0,0.3397259140245531,,0.38219810390906567,1156,mixed,5028,0.10116781223940692,False,False,16.0,22.0,36.0,1.0334928486032917,4.609884125974756,2,2,mppi,mixed,5028,True,standard,293.14525900000444,0,0.0,optimized,2.0
goal,True,28.679999999999477,36.55567036673473,1.2738200287505321,1.086826185237128,0.7151932958591206,0.14733801886052633,False,0.0,0.3459791041106355,,0.4465175110977528,1434,mixed,5029,0.12404880975552002,False,True,16.0,22.0,36.0,0.8960683121439519,3.612757000380382,3,2,mppi,mixed,5029,True,standard,362.0838805000021,117,0.08158995815899582,optimized,2.0
goal,True,31.89999999999941,36.387931606009495,1.1396343461317995,1.0031510750995718,0.7806320648449933,0.15249746335651804,False,0.0,0.3203944473814886,,0.505418766268629,1595,mixed,5030,0.11541600076902528,False,True,16.0,22.0,36.0,0.702641268886089,3.5741138987672745,3,1,mppi,mixed,5030,True,standard,394.8774096999987,0,0.0,optimized,2.0
goal,True,34.379999999999775,36.300423661505945,1.0553311456214884,3.2719381613327805,1.112664982577084,0.1737746802450116,True,0.0005817335660267597,0.38663751189251583,,0.5121494353060037,1719,mixed,5031,0.14561650478931443,True,False,16.0,22.0,36.0,1.0541886438268662,3.7270554480582403,3,1,mppi,mixed,5031,True,standard,452.63493860000017,62,0.03606748109365911,optimized,2.0
off_sidewalk,False,15.639999999999755,4.672628454842961,0.29765957048000086,0.8590284465983831,0.10370365943185393,0.09829705057367606,False,0.0,0.33031632562859137,,0.15146807625708714,782,mixed,5032,0.1122245362773568,False,False,16.0,22.0,36.0,0.8808706052658889,4.3792262715010075,3,2,mppi,mixed,5032,True,standard,179.65010829999665,0,0.0,optimized,2.0
off_sidewalk,False,16.479999999999738,5.4229643055154995,0.3280404867021482,0.8074409041029956,0.09032921861279844,0.08098461391836001,False,0.0,0.3140955879292737,,0.15449382208408968,824,mixed,5033,0.11672621005094068,False,False,16.0,22.0,36.0,1.0836130709500158,3.666279579977531,3,2,mppi,mixed,5033,True,standard,196.13303080000333,0,0.0,optimized,2.0
goal,True,35.51999999999995,36.745561809413566,1.032998242767692,1.0959463216939935,0.31749529541921523,0.12927383853457436,False,0.0,0.3124481685326168,,0.7573148566837187,1776,mixed,5034,0.12934267293598622,True,True,16.0,22.0,36.0,0.7665500295059827,3.804995479071652,2,3,mppi,mixed,5034,True,standard,431.0841524999996,48,0.02702702702702703,optimized,2.0
goal,True,33.2799999999996,36.72481117808631,1.1020446742494352,1.9648869321046216,0.7939261543136149,0.14704620815598723,False,0.0,0.2718943117326573,,0.539137468200805,1664,mixed,5035,0.10658169577161372,True,False,16.0,22.0,36.0,0.9199233332386492,4.156022809768874,2,2,mppi,mixed,5035,True,standard,444.27283650000027,142,0.08533653846153846,optimized,2.0
off_sidewalk,False,24.179999999999573,24.54438657024695,1.0130061936962202,1.3551270886358693,0.7770067887647695,0.19248159274325358,False,0.0,0.654215960457616,,0.4048547126671262,1209,mixed,5036,0.1173697414789877,False,False,16.0,22.0,36.0,1.0648143012996332,4.3024889064133,4,1,mppi,mixed,5036,True,standard,290.82580099999905,53,0.043837882547559964,optimized,2.0
goal,True,52.66000000000263,36.835842961663616,0.6976442205032283,1.0360804068552443,0.7899502507996915,0.15437309461828458,False,0.0,0.10415800096343628,,0.9101255757089729,2633,mixed,5037,0.13679937064081266,False,False,16.0,22.0,36.0,0.7092210370314546,4.854865496269261,3,2,mppi,mixed,5037,True,standard,607.4804067000005,228,0.08659323965058868,optimized,2.0
goal,True,28.679999999999477,36.35007284517576,1.2671568364044175,1.8884220245327983,0.6890958558690128,0.16009768077843148,False,0.0,0.4589484758427458,,0.44552951223765364,1434,mixed,5038,0.09670644475941208,False,False,16.0,22.0,36.0,1.0555417311834316,4.89287011986292,3,1,mppi,mixed,5038,True,standard,354.49277950000396,0,0.0,optimized,2.0
goal,True,30.47999999999944,36.38109995117308,1.1933930543310023,1.9390279708239038,0.9246590977843324,0.16437476801927706,False,0.0,0.42117081270010936,,0.448776608707586,1524,mixed,5039,0.13861797778812823,True,False,16.0,22.0,36.0,0.9402582229555535,3.6144856875598865,2,2,mppi,mixed,5039,True,standard,400.0111700000052,68,0.04461942257217848,optimized,2.0
stall,False,40.44000000000072,27.276199124878467,0.6730504294994558,3.575416875903086,1.1136762011019543,0.19874881204191538,True,0.0005934718100890207,0.10991212040642262,,0.5420184233681506,2022,mixed,5040,0.13659141728402505,False,False,16.0,22.0,36.0,0.9712075052113058,3.1920688461343363,2,3,mppi,mixed,5040,True,standard,517.6689275000026,571,0.28239366963402573,optimized,2.0
stall,False,32.53999999999949,23.09922768809346,0.6851305117985905,2.37059860445134,0.9588516652646101,0.2559687619688641,False,0.0,0.575203881814248,,1.7566879093476937,1627,mixed,5041,0.14238089228448053,False,False,16.0,22.0,36.0,0.7917534446414414,3.1247853346898227,4,3,mppi,mixed,5041,True,standard,410.635385900001,34,0.02089735709895513,optimized,2.0
stall,False,40.42000000000072,30.596047140711043,0.7562267682367364,1.9128585239354066,0.7732872720778882,0.1546138786879468,False,0.0,0.11217614858091607,,0.49228540980608076,2021,mixed,5042,0.11346964484423985,False,False,16.0,22.0,36.0,0.9598932040906721,3.486030199242384,2,3,mppi,mixed,5042,True,standard,514.7374617000023,530,0.26224641266699655,optimized,2.0
goal,True,34.15999999999974,37.13771014698313,1.0849160132572437,1.1614460450919148,0.7909643021368409,0.15896213038762272,False,0.0,0.435386268693419,,0.5573909012009058,1708,mixed,5043,0.1269385057241497,False,True,16.0,22.0,36.0,1.0898186350139498,4.0020376195110305,3,2,mppi,mixed,5043,True,standard,449.02139600000373,39,0.022833723653395786,optimized,2.0
off_sidewalk,False,37.520000000000266,28.372385789807154,0.7537175734623363,2.2542349924565026,1.0490437815596716,0.19219234012175326,False,0.0,0.2755879679570952,,0.5063410925735917,1876,mixed,5044,0.13998739401869517,False,False,16.0,22.0,36.0,1.0178429474867148,3.6549452422762707,4,3,mppi,mixed,5044,True,standard,455.74226839999756,80,0.042643923240938165,optimized,2.0
goal,True,33.939999999999706,36.86347635416689,1.0833775148148221,1.3784688274604577,0.9215592800216849,0.20315709724664485,False,0.0,0.36965261851684184,,0.5746087306436821,1697,mixed,5045,0.13638592052525939,False,False,16.0,22.0,36.0,0.7659494631232381,3.545543304209088,4,2,mppi,mixed,5045,True,standard,427.88012300000264,121,0.0713022981732469,optimized,2.0
goal,True,34.09999999999973,36.692426942694546,1.075093472971229,1.3553278591050357,0.9201241575657972,0.1380043778001227,False,0.0,0.5547411805845088,,0.49738698645498025,1705,mixed,5046,0.12227119309524864,True,False,16.0,22.0,36.0,0.9011545969108519,3.3327744218409308,4,1,mppi,mixed,5046,True,standard,429.16380789999675,95,0.05571847507331378,optimized,2.0
off_sidewalk,False,29.43999999999946,26.02931179865709,0.878636952928307,1.2668169899610329,0.7463282647014119,0.17305580710171325,False,0.0,0.5001219289671234,,0.46895804783524564,1472,mixed,5047,0.0907107601460403,False,False,16.0,22.0,36.0,0.9983218093282231,3.1410251815083683,3,3,mppi,mixed,5047,True,standard,389.9034176000059,23,0.015625,optimized,2.0
goal,True,44.26000000000132,37.659366990398865,0.8483362503846105,1.3025681388960317,0.7346515954446506,0.16206180445677995,False,0.0,0.10658593656539184,,0.6282779641334321,2213,mixed,5048,0.09534548510317571,False,False,16.0,22.0,36.0,1.0213876505575938,3.411304677538264,4,3,mppi,mixed,5048,True,standard,566.7774617999967,327,0.14776321735201084,optimized,2.0
goal,True,31.979999999999407,36.73331529448003,1.1462223626984254,2.8545455033353297,1.016224293593207,0.24070900856787172,False,0.0,0.2988399902665597,,0.5939537701942308,1599,mixed,5049,0.14394041403531896,False,False,16.0,22.0,36.0,0.7517994105580714,3.1978602646371006,2,2,mppi,mixed,5049,True,standard,411.0107330999963,119,0.07442151344590368,optimized,2.0
off_sidewalk,False,29.879999999999452,30.99579715014809,1.0355114663289329,2.0558127311182677,0.8682926651278514,0.20127350649684855,False,0.0,0.4563836227215561,,0.5008160420298827,1494,slippery,5000,0.10063859654556317,False,False,16.0,22.0,36.0,0.3711416723079709,3.1106926377148136,4,2,mppi,slippery,5000,True,standard,367.7658881000025,75,0.050200803212851405,optimized,2.0
stall,False,34.5399999999998,23.479620621387898,0.6551547665006996,0.9891929176774564,0.48044116732712516,0.19408091880957395,False,0.0,0.34434089685382546,,1.5888748682960443,1727,slippery,5001,0.1361326555543014,False,False,16.0,22.0,36.0,0.42577495352777783,3.463029867560513,3,1,mppi,slippery,5001,True,standard,437.72959499999706,122,0.07064273306311523,optimized,2.0
goal,True,40.22000000000069,36.47552422735869,0.906083299662371,2.180872456442261,1.0396281612105172,0.19828940338643505,False,0.0,0.3270387404175319,,0.7635366254276076,2011,slippery,5002,0.10779195637104258,False,False,16.0,22.0,36.0,0.442368936743345,3.903147756916806,4,3,mppi,slippery,5002,True,standard,490.6814979999981,75,0.037294878170064646,optimized,2.0
goal,True,46.46000000000166,36.450636030725526,0.7787317534205007,2.446355378241319,0.807750979854795,0.17484048023747673,False,0.0,0.14073158662472285,,0.6889448075668257,2323,slippery,5003,0.1152588703871631,False,False,16.0,22.0,36.0,0.511013095907909,3.7871843554365645,3,3,mppi,slippery,5003,True,standard,584.7788290999961,183,0.07877744296168747,optimized,2.0
goal,True,26.21999999999953,36.61249145163549,1.3947168998975084,1.7953479875389977,0.7588136678833831,0.20916845400940706,False,0.0,0.555485730061302,,0.48301646196466486,1311,slippery,5004,0.09395417832217653,False,False,16.0,22.0,36.0,0.45925003211437904,3.167338564992484,3,1,mppi,slippery,5004,True,standard,321.10071259999677,35,0.02669717772692601,optimized,2.0
goal,True,34.87999999999985,36.45689852140594,1.0394108842353602,2.2842624508394493,1.0079861152002114,0.21599137623794465,False,0.0,0.35504146653015123,,0.7082725237801742,1744,slippery,5005,0.14452422563128192,False,False,16.0,22.0,36.0,0.379941629172024,3.4541322103790937,2,1,mppi,slippery,5005,True,standard,435.5260475999967,0,0.0,optimized,2.0
goal,True,32.339999999999456,36.70983271827028,1.1341140470733766,1.160160268466895,0.8199494734763064,0.1621192697932778,False,0.0,0.41697545353202736,,0.5134652084057936,1617,slippery,5006,0.11823518779379621,False,False,16.0,22.0,36.0,0.4724620549165879,4.724539790888749,2,2,mppi,slippery,5006,True,standard,408.9086832999965,84,0.05194805194805195,optimized,2.0
goal,True,35.019999999999875,36.486838967594885,1.0412199096777621,1.3417905244311306,0.23970097353058276,0.1116331685256373,False,0.0,0.4660317697298144,,0.5020495737010991,1751,slippery,5007,0.09332622163787102,True,False,16.0,22.0,36.0,0.5707734763782737,4.832701252556141,4,3,mppi,slippery,5007,True,standard,451.6458596999946,0,0.0,optimized,2.0
stall,False,42.500000000001044,30.966747699072634,0.7265978264362739,1.183453055842184,0.6545795858781678,0.13202704366530404,False,0.0,0.2676923295904492,,0.5464458460878562,2125,slippery,5008,0.090077259790111,False,False,16.0,22.0,36.0,0.41858945969017547,4.103977423040574,4,1,mppi,slippery,5008,True,standard,542.1063333999991,719,0.3383529411764706,optimized,2.0
goal,True,32.35999999999946,36.46238528272902,1.1263278000933055,0.7233449115624844,0.09876650375218506,0.08427777823158111,False,0.0,0.4011118344809317,,0.4432888487093988,1618,slippery,5009,0.11325841109235353,True,True,16.0,22.0,36.0,0.5637117705704066,3.4873356243580726,3,3,mppi,slippery,5009,True,standard,423.89353259999916,79,0.04882571075401731,optimized,2.0
goal,True,36.92000000000017,36.88419897450688,0.9893808623454265,3.1722963598080356,0.8540868294777604,0.223616551333298,True,0.0004333694474539545,0.11145887456038503,,0.7209648537777044,1846,slippery,5010,0.14381243175444086,False,False,16.0,22.0,36.0,0.42717752382064567,3.7667485448765166,2,3,mppi,slippery,5010,True,standard,469.8682817000008,181,0.09804983748645721,optimized,2.0
stall,False,24.059999999999576,7.895669667964372,0.32739876857877775,0.7636912708116401,0.04362103325996544,0.06910798187319663,False,0.0,0.26952866235001505,,0.22255164727116458,1203,slippery,5011,0.14971532004645052,True,True,16.0,22.0,36.0,0.5026425178166009,4.081364643336002,3,1,mppi,slippery,5011,True,standard,318.36379450000095,654,0.543640897755611,optimized,2.0
off_sidewalk,False,35.079999999999885,28.618863077745434,0.8145416556979972,1.1015904460956505,0.8028999808389701,0.14860365099502096,False,0.0,0.23636606255954895,,0.49498820465036253,1754,slippery,5012,0.11599739438211938,False,False,16.0,22.0,36.0,0.39398276911903374,4.746887235560902,2,3,mppi,slippery,5012,True,standard,425.89624090000143,197,0.11231470923603193,optimized,2.0
off_sidewalk,False,10.079999999999874,5.245765741928819,0.518838665963229,0.6746102228524257,0.12031267111060391,0.11090719965937722,False,0.0,0.6732169983328277,,0.1289853945934218,504,slippery,5013,0.11438074496395545,True,False,16.0,22.0,36.0,0.39658147398497556,4.558301693417866,4,3,mppi,slippery,5013,True,standard,121.68426849999378,0,0.0,optimized,2.0
off_sidewalk,False,23.719999999999583,6.909650445834366,0.2905584264306359,0.693138944545277,0.04021241693558948,0.07755544815438672,False,0.0,0.3020220823297092,,0.23212426597129587,1186,slippery,5014,0.13211528278562787,False,False,16.0,22.0,36.0,0.39538286405034423,4.248689932953564,4,3,mppi,slippery,5014,True,standard,308.22531249999884,98,0.08263069139966273,optimized,2.0
off_sidewalk,False,21.57999999999963,5.749481322607411,0.2652840979192041,0.725161432133105,0.10069211174219299,0.08401907607954083,False,0.0,0.21528440698071327,,0.20601435014948694,1079,slippery,5015,0.11307428979546041,False,False,16.0,22.0,36.0,0.47884043584313024,3.616554150795544,3,2,mppi,slippery,5015,True,standard,267.2680513000014,124,0.11492122335495829,optimized,2.0
off_sidewalk,False,22.05999999999962,26.16893871655205,1.1848168061642408,1.0949892375893509,0.8344137320350662,0.19302326465386319,False,0.0,0.5580301303959613,,0.36646806743778254,1103,slippery,5016,0.12328780373270565,False,False,16.0,22.0,36.0,0.47418012459549047,4.4970018275504655,3,1,mppi,slippery,5016,True,standard,265.3306811999937,0,0.0,optimized,2.0
stall,False,23.37999999999959,3.6798795811598404,0.15655881175201508,0.6415790575051437,0.03353085104698979,0.05923212151136554,False,0.0,0.11588318137496667,,0.19811777028944924,1169,slippery,5017,0.12162928738333142,False,False,16.0,22.0,36.0,0.37136828990468335,3.069327793573069,3,3,mppi,slippery,5017,True,standard,321.7092843999999,660,0.564585115483319,optimized,2.0
goal,True,26.63999999999952,36.176985404608565,1.3580346298485102,1.5623954785540115,0.7288387495777335,0.14672877240800103,False,0.0,0.5805242459920299,,0.4303424259816599,1332,slippery,5018,0.1021966661181102,True,False,16.0,22.0,36.0,0.5946026326547758,3.741644975951466,2,1,mppi,slippery,5018,True,standard,337.82213970000157,0,0.0,optimized,2.0
stall,False,42.92000000000111,26.425006815346364,0.6137468359232212,1.2429653810667585,0.7311909366232278,0.14762218802778387,False,0.0,0.24948062857934283,,0.56270438023418,2146,slippery,5019,0.09694607558591248,False,False,16.0,22.0,36.0,0.5750831592553017,4.6919924902412244,2,3,mppi,slippery,5019,True,standard,556.6100251000025,890,0.4147250698974837,optimized,2.0
goal,True,30.39999999999944,36.49714575131516,1.1992975896561533,1.2514754320449168,0.8442131541154413,0.17987699134321614,False,0.0,0.3011124288887099,,0.5143592759124285,1520,slippery,5020,0.11812828874817456,False,False,16.0,22.0,36.0,0.46818953800906005,4.082261203094857,2,1,mppi,slippery,5020,True,standard,383.3542862999966,154,0.1013157894736842,optimized,2.0
off_sidewalk,False,30.35999999999944,27.161059128500323,0.8928886112740735,2.602628545067023,0.7884044029968897,0.1796143541332735,False,0.0,0.2925634573551434,,0.439436282567403,1518,slippery,5021,0.11381894175763324,True,False,16.0,22.0,36.0,0.5095335460492123,3.9670663971291336,4,3,mppi,slippery,5021,True,standard,375.53959190000023,21,0.01383399209486166,optimized,2.0
stall,False,31.039999999999427,9.206489098179837,0.2953522277888658,0.5752215329478535,0.02433431007949456,0.07441563074223821,False,0.0,0.1120938556447606,,0.2961441427355035,1552,slippery,5022,0.13140191257451567,False,False,16.0,22.0,36.0,0.3803967251227852,4.16327064677573,3,2,mppi,slippery,5022,True,standard,284.9731335999968,640,0.41237113402061853,optimized,2.0
off_sidewalk,False,36.50000000000011,30.762974750715355,0.8401246510810219,1.0207108301553234,0.8147385399004768,0.1525075313224489,False,0.0,0.148646740633597,,0.535085032767363,1825,slippery,5023,0.12867756728465177,False,False,16.0,22.0,36.0,0.5232861663456629,4.845944573728948,3,2,mppi,slippery,5023,True,standard,269.8019953999974,62,0.03397260273972603,optimized,2.0
goal,True,30.259999999999444,36.69429423370065,1.2113859307240236,2.8204289373318883,1.1475769009274046,0.23973017518780523,False,0.0,0.6635075972476397,,0.7267772771445409,1513,slippery,5024,0.13928371679168416,False,False,16.0,22.0,36.0,0.3684939481590379,4.478913919082471,4,1,mppi,slippery,5024,True,standard,366.8824595999977,262,0.17316589557171183,optimized,2.0
goal,True,40.9200000000008,36.97404099860424,0.902064417096441,1.6884289890798674,0.7301414711412317,0.1610722183143623,False,0.0,0.3229174664678309,,0.6633375146532536,2046,slippery,5025,0.09643074988431373,False,False,16.0,22.0,36.0,0.4484040919513414,4.750233220361416,4,2,mppi,slippery,5025,True,standard,448.7469007999971,202,0.09872922776148582,optimized,2.0
stall,False,55.14000000000302,32.036864217932134,0.5757036644226727,1.897662086487562,0.7471668881945859,0.14599409341262928,False,0.0,0.26759629276628827,,1.2996962131951728,2757,slippery,5026,0.09558762086488723,False,False,16.0,22.0,36.0,0.5864049169030267,4.307968225800889,4,3,mppi,slippery,5026,True,standard,411.6000516999993,711,0.2578890097932535,optimized,2.0
goal,True,38.860000000000475,36.42189198301746,0.93657383811515,1.2462803491319616,0.7889019425859518,0.14784689535156928,False,0.0,0.31245854323741695,,0.7291864019627664,1943,slippery,5027,0.11482123997562081,False,True,16.0,22.0,36.0,0.4715029365058271,3.7904107308165678,2,3,mppi,slippery,5027,True,standard,207.05096709999634,6,0.003088008234688626,optimized,2.0
goal,True,30.43999999999944,36.34096172818227,1.1934700417968724,1.8753741406481745,0.738138450823882,0.17375849014429465,False,0.0,0.5741431405509031,,0.5020454945760555,1522,slippery,5028,0.10116781223940692,False,False,16.0,22.0,36.0,0.49418247482784017,4.609884125974756,3,2,mppi,slippery,5028,True,standard,387.5233006999988,0,0.0,optimized,2.0
goal,True,29.639999999999457,36.40162892252962,1.2274069879575227,1.1946374697495699,0.7994823488664311,0.15268237674175855,False,0.0,0.4549293921560019,,0.4666908964804247,1482,slippery,5029,0.12404880975552002,False,True,16.0,22.0,36.0,0.45588863535587365,3.612757000380382,3,1,mppi,slippery,5029,True,standard,334.36801520000154,25,0.016869095816464237,optimized,2.0
goal,True,36.82000000000016,37.4398416496167,1.0141238250029287,1.125429941572737,0.7535849553059255,0.14538877191998978,False,0.0,0.37716618639212207,,0.5781509105243657,1841,slippery,5030,0.11541600076902528,False,True,16.0,22.0,36.0,0.3668454217850029,3.5741138987672745,3,2,mppi,slippery,5030,True,standard,301.1261087000021,170,0.09234111895708853,optimized,2.0
goal,True,32.259999999999444,36.435225047891684,1.1288001427636318,1.1402644081527027,0.9889065022168245,0.14246724921560305,False,0.0,0.34567388297616536,,0.48512936645450566,1613,slippery,5031,0.14561650478931443,True,False,16.0,22.0,36.0,0.3923066625044509,3.7270554480582403,2,3,mppi,slippery,5031,True,standard,218.89849010000034,0,0.0,optimized,2.0
goal,True,28.379999999999484,36.391628706941994,1.281364089864664,1.3091337257648685,0.7583897078344762,0.16587987402874996,False,0.0,0.48619296741228957,,0.46777029400206543,1419,slippery,5032,0.1122245362773568,False,False,16.0,22.0,36.0,0.5123534896384638,4.3792262715010075,2,1,mppi,slippery,5032,True,standard,359.27015160000155,70,0.04933051444679352,optimized,2.0
stall,False,25.77999999999954,10.870105040381283,0.42076975513785164,0.744661254222245,0.04156182884501271,0.06830853506044571,False,0.0,0.09996094709457592,,0.24744810891427324,1289,slippery,5033,0.11672621005094068,False,False,16.0,22.0,36.0,0.4929923951210895,3.666279579977531,2,2,mppi,slippery,5033,True,standard,310.6975377999988,778,0.6035686578743211,optimized,2.0
goal,True,29.53999999999946,36.63663688361982,1.2391732019576778,0.9194963558687834,0.09500440232583834,0.11947845036301244,False,0.0,0.4731944572900847,,0.5017906061023162,1477,slippery,5034,0.12934267293598622,True,True,16.0,22.0,36.0,0.556755319673636,3.804995479071652,3,1,mppi,slippery,5034,True,standard,244.79295770000317,118,0.07989167230873392,optimized,2.0
off_sidewalk,False,17.139999999999723,4.51473648293803,0.2624754983770073,0.6793159718931795,0.08455814497890159,0.08255383233719463,False,0.0,0.41654670554621054,,0.16367884149072295,857,slippery,5035,0.10658169577161372,True,False,16.0,22.0,36.0,0.4457365742711606,4.156022809768874,2,3,mppi,slippery,5035,True,standard,123.15159210000274,0,0.0,optimized,2.0
goal,True,29.339999999999463,36.72094937783512,1.2487340951798316,1.8845051477944619,0.7730607228285145,0.18313236789594267,False,0.0,0.5110130975121487,,0.5088548680513205,1467,slippery,5036,0.1173697414789877,False,False,16.0,22.0,36.0,0.37723532017625244,4.3024889064133,3,1,mppi,slippery,5036,True,standard,373.01513699999487,40,0.027266530334014997,optimized,2.0
off_sidewalk,False,32.459999999999475,28.72274516877243,0.8831141234967961,1.798871182386398,0.8065030871118465,0.19003699052671633,False,0.0,0.41104959789248563,,0.4829991307569014,1623,slippery,5037,0.13679937064081266,False,False,16.0,22.0,36.0,0.4523577783787623,4.854865496269261,4,3,mppi,slippery,5037,True,standard,327.259195599996,3,0.0018484288354898336,optimized,2.0
off_sidewalk,False,11.67999999999984,6.4237635101954105,0.5472613866331466,0.5178262067412313,0.14034870960993157,0.11352248281449151,False,0.0,0.4405997394588389,,0.14758899922992605,584,slippery,5038,0.09670644475941208,False,False,16.0,22.0,36.0,0.35783740592728097,4.89287011986292,4,2,mppi,slippery,5038,True,standard,86.78254800000286,0,0.0,optimized,2.0
goal,True,32.37999999999946,37.01394637012838,1.1294218971057632,2.279911351923921,0.9412322838512402,0.20923644215925344,False,0.0,0.4003745207535241,,0.6165430233304903,1619,slippery,5039,0.13861797778812823,True,False,16.0,22.0,36.0,0.4923603953627235,3.6144856875598865,2,2,mppi,slippery,5039,True,standard,255.17489149999892,30,0.01852995676343422,optimized,2.0
goal,True,32.17999999999943,36.5090782374897,1.1332347457330818,1.6062043369948773,0.9065643809266525,0.20292048556435108,False,0.0,0.5774599785847735,,0.5547761261067576,1609,slippery,5040,0.13659141728402505,False,False,16.0,22.0,36.0,0.5217942425267601,3.1920688461343363,4,1,mppi,slippery,5040,True,standard,409.8549281000014,104,0.06463642013673089,optimized,2.0
goal,True,32.139999999999425,36.370218448282586,1.130181564921827,2.349612748736127,0.9573337170719698,0.2273320164282019,False,0.0,0.3421396294076605,,0.55438375384716,1607,slippery,5041,0.14238089228448053,False,False,16.0,22.0,36.0,0.5872125373702828,3.1247853346898227,2,1,mppi,slippery,5041,True,standard,311.17622790000314,119,0.07405102675793404,optimized,2.0
goal,True,33.859999999999694,36.900198941215834,1.0882785752318027,1.5639193060464023,0.8213183852918239,0.18492247130319742,False,0.0,0.4635383074597096,,0.7068856288126968,1693,slippery,5042,0.11346964484423985,False,False,16.0,22.0,36.0,0.5295349278405915,3.486030199242384,3,3,mppi,slippery,5042,True,standard,257.8225018000012,107,0.06320141760189013,optimized,2.0
goal,True,30.119999999999447,36.41896265095566,1.208376693871131,1.1188380309195185,0.8300792149702891,0.14015472012574506,False,0.0,0.41867629468429446,,0.45356878113632565,1506,slippery,5043,0.1269385057241497,False,True,16.0,22.0,36.0,0.4860029626216278,4.0020376195110305,2,2,mppi,slippery,5043,True,standard,190.5861089999962,143,0.0949535192563081,optimized,2.0
off_sidewalk,False,13.99999999999979,9.037671008008092,0.6433006225239813,0.8570213545968266,0.07428841393107949,0.11817020287718129,False,0.0,0.48365763106573734,,0.19354598704709886,700,slippery,5044,0.13998739401869517,False,False,16.0,22.0,36.0,0.5924876623535076,3.6549452422762707,3,3,mppi,slippery,5044,True,standard,175.5501682000031,10,0.014285714285714285,optimized,2.0
goal,True,33.2799999999996,36.61781042821892,1.0988721683315246,1.3175158071120543,0.9982060634209426,0.19298461540064968,False,0.0,0.4318614971605407,,0.5318560649316373,1664,slippery,5045,0.13638592052525939,False,False,16.0,22.0,36.0,0.4884693449298265,3.545543304209088,2,3,mppi,slippery,5045,True,standard,392.0139624000003,51,0.03064903846153846,optimized,2.0
stall,False,33.07999999999957,22.43759056047142,0.6740029910175949,2.512867180322149,0.4125535025499714,0.12080426283633862,False,0.0,0.49829789850279915,,0.47627882355745155,1654,slippery,5046,0.12227119309524864,True,False,16.0,22.0,36.0,0.40528830228894586,3.3327744218409308,2,2,mppi,slippery,5046,True,standard,294.9191298000005,0,0.0,optimized,2.0
goal,True,34.77999999999984,36.51499955694845,1.0488454238629215,0.9628368663180364,0.7502995775647063,0.15900197481461845,False,0.0,0.12096786735468368,,0.7791963092346542,1739,slippery,5047,0.0907107601460403,False,False,16.0,22.0,36.0,0.5191630247196433,3.1410251815083683,3,3,mppi,slippery,5047,True,standard,231.39331690000108,122,0.07015526164462335,optimized,2.0
goal,True,27.279999999999507,36.26494801212667,1.3289562774748644,2.1768087814027846,0.7342893287468025,0.18200905561877262,False,0.0,0.28656452496077695,,0.441089160690058,1364,slippery,5048,0.09534548510317571,False,False,16.0,22.0,36.0,0.5998205959961552,3.411304677538264,4,1,mppi,slippery,5048,True,standard,346.10453509999934,0,0.0,optimized,2.0
goal,True,30.35999999999944,36.83731840143565,1.211689478774161,1.421096828053157,1.2015385835259837,0.22006313247318568,False,0.0,0.6185022474834597,,0.5222418882834987,1518,slippery,5049,0.14394041403531896,False,False,16.0,22.0,36.0,0.5073623658710646,3.1978602646371006,3,2,mppi,slippery,5049,True,standard,300.4836593,73,0.04808959156785244,optimized,2.0
goal,True,18.2999999999997,36.04629945019516,1.9708760444252869,1.0613995305819666,0.07853812934648026,0.09353197593957194,False,0.0,,,0.24605530181320537,915,flat_clear,5000,0.0,False,False,1000.0,1000.0,36.0,0.8421893577539279,3.1106926377148136,0,0,pure_pursuit,flat_clear,5000,True,standard,0.5222538999951212,0,0.0,optimized,2.0
goal,True,18.2999999999997,36.03264980137908,1.9700520065024452,1.0575585922115303,0.08088039316248193,0.09474637085719266,False,0.0,,,0.24845338669638914,915,flat_clear,5001,0.0,False,False,1000.0,1000.0,36.0,1.0085497877150973,3.463029867560513,0,0,pure_pursuit,flat_clear,5001,True,standard,0.52568820000306,0,0.0,optimized,2.0
goal,True,18.2999999999997,36.032573662323344,1.9700298450031217,1.0338952676328552,0.08277049442023589,0.09437515156934395,False,0.0,,,0.24782753350570202,915,flat_clear,5002,0.0,False,False,1000.0,1000.0,36.0,1.006598628122048,3.903147756916806,0,0,pure_pursuit,flat_clear,5002,True,standard,0.8218828000026406,0,0.0,optimized,2.0
goal,True,18.2799999999997,36.004124908160804,1.9707078191432168,1.0284648062694028,0.07685310203430906,0.09229710370715037,False,0.0,,,0.24455018121392438,914,flat_clear,5003,0.0,False,False,1000.0,1000.0,36.0,0.7517930892575723,3.7871843554365645,0,0,pure_pursuit,flat_clear,5003,True,standard,0.8383389000009629,0,0.0,optimized,2.0
goal,True,18.2999999999997,36.04039790703594,1.9705120793779436,1.0700124356484857,0.08138393806057104,0.0940673596827412,False,0.0,,,0.24678519915350836,915,flat_clear,5004,0.0,False,False,1000.0,1000.0,36.0,0.890305269851523,3.167338564992484,0,0,pure_pursuit,flat_clear,5004,True,standard,0.7832866000026115,0,0.0,optimized,2.0
goal,True,18.2999999999997,36.042207846324395,1.970625394296875,1.0460945689031702,0.08183723823071475,0.09378447815932588,False,0.0,,,0.2464224906810463,915,flat_clear,5005,0.0,False,False,1000.0,1000.0,36.0,0.9124810113829057,3.4541322103790937,0,0,pure_pursuit,flat_clear,5005,True,standard,0.7577608999999939,0,0.0,optimized,2.0
goal,True,18.2799999999997,36.00333398179619,1.9706546719022304,0.9884005193847623,0.08545650583666951,0.09198773101329781,False,0.0,,,0.24550657623316546,914,flat_clear,5006,0.0,False,False,1000.0,1000.0,36.0,0.878948645244961,4.724539790888749,0,0,pure_pursuit,flat_clear,5006,True,standard,0.7663175999987288,0,0.0,optimized,2.0
goal,True,18.2999999999997,36.02847839460403,1.9698538273207917,0.9499695503462982,0.07918947180932974,0.0905415403663841,False,0.0,,,0.24888881197640075,915,flat_clear,5007,0.0,False,False,1000.0,1000.0,36.0,0.7003099757032973,4.832701252556141,0,0,pure_pursuit,flat_clear,5007,True,standard,0.7414348999955109,0,0.0,optimized,2.0
goal,True,18.2999999999997,36.035289322385395,1.9701944318965772,1.0034356693243105,0.07841675650155955,0.09224389824700069,False,0.0,,,0.2473803540599067,915,flat_clear,5008,0.0,False,False,1000.0,1000.0,36.0,0.7780156087365453,4.103977423040574,0,0,pure_pursuit,flat_clear,5008,True,standard,0.672550900002534,0,0.0,optimized,2.0
goal,True,18.2799999999997,36.007117411362664,1.9708782226289918,1.0401831755003992,0.0801569977299713,0.09410648284080292,False,0.0,,,0.24467265315396008,914,flat_clear,5009,0.0,False,False,1000.0,1000.0,36.0,0.9689358374482765,3.4873356243580726,0,0,pure_pursuit,flat_clear,5009,True,standard,0.7875898999991477,0,0.0,optimized,2.0
goal,True,18.2999999999997,36.041586922903676,1.9705995244494532,1.0337374742672847,0.07144915755433831,0.09182247874142309,False,0.0,,,0.24615863177050082,915,flat_clear,5010,0.0,False,False,1000.0,1000.0,36.0,0.7051556442607216,3.7667485448765166,0,0,pure_pursuit,flat_clear,5010,True,standard,0.7676007000045502,0,0.0,optimized,2.0
goal,True,18.2799999999997,36.00357198629264,1.9706738283913408,1.005171405459285,0.07846062653777093,0.09237233463411999,False,0.0,,,0.24505215072475783,914,flat_clear,5011,0.0,False,False,1000.0,1000.0,36.0,0.8328891001551972,4.081364643336002,0,0,pure_pursuit,flat_clear,5011,True,standard,0.7899738999985857,0,0.0,optimized,2.0
goal,True,18.2999999999997,36.032094742986786,1.9700231595287183,1.0040302005564004,0.08867508859637711,0.09358724304058501,False,0.0,,,0.2483174560015238,915,flat_clear,5012,0.0,False,False,1000.0,1000.0,36.0,1.0932146650543806,4.746887235560902,0,0,pure_pursuit,flat_clear,5012,True,standard,0.7673971999975038,0,0.0,optimized,2.0
goal,True,18.2999999999997,36.0322100089121,1.9700436311368412,1.005799927767514,0.08687411120607322,0.0934242941102933,False,0.0,,,0.24830781436429736,915,flat_clear,5013,0.0,False,False,1000.0,1000.0,36.0,0.9965686471139685,4.558301693417866,0,0,pure_pursuit,flat_clear,5013,True,standard,0.7247334999992745,0,0.0,optimized,2.0
goal,True,18.2999999999997,36.039774191121275,1.9704750672574143,1.031749607363296,0.08333901112541502,0.0935192498196118,False,0.0,,,0.24617249017068674,915,flat_clear,5014,0.0,False,False,1000.0,1000.0,36.0,1.0079404557952962,4.248689932953564,0,0,pure_pursuit,flat_clear,5014,True,standard,0.8016841999997268,0,0.0,optimized,2.0
goal,True,18.2999999999997,36.036922010918445,1.9703294947342034,1.002398483461559,0.07303859150185962,0.0921513064119563,False,0.0,,,0.2477537127741395,915,flat_clear,5015,0.0,False,False,1000.0,1000.0,36.0,0.7129585808151011,3.616554150795544,0,0,pure_pursuit,flat_clear,5015,True,standard,0.7481532000019797,0,0.0,optimized,2.0
goal,True,18.2999999999997,36.037522664074565,1.9703547206463905,1.0156870414096295,0.08677714920490869,0.09360366268856952,False,0.0,,,0.2466232199538819,915,flat_clear,5016,0.0,False,False,1000.0,1000.0,36.0,1.0824496477512628,4.4970018275504655,0,0,pure_pursuit,flat_clear,5016,True,standard,0.7283758999983547,0,0.0,optimized,2.0
goal,True,18.2799999999997,36.00574252522564,1.970763978614176,1.107074523591922,0.08433342549960393,0.09522086787188026,False,0.0,,,0.24412285244363446,914,flat_clear,5017,0.0,False,False,1000.0,1000.0,36.0,1.0313683035167758,3.069327793573069,0,0,pure_pursuit,flat_clear,5017,True,standard,0.7171387999987928,0,0.0,optimized,2.0
goal,True,18.2999999999997,36.038234158730475,1.9703879813881089,1.0212102917424632,0.07974036028255362,0.09291308014193486,False,0.0,,,0.2469677540507798,915,flat_clear,5018,0.0,False,False,1000.0,1000.0,36.0,0.8519960097254107,3.741644975951466,0,0,pure_pursuit,flat_clear,5018,True,standard,0.7944128000017372,0,0.0,optimized,2.0
goal,True,18.2999999999997,36.03782520479837,1.9703708006257725,0.9808514366663021,0.08399526782881801,0.09106020691817596,False,0.0,,,0.24644009950327173,915,flat_clear,5019,0.0,False,False,1000.0,1000.0,36.0,0.7749984328665865,4.6919924902412244,0,0,pure_pursuit,flat_clear,5019,True,standard,0.7740521999949124,0,0.0,optimized,2.0
goal,True,18.2999999999997,36.03276734319386,1.9700846580833682,0.996662853638837,0.07794522559041461,0.09172144563023535,False,0.0,,,0.2479272102285502,915,flat_clear,5020,0.0,False,False,1000.0,1000.0,36.0,0.7248282467948968,4.082261203094857,0,0,pure_pursuit,flat_clear,5020,True,standard,0.7798264000011841,0,0.0,optimized,2.0
goal,True,18.2999999999997,36.04108380850573,1.9705568466769625,1.0397459324295033,0.08178581034260421,0.09305323962110097,False,0.0,,,0.2469905874773917,915,flat_clear,5021,0.0,False,False,1000.0,1000.0,36.0,0.9140104345757991,3.9670663971291336,0,0,pure_pursuit,flat_clear,5021,True,standard,0.7567991000032634,0,0.0,optimized,2.0
goal,True,18.2999999999997,36.03956345357337,1.970480521836504,1.0033533874381368,0.08017526708444744,0.09244633097576162,False,0.0,,,0.2469060325228566,915,flat_clear,5022,0.0,False,False,1000.0,1000.0,36.0,0.8496203871888334,4.16327064677573,0,0,pure_pursuit,flat_clear,5022,True,standard,0.7460725999990245,0,0.0,optimized,2.0
goal,True,18.2999999999997,36.02541291444193,1.9696103575712527,0.9815705642709286,0.08611410936478113,0.09181416256558457,False,0.0,,,0.24938426186416585,915,flat_clear,5023,0.0,False,False,1000.0,1000.0,36.0,0.8171074644897484,4.845944573728948,0,0,pure_pursuit,flat_clear,5023,True,standard,0.7838616000008187,0,0.0,optimized,2.0
goal,True,18.2999999999997,36.03715304623516,1.9703294859621936,0.9962153690929753,0.08196299098949458,0.09178640468263861,False,0.0,,,0.24656065010323147,915,flat_clear,5024,0.0,False,False,1000.0,1000.0,36.0,0.8109383252924722,4.478913919082471,0,0,pure_pursuit,flat_clear,5024,True,standard,0.8111206999965361,0,0.0,optimized,2.0
goal,True,18.2999999999997,36.025610637905615,1.9696316397418836,1.0007329038849146,0.08801099734094293,0.09315664731824015,False,0.0,,,0.2504621746430933,915,flat_clear,5025,0.0,False,False,1000.0,1000.0,36.0,0.9732104368642298,4.750233220361416,0,0,pure_pursuit,flat_clear,5025,True,standard,0.7866596999956528,0,0.0,optimized,2.0
goal,True,18.2999999999997,36.02551840069595,1.9696345298469349,0.9811327828432328,0.07500278909637464,0.09217899008601543,False,0.0,,,0.24994220401878314,915,flat_clear,5026,0.0,False,False,1000.0,1000.0,36.0,0.7262499636679371,4.307968225800889,0,0,pure_pursuit,flat_clear,5026,True,standard,0.7268098999993526,0,0.0,optimized,2.0
goal,True,18.2999999999997,36.02722033924468,1.9696766418022644,1.0510530491907355,0.07972296386332595,0.09430746271541403,False,0.0,,,0.25002877506319426,915,flat_clear,5027,0.0,False,False,1000.0,1000.0,36.0,0.876142603073939,3.7904107308165678,0,0,pure_pursuit,flat_clear,5027,True,standard,0.7574643999978434,0,0.0,optimized,2.0
goal,True,18.2999999999997,36.02805206396395,1.9697832352541604,0.9962458988952794,0.08687808043587307,0.09356167239135908,False,0.0,,,0.24899874392472177,915,flat_clear,5028,0.0,False,False,1000.0,1000.0,36.0,1.0334928486032917,4.609884125974756,0,0,pure_pursuit,flat_clear,5028,True,standard,0.7710349000044516,0,0.0,optimized,2.0
goal,True,18.2799999999997,36.004973789038225,1.9707539921333894,1.045704143190685,0.07807687867434422,0.09343410600740518,False,0.0,,,0.2456789744778863,914,flat_clear,5029,0.0,False,False,1000.0,1000.0,36.0,0.8960683121439519,3.612757000380382,0,0,pure_pursuit,flat_clear,5029,True,standard,0.7846255999975256,0,0.0,optimized,2.0
goal,True,18.2999999999997,36.03424734748973,1.9701371059767936,1.0269000308259073,0.07608496095880654,0.09286280684125059,False,0.0,,,0.24755742399015368,915,flat_clear,5030,0.0,False,False,1000.0,1000.0,36.0,0.702641268886089,3.5741138987672745,0,0,pure_pursuit,flat_clear,5030,True,standard,0.786295699996117,0,0.0,optimized,2.0
goal,True,18.2999999999997,36.04117560312359,1.970567436250116,1.054307656836337,0.08291657915402122,0.09428835391751769,False,0.0,,,0.24659026171241744,915,flat_clear,5031,0.0,False,False,1000.0,1000.0,36.0,1.0541886438268662,3.7270554480582403,0,0,pure_pursuit,flat_clear,5031,True,standard,0.6886720999973477,0,0.0,optimized,2.0
goal,True,18.2799999999997,36.00437581310925,1.9706958451885181,1.0109580207760904,0.08090254469538599,0.09240739095635822,False,0.0,,,0.24517890473342874,914,flat_clear,5032,0.0,False,False,1000.0,1000.0,36.0,0.8808706052658889,4.3792262715010075,0,0,pure_pursuit,flat_clear,5032,True,standard,0.7759384000019054,0,0.0,optimized,2.0
goal,True,18.2999999999997,36.0263979027122,1.9696174158757902,1.0606776177913977,0.0856644897945971,0.09540566078525622,False,0.0,,,0.24914082333410895,915,flat_clear,5033,0.0,False,False,1000.0,1000.0,36.0,1.0836130709500158,3.666279579977531,0,0,pure_pursuit,flat_clear,5033,True,standard,0.7166001999939908,0,0.0,optimized,2.0
goal,True,18.2999999999997,36.0313194312645,1.9699831035717779,1.0197917401740968,0.08046895570135847,0.09262052259641423,False,0.0,,,0.24843119167271122,915,flat_clear,5034,0.0,False,False,1000.0,1000.0,36.0,0.7665500295059827,3.804995479071652,0,0,pure_pursuit,flat_clear,5034,True,standard,0.7320459999973536,0,0.0,optimized,2.0
goal,True,18.2999999999997,36.02360370629794,1.969410004791999,1.0154880790814276,0.08110733298823279,0.09415931650283176,False,0.0,,,0.25033602297219765,915,flat_clear,5035,0.0,False,False,1000.0,1000.0,36.0,0.9199233332386492,4.156022809768874,0,0,pure_pursuit,flat_clear,5035,True,standard,0.7962681999997585,0,0.0,optimized,2.0
goal,True,18.2999999999997,36.03424157478562,1.9701552054988276,1.011384169581904,0.08340448217722188,0.09374206920867285,False,0.0,,,0.24798747160322165,915,flat_clear,5036,0.0,False,False,1000.0,1000.0,36.0,1.0648143012996332,4.3024889064133,0,0,pure_pursuit,flat_clear,5036,True,standard,0.8058358000052976,0,0.0,optimized,2.0
goal,True,18.2999999999997,36.03911471272238,1.9704701156005435,0.956464770274637,0.07901705330519508,0.09042483530218909,False,0.0,,,0.24612089176387622,915,flat_clear,5037,0.0,False,False,1000.0,1000.0,36.0,0.7092210370314546,4.854865496269261,0,0,pure_pursuit,flat_clear,5037,True,standard,0.7773235999993631,0,0.0,optimized,2.0
goal,True,18.2999999999997,36.03371042246361,1.9701285253392478,0.9992834313143737,0.09047079940674435,0.09294864212580961,False,0.0,,,0.24796265829739333,915,flat_clear,5038,0.0,False,False,1000.0,1000.0,36.0,1.0555417311834316,4.89287011986292,0,0,pure_pursuit,flat_clear,5038,True,standard,0.6974699000056717,0,0.0,optimized,2.0
goal,True,18.2999999999997,36.02371845698889,1.9693996233548967,1.058921172950194,0.08075773746773111,0.09516514304736882,False,0.0,,,0.25120627799455997,915,flat_clear,5039,0.0,False,False,1000.0,1000.0,36.0,0.9402582229555535,3.6144856875598865,0,0,pure_pursuit,flat_clear,5039,True,standard,0.7683800999948289,0,0.0,optimized,2.0
goal,True,18.2999999999997,36.036156754938546,1.9702780790615464,1.0626563151813921,0.08019975631307363,0.09471937360693317,False,0.0,,,0.2477284308493341,915,flat_clear,5040,0.0,False,False,1000.0,1000.0,36.0,0.9712075052113058,3.1920688461343363,0,0,pure_pursuit,flat_clear,5040,True,standard,0.782928600005107,0,0.0,optimized,2.0
goal,True,18.2799999999997,36.006696770344654,1.9708504787951242,1.0405289338374997,0.07930945740018473,0.09320447937322052,False,0.0,,,0.2448302198355874,914,flat_clear,5041,0.0,False,False,1000.0,1000.0,36.0,0.7917534446414414,3.1247853346898227,0,0,pure_pursuit,flat_clear,5041,True,standard,0.7638746000011452,0,0.0,optimized,2.0
goal,True,18.2999999999997,36.03672017282299,1.970302495014958,1.0613958283838285,0.08044854845184118,0.09446139228171373,False,0.0,,,0.2483253293524638,915,flat_clear,5042,0.0,False,False,1000.0,1000.0,36.0,0.9598932040906721,3.486030199242384,0,0,pure_pursuit,flat_clear,5042,True,standard,0.7962928999986616,0,0.0,optimized,2.0
goal,True,18.2999999999997,36.02994777503399,1.9698867521408894,1.0400397301006399,0.08294909401806937,0.09484085521376306,False,0.0,,,0.24847355305309163,915,flat_clear,5043,0.0,False,False,1000.0,1000.0,36.0,1.0898186350139498,4.0020376195110305,0,0,pure_pursuit,flat_clear,5043,True,standard,0.7874863000033656,0,0.0,optimized,2.0
goal,True,18.2999999999997,36.04172746985902,1.9706070214080955,1.041395594904844,0.08076365267066843,0.09418077786741146,False,0.0,,,0.246327985875864,915,flat_clear,5044,0.0,False,False,1000.0,1000.0,36.0,1.0178429474867148,3.6549452422762707,0,0,pure_pursuit,flat_clear,5044,True,standard,0.7639889999991283,0,0.0,optimized,2.0
goal,True,18.2999999999997,36.03803316612676,1.9703820719157417,1.034208532902238,0.07825001837769151,0.09280036595707798,False,0.0,,,0.24697414397816297,915,flat_clear,5045,0.0,False,False,1000.0,1000.0,36.0,0.7659494631232381,3.545543304209088,0,0,pure_pursuit,flat_clear,5045,True,standard,0.8060365999990609,0,0.0,optimized,2.0
goal,True,18.2999999999997,36.03425143412805,1.970121770817849,1.0571151434288586,0.08048664444577303,0.09435480772790036,False,0.0,,,0.24835045319921872,915,flat_clear,5046,0.0,False,False,1000.0,1000.0,36.0,0.9011545969108519,3.3327744218409308,0,0,pure_pursuit,flat_clear,5046,True,standard,0.7714521999951103,0,0.0,optimized,2.0
goal,True,18.2999999999997,36.03574266140547,1.9702158182138876,1.0753898788946075,0.08179694932124597,0.09506181162299146,False,0.0,,,0.24730309614392038,915,flat_clear,5047,0.0,False,False,1000.0,1000.0,36.0,0.9983218093282231,3.1410251815083683,0,0,pure_pursuit,flat_clear,5047,True,standard,0.8091690000001108,0,0.0,optimized,2.0
goal,True,18.2799999999997,36.002057067406824,1.9705505942159203,1.082868444391428,0.08190499615733367,0.09476415279267512,False,0.0,,,0.24579667210369419,914,flat_clear,5048,0.0,False,False,1000.0,1000.0,36.0,1.0213876505575938,3.411304677538264,0,0,pure_pursuit,flat_clear,5048,True,standard,0.7787804999970831,0,0.0,optimized,2.0
goal,True,18.2799999999997,36.00437515357144,1.970709755254056,1.043681210407848,0.07699880499456785,0.09329785613836174,False,0.0,,,0.24510871080002244,914,flat_clear,5049,0.0,False,False,1000.0,1000.0,36.0,0.7517994105580714,3.1978602646371006,0,0,pure_pursuit,flat_clear,5049,True,standard,0.8036014000026626,0,0.0,optimized,2.0
goal,True,18.2799999999997,36.003063525330994,1.9706459817195021,1.0119371362315515,0.07883282828444307,0.09269133910074055,False,0.0,,,0.24548476498877386,914,flat_clear,5050,0.0,False,False,1000.0,1000.0,36.0,0.8591909328138473,4.110811346493778,0,0,pure_pursuit,flat_clear,5050,True,standard,0.7740592999980436,0,0.0,optimized,2.0
goal,True,18.2999999999997,36.02691367124434,1.9696233952138662,1.0757332554362313,0.07986373179540932,0.09478013746697904,False,0.0,,,0.2502571927469554,915,flat_clear,5051,0.0,False,False,1000.0,1000.0,36.0,0.8470793717637798,3.4696736983662753,0,0,pure_pursuit,flat_clear,5051,True,standard,0.7789981000023545,0,0.0,optimized,2.0
goal,True,18.2999999999997,36.03995311710045,1.9704736679854582,0.9956781605591665,0.09009730973051676,0.09225116130388393,False,0.0,,,0.24603141053749533,915,flat_clear,5052,0.0,False,False,1000.0,1000.0,36.0,0.9377640601298551,4.903101107035168,0,0,pure_pursuit,flat_clear,5052,True,standard,0.7258992999995826,0,0.0,optimized,2.0
goal,True,18.2999999999997,36.023723939348194,1.969437360423365,0.9955197582294807,0.08312696633015426,0.09334769668401999,False,0.0,,,0.2499521662099445,915,flat_clear,5053,0.0,False,False,1000.0,1000.0,36.0,0.8890868185879244,4.381330884174664,0,0,pure_pursuit,flat_clear,5053,True,standard,0.7020725999973365,0,0.0,optimized,2.0
goal,True,18.2799999999997,36.00481662800317,1.9707425937952456,1.0047220629913174,0.07942029291066235,0.09225300704534327,False,0.0,,,0.24474767712342027,914,flat_clear,5054,0.0,False,False,1000.0,1000.0,36.0,0.8256418136260787,4.113300036428866,0,0,pure_pursuit,flat_clear,5054,True,standard,0.7329066000020248,0,0.0,optimized,2.0
goal,True,18.2799999999997,36.00509971643974,1.9707627507571324,1.0547240829198825,0.08257105276646906,0.0947543424838802,False,0.0,,,0.2445813838422734,914,flat_clear,5055,0.0,False,False,1000.0,1000.0,36.0,1.0471282526832821,3.420582573190744,0,0,pure_pursuit,flat_clear,5055,True,standard,0.7847306999974535,0,0.0,optimized,2.0
goal,True,18.2999999999997,36.040564950699434,1.970512400276729,1.0453526038107523,0.08276010384286778,0.09361327900197847,False,0.0,,,0.24626161737934024,915,flat_clear,5056,0.0,False,False,1000.0,1000.0,36.0,0.891086723699156,3.5916894807551056,0,0,pure_pursuit,flat_clear,5056,True,standard,0.7690533999993932,0,0.0,optimized,2.0
goal,True,18.2999999999997,36.03792418872783,1.9703839493567539,1.0782212175816148,0.08061939307291002,0.0936548896946529,False,0.0,,,0.2479765351647928,915,flat_clear,5057,0.0,False,False,1000.0,1000.0,36.0,0.7886726452745311,3.003224526127708,0,0,pure_pursuit,flat_clear,5057,True,standard,0.7909464000040316,0,0.0,optimized,2.0
goal,True,18.2999999999997,36.03486207692664,1.9701210817242822,1.034209421137969,0.07992059244941756,0.09394140329065698,False,0.0,,,0.24755273829417465,915,flat_clear,5058,0.0,False,False,1000.0,1000.0,36.0,0.9098807370435502,3.73068557622015,0,0,pure_pursuit,flat_clear,5058,True,standard,0.78945720000047,0,0.0,optimized,2.0
goal,True,18.2999999999997,36.03058292574506,1.9699225622483023,0.9845237909614881,0.0905922476043911,0.09228928611259472,False,0.0,,,0.24915766456716776,915,flat_clear,5059,0.0,False,False,1000.0,1000.0,36.0,0.9012639362358253,4.957237543027349,0,0,pure_pursuit,flat_clear,5059,True,standard,0.766854900000908,0,0.0,optimized,2.0
goal,True,18.2999999999997,36.03021444159798,1.9698581642169324,1.044103250931851,0.08032064670804016,0.09389079051644711,False,0.0,,,0.24946685700360124,915,flat_clear,5060,0.0,False,False,1000.0,1000.0,36.0,0.8376462876131555,3.7326058238479085,0,0,pure_pursuit,flat_clear,5060,True,standard,0.7506113999988884,0,0.0,optimized,2.0
goal,True,18.2999999999997,36.025156897726674,1.9695241855107473,1.0916122797415344,0.08389817793248022,0.09639808401246558,False,0.0,,,0.2500623846548326,915,flat_clear,5061,0.0,False,False,1000.0,1000.0,36.0,1.0911674506139513,3.3022139240992363,0,0,pure_pursuit,flat_clear,5061,True,standard,0.7214705999940634,0,0.0,optimized,2.0
goal,True,18.2999999999997,36.03720561159974,1.9703523174638762,1.0195179466050315,0.08366130851752829,0.09373891530018896,False,0.0,,,0.24774318678191978,915,flat_clear,5062,0.0,False,False,1000.0,1000.0,36.0,0.9993468346705692,4.2770388427792305,0,0,pure_pursuit,flat_clear,5062,True,standard,0.7908584000033443,0,0.0,optimized,2.0
goal,True,18.2999999999997,36.026490255777084,1.969724861806039,0.9772546621563428,0.08598773521667313,0.09076980463858371,False,0.0,,,0.24871905439595424,915,flat_clear,5063,0.0,False,False,1000.0,1000.0,36.0,0.7330288069420039,4.928957495797438,0,0,pure_pursuit,flat_clear,5063,True,standard,0.806766499998048,0,0.0,optimized,2.0
goal,True,18.2999999999997,36.02786472123062,1.969809547749225,0.9745028004112465,0.07694183176460616,0.09090086264305958,False,0.0,,,0.24870473699267864,915,flat_clear,5064,0.0,False,False,1000.0,1000.0,36.0,0.7150441580757758,4.5863073577415205,0,0,pure_pursuit,flat_clear,5064,True,standard,0.7928100999997696,0,0.0,optimized,2.0
goal,True,18.2999999999997,36.035278806823285,1.9702518257626858,0.9957867735193413,0.08647114757552424,0.09169448111440955,False,0.0,,,0.24825112954858258,915,flat_clear,5065,0.0,False,False,1000.0,1000.0,36.0,0.8035442786646663,4.8563894445347895,0,0,pure_pursuit,flat_clear,5065,True,standard,0.7566991999992752,0,0.0,optimized,2.0
goal,True,18.2799999999997,36.004954183270264,1.9707252842624279,1.0233832375576042,0.08025033014481849,0.09341891362031061,False,0.0,,,0.2445521947121987,914,flat_clear,5066,0.0,False,False,1000.0,1000.0,36.0,0.937066294483499,3.9869918481657125,0,0,pure_pursuit,flat_clear,5066,True,standard,0.7821021999989171,0,0.0,optimized,2.0
goal,True,18.2999999999997,36.03248060520873,1.970054559164823,0.9928771392018332,0.0918455672175547,0.09261300036309059,False,0.0,,,0.24823911061535442,915,flat_clear,5067,0.0,False,False,1000.0,1000.0,36.0,1.0106291334825726,4.98601841338545,0,0,pure_pursuit,flat_clear,5067,True,standard,0.7479030000031344,0,0.0,optimized,2.0
goal,True,18.2999999999997,36.03096857050436,1.9699208426857446,1.0546317258143636,0.08082702005455127,0.09391081142014918,False,0.0,,,0.24886841667473256,915,flat_clear,5068,0.0,False,False,1000.0,1000.0,36.0,0.8970326161018014,3.68361918406922,0,0,pure_pursuit,flat_clear,5068,True,standard,0.7370095999940531,0,0.0,optimized,2.0
goal,True,18.2799999999997,36.00214735603702,1.9705920722650072,1.0008312995328204,0.07772873541131778,0.09162199822998293,False,0.0,,,0.2450181974835234,914,flat_clear,5069,0.0,False,False,1000.0,1000.0,36.0,0.7403470360296646,4.211614650645206,0,0,pure_pursuit,flat_clear,5069,True,standard,0.7912028999999166,0,0.0,optimized,2.0
goal,True,18.2999999999997,36.043843599266516,1.9706991858139755,1.080118742101783,0.08099791681036529,0.09391143546970707,False,0.0,,,0.24567302056014576,915,flat_clear,5070,0.0,False,False,1000.0,1000.0,36.0,0.8627394964655488,3.014792907872379,0,0,pure_pursuit,flat_clear,5070,True,standard,0.7794388999973307,0,0.0,optimized,2.0
goal,True,18.2999999999997,36.041535509395345,1.9705984656449564,1.0024108450472857,0.0771489328906731,0.0917048487925876,False,0.0,,,0.24584223237139838,915,flat_clear,5071,0.0,False,False,1000.0,1000.0,36.0,0.7508349199984138,4.164918454437569,0,0,pure_pursuit,flat_clear,5071,True,standard,0.7753375000029337,0,0.0,optimized,2.0
goal,True,18.2999999999997,36.024385654173344,1.9695405678518192,1.01157332455328,0.08915745273173369,0.09422684533677392,False,0.0,,,0.24948722658735495,915,flat_clear,5072,0.0,False,False,1000.0,1000.0,36.0,1.0845422517924654,4.727316696900118,0,0,pure_pursuit,flat_clear,5072,True,standard,0.735246800002642,0,0.0,optimized,2.0
goal,True,18.2799999999997,36.0017603248528,1.9705448958599447,1.0200346533852265,0.07759661713208961,0.0925142947285843,False,0.0,,,0.2453552208360112,914,flat_clear,5073,0.0,False,False,1000.0,1000.0,36.0,0.7450583759123013,3.615451791111634,0,0,pure_pursuit,flat_clear,5073,True,standard,0.791469000003417,0,0.0,optimized,2.0
goal,True,18.2999999999997,36.04005661913803,1.9704951180275323,0.9663385341282269,0.0880721725950968,0.09159041454045891,False,0.0,,,0.24600999153645192,915,flat_clear,5074,0.0,False,False,1000.0,1000.0,36.0,0.847212170166827,4.87418254885662,0,0,pure_pursuit,flat_clear,5074,True,standard,0.7733305000001565,0,0.0,optimized,2.0
goal,True,18.2999999999997,36.0376777308737,1.9703449958895343,1.0227405722092855,0.08083620106755246,0.09276051831088986,False,0.0,,,0.24730614936776163,915,flat_clear,5075,0.0,False,False,1000.0,1000.0,36.0,0.9218759880118024,4.235974977511892,0,0,pure_pursuit,flat_clear,5075,True,standard,0.8141346999982488,0,0.0,optimized,2.0
goal,True,18.2999999999997,36.02766046729282,1.9697745611017254,1.0088608816515796,0.089557034175441,0.09349953588548914,False,0.0,,,0.24985677596555253,915,flat_clear,5076,0.0,False,False,1000.0,1000.0,36.0,1.0292612569337438,4.688945080828985,0,0,pure_pursuit,flat_clear,5076,True,standard,0.7592958000022918,0,0.0,optimized,2.0
goal,True,18.2999999999997,36.02914421719294,1.969858956634058,0.9793901861032795,0.08362253127337532,0.09128437191284743,False,0.0,,,0.24882961648108923,915,flat_clear,5077,0.0,False,False,1000.0,1000.0,36.0,0.7481831815301382,4.683266037657667,0,0,pure_pursuit,flat_clear,5077,True,standard,0.8071196000018972,0,0.0,optimized,2.0
goal,True,18.2999999999997,36.03189131636958,1.96996065933786,1.0744798541310894,0.08143309834294399,0.09565231842735329,False,0.0,,,0.2482760614394772,915,flat_clear,5078,0.0,False,False,1000.0,1000.0,36.0,1.052260869021958,3.1100311875618685,0,0,pure_pursuit,flat_clear,5078,True,standard,0.7333502000037697,0,0.0,optimized,2.0
goal,True,18.2999999999997,36.03562870391374,1.9702355109616265,1.0177851688309276,0.08060524737648349,0.09362825920824734,False,0.0,,,0.24779654103633406,915,flat_clear,5079,0.0,False,False,1000.0,1000.0,36.0,0.948921384405256,4.056615073880624,0,0,pure_pursuit,flat_clear,5079,True,standard,0.7794749999957276,0,0.0,optimized,2.0
goal,True,18.2999999999997,36.04373783831046,1.9707036379914897,1.060758280276182,0.07827203223179012,0.09325982756059667,False,0.0,,,0.2459938422888384,915,flat_clear,5080,0.0,False,False,1000.0,1000.0,36.0,0.8413522982777953,3.3399048040720363,0,0,pure_pursuit,flat_clear,5080,True,standard,0.7232065999996848,0,0.0,optimized,2.0
goal,True,18.2799999999997,36.002105008433816,1.9705912826238712,0.9911224299848413,0.08430115394014624,0.0918759185227595,False,0.0,,,0.2455531137322393,914,flat_clear,5081,0.0,False,False,1000.0,1000.0,36.0,0.857903395921944,4.654924338620467,0,0,pure_pursuit,flat_clear,5081,True,standard,0.777662299995427,0,0.0,optimized,2.0
goal,True,18.2999999999997,36.02722445980062,1.9697271206652558,0.9841324391608095,0.08320300026234267,0.09195078467393107,False,0.0,,,0.24907732832685756,915,flat_clear,5082,0.0,False,False,1000.0,1000.0,36.0,0.7955105971431277,4.6545013175171706,0,0,pure_pursuit,flat_clear,5082,True,standard,0.78027750000183,0,0.0,optimized,2.0
goal,True,18.2999999999997,36.03516030648841,1.9701667000074565,0.9829796993578753,0.0857027945179113,0.09196190031682988,False,0.0,,,0.24708729290499962,915,flat_clear,5083,0.0,False,False,1000.0,1000.0,36.0,0.8508672632349321,4.7793800012599625,0,0,pure_pursuit,flat_clear,5083,True,standard,0.8103023000003304,0,0.0,optimized,2.0
goal,True,18.2999999999997,36.02559809950267,1.9695850722003385,1.0478096971628865,0.08075362769854874,0.09528202802075486,False,0.0,,,0.24997613990101472,915,flat_clear,5084,0.0,False,False,1000.0,1000.0,36.0,1.0530656978728266,3.603905821938964,0,0,pure_pursuit,flat_clear,5084,True,standard,0.8017283999943174,0,0.0,optimized,2.0
goal,True,18.2799999999997,36.00555323513942,1.9707960754586726,1.0204921378355616,0.071636251536773,0.09232708546418227,False,0.0,,,0.24398465661498445,914,flat_clear,5085,0.0,False,False,1000.0,1000.0,36.0,0.718730957787409,3.4803602936247238,0,0,pure_pursuit,flat_clear,5085,True,standard,0.7500233000027947,0,0.0,optimized,2.0
goal,True,18.2799999999997,36.0016746292157,1.9705552068052814,1.0023958883179571,0.07921182927337957,0.09239926149048526,False,0.0,,,0.246030920742157,914,flat_clear,5086,0.0,False,False,1000.0,1000.0,36.0,0.8461753811272056,4.201848831134938,0,0,pure_pursuit,flat_clear,5086,True,standard,0.7979879999984405,0,0.0,optimized,2.0
goal,True,18.2999999999997,36.03382069422391,1.9701172463684797,1.0030319350484451,0.07366595481977793,0.09271856927418844,False,0.0,,,0.24821400149939893,915,flat_clear,5087,0.0,False,False,1000.0,1000.0,36.0,0.7297546609361127,3.6178111164901976,0,0,pure_pursuit,flat_clear,5087,True,standard,0.8015784000017447,0,0.0,optimized,2.0
goal,True,18.2799999999997,36.00889381042602,1.9709490408305634,1.0735179066080842,0.08021562174312688,0.0943324769863814,False,0.0,,,0.2441105270282891,914,flat_clear,5088,0.0,False,False,1000.0,1000.0,36.0,0.9086910672377201,3.076056513841886,0,0,pure_pursuit,flat_clear,5088,True,standard,0.7262109000002965,0,0.0,optimized,2.0
goal,True,18.2999999999997,36.03108762061484,1.9699033939473694,1.0352517300134516,0.07924337897054037,0.09396641489769372,False,0.0,,,0.24868279330556373,915,flat_clear,5089,0.0,False,False,1000.0,1000.0,36.0,0.7969012135678066,3.4746629759075462,0,0,pure_pursuit,flat_clear,5089,True,standard,0.8053700999953435,0,0.0,optimized,2.0
goal,True,18.2799999999997,36.00351421282393,1.9706624315830015,1.0625339441965667,0.08039278704008324,0.09407391146716185,False,0.0,,,0.24622091848501232,914,flat_clear,5090,0.0,False,False,1000.0,1000.0,36.0,0.812731185705469,3.0192451758830843,0,0,pure_pursuit,flat_clear,5090,True,standard,0.8095619999949122,0,0.0,optimized,2.0
goal,True,18.2799999999997,36.00924989513028,1.9709815570473892,1.0574371792206443,0.07975233117402539,0.09384160376304784,False,0.0,,,0.24370414508921537,914,flat_clear,5091,0.0,False,False,1000.0,1000.0,36.0,0.8747085205182346,3.2140859613197943,0,0,pure_pursuit,flat_clear,5091,True,standard,0.816271499999857,0,0.0,optimized,2.0
goal,True,18.2999999999997,36.03171349594036,1.9699464538488465,1.037403224981915,0.080684325613455,0.09336922859341293,False,0.0,,,0.24783575419027418,915,flat_clear,5092,0.0,False,False,1000.0,1000.0,36.0,0.8347057354303752,3.6104146276233733,0,0,pure_pursuit,flat_clear,5092,True,standard,0.7944635999956517,0,0.0,optimized,2.0
goal,True,18.2999999999997,36.03710285904713,1.9703473090866774,0.9762566602354851,0.07503333525264136,0.09073653945625317,False,0.0,,,0.24644092594094757,915,flat_clear,5093,0.0,False,False,1000.0,1000.0,36.0,0.7027821538503214,4.517424137019871,0,0,pure_pursuit,flat_clear,5093,True,standard,0.780272200005129,0,0.0,optimized,2.0
goal,True,18.2799999999997,36.00243281181123,1.9706207765067656,0.98207911737538,0.07665352694230614,0.09118571868141291,False,0.0,,,0.24519244046451366,914,flat_clear,5094,0.0,False,False,1000.0,1000.0,36.0,0.759548402527707,4.534496637945709,0,0,pure_pursuit,flat_clear,5094,True,standard,0.7869285000051605,0,0.0,optimized,2.0
goal,True,18.2999999999997,36.02974095807676,1.9699275593212286,0.9543300807750497,0.08101251923521613,0.09062187538104688,False,0.0,,,0.24930620941173282,915,flat_clear,5095,0.0,False,False,1000.0,1000.0,36.0,0.7038176926854574,4.7716698558317745,0,0,pure_pursuit,flat_clear,5095,True,standard,0.7758271000056993,0,0.0,optimized,2.0
goal,True,18.2999999999997,36.02307333441593,1.9694297096037527,1.0197632125793814,0.08408766225024104,0.0948100381970329,False,0.0,,,0.2506457260089933,915,flat_clear,5096,0.0,False,False,1000.0,1000.0,36.0,1.0818708535353732,4.332364566134115,0,0,pure_pursuit,flat_clear,5096,True,standard,0.7800545000063721,0,0.0,optimized,2.0
goal,True,18.2999999999997,36.041933408921494,1.9706195314588724,1.0440318756551288,0.08406315625665864,0.09400061208493168,False,0.0,,,0.24604605499702617,915,flat_clear,5097,0.0,False,False,1000.0,1000.0,36.0,1.0513529123167236,3.996850644935159,0,0,pure_pursuit,flat_clear,5097,True,standard,0.7109456999969552,0,0.0,optimized,2.0
goal,True,18.2999999999997,36.041250695195814,1.9705739785507292,1.0471906345256206,0.0819767981323305,0.09445643846934793,False,0.0,,,0.24621331638454919,915,flat_clear,5098,0.0,False,False,1000.0,1000.0,36.0,1.071515063165253,3.7814489751499796,0,0,pure_pursuit,flat_clear,5098,True,standard,0.7510555000044405,0,0.0,optimized,2.0
goal,True,18.2999999999997,36.03676628518687,1.9702851520263283,1.0798248300137119,0.08316904531732144,0.09474076328978642,False,0.0,,,0.24755749517835024,915,flat_clear,5099,0.0,False,False,1000.0,1000.0,36.0,0.9961736911557313,3.2102618071198448,0,0,pure_pursuit,flat_clear,5099,True,standard,0.8054870999985724,0,0.0,optimized,2.0
goal,True,18.419999999999696,36.03563554231934,1.9572368698427638,2.9945228532382915,0.9923986787605961,0.2366759014695622,False,0.0,,,0.3138815512192121,921,kerb,5000,0.10063859654556317,False,False,16.0,22.0,36.0,0.8421893577539279,3.1106926377148136,0,0,pure_pursuit,kerb,5000,True,standard,0.8373198000044795,0,0.0,optimized,2.0
goal,True,18.519999999999694,36.032638280378805,1.9460887741444584,4.0753392495125675,1.3766926551862826,0.297858741532611,True,0.0017278617710583153,,,0.3368086423040865,926,kerb,5001,0.1361326555543014,False,False,16.0,22.0,36.0,1.0085497877150973,3.463029867560513,0,0,pure_pursuit,kerb,5001,True,standard,0.8244419999973616,0,0.0,optimized,2.0
goal,True,18.439999999999696,36.03952860210845,1.9551419032398305,2.8889323624642578,0.9903364274311628,0.23662657888893407,False,0.0,,,0.320393344386118,922,kerb,5002,0.10779195637104258,False,False,16.0,22.0,36.0,1.006598628122048,3.903147756916806,0,0,pure_pursuit,kerb,5002,True,standard,0.8303828999996767,0,0.0,optimized,2.0
goal,True,18.459999999999695,36.02858583493202,1.9526354007093623,3.212801203393836,0.9873376816028021,0.2504138860156121,True,0.000866738894907909,,,0.3249152535519109,923,kerb,5003,0.1152588703871631,False,False,16.0,22.0,36.0,0.7517930892575723,3.7871843554365645,0,0,pure_pursuit,kerb,5003,True,standard,0.8369858000005479,0,0.0,optimized,2.0
goal,True,18.399999999999697,36.025132102137256,1.958718083579211,2.735556473226041,0.9319009312401243,0.22360017024782944,False,0.0,,,0.3109715220046742,920,kerb,5004,0.09395417832217653,False,False,16.0,22.0,36.0,0.890305269851523,3.167338564992484,0,0,pure_pursuit,kerb,5004,True,standard,0.8339403999998467,0,0.0,optimized,2.0
goal,True,18.539999999999694,36.010569910013146,1.9430740713215124,4.365662132265269,1.4641714870176752,0.3150237254324345,True,0.001725997842502697,,,0.3393269456032627,927,kerb,5005,0.14452422563128192,False,False,16.0,22.0,36.0,0.9124810113829057,3.4541322103790937,0,0,pure_pursuit,kerb,5005,True,standard,0.8647214000011445,0,0.0,optimized,2.0
goal,True,18.459999999999695,36.02797400224382,1.9526463566040408,2.9256876739411934,0.9201381786582652,0.23892554851223874,False,0.0,,,0.32541447979632043,923,kerb,5006,0.11823518779379621,False,False,16.0,22.0,36.0,0.878948645244961,4.724539790888749,0,0,pure_pursuit,kerb,5006,True,standard,0.8774353999979212,0,0.0,optimized,2.0
goal,True,18.399999999999697,36.01922186437452,1.9586133208082723,2.2103793712238984,0.5705903255724553,0.16660527625804655,False,0.0,,,0.30714835722814837,920,kerb,5007,0.09332622163787102,True,False,16.0,22.0,36.0,0.7003099757032973,4.832701252556141,0,0,pure_pursuit,kerb,5007,True,standard,0.8417020000051707,0,0.0,optimized,2.0
goal,True,18.399999999999697,36.02583942466324,1.9587577553266695,2.309790739404594,0.7306745059593815,0.19998550361523892,False,0.0,,,0.31367764568081113,920,kerb,5008,0.090077259790111,False,False,16.0,22.0,36.0,0.7780156087365453,4.103977423040574,0,0,pure_pursuit,kerb,5008,True,standard,0.8695019000006141,0,0.0,optimized,2.0
goal,True,18.2999999999997,36.031674252137584,1.9704200114859007,1.0401833342956106,0.1226463131381559,0.09986434765026639,False,0.0,,,0.270315693349987,915,kerb,5009,0.11325841109235353,True,True,16.0,22.0,36.0,0.9689358374482765,3.4873356243580726,0,0,pure_pursuit,kerb,5009,True,standard,0.7928897000019788,0,0.0,optimized,2.0
goal,True,18.559999999999693,36.02550677519762,1.9419506008469545,4.178599185551191,1.1983704403680642,0.30384140663707493,True,0.001939655172413793,,,0.3424171748058443,928,kerb,5010,0.14381243175444086,False,False,16.0,22.0,36.0,0.7051556442607216,3.7667485448765166,0,0,pure_pursuit,kerb,5010,True,standard,0.8488300999961211,0,0.0,optimized,2.0
goal,True,18.2999999999997,36.02497716513312,1.970210312023297,1.0051711967314751,0.11094343576392185,0.09786938112259666,False,0.0,,,0.2777870363540925,915,kerb,5011,0.14971532004645052,True,True,16.0,22.0,36.0,0.8328891001551972,4.081364643336002,0,0,pure_pursuit,kerb,5011,True,standard,0.7880306000006385,0,0.0,optimized,2.0
goal,True,18.439999999999696,36.01181048327781,1.9537121416114769,2.850183118477096,0.9411716047900132,0.23509319959398503,False,0.0,,,0.3258174947598805,922,kerb,5012,0.11599739438211938,False,False,16.0,22.0,36.0,1.0932146650543806,4.746887235560902,0,0,pure_pursuit,kerb,5012,True,standard,0.8350781999979517,0,0.0,optimized,2.0
goal,True,18.439999999999696,36.04321116644289,1.9556042355773122,2.8690641209463283,0.9420941240037676,0.20310882306138875,False,0.0,,,0.3086921418339761,922,kerb,5013,0.11438074496395545,True,False,16.0,22.0,36.0,0.9965686471139685,4.558301693417866,0,0,pure_pursuit,kerb,5013,True,standard,0.7837841000000481,0,0.0,optimized,2.0
goal,True,18.499999999999694,36.02507605477714,1.948097470103761,3.5647552163512994,1.19074482623389,0.2735192152386256,True,0.0012972972972972972,,,0.3327677843559943,925,kerb,5014,0.13211528278562787,False,False,16.0,22.0,36.0,1.0079404557952962,4.248689932953564,0,0,pure_pursuit,kerb,5014,True,standard,0.8240403000017977,0,0.0,optimized,2.0
goal,True,18.459999999999695,36.02359953056755,1.9522458283730302,3.2275546224499183,0.973830237560154,0.2489046883903019,True,0.000866738894907909,,,0.3265013747406149,923,kerb,5015,0.11307428979546041,False,False,16.0,22.0,36.0,0.7129585808151011,3.616554150795544,0,0,pure_pursuit,kerb,5015,True,standard,0.818791700003203,0,0.0,optimized,2.0
goal,True,18.459999999999695,36.00657753928829,1.951514201605618,3.1542079346509957,1.0494049935075116,0.252400608817813,True,0.000866738894907909,,,0.3268172365860079,923,kerb,5016,0.12328780373270565,False,False,16.0,22.0,36.0,1.0824496477512628,4.4970018275504655,0,0,pure_pursuit,kerb,5016,True,standard,0.8876399000000674,0,0.0,optimized,2.0
goal,True,18.459999999999695,36.01261485541161,1.951610848521526,3.764627852357375,1.2837259185918082,0.2783157497636716,True,0.0013001083423618636,,,0.32218425554027974,923,kerb,5017,0.12162928738333142,False,False,16.0,22.0,36.0,1.0313683035167758,3.069327793573069,0,0,pure_pursuit,kerb,5017,True,standard,1.04125500000373,0,0.0,optimized,2.0
goal,True,18.399999999999697,36.01753006041918,1.9584754584222044,2.8080552766042413,0.9175824118011392,0.19383611417081928,False,0.0,,,0.3020247469189128,920,kerb,5018,0.1021966661181102,True,False,16.0,22.0,36.0,0.8519960097254107,3.741644975951466,0,0,pure_pursuit,kerb,5018,True,standard,0.8917001000008895,0,0.0,optimized,2.0
goal,True,18.419999999999696,36.04022707203862,1.9574577857308708,2.3265144164663645,0.6897026280570316,0.20171676797134538,False,0.0,,,0.3173625533687912,921,kerb,5019,0.09694607558591248,False,False,16.0,22.0,36.0,0.7749984328665865,4.6919924902412244,0,0,pure_pursuit,kerb,5019,True,standard,0.8446942000009585,0,0.0,optimized,2.0
goal,True,18.479999999999695,36.037599250489926,1.950778411072232,3.1796947144066965,0.956126279043423,0.25026843392328985,True,0.0008658008658008658,,,0.3304961117395833,924,kerb,5020,0.11812828874817456,False,False,16.0,22.0,36.0,0.7248282467948968,4.082261203094857,0,0,pure_pursuit,kerb,5020,True,standard,0.9353485000028741,0,0.0,optimized,2.0
goal,True,18.419999999999696,36.009383886465926,1.955917473938462,3.0762089933415706,1.0106309392703843,0.20985790792701306,True,0.0006514657980456026,,,0.3063741060977422,921,kerb,5021,0.11381894175763324,True,False,16.0,22.0,36.0,0.9140104345757991,3.9670663971291336,0,0,pure_pursuit,kerb,5021,True,standard,1.1612929999973858,0,0.0,optimized,2.0
goal,True,18.499999999999694,36.0258829062898,1.9482573734096953,3.5769978424907567,1.1158973485564065,0.2734876775396322,True,0.0015135135135135136,,,0.33383600500672067,925,kerb,5022,0.13140191257451567,False,False,16.0,22.0,36.0,0.8496203871888334,4.16327064677573,0,0,pure_pursuit,kerb,5022,True,standard,0.8094173000063165,0,0.0,optimized,2.0
goal,True,18.499999999999694,36.022946363129215,1.9478325604599,3.225329783071717,0.9745377552761368,0.25550914231893956,True,0.001081081081081081,,,0.33752823756727507,925,kerb,5023,0.12867756728465177,False,False,16.0,22.0,36.0,0.8171074644897484,4.845944573728948,0,0,pure_pursuit,kerb,5023,True,standard,0.8561113999967347,0,0.0,optimized,2.0
goal,True,18.519999999999694,36.00583590400752,1.9450506237123883,3.681388022247397,1.1181116142515424,0.2807219110327052,True,0.001511879049676026,,,0.3403191147437987,926,kerb,5024,0.13928371679168416,False,False,16.0,22.0,36.0,0.8109383252924722,4.478913919082471,0,0,pure_pursuit,kerb,5024,True,standard,0.9384626999963075,0,0.0,optimized,2.0
goal,True,18.419999999999696,36.045629909332284,1.9578277053151725,2.292778270023914,0.7448293381654405,0.20301663708607923,False,0.0,,,0.3167702320194428,921,kerb,5025,0.09643074988431373,False,False,16.0,22.0,36.0,0.9732104368642298,4.750233220361416,0,0,pure_pursuit,kerb,5025,True,standard,1.082791200002248,0,0.0,optimized,2.0
goal,True,18.419999999999696,36.02460952994209,1.9565532690521583,2.401275459869882,0.7287555275042255,0.20558211132661544,False,0.0,,,0.3198982305316568,921,kerb,5026,0.09558762086488723,False,False,16.0,22.0,36.0,0.7262499636679371,4.307968225800889,0,0,pure_pursuit,kerb,5026,True,standard,0.8847334000020055,0,0.0,optimized,2.0
goal,True,18.339999999999698,36.05504891415073,1.9670337879374198,1.0510530418991515,0.8153877873974862,0.1639648639835249,False,0.0,,,0.292365121959935,917,kerb,5027,0.11482123997562081,False,True,16.0,22.0,36.0,0.876142603073939,3.7904107308165678,0,0,pure_pursuit,kerb,5027,True,standard,1.0508139000012306,0,0.0,optimized,2.0
goal,True,18.419999999999696,36.030692504251114,1.9568762355394416,2.456660693072132,0.8228223468126716,0.2131825558412544,False,0.0,,,0.31763478040413545,921,kerb,5028,0.10116781223940692,False,False,16.0,22.0,36.0,1.0334928486032917,4.609884125974756,0,0,pure_pursuit,kerb,5028,True,standard,1.0852156999972067,0,0.0,optimized,2.0
goal,True,18.3199999999997,36.0289500900487,1.9679051935618141,1.1631103845952784,0.8403186443322038,0.17245069167391577,False,0.0,,,0.2914146603716772,916,kerb,5029,0.12404880975552002,False,True,16.0,22.0,36.0,0.8960683121439519,3.612757000380382,0,0,pure_pursuit,kerb,5029,True,standard,0.9177572000044165,0,0.0,optimized,2.0
goal,True,18.3199999999997,36.02107631409312,1.9674031706346118,1.100921468269215,0.831786843039463,0.16707878973448823,False,0.0,,,0.29028066674891495,916,kerb,5030,0.11541600076902528,False,True,16.0,22.0,36.0,0.702641268886089,3.5741138987672745,0,0,pure_pursuit,kerb,5030,True,standard,1.0040990999987116,0,0.0,optimized,2.0
goal,True,18.519999999999694,36.02767329728721,1.9461603651797659,4.257296360873673,1.4649787012563156,0.2712070405320282,True,0.0019438444924406047,,,0.32038566969832316,926,kerb,5031,0.14561650478931443,True,False,16.0,22.0,36.0,1.0541886438268662,3.7270554480582403,0,0,pure_pursuit,kerb,5031,True,standard,0.9392739000031725,0,0.0,optimized,2.0
goal,True,18.439999999999696,36.019125108072764,1.9542732737896737,2.8741935703970443,0.9244559594908253,0.23466979751373362,False,0.0,,,0.3215675402035023,922,kerb,5032,0.1122245362773568,False,False,16.0,22.0,36.0,0.8808706052658889,4.3792262715010075,0,0,pure_pursuit,kerb,5032,True,standard,0.9322423999983585,0,0.0,optimized,2.0
goal,True,18.459999999999695,36.02472607799567,1.9521337973014867,3.2835612730706254,1.1333910734375945,0.2576881664473963,True,0.000866738894907909,,,0.3261352420385771,923,kerb,5033,0.11672621005094068,False,False,16.0,22.0,36.0,1.0836130709500158,3.666279579977531,0,0,pure_pursuit,kerb,5033,True,standard,0.9378539000026649,0,0.0,optimized,2.0
goal,True,18.3199999999997,36.053884433607095,1.9694861705133555,1.0197900950632686,0.11531436823245013,0.0981877239001839,False,0.0,,,0.2769702403211811,916,kerb,5034,0.12934267293598622,True,True,16.0,22.0,36.0,0.7665500295059827,3.804995479071652,0,0,pure_pursuit,kerb,5034,True,standard,1.1308270000008633,0,0.0,optimized,2.0
goal,True,18.419999999999696,36.02745779461932,1.9568203155206858,2.765210033232607,0.9187483195094723,0.19622804285733247,False,0.0,,,0.30641387492201205,921,kerb,5035,0.10658169577161372,True,False,16.0,22.0,36.0,0.9199233332386492,4.156022809768874,0,0,pure_pursuit,kerb,5035,True,standard,0.934442300000228,0,0.0,optimized,2.0
goal,True,18.459999999999695,36.03204361580207,1.9527279554749293,3.02633674169182,1.0291908456645311,0.24563795793512647,True,0.0004333694474539545,,,0.32551340607127044,923,kerb,5036,0.1173697414789877,False,False,16.0,22.0,36.0,1.0648143012996332,4.3024889064133,0,0,pure_pursuit,kerb,5036,True,standard,0.933288200001698,0,0.0,optimized,2.0
goal,True,18.539999999999694,36.038392570610206,1.9447345358241253,3.4577285491622596,0.9867120535684928,0.2703707388894185,True,0.0012944983818770227,,,0.34039835966231,927,kerb,5037,0.13679937064081266,False,False,16.0,22.0,36.0,0.7092210370314546,4.854865496269261,0,0,pure_pursuit,kerb,5037,True,standard,0.9242146999968099,0,0.0,optimized,2.0
goal,True,18.399999999999697,36.01864862005423,1.9583654844476537,2.2582409762857325,0.7422058992054678,0.20055807733448877,False,0.0,,,0.3137675535868614,920,kerb,5038,0.09670644475941208,False,False,16.0,22.0,36.0,1.0555417311834316,4.89287011986292,0,0,pure_pursuit,kerb,5038,True,standard,0.9321291000014753,0,0.0,optimized,2.0
goal,True,18.519999999999694,36.04049938940448,1.9467718155779548,4.074499320634527,1.3716309501165633,0.2596747854603198,True,0.0019438444924406047,,,0.32288752865285647,926,kerb,5039,0.13861797778812823,True,False,16.0,22.0,36.0,0.9402582229555535,3.6144856875598865,0,0,pure_pursuit,kerb,5039,True,standard,0.9675241000004462,0,0.0,optimized,2.0
goal,True,18.519999999999694,36.02693817768045,1.945883313682932,4.240574308247431,1.4258644745909834,0.3052794768610264,True,0.0017278617710583153,,,0.3364838545793663,926,kerb,5040,0.13659141728402505,False,False,16.0,22.0,36.0,0.9712075052113058,3.1920688461343363,0,0,pure_pursuit,kerb,5040,True,standard,0.9290968000059365,0,0.0,optimized,2.0
goal,True,18.539999999999694,36.016781642879636,1.9434078927939946,4.485797831447246,1.3568692581881947,0.31681100869140316,True,0.001941747572815534,,,0.3376788562568049,927,kerb,5041,0.14238089228448053,False,False,16.0,22.0,36.0,0.7917534446414414,3.1247853346898227,0,0,pure_pursuit,kerb,5041,True,standard,0.9424551000047359,0,0.0,optimized,2.0
goal,True,18.439999999999696,36.01507685606319,1.9538458996523853,3.261294412031062,1.0872034799763586,0.2538039509187965,True,0.0010845986984815619,,,0.3229697242652203,922,kerb,5042,0.11346964484423985,False,False,16.0,22.0,36.0,0.9598932040906721,3.486030199242384,0,0,pure_pursuit,kerb,5042,True,standard,0.9272531999959028,0,0.0,optimized,2.0
goal,True,18.3199999999997,36.0122775287882,1.966926190494194,1.1109819923041182,0.8243575271010753,0.16965712904057192,False,0.0,,,0.2946947088384192,916,kerb,5043,0.1269385057241497,False,True,16.0,22.0,36.0,1.0898186350139498,4.0020376195110305,0,0,pure_pursuit,kerb,5043,True,standard,0.9457932000004803,0,0.0,optimized,2.0
goal,True,18.519999999999694,36.01612667452073,1.9452962620057481,4.083719059983529,1.4120087049632026,0.3012103714760964,True,0.0019438444924406047,,,0.3369615784930698,926,kerb,5044,0.13998739401869517,False,False,16.0,22.0,36.0,1.0178429474867148,3.6549452422762707,0,0,pure_pursuit,kerb,5044,True,standard,0.9034986999977264,0,0.0,optimized,2.0
goal,True,18.519999999999694,36.01726699674886,1.945534076617354,4.034468730741931,1.2109319500174514,0.2948579511269733,True,0.0017278617710583153,,,0.3366616352585006,926,kerb,5045,0.13638592052525939,False,False,16.0,22.0,36.0,0.7659494631232381,3.545543304209088,0,0,pure_pursuit,kerb,5045,True,standard,0.9361288000000059,0,0.0,optimized,2.0
goal,True,18.459999999999695,36.033737418719525,1.9528532270338164,3.6482319290001817,1.1770071771322292,0.23328100587512357,True,0.0013001083423618636,,,0.31120398749654876,923,kerb,5046,0.12227119309524864,True,False,16.0,22.0,36.0,0.9011545969108519,3.3327744218409308,0,0,pure_pursuit,kerb,5046,True,standard,0.935773600001994,0,0.0,optimized,2.0
goal,True,18.399999999999697,36.038559512111355,1.9594332877877525,2.6157531847628888,0.9323760959270475,0.2198201872405385,False,0.0,,,0.30844592760536155,920,kerb,5047,0.0907107601460403,False,False,16.0,22.0,36.0,0.9983218093282231,3.1410251815083683,0,0,pure_pursuit,kerb,5047,True,standard,0.9151452999940375,0,0.0,optimized,2.0
goal,True,18.399999999999697,36.02539282580037,1.95877372962299,2.674520630480048,0.9485133029107178,0.2233248231661448,False,0.0,,,0.3103017378574524,920,kerb,5048,0.09534548510317571,False,False,16.0,22.0,36.0,1.0213876505575938,3.411304677538264,0,0,pure_pursuit,kerb,5048,True,standard,0.9118120000057388,0,0.0,optimized,2.0
goal,True,18.559999999999693,36.031709156873816,1.9422408721324476,4.53497836249323,1.326455850375578,0.3178791030172285,True,0.001939655172413793,,,0.3390843234343276,928,kerb,5049,0.14394041403531896,False,False,16.0,22.0,36.0,0.7517994105580714,3.1978602646371006,0,0,pure_pursuit,kerb,5049,True,standard,0.8951098000034108,0,0.0,optimized,2.0
goal,True,18.399999999999697,36.005727638524945,1.9577029329171511,2.540974950101097,0.829724722968089,0.215359885792078,False,0.0,,,0.31391262632032046,920,kerb,5050,0.0986083385191299,False,False,16.0,22.0,36.0,0.8591909328138473,4.110811346493778,0,0,pure_pursuit,kerb,5050,True,standard,0.8760012000057031,0,0.0,optimized,2.0
goal,True,18.3199999999997,36.05066282835111,1.9691586561696541,1.0757327573352828,0.12044161673608694,0.10053980185958564,False,0.0,,,0.2773331673855016,916,kerb,5051,0.12233334430260395,True,True,16.0,22.0,36.0,0.8470793717637798,3.4696736983662753,0,0,pure_pursuit,kerb,5051,True,standard,0.8769949000052293,0,0.0,optimized,2.0
goal,True,18.459999999999695,36.00148705921592,1.951282959588905,3.240148670191394,1.016296513004752,0.22518218286927624,True,0.000866738894907909,,,0.3147154700866931,923,kerb,5052,0.1306635418670573,True,False,16.0,22.0,36.0,0.9377640601298551,4.903101107035168,0,0,pure_pursuit,kerb,5052,True,standard,0.8879195000045002,0,0.0,optimized,2.0
goal,True,18.339999999999698,36.04835369285453,1.9666419468877696,1.023001627922358,0.7791389603203138,0.160812019991987,False,0.0,,,0.2949542994840727,917,kerb,5053,0.12112491333169412,False,True,16.0,22.0,36.0,0.8890868185879244,4.381330884174664,0,0,pure_pursuit,kerb,5053,True,standard,0.8551375999959419,0,0.0,optimized,2.0
goal,True,18.419999999999696,36.029501169107235,1.9570623778524834,2.85595684154645,0.9119176371325006,0.1986400322102981,False,0.0,,,0.3038914497078462,921,kerb,5054,0.10840892457049757,True,False,16.0,22.0,36.0,0.8256418136260787,4.113300036428866,0,0,pure_pursuit,kerb,5054,True,standard,0.9122828999970807,0,0.0,optimized,2.0
goal,True,18.379999999999697,36.01666349445394,1.960586708440605,2.6905518031276427,0.955987307890335,0.1893715250295719,False,0.0,,,0.2954532168537074,919,kerb,5055,0.09580944017439189,True,False,16.0,22.0,36.0,1.0471282526832821,3.420582573190744,0,0,pure_pursuit,kerb,5055,True,standard,0.8638460999936797,0,0.0,optimized,2.0
goal,True,18.539999999999694,36.01886506765676,1.9434337902640662,4.2594938486421885,1.368453881042637,0.3088376074980169,True,0.001725997842502697,,,0.3392562521417633,927,kerb,5056,0.14314511450547973,False,False,16.0,22.0,36.0,0.891086723699156,3.5916894807551056,0,0,pure_pursuit,kerb,5056,True,standard,0.885054799997306,0,0.0,optimized,2.0
goal,True,18.439999999999696,36.02292493356194,1.954349848641273,3.3072616211342947,1.0542769566728751,0.25194839999412794,True,0.0008676789587852494,,,0.32244560438649644,922,kerb,5057,0.1082113167106713,False,False,16.0,22.0,36.0,0.7886726452745311,3.003224526127708,0,0,pure_pursuit,kerb,5057,True,standard,0.8426704000012251,0,0.0,optimized,2.0
goal,True,18.439999999999696,36.01669240158824,1.9538486041539418,3.09104659082088,1.0280404704816573,0.24608046463013789,True,0.0004338394793926247,,,0.32326101510542066,922,kerb,5058,0.11184194310749679,False,False,16.0,22.0,36.0,0.9098807370435502,3.73068557622015,0,0,pure_pursuit,kerb,5058,True,standard,0.8722954999975627,0,0.0,optimized,2.0
goal,True,18.479999999999695,36.03386441738108,1.9505406926734006,3.0092305441331777,0.933832264738423,0.24327890352646267,True,0.00021645021645021645,,,0.3320903791127372,924,kerb,5059,0.12322396409418393,False,False,16.0,22.0,36.0,0.9012639362358253,4.957237543027349,0,0,pure_pursuit,kerb,5059,True,standard,0.8612553999992087,0,0.0,optimized,2.0
goal,True,18.3199999999997,36.02777202367214,1.9676755146770522,1.0441033107970115,0.7737343726410543,0.15175101305324892,False,0.0,,,0.2848979756871444,916,kerb,5060,0.09337821742015381,False,True,16.0,22.0,36.0,0.8376462876131555,3.7326058238479085,0,0,pure_pursuit,kerb,5060,True,standard,0.8723902999990969,0,0.0,optimized,2.0
goal,True,18.499999999999694,36.02442319320548,1.9479126836804854,4.184984258297598,1.4765775615803691,0.26307800795104913,True,0.0017297297297297297,,,0.31908248451632454,925,kerb,5061,0.13695448627719198,True,False,16.0,22.0,36.0,1.0911674506139513,3.3022139240992363,0,0,pure_pursuit,kerb,5061,True,standard,0.8938476000039373,0,0.0,optimized,2.0
goal,True,18.399999999999697,36.005404065343804,1.9576696822766195,2.5348997457244877,0.8526306097600523,0.21592478107384913,False,0.0,,,0.3157152870562678,920,kerb,5062,0.0999320615330115,False,False,16.0,22.0,36.0,0.9993468346705692,4.2770388427792305,0,0,pure_pursuit,kerb,5062,True,standard,0.8642449000035413,0,0.0,optimized,2.0
goal,True,18.519999999999694,36.03484030791388,1.946445214851857,3.2544614682658226,0.9381319946444784,0.2576696281364227,True,0.0008639308855291577,,,0.3396930468300492,926,kerb,5063,0.13080054112731646,False,False,16.0,22.0,36.0,0.7330288069420039,4.928957495797438,0,0,pure_pursuit,kerb,5063,True,standard,0.8601704000029713,0,0.0,optimized,2.0
goal,True,18.539999999999694,36.04685225942086,1.9450155519633012,3.4901639912821936,1.0134461912711958,0.2701648736480283,True,0.0012944983818770227,,,0.34084056510659616,927,kerb,5064,0.13444189604194567,False,False,16.0,22.0,36.0,0.7150441580757758,4.5863073577415205,0,0,pure_pursuit,kerb,5064,True,standard,0.8577420999936294,0,0.0,optimized,2.0
goal,True,18.459999999999695,36.0139625492542,1.9519670814387093,3.0987124463685913,0.9379006472255473,0.21717874507256066,True,0.0006500541711809318,,,0.3166324197763712,923,kerb,5065,0.1251690425208082,True,False,16.0,22.0,36.0,0.8035442786646663,4.8563894445347895,0,0,pure_pursuit,kerb,5065,True,standard,0.8945141999938642,0,0.0,optimized,2.0
goal,True,18.479999999999695,36.02132370793807,1.9499718989907406,3.4817526177372833,1.1397038132545467,0.26841846971479977,True,0.0012987012987012987,,,0.32841985299066223,924,kerb,5066,0.1266821206098644,False,False,16.0,22.0,36.0,0.937066294483499,3.9869918481657125,0,0,pure_pursuit,kerb,5066,True,standard,0.8865403000017977,0,0.0,optimized,2.0
goal,True,18.439999999999696,36.03895714518085,1.9551417984175918,2.5425096571868626,0.8207208086722291,0.21776825434810576,False,0.0,,,0.32196801035180006,922,kerb,5067,0.107957664584021,False,False,16.0,22.0,36.0,1.0106291334825726,4.98601841338545,0,0,pure_pursuit,kerb,5067,True,standard,0.8722264999960316,0,0.0,optimized,2.0
goal,True,18.3199999999997,36.02928406513911,1.9677788815528494,1.0546333469612883,0.776808025937959,0.151964189853165,False,0.0,,,0.28408992740124367,916,kerb,5068,0.09259308451131983,False,True,16.0,22.0,36.0,0.8970326161018014,3.68361918406922,0,0,pure_pursuit,kerb,5068,True,standard,0.8755528999972739,0,0.0,optimized,2.0
goal,True,18.439999999999696,36.004874543909885,1.9534228456683647,2.9419425233007277,0.8825278415573864,0.23680858556745668,False,0.0,,,0.3240376691227316,922,kerb,5069,0.11185018390823433,False,False,16.0,22.0,36.0,0.7403470360296646,4.211614650645206,0,0,pure_pursuit,kerb,5069,True,standard,0.8698492999974405,0,0.0,optimized,2.0
goal,True,18.3199999999997,36.017752453221206,1.9673081466047395,1.4807952233926294,0.9854004547691162,0.19353859673961377,False,0.0,,,0.29696619146392267,916,kerb,5070,0.14646988327914132,False,True,16.0,22.0,36.0,0.8627394964655488,3.014792907872379,0,0,pure_pursuit,kerb,5070,True,standard,0.8564550000010058,0,0.0,optimized,2.0
goal,True,18.439999999999696,36.0376912276169,1.9551622078224382,2.764458482847642,0.8284487788308351,0.2264403387558023,False,0.0,,,0.32041280026339625,922,kerb,5071,0.10540263645169527,False,False,16.0,22.0,36.0,0.7508349199984138,4.164918454437569,0,0,pure_pursuit,kerb,5071,True,standard,0.87801120000222,0,0.0,optimized,2.0
goal,True,18.479999999999695,36.03220910506149,1.9507156866524045,3.2510345690500557,1.0924394175768717,0.22612474750689476,True,0.0010822510822510823,,,0.3165729562419678,924,kerb,5072,0.129473321823593,True,False,16.0,22.0,36.0,1.0845422517924654,4.727316696900118,0,0,pure_pursuit,kerb,5072,True,standard,0.8291422999973292,0,0.0,optimized,2.0
goal,True,18.479999999999695,36.02838368358637,1.9504381768736272,3.493125650800486,1.0702556551571225,0.2651913200648921,True,0.0012987012987012987,,,0.32863362001514057,924,kerb,5073,0.12157656077615875,False,False,16.0,22.0,36.0,0.7450583759123013,3.615451791111634,0,0,pure_pursuit,kerb,5073,True,standard,0.9179723000052036,0,0.0,optimized,2.0
goal,True,18.2999999999997,36.02230029938778,1.9699647698200555,0.9663383442793783,0.10307099732437007,0.096587477246395,False,0.0,,,0.2759939428381886,915,kerb,5074,0.13307392580312158,True,True,16.0,22.0,36.0,0.847212170166827,4.87418254885662,0,0,pure_pursuit,kerb,5074,True,standard,0.8924016000019037,0,0.0,optimized,2.0
goal,True,18.3199999999997,36.016613135539615,1.9672133025657226,1.1411569430433148,0.8161849074044373,0.16961834510718587,False,0.0,,,0.2962044866116132,916,kerb,5075,0.13511704529586524,False,True,16.0,22.0,36.0,0.9218759880118024,4.235974977511892,0,0,pure_pursuit,kerb,5075,True,standard,0.807442400000582,0,0.0,optimized,2.0
goal,True,18.439999999999696,36.01885713904325,1.9540307725432773,2.7740093892019364,0.9106241055323858,0.23069551333661437,False,0.0,,,0.32509860191169077,922,kerb,5076,0.11253069342252543,False,False,16.0,22.0,36.0,1.0292612569337438,4.688945080828985,0,0,pure_pursuit,kerb,5076,True,standard,0.8410444000037387,0,0.0,optimized,2.0
goal,True,18.559999999999693,36.03062813261364,1.9418412791151929,3.7072561557890316,1.0865424105191168,0.28431571680938256,True,0.0015086206896551724,,,0.3467776181356235,928,kerb,5077,0.14268386767121152,False,False,16.0,22.0,36.0,0.7481831815301382,4.683266037657667,0,0,pure_pursuit,kerb,5077,True,standard,0.8859190000002855,0,0.0,optimized,2.0
goal,True,18.399999999999697,36.02621293339033,1.958736569190263,2.7107570208682454,0.9759917714833838,0.22497749071361786,False,0.0,,,0.3105876423484036,920,kerb,5078,0.09319333880718476,False,False,16.0,22.0,36.0,1.052260869021958,3.1100311875618685,0,0,pure_pursuit,kerb,5078,True,standard,0.7932453000030364,0,0.0,optimized,2.0
goal,True,18.3199999999997,36.027630757507744,1.967767602925531,1.017781925846609,0.7802646658394954,0.15594794481202134,False,0.0,,,0.28754095616393577,916,kerb,5079,0.10656495195563959,False,True,16.0,22.0,36.0,0.948921384405256,4.056615073880624,0,0,pure_pursuit,kerb,5079,True,standard,0.8377536999978474,0,0.0,optimized,2.0
goal,True,18.399999999999697,36.0299022197598,1.9589991221361758,2.6305446894583397,0.877746301957155,0.21842482459451135,False,0.0,,,0.31133675596777,920,kerb,5080,0.09303349148726354,False,False,16.0,22.0,36.0,0.8413522982777953,3.3399048040720363,0,0,pure_pursuit,kerb,5080,True,standard,0.8924358000003849,0,0.0,optimized,2.0
goal,True,18.439999999999696,36.0198236477452,1.9542950093860936,2.7740940127663083,0.870100584929722,0.22934611716821546,False,0.0,,,0.3227550947477406,922,kerb,5081,0.11213266060630127,False,False,16.0,22.0,36.0,0.857903395921944,4.654924338620467,0,0,pure_pursuit,kerb,5081,True,standard,0.8496692999979132,0,0.0,optimized,2.0
goal,True,18.459999999999695,36.05542033097972,1.9540881640573593,2.6876998941787478,0.8167016675390882,0.2235456896975582,False,0.0,,,0.32564399154600265,923,kerb,5082,0.10870515465564147,False,False,16.0,22.0,36.0,0.7955105971431277,4.6545013175171706,0,0,pure_pursuit,kerb,5082,True,standard,0.8082278000001679,0,0.0,optimized,2.0
goal,True,18.419999999999696,36.02911323915301,1.956795081827118,2.4154279181318663,0.7467137025201209,0.2084501153223742,False,0.0,,,0.3179044729939557,921,kerb,5083,0.10054835161087051,False,False,16.0,22.0,36.0,0.8508672632349321,4.7793800012599625,0,0,pure_pursuit,kerb,5083,True,standard,0.8497666000039317,0,0.0,optimized,2.0
goal,True,18.459999999999695,36.02558983523664,1.9522355725395102,3.328805316569714,1.131853661873486,0.2590289250633292,True,0.0010834236186348862,,,0.3261770377125494,923,kerb,5084,0.11698300490792289,False,False,16.0,22.0,36.0,1.0530656978728266,3.603905821938964,0,0,pure_pursuit,kerb,5084,True,standard,0.892531899997266,0,0.0,optimized,2.0
goal,True,18.399999999999697,36.022718463433776,1.9586417916620784,2.5223932165073872,0.7859275066150679,0.2095212722769889,False,0.0,,,0.31216250733099415,920,kerb,5085,0.09092898262982511,False,False,16.0,22.0,36.0,0.718730957787409,3.4803602936247238,0,0,pure_pursuit,kerb,5085,True,standard,0.8522498999955133,0,0.0,optimized,2.0
goal,True,18.499999999999694,36.01011555101403,1.9472382034301319,3.676719576964587,1.1405718288134983,0.2805180010906266,True,0.0015135135135135136,,,0.3359131385911162,925,kerb,5086,0.13565333662777856,False,False,16.0,22.0,36.0,0.8461753811272056,4.201848831134938,0,0,pure_pursuit,kerb,5086,True,standard,0.8512524000034318,0,0.0,optimized,2.0
goal,True,18.419999999999696,36.02114159961765,1.9564096455564037,2.7326607118402526,0.8251488427173389,0.22233332180861368,False,0.0,,,0.3193027196288719,921,kerb,5087,0.09825889682104214,False,False,16.0,22.0,36.0,0.7297546609361127,3.6178111164901976,0,0,pure_pursuit,kerb,5087,True,standard,0.8757506999972975,0,0.0,optimized,2.0
goal,True,18.3199999999997,36.02385363856537,1.967647962697622,1.436001135201872,0.9610078430286219,0.1912045398850431,False,0.0,,,0.29517624432465783,916,kerb,5088,0.14516399397423288,False,True,16.0,22.0,36.0,0.9086910672377201,3.076056513841886,0,0,pure_pursuit,kerb,5088,True,standard,0.8687592999995104,0,0.0,optimized,2.0
goal,True,18.399999999999697,36.03650918433962,1.9595013848265674,2.621723788379629,0.8480140824495022,0.183011456103069,False,0.0,,,0.3021751088461994,920,kerb,5089,0.09429012646285188,True,False,16.0,22.0,36.0,0.7969012135678066,3.4746629759075462,0,0,pure_pursuit,kerb,5089,True,standard,0.9164537999968161,0,0.0,optimized,2.0
goal,True,18.2999999999997,36.02892095998609,1.9702218025799922,1.0625337005023623,0.13285339454510428,0.10023567102400081,False,0.0,,,0.2703864564804816,915,kerb,5090,0.10694230984683592,True,True,16.0,22.0,36.0,0.812731185705469,3.0192451758830843,0,0,pure_pursuit,kerb,5090,True,standard,0.8771291999946698,0,0.0,optimized,2.0
goal,True,18.479999999999695,36.021808203554386,1.9500216668025956,3.8471041986415218,1.23430588933202,0.283025677013861,True,0.0015151515151515152,,,0.3264622531409179,924,kerb,5091,0.12595635124475552,False,False,16.0,22.0,36.0,0.8747085205182346,3.2140859613197943,0,0,pure_pursuit,kerb,5091,True,standard,0.9054013999993913,0,0.0,optimized,2.0
goal,True,18.419999999999696,36.057227170168694,1.9584397238754407,2.523241019748254,0.8334355196629961,0.21262657639271634,False,0.0,,,0.3137271566862871,921,kerb,5092,0.09242072970107329,False,False,16.0,22.0,36.0,0.8347057354303752,3.6104146276233733,0,0,pure_pursuit,kerb,5092,True,standard,0.9508159999968484,0,0.0,optimized,2.0
goal,True,18.3199999999997,36.01615103732702,1.9672232311717595,1.0684636405018129,0.788307893484575,0.16363182200000786,False,0.0,,,0.29483446392682483,916,kerb,5093,0.131855067058124,False,True,16.0,22.0,36.0,0.7027821538503214,4.517424137019871,0,0,pure_pursuit,kerb,5093,True,standard,0.9299814999976661,0,0.0,optimized,2.0
goal,True,18.3199999999997,36.02303372723471,1.9676002206617282,1.039810040238213,0.7815364683883242,0.1617160213828306,False,0.0,,,0.2925854939746217,916,kerb,5094,0.12799374054937587,False,True,16.0,22.0,36.0,0.759548402527707,4.534496637945709,0,0,pure_pursuit,kerb,5094,True,standard,0.8653455000021495,0,0.0,optimized,2.0
goal,True,18.459999999999695,36.04635550990647,1.9536723385541805,2.8412389869739476,0.7948773750471636,0.20068243074618275,False,0.0,,,0.31365807792953787,923,kerb,5095,0.11500065702869129,True,False,16.0,22.0,36.0,0.7038176926854574,4.7716698558317745,0,0,pure_pursuit,kerb,5095,True,standard,0.8992066000064369,0,0.0,optimized,2.0
goal,True,18.459999999999695,36.022850450368026,1.9521881823467733,3.2358949209009777,1.1013597271951212,0.22270886646901947,True,0.0010834236186348862,,,0.31517557912993854,923,kerb,5096,0.1240763121473265,True,False,16.0,22.0,36.0,1.0818708535353732,4.332364566134115,0,0,pure_pursuit,kerb,5096,True,standard,0.9690366000068025,0,0.0,optimized,2.0
goal,True,18.2999999999997,36.023478382909744,1.9701084309545864,1.0440317173468094,0.11175389645250523,0.09946119387438032,False,0.0,,,0.27770847218269046,915,kerb,5097,0.14602377237337144,True,True,16.0,22.0,36.0,1.0513529123167236,3.996850644935159,0,0,pure_pursuit,kerb,5097,True,standard,0.9577977000008104,0,0.0,optimized,2.0
goal,True,18.439999999999696,36.03544051144283,1.9552279598858924,3.0322100754179666,1.0444210058420698,0.24418597671841522,True,0.0004338394793926247,,,0.3189162272852373,922,kerb,5098,0.11086834856947003,False,False,16.0,22.0,36.0,1.071515063165253,3.7814489751499796,0,0,pure_pursuit,kerb,5098,True,standard,0.9053177000023425,0,0.0,optimized,2.0
goal,True,18.399999999999697,36.026647655544814,1.9588579493476461,2.6931149750420467,0.9500859382398483,0.222571475034758,False,0.0,,,0.30993379767651813,920,kerb,5099,0.093374672767738,False,False,16.0,22.0,36.0,0.9961736911557313,3.2102618071198448,0,0,pure_pursuit,kerb,5099,True,standard,0.9098836999983178,0,0.0,optimized,2.0
stall,False,32.73999999999952,13.240468150199915,0.403261723449368,1.0613995305819668,0.07853812934648023,0.1257764946912431,False,0.0,0.23657553498275347,,0.371668262457494,1637,crowded,5000,0.0,False,False,1000.0,1000.0,36.0,0.8421893577539279,3.1106926377148136,6,1,pure_pursuit,crowded,5000,True,standard,2.5535378999993554,1406,0.8588882101405009,optimized,2.0
stall,False,28.09999999999949,14.796401295672315,0.5248252079650159,1.057558592211531,0.08088039316248193,0.14789181415651695,False,0.0,0.07326014230196787,,0.3747683794638875,1405,crowded,5001,0.0,False,False,1000.0,1000.0,36.0,1.0085497877150973,3.463029867560513,5,2,pure_pursuit,crowded,5001,True,standard,2.031900499998301,1160,0.8256227758007118,optimized,2.0
stall,False,34.119999999999735,25.21744796993645,0.7383788643665428,1.0338952676328552,0.08277049442023593,0.12879692077902397,False,0.0,0.18163849099660143,,0.5160364524245211,1706,crowded,5002,0.0,False,False,1000.0,1000.0,36.0,1.006598628122048,3.903147756916806,6,1,pure_pursuit,crowded,5002,True,standard,2.574159999996482,1350,0.7913247362250879,optimized,2.0
stall,False,41.78000000000093,21.94225718658568,0.523606917579705,1.0284648062694024,0.0768531020343097,0.12685888830911768,False,0.0,0.2372252999293637,,0.5135358755500308,2089,crowded,5003,0.0,False,False,1000.0,1000.0,36.0,0.7517930892575723,3.7871843554365645,6,1,pure_pursuit,crowded,5003,True,standard,3.0756065000023227,1759,0.8420296792723792,optimized,2.0
stall,False,18.1599999999997,5.887543033497762,0.32346085067565317,1.070012435648486,0.08138393806057109,0.10880473688521128,False,0.0,0.05783808438361368,,0.1976466709364782,908,crowded,5004,0.0,False,False,1000.0,1000.0,36.0,0.890305269851523,3.167338564992484,5,1,pure_pursuit,crowded,5004,True,standard,1.3607351999962702,777,0.8557268722466961,optimized,2.0
stall,False,16.81999999999973,3.4116437369194688,0.2021013863309358,1.0460945689031698,0.08183723823071465,0.11128684674981605,False,0.0,0.07838822647240695,,0.18177105064586835,841,crowded,5005,0.0,False,False,1000.0,1000.0,36.0,0.9124810113829057,3.4541322103790937,6,2,pure_pursuit,crowded,5005,True,standard,1.254356999997981,776,0.9227110582639715,optimized,2.0
stall,False,42.240000000001004,30.814221484462763,0.7278891901763114,0.9884005193847628,0.08545650583666961,0.14052370407033155,False,0.0,0.12130936472363282,,0.5990235338151572,2112,crowded,5006,0.0,False,False,1000.0,1000.0,36.0,0.878948645244961,4.724539790888749,5,1,pure_pursuit,crowded,5006,True,standard,3.2108950999972876,1888,0.8939393939393939,optimized,2.0
collision,False,10.059999999999874,17.225266186059965,1.7102322081633765,0.9499695503462986,0.07918947180932992,0.15462650575435163,False,0.0,-0.003254369040491839,pedestrian,0.1708358660655311,503,crowded,5007,0.0,False,False,1000.0,1000.0,36.0,0.7003099757032973,4.832701252556141,3,1,pure_pursuit,crowded,5007,True,standard,0.6687839000005624,79,0.15705765407554673,optimized,2.0
stall,False,17.079999999999725,3.9330958904355504,0.22944713104015357,1.003435669324311,0.07841675650156031,0.10919776364489749,False,0.0,0.2394853523473195,,0.1862116998138269,854,crowded,5008,0.0,False,False,1000.0,1000.0,36.0,0.7780156087365453,4.103977423040574,3,1,pure_pursuit,crowded,5008,True,standard,1.209494499998982,775,0.9074941451990632,optimized,2.0
goal,True,30.279999999999443,36.063147168504166,1.190150514894814,1.0401831755003992,0.08015699772997126,0.1510855251069655,False,0.0,0.02905859878939926,,0.521404834986548,1514,crowded,5009,0.0,False,False,1000.0,1000.0,36.0,0.9689358374482765,3.4873356243580726,5,1,pure_pursuit,crowded,5009,True,standard,2.107414999998582,925,0.6109643328929987,optimized,2.0
stall,False,19.879999999999665,4.735262933767939,0.2372171106504933,1.0337374742672842,0.07144915755433973,0.1294498579236418,False,0.0,0.0808313990395414,,0.2423285800253803,994,crowded,5010,0.0,False,False,1000.0,1000.0,36.0,0.7051556442607216,3.7667485448765166,4,2,pure_pursuit,crowded,5010,True,standard,1.5444895999971777,925,0.9305835010060363,optimized,2.0
stall,False,33.17999999999959,19.851783197059323,0.597442152712293,1.0051714054592849,0.07846062653777082,0.10610179241594671,False,0.0,0.09488649574159977,,0.377106362724132,1659,crowded,5011,0.0,False,False,1000.0,1000.0,36.0,0.8328891001551972,4.081364643336002,3,2,pure_pursuit,crowded,5011,True,standard,2.398776000001817,1326,0.7992766726943942,optimized,2.0
stall,False,40.10000000000067,29.512615634979568,0.7348487405862884,1.012936904685149,0.08867508859637716,0.12742694375019703,False,0.0,0.2324571800805974,,0.5394700680024839,2005,crowded,5012,0.0,False,False,1000.0,1000.0,36.0,1.0932146650543806,4.746887235560902,5,1,pure_pursuit,crowded,5012,True,standard,2.8499198999998043,1559,0.7775561097256858,optimized,2.0
goal,True,46.080000000001604,36.11098942115108,0.7821569036713694,1.0057999277675136,0.08687411120607309,0.15076459559112002,False,0.0,0.13337962842244758,,0.6550768951606405,2304,crowded,5013,0.0,False,False,1000.0,1000.0,36.0,0.9965686471139685,4.558301693417866,5,1,pure_pursuit,crowded,5013,True,standard,3.330743300000904,1832,0.7951388888888888,optimized,2.0
stall,False,24.639999999999564,3.207439409330235,0.129008538785392,1.0317496073632957,0.08333901112541499,0.1155392783182902,False,0.0,0.07634358142560083,,0.24941204045951912,1232,crowded,5014,0.0,False,False,1000.0,1000.0,36.0,1.0079404557952962,4.248689932953564,4,2,pure_pursuit,crowded,5014,True,standard,1.8521649000031175,1176,0.9545454545454546,optimized,2.0
goal,True,56.80000000000328,36.09155149123541,0.6347504172185393,1.0487473514755763,0.07303859150185962,0.15131358446350693,False,0.0,0.24631361293316076,,0.83792176122741,2840,crowded,5015,0.0,False,False,1000.0,1000.0,36.0,0.7129585808151011,3.616554150795544,6,1,pure_pursuit,crowded,5015,True,standard,4.228353399994376,2329,0.8200704225352112,optimized,2.0
stall,False,17.579999999999714,5.0406505199006,0.28599473710882684,1.0156870414096293,0.08677714920490909,0.10850301385460209,False,0.0,0.1745051918599035,,0.19157146884286294,879,crowded,5016,0.0,False,False,1000.0,1000.0,36.0,1.0824496477512628,4.4970018275504655,4,2,pure_pursuit,crowded,5016,True,standard,1.3383672999989358,773,0.8794084186575654,optimized,2.0
goal,True,58.240000000003505,36.08097125555394,0.6184848459872215,1.107074523591922,0.08433342549960363,0.1674314004625945,False,0.0,0.12406151165130175,,0.8317780682910926,2912,crowded,5017,0.0,False,False,1000.0,1000.0,36.0,1.0313683035167758,3.069327793573069,6,2,pure_pursuit,crowded,5017,True,standard,4.284986700004083,2576,0.8846153846153846,optimized,2.0
stall,False,62.36000000000415,29.900759095177527,0.4777506256203932,1.0618098432355267,0.07974036028255375,0.15783659960980395,False,0.0,0.23768177751506836,,0.917468727774652,3118,crowded,5018,0.0,False,False,1000.0,1000.0,36.0,0.8519960097254107,3.741644975951466,4,1,pure_pursuit,crowded,5018,True,standard,4.41996410000138,2751,0.8822963438101347,optimized,2.0
goal,True,40.140000000000676,36.058590179859614,0.8975749076685816,0.9808514366663027,0.083995267828818,0.14960816965551024,False,0.0,0.07744422858117517,,0.6376450641413449,2007,crowded,5019,0.0,False,False,1000.0,1000.0,36.0,0.7749984328665865,4.6919924902412244,6,1,pure_pursuit,crowded,5019,True,standard,2.7946625000040513,1555,0.7747882411559541,optimized,2.0
collision,False,15.619999999999756,10.085646932255418,0.6435600980904361,1.047080208340363,0.07794523674167143,0.1664787873711754,False,0.0,-0.0004457661863550011,pedestrian,0.23645099840295994,781,crowded,5020,0.0,False,False,1000.0,1000.0,36.0,0.7248282467948968,4.082261203094857,6,1,pure_pursuit,crowded,5020,True,standard,1.1474778000047081,629,0.8053777208706786,optimized,2.0
stall,False,42.34000000000102,26.766340710552644,0.6314380009737287,1.0397459324295033,0.08178581034260417,0.09647438871140272,False,0.0,0.20934329006288968,,0.4578678450008295,2117,crowded,5021,0.0,False,False,1000.0,1000.0,36.0,0.9140104345757991,3.9670663971291336,5,1,pure_pursuit,crowded,5021,True,standard,2.9621505000031902,1739,0.8214454416627303,optimized,2.0
collision,False,22.9599999999996,16.449889588811494,0.7142746238262868,1.0033534002370281,0.08017617876434338,0.15383648098717362,False,0.0,-0.006384107210185591,pedestrian,0.3233984303051068,1148,crowded,5022,0.0,False,False,1000.0,1000.0,36.0,0.8496203871888334,4.16327064677573,5,2,pure_pursuit,crowded,5022,True,standard,1.6622274000037578,918,0.7996515679442509,optimized,2.0
stall,False,20.299999999999656,10.061587271205335,0.4949330804620781,0.9815705642709291,0.08611410936478085,0.09944443347300298,False,0.0,0.17051013807767687,,0.22507394445191606,1015,crowded,5023,0.0,False,False,1000.0,1000.0,36.0,0.8171074644897484,4.845944573728948,5,2,pure_pursuit,crowded,5023,True,standard,1.4584706999958144,782,0.7704433497536946,optimized,2.0
stall,False,24.719999999999562,8.168316108544941,0.329208076083438,0.9962153690929749,0.0819629909894947,0.12181883831109751,False,0.0,0.2323853452827171,,0.2883163825863462,1236,crowded,5024,0.0,False,False,1000.0,1000.0,36.0,0.8109383252924722,4.478913919082471,3,2,pure_pursuit,crowded,5024,True,standard,1.7261256000056164,1116,0.9029126213592233,optimized,2.0
stall,False,23.559999999999587,16.67498149114072,0.7068244426494981,1.000732903884915,0.08801099734094288,0.10607579762831629,False,0.0,0.1347544774971725,,0.27778648436450115,1178,crowded,5025,0.0,False,False,1000.0,1000.0,36.0,0.9732104368642298,4.750233220361416,4,1,pure_pursuit,crowded,5025,True,standard,1.6230629999990924,764,0.6485568760611206,optimized,2.0
goal,True,44.1400000000013,36.11097223259901,0.8170085803201164,0.9884545082198128,0.07500278909637463,0.14812597110437592,False,0.0,0.16543619271844234,,0.6465948596900237,2207,crowded,5026,0.0,False,False,1000.0,1000.0,36.0,0.7262499636679371,4.307968225800889,4,1,pure_pursuit,crowded,5026,True,standard,3.055789600002754,1827,0.8278205709107386,optimized,2.0
stall,False,47.360000000001804,25.069171084822134,0.5280284039146113,1.0510530491907353,0.07972296386332611,0.16643429144067387,False,0.0,0.04097064515360213,,0.7491082734317306,2368,crowded,5027,0.0,False,False,1000.0,1000.0,36.0,0.876142603073939,3.7904107308165678,5,1,pure_pursuit,crowded,5027,True,standard,3.275071399999433,2164,0.9138513513513513,optimized,2.0
stall,False,22.43999999999961,9.033956264890202,0.4019148519108247,0.996245898895279,0.08687808043587361,0.12298473124412913,False,0.0,0.06176710868723681,,0.2925708940950262,1122,crowded,5028,0.0,False,False,1000.0,1000.0,36.0,1.0334928486032917,4.609884125974756,6,1,pure_pursuit,crowded,5028,True,standard,1.6018960000001243,959,0.8547237076648841,optimized,2.0
stall,False,36.420000000000094,22.298028987982327,0.6114506395460019,1.0819649159975584,0.07807687867434394,0.11125702044878362,False,0.0,0.07189748527791495,,0.4092271237267454,1821,crowded,5029,0.0,False,False,1000.0,1000.0,36.0,0.8960683121439519,3.612757000380382,4,2,pure_pursuit,crowded,5029,True,standard,2.808814900003199,1545,0.8484349258649094,optimized,2.0
goal,True,35.47999999999995,36.07864290381692,1.015995948604703,1.0269000308259069,0.07608496095880635,0.1442319943272042,False,0.0,0.13894505131448376,,0.5157797237838623,1774,crowded,5030,0.0,False,False,1000.0,1000.0,36.0,0.702641268886089,3.5741138987672745,5,1,pure_pursuit,crowded,5030,True,standard,2.434721100005845,1287,0.7254791431792559,optimized,2.0
stall,False,18.359999999999697,4.852188485378428,0.26251829753356803,1.0543076568363372,0.08306227026066129,0.16414546529811,False,0.0,0.04189377459069027,,0.2565796563742273,918,crowded,5031,0.0,False,False,1000.0,1000.0,36.0,1.0541886438268662,3.7270554480582403,4,2,pure_pursuit,crowded,5031,True,standard,1.351568900005077,817,0.8899782135076253,optimized,2.0
stall,False,24.999999999999556,6.894041389152786,0.2739436774247605,1.0109580207760902,0.08090254469538603,0.16986558668535331,False,0.0,0.05914096575606284,,0.35880621200476803,1250,crowded,5032,0.0,False,False,1000.0,1000.0,36.0,0.8808706052658889,4.3792262715010075,5,1,pure_pursuit,crowded,5032,True,standard,1.96574430000328,1192,0.9536,optimized,2.0
stall,False,33.65999999999966,28.525274023136713,0.8466291472596454,1.0846352969555324,0.08566448979459441,0.10972469842845217,False,0.0,0.12126125966092091,,0.4253072896055349,1683,crowded,5033,0.0,False,False,1000.0,1000.0,36.0,1.0836130709500158,3.666279579977531,3,1,pure_pursuit,crowded,5033,True,standard,2.2609754000004614,1062,0.6310160427807486,optimized,2.0
stall,False,46.64000000000169,22.451596212466864,0.47954269678076533,1.080958356489363,0.08046895570135852,0.13608818094675906,False,0.0,0.03428234185370441,,0.6105351878772076,2332,crowded,5034,0.0,False,False,1000.0,1000.0,36.0,0.7665500295059827,3.804995479071652,5,2,pure_pursuit,crowded,5034,True,standard,3.379756599999382,2120,0.9090909090909091,optimized,2.0
collision,False,23.41999999999959,12.73994988917028,0.5392879830401267,1.015488079081428,0.08110733298823282,0.2180366822458379,False,0.0,-0.001506275890663461,pedestrian,0.4567790654075116,1171,crowded,5035,0.0,False,False,1000.0,1000.0,36.0,0.9199233332386492,4.156022809768874,5,1,pure_pursuit,crowded,5035,True,standard,1.9304150000025402,1042,0.8898377455166524,optimized,2.0
stall,False,22.339999999999613,8.818782971552288,0.393925174161706,1.011384169581904,0.0834044821772217,0.13135326451583396,False,0.0,0.20610424573982866,,0.2710149365358421,1117,crowded,5036,0.0,False,False,1000.0,1000.0,36.0,1.0648143012996332,4.3024889064133,3,1,pure_pursuit,crowded,5036,True,standard,1.5703562999988208,941,0.8424350940017905,optimized,2.0
stall,False,19.379999999999676,3.948815019012569,0.202281442191565,0.9564647702746369,0.07901705330519496,0.12232881382026758,False,0.0,0.08229202710560435,,0.2151990737640206,969,crowded,5037,0.0,False,False,1000.0,1000.0,36.0,0.7092210370314546,4.854865496269261,5,2,pure_pursuit,crowded,5037,True,standard,1.5499310000013793,893,0.9215686274509803,optimized,2.0
goal,True,39.80000000000062,36.10881358556718,0.9053808987466468,1.0012116575367158,0.09047079940674445,0.1791272797693271,False,0.0,0.14525093628466845,,0.7298278978438432,1990,crowded,5038,0.0,False,False,1000.0,1000.0,36.0,1.0555417311834316,4.89287011986292,3,1,pure_pursuit,crowded,5038,True,standard,2.7478797000003397,1623,0.8155778894472362,optimized,2.0
stall,False,19.13999999999968,4.108989035096437,0.2128877461574099,1.0589211729501946,0.08075773746773093,0.14435568738576732,False,0.0,0.08116038778758816,,0.2406384646580465,957,crowded,5039,0.0,False,False,1000.0,1000.0,36.0,0.9402582229555535,3.6144856875598865,6,2,pure_pursuit,crowded,5039,True,standard,1.622464799998852,888,0.9278996865203761,optimized,2.0
collision,False,15.45999999999976,24.906929760097118,1.6118531484150835,1.0626563151813921,0.08019975631307362,0.16170491848557803,False,0.0,-0.02294400394946189,obstacle,0.25692997565927306,773,crowded,5040,0.0,False,False,1000.0,1000.0,36.0,0.9712075052113058,3.1920688461343363,4,2,pure_pursuit,crowded,5040,True,standard,1.113213700002234,219,0.2833117723156533,optimized,2.0
collision,False,13.279999999999806,11.673798976918599,0.8777238224045122,1.130919516959379,0.07930945740018469,0.2236252731496057,False,0.0,-0.016603042662241108,obstacle,0.2649754757872,664,crowded,5041,0.0,False,False,1000.0,1000.0,36.0,0.7917534446414414,3.1247853346898227,5,2,pure_pursuit,crowded,5041,True,standard,0.9881727000029059,452,0.6807228915662651,optimized,2.0
goal,True,54.140000000002864,36.13639622278754,0.6658054594887497,1.061395828383829,0.08044854845184123,0.16119644876998634,False,0.0,0.20444406844973392,,0.8240135297481814,2707,crowded,5042,0.0,False,False,1000.0,1000.0,36.0,0.9598932040906721,3.486030199242384,5,1,pure_pursuit,crowded,5042,True,standard,4.081401099996583,2313,0.8544514222386406,optimized,2.0
stall,False,20.97999999999964,8.146122600021815,0.3876190882742923,1.0400397301006408,0.08294909401724403,0.10394556049809062,False,0.0,0.07930782945718495,,0.21911025768140355,1049,crowded,5043,0.0,False,False,1000.0,1000.0,36.0,1.0898186350139498,4.0020376195110305,3,2,pure_pursuit,crowded,5043,True,standard,1.6089726999998675,1028,0.9799809342230696,optimized,2.0
stall,False,39.940000000000644,28.362550024310643,0.7089491313720526,1.0413955949048435,0.08076365267066762,0.12298880314607408,False,0.0,0.07795980848683626,,0.5143249247919552,1997,crowded,5044,0.0,False,False,1000.0,1000.0,36.0,1.0178429474867148,3.6549452422762707,3,2,pure_pursuit,crowded,5044,True,standard,2.78651230000105,1468,0.7351026539809714,optimized,2.0
collision,False,7.179999999999935,7.894874919105546,1.0979198809560453,1.1070403485925953,0.07825001837769167,0.2310725764711691,False,0.0,-0.009615902919573871,obstacle,0.17241841135267227,359,crowded,5045,0.0,False,False,1000.0,1000.0,36.0,0.7659494631232381,3.545543304209088,5,2,pure_pursuit,crowded,5045,True,standard,0.5531955999977072,194,0.5403899721448467,optimized,2.0
stall,False,19.57999999999967,6.688767943504409,0.34092124702359566,1.057115143428858,0.08048664444577303,0.10625049575394895,False,0.0,0.0730020018097649,,0.21420138534119645,979,crowded,5046,0.0,False,False,1000.0,1000.0,36.0,0.9011545969108519,3.3327744218409308,4,2,pure_pursuit,crowded,5046,True,standard,1.4944146999987424,913,0.9325842696629213,optimized,2.0
goal,True,33.45999999999963,36.04826314818947,1.0769104126725262,1.075389878894608,0.0817969493212459,0.14417150388672484,False,0.0,0.16742903733594094,,0.5068541720036197,1673,crowded,5047,0.0,False,False,1000.0,1000.0,36.0,0.9983218093282231,3.1410251815083683,3,1,pure_pursuit,crowded,5047,True,standard,2.4023534000007203,1062,0.6347878063359235,optimized,2.0
goal,True,25.119999999999553,36.03222688747646,1.4345815986742765,1.0828684443914283,0.08190499615733345,0.12333087837555795,False,0.0,0.08235407447489052,,0.35986915978491973,1256,crowded,5048,0.0,False,False,1000.0,1000.0,36.0,1.0213876505575938,3.411304677538264,4,1,pure_pursuit,crowded,5048,True,standard,1.6449453999957768,435,0.3463375796178344,optimized,2.0
stall,False,35.09999999999989,19.617569767297542,0.5579333273317727,1.043681210407848,0.0769988049945677,0.10736497556146556,False,0.0,0.04327370265278965,,0.3826438693072597,1755,crowded,5049,0.0,False,False,1000.0,1000.0,36.0,0.7517994105580714,3.1978602646371006,6,2,pure_pursuit,crowded,5049,True,standard,2.616939800005639,1468,0.8364672364672364,optimized,2.0
stall,False,17.27999999999972,4.494647128382769,0.2597568370009818,1.0119371362315515,0.07883282828444307,0.11716557973601664,False,0.0,0.06434699288940773,,0.18807387722820118,864,crowded,5050,0.0,False,False,1000.0,1000.0,36.0,0.8591909328138473,4.110811346493778,5,1,pure_pursuit,crowded,5050,True,standard,1.3642528999989736,761,0.8807870370370371,optimized,2.0
stall,False,33.57999999999965,22.70326283906775,0.6747019635538829,1.0757332554362313,0.07986373179540938,0.14056347983049838,False,0.0,0.06676740146907095,,0.4892127414964995,1679,crowded,5051,0.0,False,False,1000.0,1000.0,36.0,0.8470793717637798,3.4696736983662753,3,2,pure_pursuit,crowded,5051,True,standard,2.459762899998168,1314,0.782608695652174,optimized,2.0
stall,False,31.91999999999941,21.280408933187584,0.665098992968194,0.9956781605591665,0.09009730973051684,0.13380878150506625,False,0.0,0.04476010900334307,,0.4106139960530483,1596,crowded,5052,0.0,False,False,1000.0,1000.0,36.0,0.9377640601298551,4.903101107035168,5,2,pure_pursuit,crowded,5052,True,standard,2.3193126000041957,1171,0.7337092731829574,optimized,2.0
stall,False,30.199999999999445,23.853107185011442,0.788874923496922,0.9955197582294824,0.0831269663301542,0.11722408041124775,False,0.0,0.07339133359587913,,0.4244170567652517,1510,crowded,5053,0.0,False,False,1000.0,1000.0,36.0,0.8890868185879244,4.381330884174664,6,2,pure_pursuit,crowded,5053,True,standard,2.1999327999947127,1082,0.7165562913907285,optimized,2.0
stall,False,32.79999999999953,28.825306775397326,0.8774471545382937,1.0459958036214947,0.07942029291066148,0.1416422410441361,False,0.0,0.17666095658200168,,0.4633471189126614,1640,crowded,5054,0.0,False,False,1000.0,1000.0,36.0,0.8256418136260787,4.113300036428866,5,1,pure_pursuit,crowded,5054,True,standard,2.4359164999987115,1018,0.6207317073170732,optimized,2.0
stall,False,18.399999999999697,5.712487671992949,0.30980356128236664,1.0547240829198818,0.08257105276646877,0.10724261234496882,False,0.0,0.2368682237814581,,0.19646613211103353,920,crowded,5055,0.0,False,False,1000.0,1000.0,36.0,1.0471282526832821,3.420582573190744,6,1,pure_pursuit,crowded,5055,True,standard,1.3627488999991328,797,0.866304347826087,optimized,2.0
stall,False,54.920000000002986,27.83482029446245,0.5050327475766822,1.0453526038107521,0.08276010384286765,0.15381654886460147,False,0.0,0.0845279163368341,,0.7873838287161963,2746,crowded,5056,0.0,False,False,1000.0,1000.0,36.0,0.891086723699156,3.5916894807551056,3,2,pure_pursuit,crowded,5056,True,standard,3.8850641999961226,2547,0.9275309541150765,optimized,2.0
goal,True,28.09999999999949,36.09302520524384,1.2831955347752642,1.0782212175816148,0.08061939307291033,0.19040293107542694,False,0.0,0.06250313354732981,,0.538602018759331,1405,crowded,5057,0.0,False,False,1000.0,1000.0,36.0,0.7886726452745311,3.003224526127708,3,1,pure_pursuit,crowded,5057,True,standard,2.0314186999967205,731,0.5202846975088968,optimized,2.0
goal,True,28.53999999999948,36.06039016056267,1.2630051317235558,1.034209421137969,0.07992059244941752,0.15259243702631747,False,0.0,0.16040514133192427,,0.5522896395726342,1427,crowded,5058,0.0,False,False,1000.0,1000.0,36.0,0.9098807370435502,3.73068557622015,6,1,pure_pursuit,crowded,5058,True,standard,2.0378292000023066,1005,0.7042747021723896,optimized,2.0
goal,True,52.420000000002595,36.1192691892998,0.6875390993736604,1.0184232649856022,0.09059224760439118,0.14770686986898002,False,0.0,0.03819123802743471,,0.7712647440086396,2621,crowded,5059,0.0,False,False,1000.0,1000.0,36.0,0.9012639362358253,4.957237543027349,3,2,pure_pursuit,crowded,5059,True,standard,3.6572993000008864,2093,0.7985501716901946,optimized,2.0
stall,False,39.32000000000055,31.135238273307,0.790435412260399,1.044103250931851,0.08032064670804047,0.15017520448968044,False,0.0,0.20373303130381923,,0.5873406301513834,1966,crowded,5060,0.0,False,False,1000.0,1000.0,36.0,0.8376462876131555,3.7326058238479085,4,1,pure_pursuit,crowded,5060,True,standard,2.8374474000011105,1498,0.7619532044760936,optimized,2.0
stall,False,47.620000000001845,21.319783231141983,0.44567714200413794,1.0916122797415346,0.0838981779324801,0.15983322971068542,False,0.0,0.23462085928276208,,0.6900284665420625,2381,crowded,5061,0.0,False,False,1000.0,1000.0,36.0,1.0911674506139513,3.3022139240992363,4,2,pure_pursuit,crowded,5061,True,standard,3.679802300001029,2161,0.9076018479630408,optimized,2.0
collision,False,15.519999999999758,10.542891143890651,0.6762276460969805,1.0195179466055981,0.0836613086520932,0.20595129823905586,False,0.0,-0.0028815282141108345,pedestrian,0.3086566809471347,776,crowded,5062,0.0,False,False,1000.0,1000.0,36.0,0.9993468346705692,4.2770388427792305,6,1,pure_pursuit,crowded,5062,True,standard,1.1770347999990918,637,0.8208762886597938,optimized,2.0
collision,False,10.25999999999987,14.450241845665317,1.4093258529751347,0.9772546621563423,0.08598773521667327,0.17044277008653225,False,0.0,-0.00868670577888897,obstacle,0.20859916247522844,513,crowded,5063,0.0,False,False,1000.0,1000.0,36.0,0.7330288069420039,4.928957495797438,5,2,pure_pursuit,crowded,5063,True,standard,0.7460407000035048,230,0.44834307992202727,optimized,2.0
stall,False,29.799999999999454,13.172211304392873,0.44072579432895687,0.9855977479370552,0.07694183176460595,0.1551128592941469,False,0.0,0.23797340416010304,,0.44118937324048246,1490,crowded,5064,0.0,False,False,1000.0,1000.0,36.0,0.7150441580757758,4.5863073577415205,5,2,pure_pursuit,crowded,5064,True,standard,2.25817570000072,1322,0.887248322147651,optimized,2.0
stall,False,22.139999999999617,6.79369917793768,0.306248854989351,0.995786773519341,0.08647114757552425,0.14264431822788334,False,0.0,0.07747852990494641,,0.29391376849141526,1107,crowded,5065,0.0,False,False,1000.0,1000.0,36.0,0.8035442786646663,4.8563894445347895,4,2,pure_pursuit,crowded,5065,True,standard,1.696641599999566,1033,0.9331526648599819,optimized,2.0
stall,False,26.079999999999533,12.128698988707617,0.46372582720842787,1.19397723916293,0.08025033014190557,0.16679206170454955,False,0.0,0.03245699066332228,,0.3977197072533281,1304,crowded,5066,0.0,False,False,1000.0,1000.0,36.0,0.937066294483499,3.9869918481657125,6,2,pure_pursuit,crowded,5066,True,standard,1.9265097999959835,1157,0.8872699386503068,optimized,2.0
stall,False,42.700000000001076,21.870873423702488,0.5110687752225036,0.9928771393930874,0.09184528120758878,0.1175150702602764,False,0.0,0.10133125367948256,,0.511832139370003,2135,crowded,5067,0.0,False,False,1000.0,1000.0,36.0,1.0106291334825726,4.98601841338545,5,1,pure_pursuit,crowded,5067,True,standard,3.2348359000025084,1760,0.8243559718969555,optimized,2.0
stall,False,40.780000000000776,21.57712405682598,0.5274084797954878,1.0546317258143636,0.08082702005455114,0.14991843804746005,False,0.0,0.1697355042315534,,0.5807352807511849,2039,crowded,5068,0.0,False,False,1000.0,1000.0,36.0,0.8970326161018014,3.68361918406922,5,1,pure_pursuit,crowded,5068,True,standard,3.13844130000507,1739,0.8528690534575772,optimized,2.0
stall,False,36.40000000000009,19.910132562423186,0.5455987054016691,1.0008312995328204,0.07772873541131227,0.13285992723439582,False,0.0,0.1898578530155727,,0.5009484794014049,1820,crowded,5069,0.0,False,False,1000.0,1000.0,36.0,0.7403470360296646,4.211614650645206,4,1,pure_pursuit,crowded,5069,True,standard,2.6360433000008925,1489,0.8181318681318681,optimized,2.0
stall,False,27.07999999999951,15.846312367912383,0.5846932184255822,1.0801187421017833,0.0809979168103656,0.10913647848089697,False,0.0,0.07804124061598783,,0.34168633864686015,1354,crowded,5070,0.0,False,False,1000.0,1000.0,36.0,0.8627394964655488,3.014792907872379,3,2,pure_pursuit,crowded,5070,True,standard,2.108745999998064,1275,0.9416543574593796,optimized,2.0
stall,False,39.680000000000604,20.25722840695127,0.5092225460315185,1.0024108450472855,0.07714893289067343,0.1405162809039216,False,0.0,0.12258890570822942,,0.5231332025691628,1984,crowded,5071,0.0,False,False,1000.0,1000.0,36.0,0.7508349199984138,4.164918454437569,6,1,pure_pursuit,crowded,5071,True,standard,3.0677515999996103,1776,0.8951612903225806,optimized,2.0
stall,False,18.119999999999703,5.981605815024507,0.3293008118608995,1.0115733245532794,0.08915745273173388,0.10739282398865205,False,0.0,0.1258578736518808,,0.20050584263422647,906,crowded,5072,0.0,False,False,1000.0,1000.0,36.0,1.0845422517924654,4.727316696900118,4,2,pure_pursuit,crowded,5072,True,standard,1.4310522000014316,776,0.8565121412803532,optimized,2.0
stall,False,35.1599999999999,25.766942355830615,0.7320407094380665,1.0200346533852267,0.07759661713208968,0.12052458800867775,False,0.0,0.2333489123332123,,0.4564010117849661,1758,crowded,5073,0.0,False,False,1000.0,1000.0,36.0,0.7450583759123013,3.615451791111634,3,2,pure_pursuit,crowded,5073,True,standard,2.5252787999997963,1273,0.7241183162684869,optimized,2.0
stall,False,33.8999999999997,18.746129992412232,0.5508310900568019,0.966338534128227,0.08807217259509668,0.15123287268729135,False,0.0,0.04209284580905012,,0.4868370828365625,1695,crowded,5074,0.0,False,False,1000.0,1000.0,36.0,0.847212170166827,4.87418254885662,5,2,pure_pursuit,crowded,5074,True,standard,2.6179747999995016,1391,0.8206489675516224,optimized,2.0
stall,False,18.979999999999684,7.116994081330002,0.37424354395750453,1.0227405722092848,0.08083620106755413,0.10569538883107418,False,0.0,0.23855436393413088,,0.20842515801869155,949,crowded,5075,0.0,False,False,1000.0,1000.0,36.0,0.9218759880118024,4.235974977511892,5,2,pure_pursuit,crowded,5075,True,standard,1.4595700999998371,826,0.8703898840885143,optimized,2.0
goal,True,23.279999999999593,36.038492282232966,1.5483210409028605,1.0088608816515796,0.08955703417544114,0.1398772151779378,False,0.0,0.17084984203977827,,0.4507219116358754,1164,crowded,5076,0.0,False,False,1000.0,1000.0,36.0,1.0292612569337438,4.688945080828985,6,1,pure_pursuit,crowded,5076,True,standard,1.7260300999987521,472,0.4054982817869416,optimized,2.0
stall,False,26.69999999999952,9.05460375031271,0.33780254398436854,0.9793901861032797,0.08362253127337538,0.13070528920087393,False,0.0,0.0704067773060798,,0.35982152185402494,1335,crowded,5077,0.0,False,False,1000.0,1000.0,36.0,0.7481831815301382,4.683266037657667,5,2,pure_pursuit,crowded,5077,True,standard,2.015964400001394,1214,0.9093632958801499,optimized,2.0
stall,False,22.45999999999961,10.79828777963889,0.48004665548917974,1.2270903207435775,0.08143309834294395,0.1845661033240639,False,0.0,0.23626102747058908,,0.3410051059083945,1123,crowded,5078,0.0,False,False,1000.0,1000.0,36.0,1.052260869021958,3.1100311875618685,5,1,pure_pursuit,crowded,5078,True,standard,1.6982187000030535,942,0.8388245770258237,optimized,2.0
collision,False,10.29999999999987,11.118502259049755,1.0755127615182873,1.0177851688309272,0.0806052473764834,0.20933772052059638,False,0.0,-8.198742040155249e-05,pedestrian,0.21780042218503726,515,crowded,5079,0.0,False,False,1000.0,1000.0,36.0,0.948921384405256,4.056615073880624,4,1,pure_pursuit,crowded,5079,True,standard,0.8083636000010301,322,0.625242718446602,optimized,2.0
stall,False,17.599999999999714,4.9933090697197775,0.28300786082277296,1.060758280276182,0.07827203223179095,0.10834053569788303,False,0.0,0.19773179475753774,,0.1904017022074737,880,crowded,5080,0.0,False,False,1000.0,1000.0,36.0,0.8413522982777953,3.3399048040720363,6,1,pure_pursuit,crowded,5080,True,standard,1.4282382000019425,775,0.8806818181818182,optimized,2.0
stall,False,28.63999999999948,9.974920211367078,0.34726771169219617,0.9911224299848413,0.08430115394014613,0.13689224480676754,False,0.0,0.18978377006840588,,0.37024787756257593,1432,crowded,5081,0.0,False,False,1000.0,1000.0,36.0,0.857903395921944,4.654924338620467,6,1,pure_pursuit,crowded,5081,True,standard,2.1415966999993543,1309,0.9141061452513967,optimized,2.0
stall,False,25.959999999999535,14.21091976010724,0.5458510763725329,0.9841324391608093,0.0832030002623423,0.1300514738158113,False,0.0,0.01973790467939282,,0.3442428646561797,1298,crowded,5082,0.0,False,False,1000.0,1000.0,36.0,0.7955105971431277,4.6545013175171706,3,1,pure_pursuit,crowded,5082,True,standard,1.9257539000027464,1019,0.7850539291217258,optimized,2.0
goal,True,38.24000000000038,36.057403589141025,0.9424081244351465,1.0320955794449171,0.08570279451791159,0.16667758112772757,False,0.0,0.08575626408113016,,0.6532992783156539,1912,crowded,5083,0.0,False,False,1000.0,1000.0,36.0,0.8508672632349321,4.7793800012599625,6,1,pure_pursuit,crowded,5083,True,standard,2.7982437000027858,1303,0.6814853556485355,optimized,2.0
stall,False,33.13999999999958,19.486494139464227,0.586821521597308,1.0478096971628865,0.08075362769854871,0.144056491031516,False,0.0,0.2018816607088413,,0.4466592992549889,1657,crowded,5084,0.0,False,False,1000.0,1000.0,36.0,1.0530656978728266,3.603905821938964,3,1,pure_pursuit,crowded,5084,True,standard,2.370621800000663,1359,0.820156910078455,optimized,2.0
collision,False,30.279999999999443,27.15018882019421,0.8942926804411443,1.0575390568258853,0.07081095133815317,0.1730900979620968,False,0.0,-0.0032145990033712046,pedestrian,0.48734916450243126,1514,crowded,5085,0.0,False,False,1000.0,1000.0,36.0,0.718730957787409,3.4803602936247238,6,1,pure_pursuit,crowded,5085,True,standard,2.16120139999839,1241,0.8196829590488771,optimized,2.0
stall,False,36.4800000000001,18.63919554363074,0.5099740636570196,1.0023958883179576,0.07921182927337951,0.11626086767279223,False,0.0,0.057068157956623455,,0.4436155894399278,1824,crowded,5086,0.0,False,False,1000.0,1000.0,36.0,0.8461753811272056,4.201848831134938,4,2,pure_pursuit,crowded,5086,True,standard,2.6890476999979,1541,0.8448464912280702,optimized,2.0
goal,True,22.8599999999996,36.06510783995366,1.5771026853655996,1.0030319350484451,0.07366595481977811,0.1568855332632337,False,0.0,0.07162425385417226,,0.4004850524398479,1143,crowded,5087,0.0,False,False,1000.0,1000.0,36.0,0.7297546609361127,3.6178111164901976,4,1,pure_pursuit,crowded,5087,True,standard,1.497095900005661,316,0.2764654418197725,optimized,2.0
stall,False,17.419999999999717,4.357253390735789,0.24941984432021935,1.0735179066080842,0.08021562174312662,0.10982299957542146,False,0.0,0.07666092241946454,,0.18591199350534005,871,crowded,5088,0.0,False,False,1000.0,1000.0,36.0,0.9086910672377201,3.076056513841886,5,2,pure_pursuit,crowded,5088,True,standard,1.2519043000065722,782,0.8978185993111366,optimized,2.0
stall,False,18.079999999999703,6.148880471733961,0.33928885155862465,1.0352517300134516,0.07924337897054039,0.10773324917139442,False,0.0,0.017223405477705928,,0.19927259936862218,904,crowded,5089,0.0,False,False,1000.0,1000.0,36.0,0.7969012135678066,3.4746629759075462,3,1,pure_pursuit,crowded,5089,True,standard,1.2855815000002622,769,0.8506637168141593,optimized,2.0
goal,True,44.40000000000134,36.063553040432375,0.8117233880224108,1.1791810286967959,0.08039278704008389,0.13902323439146685,False,0.0,0.23326163155309632,,0.6335276769952541,2220,crowded,5090,0.0,False,False,1000.0,1000.0,36.0,0.812731185705469,3.0192451758830843,5,1,pure_pursuit,crowded,5090,True,standard,3.277504700003192,1736,0.781981981981982,optimized,2.0
collision,False,4.539999999999991,5.935165282841716,1.302927037099804,1.0574371792206447,0.0797523311740254,0.24023773982338006,False,0.0,-0.0022469625476979893,pedestrian,0.10036612797277153,227,crowded,5091,0.0,False,False,1000.0,1000.0,36.0,0.8747085205182346,3.2140859613197943,6,2,pure_pursuit,crowded,5091,True,standard,0.35462420000112616,86,0.3788546255506608,optimized,2.0
goal,True,46.860000000001726,36.07522508725606,0.7692949034440227,1.0582519635272307,0.08068432561345483,0.16442959436541407,False,0.0,0.1211712731085007,,0.7469433829865845,2343,crowded,5092,0.0,False,False,1000.0,1000.0,36.0,0.8347057354303752,3.6104146276233733,5,1,pure_pursuit,crowded,5092,True,standard,3.3878642999989097,1878,0.8015364916773368,optimized,2.0
stall,False,18.1999999999997,5.8833469589505984,0.32259610938041444,0.9762566602354852,0.07503333525264157,0.1040152405217378,False,0.0,0.23546328442137554,,0.19779242384607995,910,crowded,5093,0.0,False,False,1000.0,1000.0,36.0,0.7027821538503214,4.517424137019871,3,2,pure_pursuit,crowded,5093,True,standard,1.3011327999993227,782,0.8593406593406593,optimized,2.0
goal,True,18.2799999999997,36.00243281181123,1.9706207765067658,0.9820791173753806,0.07665352694230589,0.09118571868141291,False,0.0,0.19010422240502145,,0.2451924404645146,914,crowded,5094,0.0,False,False,1000.0,1000.0,36.0,0.759548402527707,4.534496637945709,3,2,pure_pursuit,crowded,5094,True,standard,1.2127949999994598,0,0.0,optimized,2.0
collision,False,11.619999999999841,13.272659122460015,1.1403649078423987,0.9543300807750494,0.08101251923521612,0.2320399391787903,False,0.0,-0.0011476149592005158,pedestrian,0.32200927325805495,581,crowded,5095,0.0,False,False,1000.0,1000.0,36.0,0.7038176926854574,4.7716698558317745,5,1,pure_pursuit,crowded,5095,True,standard,0.8594373000014457,452,0.7779690189328744,optimized,2.0
goal,True,31.559999999999416,36.057053790052194,1.1419428390946913,1.0197632125793819,0.0840876622502413,0.1357684581950505,False,0.0,0.08097801386854431,,0.45673155210453154,1578,crowded,5096,0.0,False,False,1000.0,1000.0,36.0,1.0818708535353732,4.332364566134115,4,2,pure_pursuit,crowded,5096,True,standard,2.2890526999981375,809,0.5126742712294043,optimized,2.0
stall,False,25.059999999999555,14.614091187547467,0.5821129498385696,1.0440318756551281,0.08406315625665968,0.13857440173277955,False,0.0,0.0713556142621039,,0.3219594496735613,1253,crowded,5097,0.0,False,False,1000.0,1000.0,36.0,1.0513529123167236,3.996850644935159,5,2,pure_pursuit,crowded,5097,True,standard,1.8629246999989846,975,0.7781324820430966,optimized,2.0
stall,False,19.439999999999674,8.437249276556397,0.4329132181017443,1.0471906345256201,0.08197679813233036,0.1191676428073789,False,0.0,0.11899649089005479,,0.2304465251173138,972,crowded,5098,0.0,False,False,1000.0,1000.0,36.0,1.071515063165253,3.7814489751499796,3,1,pure_pursuit,crowded,5098,True,standard,1.410240299999714,767,0.7890946502057613,optimized,2.0
stall,False,18.65999999999969,7.012028636535209,0.3750812643060745,1.0798248300137112,0.08316904531732087,0.10647816623193913,False,0.0,0.23459600441225648,,0.2039443403665657,933,crowded,5099,0.0,False,False,1000.0,1000.0,36.0,0.9961736911557313,3.2102618071198448,3,1,pure_pursuit,crowded,5099,True,standard,1.2528452000042307,777,0.8327974276527331,optimized,2.0
collision,False,7.239999999999934,8.15111143570851,1.120341346539552,1.0613994775558955,0.07853822717700043,0.25308280397459226,False,0.0,-0.003535699967076422,pedestrian,0.18050910092183603,362,mixed,5000,0.10063859654556317,False,False,16.0,22.0,36.0,0.8421893577539279,3.1106926377148136,3,1,pure_pursuit,mixed,5000,True,standard,0.5523055000012391,190,0.5248618784530387,optimized,2.0
stall,False,51.56000000000246,25.67413507126706,0.49644581417848327,4.070609938562327,1.3975820216977612,0.21056341389223152,True,0.0006206361520558572,0.1713224547570615,,0.716642630589367,2578,mixed,5001,0.1361326555543014,False,False,16.0,22.0,36.0,1.0085497877150973,3.463029867560513,2,1,pure_pursuit,mixed,5001,True,standard,3.758493900000758,2131,0.8266097750193949,optimized,2.0
goal,True,26.439999999999525,36.03763397400407,1.362959959132161,2.8884607993067646,0.9878247960175629,0.22812756495940875,False,0.0,0.14736352981607026,,0.5040723932898139,1322,mixed,5002,0.10779195637104258,False,False,16.0,22.0,36.0,1.006598628122048,3.903147756916806,4,2,pure_pursuit,mixed,5002,True,standard,2.014058799999475,623,0.4712556732223903,optimized,2.0
stall,False,17.77999999999971,4.990539043876194,0.27946982876112453,1.0238824536119382,0.0765412339182605,0.10849914526061835,False,0.0,0.07946531420628777,,0.20841809348086165,889,mixed,5003,0.1152588703871631,False,False,16.0,22.0,36.0,0.7517930892575723,3.7871843554365645,3,2,pure_pursuit,mixed,5003,True,standard,1.437209999996412,798,0.8976377952755905,optimized,2.0
stall,False,18.339999999999698,6.707358060930062,0.3645408068140369,1.070012934823799,0.08138093566329505,0.1068466266903035,False,0.0,0.23822657760621324,,0.2001691215621005,917,mixed,5004,0.09395417832217653,False,False,16.0,22.0,36.0,0.890305269851523,3.167338564992484,2,2,pure_pursuit,mixed,5004,True,standard,1.4731868999951985,769,0.8386041439476554,optimized,2.0
stall,False,39.28000000000054,30.837164257131196,0.7833245021017818,4.357694677107275,1.4583839165260541,0.25261782505438524,True,0.0009164969450101833,0.21017121865861052,,0.6465587147432811,1964,mixed,5005,0.14452422563128192,False,False,16.0,22.0,36.0,0.9124810113829057,3.4541322103790937,2,1,pure_pursuit,mixed,5005,True,standard,2.8853570999999647,1376,0.7006109979633401,optimized,2.0
stall,False,17.29999999999972,4.6361704219382105,0.26670197226016934,0.9872290556373718,0.08474870791308269,0.10782938767688202,False,0.0,0.07006133071399134,,0.18783803387821085,865,mixed,5006,0.11823518779379621,False,False,16.0,22.0,36.0,0.878948645244961,4.724539790888749,3,2,pure_pursuit,mixed,5006,True,standard,1.412153400000534,769,0.8890173410404625,optimized,2.0
collision,False,4.040000000000002,4.900913103769114,1.2076430160842206,0.9499697906813283,0.07919217467935594,0.24310436107279337,False,0.0,-0.004684206790085577,pedestrian,0.09955004565385216,202,mixed,5007,0.09332622163787102,True,False,16.0,22.0,36.0,0.7003099757032973,4.832701252556141,3,3,pure_pursuit,mixed,5007,True,standard,0.32989200000156416,87,0.4306930693069307,optimized,2.0
goal,True,33.11999999999958,36.072332550537624,1.0877130560974801,2.285868909240488,0.7298324404346035,0.24796874971878083,False,0.0,0.2482580409626265,,0.756978329453136,1656,mixed,5008,0.090077259790111,False,False,16.0,22.0,36.0,0.7780156087365453,4.103977423040574,4,1,pure_pursuit,mixed,5008,True,standard,2.58408519999648,1109,0.6696859903381642,optimized,2.0
stall,False,19.67999999999967,8.307729345737798,0.4210440826472202,1.0401833342956113,0.08044237806146325,0.10305212813730523,False,0.0,0.07605142972291978,,0.21155291904713022,984,mixed,5009,0.11325841109235353,True,True,16.0,22.0,36.0,0.9689358374482765,3.4873356243580726,3,3,pure_pursuit,mixed,5009,True,standard,1.6096701999995275,796,0.8089430894308943,optimized,2.0
stall,False,29.279999999999465,26.780402249024036,0.9141173422997089,4.174879124878408,1.2030805510324618,0.26275636342410147,True,0.0012295081967213116,0.2401054807167351,,0.46279332406165896,1464,mixed,5010,0.14381243175444086,False,False,16.0,22.0,36.0,0.7051556442607216,3.7667485448765166,2,1,pure_pursuit,mixed,5010,True,standard,2.192245099999127,808,0.5519125683060109,optimized,2.0
collision,False,6.93999999999994,7.731977614768976,1.1079525058866346,1.0353207102867243,0.07930537462576073,0.27059496316749604,False,0.0,-0.0023406290359402337,pedestrian,0.17923511524324778,347,mixed,5011,0.14971532004645052,True,True,16.0,22.0,36.0,0.8328891001551972,4.081364643336002,2,2,pure_pursuit,mixed,5011,True,standard,0.5689257999983965,171,0.49279538904899134,optimized,2.0
goal,True,22.819999999999602,36.034199362604745,1.5786983513223585,2.8366368882858968,0.9409405741694543,0.24142134226690729,False,0.0,0.2481465403164115,,0.4886875706873809,1141,mixed,5012,0.11599739438211938,False,False,16.0,22.0,36.0,1.0932146650543806,4.746887235560902,4,1,pure_pursuit,mixed,5012,True,standard,1.76759559999482,402,0.3523225241016652,optimized,2.0
goal,True,22.259999999999614,36.016856239483225,1.6182948152921386,2.8670739707670054,0.9401350754868764,0.21909375151394472,False,0.0,0.08342655696970747,,0.47417024664871155,1113,mixed,5013,0.11438074496395545,True,False,16.0,22.0,36.0,0.9965686471139685,4.558301693417866,3,1,pure_pursuit,mixed,5013,True,standard,1.664051499996276,310,0.2785265049415993,optimized,2.0
stall,False,29.119999999999468,25.379672860711015,0.870850155062252,3.5653081413104246,1.1780426938420985,0.24009661537072996,True,0.0008241758241758242,0.23735923070596793,,0.46400575632523466,1456,mixed,5014,0.13211528278562787,False,False,16.0,22.0,36.0,1.0079404557952962,4.248689932953564,3,1,pure_pursuit,mixed,5014,True,standard,2.179568699997617,838,0.5755494505494505,optimized,2.0
collision,False,14.679999999999776,26.874427432721912,1.8305053928838693,3.2230566046632316,0.9676415917874586,0.3069354779814156,True,0.0010899182561307902,-0.019130806813228318,obstacle,0.33589248438784214,734,mixed,5015,0.11307428979546041,False,False,16.0,22.0,36.0,0.7129585808151011,3.616554150795544,3,2,pure_pursuit,mixed,5015,True,standard,1.173676799997338,53,0.07220708446866485,optimized,2.0
stall,False,47.180000000001776,25.75962779988274,0.5442538233387977,3.1493562852575696,1.050377233873894,0.20787398909123667,True,0.0003391267486222976,0.19756855591557154,,0.7636340870947702,2359,mixed,5016,0.12328780373270565,False,False,16.0,22.0,36.0,1.0824496477512628,4.4970018275504655,4,2,pure_pursuit,mixed,5016,True,standard,3.5710710999992443,1950,0.8266214497668504,optimized,2.0
stall,False,19.379999999999676,8.734876021388466,0.44954726672115863,1.1070731604910558,0.08337154410479802,0.10630728122434663,False,0.0,0.2228710398844368,,0.2104666541213456,969,mixed,5017,0.12162928738333142,False,False,16.0,22.0,36.0,1.0313683035167758,3.069327793573069,2,1,pure_pursuit,mixed,5017,True,standard,1.4545892000023741,766,0.7905056759545923,optimized,2.0
stall,False,20.13999999999966,5.421699367171675,0.2671946510317707,1.0212110482128223,0.07974010040627516,0.13617977278263718,False,0.0,0.07685850128780847,,0.24560449632742942,1007,mixed,5018,0.1021966661181102,True,False,16.0,22.0,36.0,0.8519960097254107,3.741644975951466,2,3,pure_pursuit,mixed,5018,True,standard,1.6414250000016182,934,0.9275074478649454,optimized,2.0
stall,False,18.1799999999997,5.1638653664042415,0.2827705115532607,0.980833067882081,0.08402534506743577,0.10461351325369206,False,0.0,0.07968505496675371,,0.1961448823170657,909,mixed,5019,0.09694607558591248,False,False,16.0,22.0,36.0,0.7749984328665865,4.6919924902412244,3,3,pure_pursuit,mixed,5019,True,standard,1.5333036000010907,799,0.878987898789879,optimized,2.0
collision,False,9.519999999999886,3.9012216912799884,0.40391984258421654,1.048894076330223,0.07759599558602935,0.24849251031799394,False,0.0,-0.001917954576498515,pedestrian,0.1956310934262464,476,mixed,5020,0.11812828874817456,False,False,16.0,22.0,36.0,0.7248282467948968,4.082261203094857,4,2,pure_pursuit,mixed,5020,True,standard,0.7710779999979422,413,0.8676470588235294,optimized,2.0
collision,False,6.6799999999999455,9.715960938681906,1.4560259058612912,1.039747150382995,0.08177608844354692,0.17174296511756607,False,0.0,-0.012392312530297045,obstacle,0.1229188870591443,334,mixed,5021,0.11381894175763324,True,False,16.0,22.0,36.0,0.9140104345757991,3.9670663971291336,3,2,pure_pursuit,mixed,5021,True,standard,0.5120117000042228,270,0.8083832335329342,optimized,2.0
stall,False,20.359999999999655,9.886726135765722,0.4845107843434308,1.0033546445251629,0.08017402962349766,0.0998821198479039,False,0.0,0.23992448817014944,,0.2222248962153836,1018,mixed,5022,0.13140191257451567,False,False,16.0,22.0,36.0,0.8496203871888334,4.16327064677573,2,1,pure_pursuit,mixed,5022,True,standard,1.568494400002237,790,0.7760314341846758,optimized,2.0
stall,False,38.26000000000038,28.84623646896021,0.7529678275760122,3.219508519006701,0.9757886000694604,0.21596821650410944,True,0.0004181913225300575,0.23185328037894082,,0.6313003798000472,1913,mixed,5023,0.12867756728465177,False,False,16.0,22.0,36.0,0.8171074644897484,4.845944573728948,2,3,pure_pursuit,mixed,5023,True,standard,2.901278800003638,1421,0.7428123366440146,optimized,2.0
stall,False,31.119999999999425,26.650162413446687,0.8554010900619036,3.6897892259069582,1.121004502583345,0.23366757072575353,True,0.0008997429305912597,0.2330642401487082,,0.48570164167091884,1556,mixed,5024,0.13928371679168416,False,False,16.0,22.0,36.0,0.8109383252924722,4.478913919082471,2,1,pure_pursuit,mixed,5024,True,standard,2.1539314999972703,970,0.6233933161953727,optimized,2.0
stall,False,24.039999999999576,10.10526807673077,0.4189693953715164,1.0007746327122682,0.0878217759378339,0.1259859545215746,False,0.0,0.23251835045989622,,0.3116052876286708,1202,mixed,5025,0.09643074988431373,False,False,16.0,22.0,36.0,0.9732104368642298,4.750233220361416,4,2,pure_pursuit,mixed,5025,True,standard,1.8273932000010973,1071,0.8910149750415973,optimized,2.0
goal,True,26.799999999999518,36.07773289965708,1.3448023246833591,2.3997331711386014,0.7297690425498822,0.23220647883605272,False,0.0,0.10741317288845839,,0.5653924302780405,1340,mixed,5026,0.09558762086488723,False,False,16.0,22.0,36.0,0.7262499636679371,4.307968225800889,4,3,pure_pursuit,mixed,5026,True,standard,2.14519200000359,611,0.45597014925373136,optimized,2.0
stall,False,32.87999999999954,28.122088736464953,0.8544011733335549,1.0510530418991515,0.816787294634589,0.16614712530093578,False,0.0,0.07624382212342495,,0.5175111340801816,1644,mixed,5027,0.11482123997562081,False,True,16.0,22.0,36.0,0.876142603073939,3.7904107308165678,3,2,pure_pursuit,mixed,5027,True,standard,2.492218799998227,1060,0.6447688564476886,optimized,2.0
stall,False,18.019999999999705,5.224787019032184,0.2886021239683848,0.9960475278077284,0.08736174757535149,0.10754461170046092,False,0.0,0.07714450789407257,,0.1973296668014742,901,mixed,5028,0.10116781223940692,False,False,16.0,22.0,36.0,1.0334928486032917,4.609884125974756,2,2,pure_pursuit,mixed,5028,True,standard,1.2560840000005555,789,0.8756936736958935,optimized,2.0
stall,False,35.41999999999994,29.604090133843854,0.835248286202525,1.1303888760558964,0.8362862934092063,0.14846996614725816,False,0.0,0.05742079753046894,,0.49290425511482966,1771,mixed,5029,0.12404880975552002,False,True,16.0,22.0,36.0,0.8960683121439519,3.612757000380382,3,2,pure_pursuit,mixed,5029,True,standard,2.488730700002634,1181,0.6668548842461886,optimized,2.0
stall,False,31.29999999999942,28.19660021023523,0.9001172727957263,1.100921468269159,0.8317868430394487,0.15874959810277017,False,0.0,0.2328547098399256,,0.43769681430380103,1565,mixed,5030,0.11541600076902528,False,True,16.0,22.0,36.0,0.702641268886089,3.5741138987672745,3,1,pure_pursuit,mixed,5030,True,standard,2.286915399999998,915,0.5846645367412141,optimized,2.0
stall,False,17.559999999999715,3.9501779208926044,0.22369626254040764,1.0543077150904916,0.08291694233033968,0.1147736077199052,False,0.0,0.23444376622382945,,0.22126141829973295,878,mixed,5031,0.14561650478931443,True,False,16.0,22.0,36.0,1.0541886438268662,3.7270554480582403,3,1,pure_pursuit,mixed,5031,True,standard,1.3503043000018806,843,0.9601366742596811,optimized,2.0
stall,False,18.559999999999693,4.018164463305874,0.21431425649161162,1.010969453049978,0.08138001000571639,0.14587393460427278,False,0.0,0.018642815870785034,,0.22274148518004389,928,mixed,5032,0.1122245362773568,False,False,16.0,22.0,36.0,0.8808706052658889,4.3792262715010075,3,2,pure_pursuit,mixed,5032,True,standard,1.412720000000263,856,0.9224137931034483,optimized,2.0
stall,False,17.579999999999714,4.4374321430024235,0.251054646510362,1.0606773021252491,0.08566511082614686,0.14648114559243058,False,0.0,0.056396186548183486,,0.2394121740535444,879,mixed,5033,0.11672621005094068,False,False,16.0,22.0,36.0,1.0836130709500158,3.666279579977531,3,2,pure_pursuit,mixed,5033,True,standard,1.3683282999991206,802,0.9124004550625711,optimized,2.0
stall,False,21.439999999999632,6.894146438702476,0.31975792224655486,1.0197900950632677,0.08046916465146389,0.13709262655596008,False,0.0,0.20290317504062627,,0.2605939937306698,1072,mixed,5034,0.12934267293598622,True,True,16.0,22.0,36.0,0.7665500295059827,3.804995479071652,2,3,pure_pursuit,mixed,5034,True,standard,1.7324262000038289,949,0.8852611940298507,optimized,2.0
stall,False,34.93999999999986,26.37088232398545,0.7531615266750202,2.7744354339597077,0.9208312000815279,0.18765760247837565,False,0.0,0.18354707461389919,,0.5352626019048287,1747,mixed,5035,0.10658169577161372,True,False,16.0,22.0,36.0,0.9199233332386492,4.156022809768874,2,2,pure_pursuit,mixed,5035,True,standard,2.6171314000021084,1251,0.7160847166571265,optimized,2.0
goal,True,33.39999999999962,36.102949079478016,1.078786049442466,3.0544136402639968,1.0220734715309983,0.2508024981171148,True,0.00023952095808383233,0.13270901915057842,,0.6923782132039922,1670,mixed,5036,0.1173697414789877,False,False,16.0,22.0,36.0,1.0648143012996332,4.3024889064133,4,1,pure_pursuit,mixed,5036,True,standard,2.395111600002565,986,0.5904191616766467,optimized,2.0
stall,False,33.8999999999997,25.863524380043717,0.7612225143183257,3.474798154357209,0.9844197370313746,0.2409757054898114,True,0.0007079646017699115,0.20399061296766605,,0.5737362257292953,1695,mixed,5037,0.13679937064081266,False,False,16.0,22.0,36.0,0.7092210370314546,4.854865496269261,3,2,pure_pursuit,mixed,5037,True,standard,2.487822499999311,1159,0.6837758112094395,optimized,2.0
stall,False,30.39999999999944,28.95336102556899,0.9518630167993497,2.2573476898413887,0.7456213317786976,0.17077927694837475,False,0.0,0.23553157576025163,,0.5573209145038449,1520,mixed,5038,0.09670644475941208,False,False,16.0,22.0,36.0,1.0555417311834316,4.89287011986292,3,1,pure_pursuit,mixed,5038,True,standard,2.236639299997478,892,0.5868421052631579,optimized,2.0
stall,False,28.899999999999473,25.20701751342784,0.8711340849638772,4.074366976659172,1.3679405446158586,0.23131083528526097,True,0.001245674740484429,0.07523130416095902,,0.44770910849988055,1445,mixed,5039,0.13861797778812823,True,False,16.0,22.0,36.0,0.9402582229555535,3.6144856875598865,2,2,pure_pursuit,mixed,5039,True,standard,2.0636018000004697,831,0.5750865051903115,optimized,2.0
stall,False,23.579999999999586,9.233431071381457,0.38999127245959797,1.0627028882674985,0.08102064232209091,0.13609926863395092,False,0.0,0.23873508617471006,,0.29836187451919993,1179,mixed,5040,0.13659141728402505,False,False,16.0,22.0,36.0,0.9712075052113058,3.1920688461343363,2,3,pure_pursuit,mixed,5040,True,standard,1.7597090999988723,1014,0.8600508905852418,optimized,2.0
stall,False,32.15999999999943,24.724542906916287,0.7671292117125342,4.477460605456938,1.361807523133346,0.2719226707330228,True,0.001119402985074627,0.07461234463739497,,0.5399185582105079,1608,mixed,5041,0.14238089228448053,False,False,16.0,22.0,36.0,0.7917534446414414,3.1247853346898227,4,3,pure_pursuit,mixed,5041,True,standard,2.4305785999968066,1076,0.6691542288557214,optimized,2.0
stall,False,29.47999999999946,27.41241916172914,0.9292757990124063,3.2445611298926704,1.0956233024245512,0.20509576286509787,True,0.000542740841248304,0.23454966667511862,,0.40139394937655865,1474,mixed,5042,0.11346964484423985,False,False,16.0,22.0,36.0,0.9598932040906721,3.486030199242384,2,3,pure_pursuit,mixed,5042,True,standard,2.204085400000622,796,0.5400271370420624,optimized,2.0
stall,False,26.779999999999518,11.324436030235496,0.42174403830096935,1.0400397202938758,0.0829543858813352,0.15427186817896055,False,0.0,0.24016490587068917,,0.38595660845793783,1339,mixed,5043,0.1269385057241497,False,True,16.0,22.0,36.0,1.0898186350139498,4.0020376195110305,3,2,pure_pursuit,mixed,5043,True,standard,2.1060672999956296,1208,0.9021657953696789,optimized,2.0
stall,False,18.939999999999685,4.7738826269724886,0.2498135410114776,1.0545016657139787,0.08262291006150783,0.15578771955775175,False,0.0,0.07787296490695525,,0.2590387607818717,947,mixed,5044,0.13998739401869517,False,False,16.0,22.0,36.0,1.0178429474867148,3.6549452422762707,4,3,pure_pursuit,mixed,5044,True,standard,1.4962377999981982,884,0.9334741288278775,optimized,2.0
stall,False,40.60000000000075,31.091074005448725,0.7645294958069578,4.03159856903849,1.2134982787139252,0.23544223998212122,True,0.0008866995073891626,0.07799020566914183,,0.6693063677588229,2030,mixed,5045,0.13638592052525939,False,False,16.0,22.0,36.0,0.7659494631232381,3.545543304209088,4,2,pure_pursuit,mixed,5045,True,standard,2.9792495999936364,1466,0.722167487684729,optimized,2.0
stall,False,21.159999999999638,5.65319854852266,0.2652972104705124,1.0575417267766585,0.0804911095315508,0.1710495535144713,False,0.0,0.2344130170482117,,0.30919891837216545,1058,mixed,5046,0.12227119309524864,True,False,16.0,22.0,36.0,0.9011545969108519,3.3327744218409308,4,1,pure_pursuit,mixed,5046,True,standard,1.6062765000024228,965,0.9120982986767486,optimized,2.0
stall,False,17.37999999999972,4.35421885094235,0.2491154524160352,1.0753326086329773,0.08333233695019365,0.11696370457980844,False,0.0,0.19124629343793942,,0.19530969173967913,869,mixed,5047,0.0907107601460403,False,False,16.0,22.0,36.0,0.9983218093282231,3.1410251815083683,3,3,pure_pursuit,mixed,5047,True,standard,1.198805200001516,775,0.8918296892980437,optimized,2.0
collision,False,18.939999999999685,8.175280304225181,0.42992730880109914,1.0828703403826578,0.08264699795937332,0.21147060757563846,False,0.0,-0.00041152752942397175,obstacle,0.3330301489146308,947,mixed,5048,0.09534548510317571,False,False,16.0,22.0,36.0,1.0213876505575938,3.411304677538264,4,3,pure_pursuit,mixed,5048,True,standard,1.540887199997087,872,0.9208025343189018,optimized,2.0
collision,False,19.039999999999683,25.440902528893293,1.3349046722430145,4.521754937342848,1.3134099101001553,0.35322357303627083,True,0.0018907563025210084,-0.01400531089957302,obstacle,0.4442805016176479,952,mixed,5049,0.14394041403531896,False,False,16.0,22.0,36.0,0.7517994105580714,3.1978602646371006,2,2,pure_pursuit,mixed,5049,True,standard,1.26158420000138,450,0.4726890756302521,optimized,2.0
stall,False,20.459999999999653,10.70930322417494,0.5223669788338371,1.011937272688409,0.07891953567197238,0.09976968940967723,False,0.0,0.017752916752714704,,0.22379720648545098,1023,mixed,5050,0.0986083385191299,False,False,16.0,22.0,36.0,0.8591909328138473,4.110811346493778,3,2,pure_pursuit,mixed,5050,True,standard,1.5421045999974012,774,0.7565982404692082,optimized,2.0
stall,False,28.01999999999949,24.779411222449006,0.8840612453487564,1.0757327573352822,0.12044161673608256,0.0910536638889119,False,0.0,0.07603326480433625,,0.34000894801793663,1401,mixed,5051,0.12233334430260395,True,True,16.0,22.0,36.0,0.8470793717637798,3.4696736983662753,2,3,pure_pursuit,mixed,5051,True,standard,2.1152026999989175,797,0.5688793718772306,optimized,2.0
stall,False,23.81999999999958,10.733267881539152,0.4495846518249827,0.9912317279733257,0.08985331917356158,0.1318001867039706,False,0.0,0.1651306334791106,,0.3255972448756838,1191,mixed,5052,0.1306635418670573,True,False,16.0,22.0,36.0,0.9377640601298551,4.903101107035168,3,3,pure_pursuit,mixed,5052,True,standard,1.7871288000023924,1179,0.9899244332493703,optimized,2.0
stall,False,19.519999999999673,5.6169232737587516,0.28661232802128467,0.993775404486007,0.08211349530433039,0.1266086491821008,False,0.0,0.05588367871765404,,0.2247294421175572,976,mixed,5053,0.12112491333169412,False,True,16.0,22.0,36.0,0.8890868185879244,4.381330884174664,2,3,pure_pursuit,mixed,5053,True,standard,1.4423080000051414,859,0.8801229508196722,optimized,2.0
stall,False,20.19999999999966,10.147969499538256,0.5013228341154955,1.004722263352629,0.07942035980342353,0.10001267513870642,False,0.0,0.23300100913378996,,0.21988765255674084,1010,mixed,5054,0.10840892457049757,True,False,16.0,22.0,36.0,0.8256418136260787,4.113300036428866,3,1,pure_pursuit,mixed,5054,True,standard,1.5452574000009918,775,0.7673267326732673,optimized,2.0
stall,False,19.779999999999667,8.946759678786764,0.45122823914904253,1.0547332256971758,0.08257813840605151,0.10349249388461072,False,0.0,0.24146075264032807,,0.2136391659522381,989,mixed,5055,0.09580944017439189,True,False,16.0,22.0,36.0,1.0471282526832821,3.420582573190744,2,3,pure_pursuit,mixed,5055,True,standard,1.5350662999990163,784,0.7927199191102123,optimized,2.0
collision,False,23.039999999999598,27.366836968383243,1.1863059783135665,4.25961555508585,1.3804220071262066,0.3086730931045033,True,0.0015625,-0.0009048718257309574,obstacle,0.464238336208933,1152,mixed,5056,0.14314511450547973,False,False,16.0,22.0,36.0,0.891086723699156,3.5916894807551056,3,2,pure_pursuit,mixed,5056,True,standard,1.705331600001955,588,0.5104166666666666,optimized,2.0
stall,False,40.9400000000008,28.514988320895796,0.6953863081346583,3.297638925383335,1.055078835009047,0.22011235151038092,True,0.00039081582804103567,0.07390555549582378,,0.6666490319802185,2047,mixed,5057,0.1082113167106713,False,False,16.0,22.0,36.0,0.7886726452745311,3.003224526127708,4,2,pure_pursuit,mixed,5057,True,standard,2.981441399999312,1574,0.7689301416707377,optimized,2.0
goal,True,27.09999999999951,36.06120980083106,1.330003777574651,3.106682729430053,1.0253747895169396,0.24482788635875574,True,0.00044280442804428045,0.08371131334678727,,0.530352347182376,1355,mixed,5058,0.11184194310749679,False,False,16.0,22.0,36.0,0.9098807370435502,3.73068557622015,2,2,pure_pursuit,mixed,5058,True,standard,1.8481640000027255,615,0.45387453874538747,optimized,2.0
goal,True,21.819999999999624,36.04015771461101,1.6507408410120776,3.0068397129542612,0.9362354163832418,0.26785181911539124,True,0.00018331805682859762,0.21190317018519442,,0.4966803269021887,1091,mixed,5059,0.12322396409418393,False,False,16.0,22.0,36.0,0.9012639362358253,4.957237543027349,2,1,pure_pursuit,mixed,5059,True,standard,1.4333609000022989,278,0.25481209899175067,optimized,2.0
stall,False,19.019999999999683,4.494174001443657,0.2341930913252736,1.0441033107970117,0.08032596419139658,0.1544709271532277,False,0.0,0.09264455875338792,,0.25986147653463,951,mixed,5060,0.09337821742015381,False,True,16.0,22.0,36.0,0.8376462876131555,3.7326058238479085,3,3,pure_pursuit,mixed,5060,True,standard,1.5625721999967936,869,0.9137749737118822,optimized,2.0
stall,False,48.260000000001945,29.427507500384536,0.607490341881339,4.177955390277919,1.4555079588052238,0.2283629006408048,True,0.000663075010360547,0.06333509377158728,,0.796852476069695,2413,mixed,5061,0.13695448627719198,True,False,16.0,22.0,36.0,1.0911674506139513,3.3022139240992363,4,3,pure_pursuit,mixed,5061,True,standard,3.9273086999965017,1851,0.7670949026108579,optimized,2.0
stall,False,17.31999999999972,3.6707088280341877,0.21061975065838448,1.0195034609890345,0.08366087738261588,0.10923860299187939,False,0.0,0.07464909654649415,,0.18756253310576673,866,mixed,5062,0.0999320615330115,False,False,16.0,22.0,36.0,0.9993468346705692,4.2770388427792305,4,2,pure_pursuit,mixed,5062,True,standard,1.265311199997086,795,0.918013856812933,optimized,2.0
stall,False,40.2800000000007,28.86829994786827,0.7153668739121812,3.258978092462932,0.9404492491867927,0.20157799639304932,True,0.0004965243296921549,0.07627668963990072,,0.6429665619810723,2014,mixed,5063,0.13080054112731646,False,False,16.0,22.0,36.0,0.7330288069420039,4.928957495797438,3,2,pure_pursuit,mixed,5063,True,standard,2.9105990000025486,1523,0.7562065541211519,optimized,2.0
stall,False,31.83999999999941,28.30145696120057,0.8876833900093227,3.5084412962909663,1.0141806050414393,0.22488126810558376,True,0.0008793969849246232,0.18902888489904288,,0.5068066394723402,1592,mixed,5064,0.13444189604194567,False,False,16.0,22.0,36.0,0.7150441580757758,4.5863073577415205,3,2,pure_pursuit,mixed,5064,True,standard,2.414049699997122,1006,0.6319095477386935,optimized,2.0
stall,False,33.45999999999963,26.850498474387514,0.8016437434979384,3.1121343787854836,0.9368580488857022,0.18575669663618713,True,0.00047818290496114764,0.09582230056220731,,0.48948580705490585,1673,mixed,5065,0.1251690425208082,True,False,16.0,22.0,36.0,0.8035442786646663,4.8563894445347895,2,2,pure_pursuit,mixed,5065,True,standard,2.543021500001487,1091,0.6521219366407651,optimized,2.0
stall,False,30.89999999999943,30.81988735491568,0.996866799014205,3.4805564144412906,1.1287829219445642,0.21216442679930614,True,0.0007766990291262136,0.18817899684348663,,0.424662709108021,1545,mixed,5066,0.1266821206098644,False,False,16.0,22.0,36.0,0.937066294483499,3.9869918481657125,3,1,pure_pursuit,mixed,5066,True,standard,2.129767800004629,784,0.5074433656957928,optimized,2.0
stall,False,36.360000000000085,25.687819214040278,0.7048092524138019,2.5362982485005108,0.8180756530963637,0.192542414498287,False,0.0,0.013802057906232762,,0.5596861888087625,1818,mixed,5067,0.107957664584021,False,False,16.0,22.0,36.0,1.0106291334825726,4.98601841338545,4,3,pure_pursuit,mixed,5067,True,standard,2.837998699993477,1323,0.7277227722772277,optimized,2.0
stall,False,18.71999999999969,5.451176819042104,0.28959457402724514,1.0546333469612883,0.08080703926809697,0.16051118063752606,False,0.0,0.1816406212500245,,0.2677242614495262,936,mixed,5068,0.09259308451131983,False,True,16.0,22.0,36.0,0.8970326161018014,3.68361918406922,4,2,pure_pursuit,mixed,5068,True,standard,1.4862014000027557,822,0.8782051282051282,optimized,2.0
goal,True,23.45999999999959,36.0548966671464,1.5359312945503099,2.940617045879816,0.8841690440562889,0.2521894901673629,False,0.0,0.22360197886824892,,0.49169282884749854,1173,mixed,5069,0.11185018390823433,False,False,16.0,22.0,36.0,0.7403470360296646,4.211614650645206,2,1,pure_pursuit,mixed,5069,True,standard,1.7893126999988453,353,0.3009377664109122,optimized,2.0
stall,False,30.599999999999437,24.915427861597973,0.8133552131348837,1.454984428758734,0.9774198219392447,0.177195908840062,False,0.0,0.047849431467131914,,0.43435421056337903,1530,mixed,5070,0.14646988327914132,False,True,16.0,22.0,36.0,0.8627394964655488,3.014792907872379,3,2,pure_pursuit,mixed,5070,True,standard,2.1861748000010266,994,0.6496732026143791,optimized,2.0
goal,True,25.139999999999553,36.07285630585841,1.433878035157539,2.7585344070467084,0.8326168615568028,0.2537516793138529,False,0.0,0.17328829344740493,,0.534204450007101,1257,mixed,5071,0.10540263645169527,False,False,16.0,22.0,36.0,0.7508349199984138,4.164918454437569,4,1,pure_pursuit,mixed,5071,True,standard,1.8801928000029875,492,0.3914081145584726,optimized,2.0
stall,False,20.15999999999966,10.272597303173475,0.5083590805406953,1.0115749088632917,0.08915846380653343,0.1018326476086104,False,0.0,0.07348370868081966,,0.22461515798135198,1008,mixed,5072,0.129473321823593,True,False,16.0,22.0,36.0,1.0845422517924654,4.727316696900118,2,2,pure_pursuit,mixed,5072,True,standard,1.4293408000012278,770,0.7638888888888888,optimized,2.0
stall,False,19.399999999999675,4.647519630713577,0.23847141554697554,1.020043179621014,0.07891009544392896,0.11637846246540744,False,0.0,0.25826848501407274,,0.2104892784343683,970,mixed,5073,0.12157656077615875,False,False,16.0,22.0,36.0,0.7450583759123013,3.615451791111634,2,1,pure_pursuit,mixed,5073,True,standard,1.5467773000054876,873,0.9,optimized,2.0
stall,False,36.82000000000016,26.64346257980896,0.722366871444011,0.9862623343663782,0.10312668725686196,0.14130746307701397,False,0.0,0.07222418099418604,,0.5505793522518048,1841,mixed,5074,0.13307392580312158,True,True,16.0,22.0,36.0,0.847212170166827,4.87418254885662,4,3,pure_pursuit,mixed,5074,True,standard,2.880101900002046,1324,0.7191743617599131,optimized,2.0
stall,False,29.03999999999947,9.247035550671619,0.3155478040127216,1.0293561755458565,0.08083646936438196,0.18564037452047127,False,0.0,0.0656427676221292,,0.4454688781269691,1452,mixed,5075,0.13511704529586524,False,True,16.0,22.0,36.0,0.9218759880118024,4.235974977511892,4,1,pure_pursuit,mixed,5075,True,standard,2.2666870999964885,1351,0.9304407713498623,optimized,2.0
collision,False,3.940000000000003,4.641752078256995,1.179988598066633,1.008847695752034,0.08891236398601354,0.3746595838688966,False,0.0,-0.019352779123669672,obstacle,0.15426188605142252,197,mixed,5076,0.11253069342252543,False,False,16.0,22.0,36.0,1.0292612569337438,4.688945080828985,3,3,pure_pursuit,mixed,5076,True,standard,0.3515326000051573,97,0.49238578680203043,optimized,2.0
stall,False,32.29999999999945,25.930967545765743,0.8020234807898716,3.7185144547487017,1.0862533088541242,0.23527689098903065,True,0.0009907120743034056,0.07739608518538721,,0.5174959938366508,1615,mixed,5077,0.14268386767121152,False,False,16.0,22.0,36.0,0.7481831815301382,4.683266037657667,3,2,pure_pursuit,mixed,5077,True,standard,2.677565999998478,1078,0.6674922600619195,optimized,2.0
stall,False,19.479999999999674,8.494205534475741,0.434850985163535,1.0744802339787718,0.08144700437099135,0.10503334141314778,False,0.0,0.07706022412138502,,0.21368013575008768,974,mixed,5078,0.09319333880718476,False,False,16.0,22.0,36.0,1.052260869021958,3.1100311875618685,3,3,pure_pursuit,mixed,5078,True,standard,1.5609126000053948,781,0.8018480492813141,optimized,2.0
stall,False,30.199999999999445,25.960333639697808,0.8587342228515632,1.0177819258466094,0.7806046361327037,0.15097071839020912,False,0.0,0.075307960719072,,0.41166337907008066,1510,mixed,5079,0.10656495195563959,False,True,16.0,22.0,36.0,0.948921384405256,4.056615073880624,3,1,pure_pursuit,mixed,5079,True,standard,2.2269535000014002,897,0.5940397350993377,optimized,2.0
stall,False,16.919999999999728,3.2512299921076067,0.19105667903750562,1.0607583663154176,0.0777461708275349,0.11046995597816216,False,0.0,0.0769437247504472,,0.18185243775363902,846,mixed,5080,0.09303349148726354,False,False,16.0,22.0,36.0,0.8413522982777953,3.3399048040720363,2,3,pure_pursuit,mixed,5080,True,standard,1.4282321999999112,785,0.9278959810874704,optimized,2.0
goal,True,21.219999999999636,36.03780709172191,1.6981093426275815,2.780680693774888,0.8709095610003612,0.24074010837130225,False,0.0,0.12727255206443866,,0.41223036355178566,1061,mixed,5081,0.11213266060630127,False,False,16.0,22.0,36.0,0.857903395921944,4.654924338620467,3,1,pure_pursuit,mixed,5081,True,standard,1.5553578000035486,238,0.22431668237511782,optimized,2.0
stall,False,21.859999999999623,8.221503141089025,0.37473121521776126,0.9841398172522887,0.08318011752929441,0.13249845636034427,False,0.0,0.1974624537423253,,0.3018084015468526,1093,mixed,5082,0.10870515465564147,False,False,16.0,22.0,36.0,0.7955105971431277,4.6545013175171706,4,3,pure_pursuit,mixed,5082,True,standard,1.9678981000033673,967,0.8847209515096066,optimized,2.0
goal,True,23.039999999999598,36.06843212796226,1.5645584294314265,2.4168621824690986,0.7459174555137192,0.25146084517050143,False,0.0,0.0326506432339847,,0.5003057220808104,1152,mixed,5083,0.10054835161087051,False,False,16.0,22.0,36.0,0.8508672632349321,4.7793800012599625,2,3,pure_pursuit,mixed,5083,True,standard,1.7893067999975756,327,0.2838541666666667,optimized,2.0
stall,False,21.699999999999626,8.603452840700726,0.3944487981646757,1.1410156370768427,0.08074594256451348,0.1703965208916996,False,0.0,0.19454482314197594,,0.31068911354948847,1085,mixed,5084,0.11698300490792289,False,False,16.0,22.0,36.0,1.0530656978728266,3.603905821938964,4,3,pure_pursuit,mixed,5084,True,standard,1.7388350999972317,932,0.8589861751152074,optimized,2.0
stall,False,20.779999999999646,8.977857574335468,0.431032169427025,1.0444834141688961,0.06978413961283447,0.11721734257844355,False,0.0,0.073479590461065,,0.3550582516137681,1039,mixed,5085,0.09092898262982511,False,False,16.0,22.0,36.0,0.718730957787409,3.4803602936247238,3,3,pure_pursuit,mixed,5085,True,standard,1.5889970999996876,947,0.9114533205004812,optimized,2.0
collision,False,5.739999999999966,6.414030489100995,1.1119487209505758,1.1579259969091902,0.08195944568725891,0.360098385932597,False,0.0,-0.00029678603884827903,pedestrian,0.2069109434342998,287,mixed,5086,0.13565333662777856,False,False,16.0,22.0,36.0,0.8461753811272056,4.201848831134938,2,1,pure_pursuit,mixed,5086,True,standard,0.5278624999991735,156,0.5435540069686411,optimized,2.0
stall,False,21.139999999999638,8.036394340644259,0.37820273571096696,1.1234768928799943,0.07366799412227638,0.1351267617452137,False,0.0,0.19830958033817922,,0.2538379718994868,1057,mixed,5087,0.09825889682104214,False,False,16.0,22.0,36.0,0.7297546609361127,3.6178111164901976,2,1,pure_pursuit,mixed,5087,True,standard,1.6707171000016388,903,0.8543046357615894,optimized,2.0
stall,False,21.09999999999964,9.167288207117725,0.43345665043684284,1.0735208787024917,0.07964687265681551,0.102388578999058,False,0.0,0.23861520775821174,,0.22442353258695366,1055,mixed,5088,0.14516399397423288,False,True,16.0,22.0,36.0,0.9086910672377201,3.076056513841886,4,1,pure_pursuit,mixed,5088,True,standard,1.692171700000472,1012,0.9592417061611375,optimized,2.0
stall,False,32.979999999999556,27.35768502719635,0.828968077801267,2.6228540427757014,0.8467401847673418,0.16435406565013147,False,0.0,0.19929748700069255,,0.4921619979174919,1649,mixed,5089,0.09429012646285188,True,False,16.0,22.0,36.0,0.7969012135678066,3.4746629759075462,4,1,pure_pursuit,mixed,5089,True,standard,2.380915699999605,1090,0.6610066707095209,optimized,2.0
stall,False,23.159999999999595,7.811260968648239,0.33581927382087534,1.0625337005023616,0.07902783971186371,0.14251144688962472,False,0.0,0.07606329427328906,,0.28686776548151316,1158,mixed,5090,0.10694230984683592,True,True,16.0,22.0,36.0,0.812731185705469,3.0192451758830843,2,2,pure_pursuit,mixed,5090,True,standard,1.8970937000049162,1060,0.9153713298791019,optimized,2.0
stall,False,24.979999999999556,9.401870532859059,0.3742125972489843,1.104187737546177,0.07980803351967322,0.16717398083929141,False,0.0,0.027176751272557143,,0.3868118663488568,1249,mixed,5091,0.12595635124475552,False,False,16.0,22.0,36.0,0.8747085205182346,3.2140859613197943,2,2,pure_pursuit,mixed,5091,True,standard,2.0315036999963922,1195,0.9567654123298639,optimized,2.0
goal,True,21.199999999999637,36.063001780843734,1.7009293708833138,2.5131967297926088,0.8333243638753783,0.22649033491488704,False,0.0,0.06823138471966958,,0.41486091029784816,1060,mixed,5092,0.09242072970107329,False,False,16.0,22.0,36.0,0.8347057354303752,3.6104146276233733,3,2,pure_pursuit,mixed,5092,True,standard,1.5200839999961318,237,0.22358490566037736,optimized,2.0
collision,False,15.099999999999767,26.183642027151297,1.7347082420169577,1.0970149288902835,0.7883794603717377,0.19883757232199617,False,0.0,-0.0007273334303234957,obstacle,0.31911456790301973,755,mixed,5093,0.131855067058124,False,True,16.0,22.0,36.0,0.7027821538503214,4.517424137019871,4,2,pure_pursuit,mixed,5093,True,standard,1.094208599999547,304,0.40264900662251657,optimized,2.0
stall,False,17.23999999999972,3.6725177091110774,0.21171440980309222,0.9820792176172305,0.07665380422816104,0.10781480039969836,False,0.0,0.23211454253561936,,0.18507996443582211,862,mixed,5094,0.12799374054937587,False,True,16.0,22.0,36.0,0.759548402527707,4.534496637945709,3,2,pure_pursuit,mixed,5094,True,standard,1.4410200999991503,789,0.9153132250580046,optimized,2.0
stall,False,33.45999999999963,28.284521973966033,0.8446512945571163,2.842206868403479,0.7970495211704208,0.19150775380111312,False,0.0,0.23833918566343526,,0.5832729024932012,1673,mixed,5095,0.11500065702869129,True,False,16.0,22.0,36.0,0.7038176926854574,4.7716698558317745,2,3,pure_pursuit,mixed,5095,True,standard,2.4368224999998347,1168,0.6981470412432755,optimized,2.0
stall,False,16.79999999999973,3.5265456089524707,0.208672830772521,1.0197626279520493,0.08533280036274529,0.11145130523764286,False,0.0,0.07109363264515722,,0.18751015660547962,840,mixed,5096,0.1240763121473265,True,False,16.0,22.0,36.0,1.0818708535353732,4.332364566134115,3,2,pure_pursuit,mixed,5096,True,standard,1.3062481000015396,780,0.9285714285714286,optimized,2.0
stall,False,38.46000000000041,29.42001226113671,0.7642788499615325,1.0740235837515284,0.11158029266900346,0.13645336446698947,False,0.0,0.23452294974430166,,0.5768570827404633,1923,mixed,5097,0.14602377237337144,True,True,16.0,22.0,36.0,1.0513529123167236,3.996850644935159,3,1,pure_pursuit,mixed,5097,True,standard,2.8306497000012314,1457,0.7576703068122725,optimized,2.0
stall,False,25.939999999999536,6.6009979429534855,0.2526552084862006,1.1790645350135334,0.08237682211959557,0.15942191128744865,False,0.0,0.05286931378142845,,0.35871795624464314,1297,mixed,5098,0.11086834856947003,False,False,16.0,22.0,36.0,1.071515063165253,3.7814489751499796,3,3,pure_pursuit,mixed,5098,True,standard,2.123208400000294,1228,0.9468003084040093,optimized,2.0
stall,False,28.399999999999483,26.188718083913987,0.9215623707069236,2.703961361784234,0.9537817398178873,0.18410260118257457,False,0.0,0.011614390361832094,,0.3780920732346293,1420,mixed,5099,0.093374672767738,False,False,16.0,22.0,36.0,0.9961736911557313,3.2102618071198448,2,3,pure_pursuit,mixed,5099,True,standard,2.062597599993751,775,0.545774647887324,optimized,2.0
stall,False,17.73999999999971,4.918301023155002,0.2758980486435612,0.7634212407832223,0.03462717577384603,0.09068421575209352,False,0.0,0.2190073359676699,,0.20207050004727112,887,slippery,5000,0.10063859654556317,False,False,16.0,22.0,36.0,0.3711416723079709,3.1106926377148136,4,2,pure_pursuit,slippery,5000,True,standard,1.1546455999996397,774,0.8726042841037204,optimized,2.0
stall,False,20.51999999999965,10.732913551398966,0.5220319257176821,0.8139803737324302,0.04609000992063777,0.08727623541038766,False,0.0,0.23311478050617052,,0.235594188751246,1026,slippery,5001,0.1361326555543014,False,False,16.0,22.0,36.0,0.42577495352777783,3.463029867560513,3,1,pure_pursuit,slippery,5001,True,standard,1.4349599000051967,772,0.7524366471734892,optimized,2.0
stall,False,17.419999999999717,4.463217174850261,0.25487851248031257,0.7989390123443096,0.04491999359175309,0.09610310472058785,False,0.0,0.2216772397958407,,0.19962489060457891,871,slippery,5002,0.10779195637104258,False,False,16.0,22.0,36.0,0.442368936743345,3.903147756916806,4,3,pure_pursuit,slippery,5002,True,standard,1.4839382999998634,774,0.8886337543053962,optimized,2.0
stall,False,21.819999999999624,6.4010723352829615,0.2920284686290445,0.9160342150022488,0.056271017061057846,0.11170433951979385,False,0.0,0.23095427474239472,,0.2506814501634981,1091,slippery,5003,0.1152588703871631,False,False,16.0,22.0,36.0,0.511013095907909,3.7871843554365645,3,3,pure_pursuit,slippery,5003,True,standard,1.793149800003448,970,0.8890925756186985,optimized,2.0
goal,True,22.599999999999607,36.04611937506478,1.5951991049750935,2.395421318613816,0.816074124898993,0.22537919821092844,False,0.0,0.2757997485990892,,0.4424751324031875,1130,slippery,5004,0.09395417832217653,False,False,16.0,22.0,36.0,0.45925003211437904,3.167338564992484,3,1,pure_pursuit,slippery,5004,True,standard,1.54240800000116,287,0.25398230088495577,optimized,2.0
stall,False,45.50000000000151,29.515581122024034,0.6385539793323305,4.354872576326381,0.8972940692636739,0.22061417958423887,True,0.0007912087912087913,0.23256010920153242,,1.6113575728253307,2275,slippery,5005,0.14452422563128192,False,False,16.0,22.0,36.0,0.379941629172024,3.4541322103790937,2,1,pure_pursuit,slippery,5005,True,standard,3.3754035999954795,973,0.4276923076923077,optimized,2.0
stall,False,19.559999999999672,7.382349073202912,0.376343439375499,0.8119710231956604,0.05917222699931783,0.09400406277652679,False,0.0,0.07557123844969671,,0.21842952357756681,978,slippery,5006,0.11823518779379621,False,False,16.0,22.0,36.0,0.4724620549165879,4.724539790888749,2,2,pure_pursuit,slippery,5006,True,standard,1.428061799997522,867,0.8865030674846626,optimized,2.0
stall,False,17.69999999999971,4.931361096225411,0.27734353066025835,0.9121748881432084,0.07459377444171689,0.10221765719046548,False,0.0,0.0724066597645493,,0.19889930832802394,885,slippery,5007,0.09332622163787102,True,False,16.0,22.0,36.0,0.5707734763782737,4.832701252556141,4,3,pure_pursuit,slippery,5007,True,standard,1.376913300002343,780,0.8813559322033898,optimized,2.0
collision,False,6.2599999999999545,7.27523229108576,1.1572731662147484,0.7812633139971623,0.04466285698953857,0.24133368830418608,False,0.0,-0.006791325218417105,pedestrian,0.190167843420514,313,slippery,5008,0.090077259790111,False,False,16.0,22.0,36.0,0.41858945969017547,4.103977423040574,4,1,pure_pursuit,slippery,5008,True,standard,0.4774822000035783,143,0.45686900958466453,optimized,2.0
stall,False,17.77999999999971,4.703474820155098,0.26334120085033896,0.9647858923057039,0.06413805858384873,0.10194730078466548,False,0.0,0.23777858202297997,,0.1957521052598696,889,slippery,5009,0.11325841109235353,True,True,16.0,22.0,36.0,0.5637117705704066,3.4873356243580726,3,3,pure_pursuit,slippery,5009,True,standard,1.457485999999335,790,0.8886389201349831,optimized,2.0
collision,False,7.599999999999926,7.596841862545265,0.9976109148112752,0.8253359040019836,0.043473785134269353,0.21518267374241273,False,0.0,-0.001627619423652804,obstacle,0.18852200577243983,380,slippery,5010,0.14381243175444086,False,False,16.0,22.0,36.0,0.42717752382064567,3.7667485448765166,2,3,pure_pursuit,slippery,5010,True,standard,0.5653870999958599,213,0.5605263157894737,optimized,2.0
stall,False,19.339999999999677,7.920137550200474,0.408379801234123,0.8719267150133618,0.05327899242437694,0.09342734041330181,False,0.0,0.2347213456863706,,0.2172613050845274,967,slippery,5011,0.14971532004645052,True,True,16.0,22.0,36.0,0.5026425178166009,4.081364643336002,3,1,pure_pursuit,slippery,5011,True,standard,1.2879278999971575,786,0.81282316442606,optimized,2.0
stall,False,34.39999999999978,26.836112800027816,0.7794115235927251,2.6942013137310643,0.8102531961381979,0.21486348069346003,False,0.0,0.06766502690380238,,0.6292264982005672,1720,slippery,5012,0.11599739438211938,False,False,16.0,22.0,36.0,0.39398276911903374,4.746887235560902,2,3,pure_pursuit,slippery,5012,True,standard,2.5682884999987436,1275,0.7412790697674418,optimized,2.0
stall,False,17.81999999999971,4.748702152259503,0.2652057664338617,0.7211654961687815,0.04444258929084679,0.09023000814344273,False,0.0,0.23192832976778333,,0.20458670587342026,891,slippery,5013,0.11438074496395545,True,False,16.0,22.0,36.0,0.39658147398497556,4.558301693417866,4,3,pure_pursuit,slippery,5013,True,standard,1.3997082999994745,786,0.8821548821548821,optimized,2.0
stall,False,17.639999999999713,5.12280336070668,0.28913923644326794,0.7272552077489544,0.03997754268940291,0.09690118080924283,False,0.0,0.18495256265067983,,0.20552278461512433,882,slippery,5014,0.13211528278562787,False,False,16.0,22.0,36.0,0.39538286405034423,4.248689932953564,4,3,pure_pursuit,slippery,5014,True,standard,1.425988299997698,760,0.8616780045351474,optimized,2.0
stall,False,17.419999999999717,4.4067756654776495,0.25176063701749346,0.8646538799342537,0.05129323147960723,0.09768319210858077,False,0.0,0.2402838612704118,,0.1969650780703042,871,slippery,5015,0.11307428979546041,False,False,16.0,22.0,36.0,0.47884043584313024,3.616554150795544,3,2,pure_pursuit,slippery,5015,True,standard,1.3692121999993105,778,0.8932261768082663,optimized,2.0
stall,False,30.199999999999445,26.564162549671906,0.878980804906381,3.282880218521829,0.9948612223038216,0.23671544692719124,True,0.0005298013245033113,0.26110133298031213,,0.6452093596988849,1510,slippery,5016,0.12328780373270565,False,False,16.0,22.0,36.0,0.47418012459549047,4.4970018275504655,3,1,pure_pursuit,slippery,5016,True,standard,2.263402500000666,909,0.6019867549668875,optimized,2.0
stall,False,17.33999999999972,3.712234487178126,0.21288065011687096,0.7881848323953341,0.035493906003197344,0.0912956269000246,False,0.0,0.07547109012279274,,0.19671216737726427,867,slippery,5017,0.12162928738333142,False,False,16.0,22.0,36.0,0.37136828990468335,3.069327793573069,3,3,pure_pursuit,slippery,5017,True,standard,1.3235139999960666,788,0.908881199538639,optimized,2.0
stall,False,29.45999999999946,28.219063796813664,0.9574476156538856,2.7825847710861273,0.6550902750493223,0.15398950916877435,False,0.0,0.23887614123016893,,0.396030819384787,1473,slippery,5018,0.1021966661181102,True,False,16.0,22.0,36.0,0.5946026326547758,3.741644975951466,2,1,pure_pursuit,slippery,5018,True,standard,2.2303231000041706,774,0.5254582484725051,optimized,2.0
stall,False,34.03999999999972,25.880326642006608,0.7593343274064542,2.323329257060381,0.6917136661743868,0.17517501095935642,False,0.0,0.14099679288744482,,0.539252278326018,1702,slippery,5019,0.09694607558591248,False,False,16.0,22.0,36.0,0.5750831592553017,4.6919924902412244,2,3,pure_pursuit,slippery,5019,True,standard,2.655511099997966,1204,0.7074030552291422,optimized,2.0
stall,False,33.49999999999964,30.817353592867157,0.9190908214688247,3.1461155337785662,0.9950530475505517,0.2146563910989762,True,0.0003582089552238806,0.2338978459745179,,0.5272195628485387,1675,slippery,5020,0.11812828874817456,False,False,16.0,22.0,36.0,0.46818953800906005,4.082261203094857,2,1,pure_pursuit,slippery,5020,True,standard,2.319110399999772,985,0.5880597014925373,optimized,2.0
stall,False,33.83999999999969,30.138849932135592,0.889922802588009,3.0647691502470504,0.6456002859974602,0.18236717036443298,True,0.00023640661938534278,0.07227592821748319,,0.5390866277014441,1692,slippery,5021,0.11381894175763324,True,False,16.0,22.0,36.0,0.5095335460492123,3.9670663971291336,4,3,pure_pursuit,slippery,5021,True,standard,2.5767108999934862,1059,0.625886524822695,optimized,2.0
stall,False,32.23999999999944,21.71074945825805,0.6665735456160967,3.4910447816117482,0.8312437077473002,0.2113880704270321,True,0.0007444168734491315,0.10388728686707105,,1.5083175823319144,1612,slippery,5022,0.13140191257451567,False,False,16.0,22.0,36.0,0.3803967251227852,4.16327064677573,3,2,pure_pursuit,slippery,5022,True,standard,2.542490200001339,470,0.29156327543424315,optimized,2.0
collision,False,23.039999999999598,29.715794104662073,1.288341836758972,3.265328005133364,0.7605294470535532,0.2898344093449242,True,0.0008680555555555555,-0.00025849143555461973,obstacle,0.6022010983375851,1152,slippery,5023,0.12867756728465177,False,False,16.0,22.0,36.0,0.5232861663456629,4.845944573728948,3,2,pure_pursuit,slippery,5023,True,standard,1.6551897000026656,581,0.5043402777777778,optimized,2.0
goal,True,44.20000000000131,36.38544253501348,0.815404318017261,3.6502704715989585,0.8183347878855074,0.19954802184859985,True,0.0006334841628959276,0.13210466127181097,,1.601237081111259,2210,slippery,5024,0.13928371679168416,False,False,16.0,22.0,36.0,0.3684939481590379,4.478913919082471,4,1,pure_pursuit,slippery,5024,True,standard,3.2185883999991347,788,0.3565610859728507,optimized,2.0
stall,False,35.019999999999875,26.144284428422097,0.7452868212403861,2.065574955449529,0.6918541801867738,0.18715131057528905,False,0.0,0.009739899780470157,,0.5900644129933991,1751,slippery,5025,0.09643074988431373,False,False,16.0,22.0,36.0,0.4484040919513414,4.750233220361416,4,2,pure_pursuit,slippery,5025,True,standard,2.532838199993421,1200,0.6853226727584237,optimized,2.0
stall,False,17.31999999999972,4.6268795803002805,0.265802327980773,0.9602121376996082,0.07318961618139005,0.10516809151918949,False,0.0,0.23497621773542432,,0.19472374673408943,866,slippery,5026,0.09558762086488723,False,False,16.0,22.0,36.0,0.5864049169030267,4.307968225800889,4,3,pure_pursuit,slippery,5026,True,standard,1.4039587000006577,769,0.8879907621247113,optimized,2.0
stall,False,32.03999999999941,28.45057115226724,0.8869958025796941,1.0562159798535986,0.827550975104083,0.15260968528141564,False,0.0,0.06644929510372921,,0.4762057532221491,1602,slippery,5027,0.11482123997562081,False,True,16.0,22.0,36.0,0.4715029365058271,3.7904107308165678,2,3,pure_pursuit,slippery,5027,True,standard,2.4593043999993824,947,0.5911360799001248,optimized,2.0
stall,False,32.85999999999954,29.631756584297197,0.9010301110448118,2.40547027453633,0.7186624716747367,0.17823150064075466,False,0.0,0.07682953970581485,,0.4933110468113237,1643,slippery,5028,0.10116781223940692,False,False,16.0,22.0,36.0,0.49418247482784017,4.609884125974756,3,2,pure_pursuit,slippery,5028,True,standard,2.470310899996548,943,0.5739500912964091,optimized,2.0
stall,False,34.439999999999785,29.46051082732306,0.8543273726725014,1.16876831430746,0.849330506708497,0.1689157004201322,False,0.0,0.20797089755674739,,0.6284844128905728,1722,slippery,5029,0.12404880975552002,False,True,16.0,22.0,36.0,0.45588863535587365,3.612757000380382,3,1,pure_pursuit,slippery,5029,True,standard,2.559504699995159,1162,0.6747967479674797,optimized,2.0
stall,False,39.54000000000058,29.219301255380937,0.7380564249443542,1.063887055863149,0.8352670581695542,0.16003752340646296,False,0.0,0.22965878976921128,,0.607870926879446,1977,slippery,5030,0.11541600076902528,False,True,16.0,22.0,36.0,0.3668454217850029,3.5741138987672745,3,2,pure_pursuit,slippery,5030,True,standard,3.0062675999943167,1439,0.7278705108750633,optimized,2.0
stall,False,17.019999999999726,3.2590836569875017,0.18985785574838016,0.7630128553961082,0.036362750562740784,0.09374812840648747,False,0.0,0.07326683363529884,,0.1932168725388262,851,slippery,5031,0.14561650478931443,True,False,16.0,22.0,36.0,0.3923066625044509,3.7270554480582403,2,3,pure_pursuit,slippery,5031,True,standard,1.302873599997838,784,0.9212690951821386,optimized,2.0
goal,True,27.5799999999995,36.07236672044046,1.3071178917467543,2.8793147371746373,0.7708735995057865,0.23646990204223325,False,0.0,0.2694336918220309,,0.5347861887962143,1379,slippery,5032,0.1122245362773568,False,False,16.0,22.0,36.0,0.5123534896384638,4.3792262715010075,2,1,pure_pursuit,slippery,5032,True,standard,1.9460667999956058,619,0.44887599709934733,optimized,2.0
stall,False,22.49999999999961,10.847007907917263,0.48102704363187787,0.8642737286621736,0.05689940518749442,0.08885123018677307,False,0.0,0.07776827049630497,,0.24513251956828425,1125,slippery,5033,0.11672621005094068,False,False,16.0,22.0,36.0,0.4929923951210895,3.666279579977531,2,2,pure_pursuit,slippery,5033,True,standard,1.5538240999958361,1071,0.952,optimized,2.0
goal,True,26.379999999999526,36.075966701913465,1.3671550808177322,0.9340779198391023,0.11586270538045466,0.16184458107184033,False,0.0,0.20082201543121928,,0.5189973855531452,1319,slippery,5034,0.12934267293598622,True,True,16.0,22.0,36.0,0.556755319673636,3.804995479071652,3,1,pure_pursuit,slippery,5034,True,standard,1.995938300002308,674,0.5109931766489765,optimized,2.0
stall,False,18.73999999999969,3.528351702223074,0.18644245056442754,0.7864713848788685,0.05105993116468864,0.12403321169872665,False,0.0,0.0771359206545511,,0.23172458696341458,937,slippery,5035,0.10658169577161372,True,False,16.0,22.0,36.0,0.4457365742711606,4.156022809768874,2,3,pure_pursuit,slippery,5035,True,standard,1.3658946000068681,872,0.9306296691568837,optimized,2.0
stall,False,19.23999999999968,8.255180195534825,0.4279402025445499,0.7202932047472647,0.03818131007428687,0.08537844346664067,False,0.0,0.23062502586096634,,0.222661859673502,962,slippery,5036,0.1173697414789877,False,False,16.0,22.0,36.0,0.37723532017625244,4.3024889064133,3,1,pure_pursuit,slippery,5036,True,standard,1.357399100001203,769,0.7993762993762994,optimized,2.0
stall,False,22.43999999999961,8.746998628784493,0.3880242434566503,0.7923021920373279,0.05843864512450328,0.11327018300080707,False,0.0,0.22754596681995087,,0.2795511493531035,1122,slippery,5037,0.13679937064081266,False,False,16.0,22.0,36.0,0.4523577783787623,4.854865496269261,4,3,pure_pursuit,slippery,5037,True,standard,1.745173799994518,958,0.8538324420677362,optimized,2.0
stall,False,24.659999999999563,6.958544245438899,0.28055634342310387,0.66957360621853,0.044652337331701895,0.11452669280204184,False,0.0,0.021955491667856014,,0.3163522156504256,1233,slippery,5038,0.09670644475941208,False,False,16.0,22.0,36.0,0.35783740592728097,4.89287011986292,4,2,pure_pursuit,slippery,5038,True,standard,1.845885200003977,1109,0.8994322789943228,optimized,2.0
stall,False,32.09999999999942,27.744604297718233,0.8636416131661486,4.125559200882914,0.9330434488333398,0.2221831582594239,True,0.0011214953271028037,0.07433522668783987,,0.4739281217257267,1605,slippery,5039,0.13861797778812823,True,False,16.0,22.0,36.0,0.4923603953627235,3.6144856875598865,2,2,pure_pursuit,slippery,5039,True,standard,2.286353399998916,929,0.5788161993769471,optimized,2.0
goal,True,41.600000000000904,36.11754137659268,0.8669274969131876,4.263728215759057,0.9133505727684088,0.25559262335307886,True,0.0007692307692307692,0.21250841815580943,,0.8007049263374713,2080,slippery,5040,0.13659141728402505,False,False,16.0,22.0,36.0,0.5217942425267601,3.1920688461343363,4,1,pure_pursuit,slippery,5040,True,standard,2.815775199997006,1461,0.7024038461538461,optimized,2.0
goal,True,24.41999999999957,36.04286269762647,1.4754032088905682,4.494164263525588,1.0910735045732096,0.3132653226164585,True,0.0014742014742014742,0.19824822055069136,,0.548325962398697,1221,slippery,5041,0.14238089228448053,False,False,16.0,22.0,36.0,0.5872125373702828,3.1247853346898227,2,1,pure_pursuit,slippery,5041,True,standard,1.855783099999826,441,0.36117936117936117,optimized,2.0
stall,False,35.43999999999994,29.040684150912057,0.8185897408368198,3.2700746121722957,0.834523472563724,0.20531707332359211,True,0.0004514672686230248,0.09054151204427974,,0.5435648743418319,1772,slippery,5042,0.11346964484423985,False,False,16.0,22.0,36.0,0.5295349278405915,3.486030199242384,3,3,pure_pursuit,slippery,5042,True,standard,2.6685987999953795,1160,0.654627539503386,optimized,2.0
stall,False,21.57999999999963,9.213498248270515,0.42584637338622544,0.8484151009378955,0.05319506311760077,0.08988852879726611,False,0.0,0.2089019116880023,,0.2352949909806771,1079,slippery,5043,0.1269385057241497,False,True,16.0,22.0,36.0,0.4860029626216278,4.0020376195110305,2,2,pure_pursuit,slippery,5043,True,standard,1.543152000005648,1034,0.9582947173308619,optimized,2.0
stall,False,16.81999999999973,3.449680242079485,0.204302176318618,0.9849243015756125,0.0691512566408428,0.10862051833491831,False,0.0,0.26962815926384,,0.18546789207337425,841,slippery,5044,0.13998739401869517,False,False,16.0,22.0,36.0,0.5924876623535076,3.6549452422762707,3,3,pure_pursuit,slippery,5044,True,standard,1.2613790999967023,773,0.9191438763376932,optimized,2.0
stall,False,17.679999999999712,4.883677787898535,0.2749787296461907,0.9024266744547004,0.05393586836510874,0.09801339492228449,False,0.0,0.23307805075890237,,0.20142184743162186,884,slippery,5045,0.13638592052525939,False,False,16.0,22.0,36.0,0.4884693449298265,3.545543304209088,2,3,pure_pursuit,slippery,5045,True,standard,1.3133191000015358,779,0.8812217194570136,optimized,2.0
stall,False,19.899999999999665,8.906792835309744,0.4464566064173452,0.7750532940335823,0.04593209894403401,0.08676970427353797,False,0.0,0.06890244490919151,,0.22744984432173435,995,slippery,5046,0.12227119309524864,True,False,16.0,22.0,36.0,0.40528830228894586,3.3327744218409308,2,2,pure_pursuit,slippery,5046,True,standard,1.2754063000029419,787,0.7909547738693468,optimized,2.0
stall,False,17.979999999999706,5.349131180656066,0.2963354684006373,0.9391054215485558,0.06026308432432206,0.09985894988889703,False,0.0,0.24062726321887717,,0.20249847574199437,899,slippery,5047,0.0907107601460403,False,False,16.0,22.0,36.0,0.5191630247196433,3.1410251815083683,3,3,pure_pursuit,slippery,5047,True,standard,1.2001512000060757,783,0.8709677419354839,optimized,2.0
stall,False,31.979999999999407,30.819908370939984,0.9632643951062199,2.6877051454883687,0.804758909158017,0.18363941334792408,False,0.0,0.23979722901580425,,0.5978724610605677,1599,slippery,5048,0.09534548510317571,False,False,16.0,22.0,36.0,0.5998205959961552,3.411304677538264,4,1,pure_pursuit,slippery,5048,True,standard,2.604728199999954,961,0.6010006253908693,optimized,2.0
collision,False,14.49999999999978,25.81708446576762,1.7818831651829805,4.513414241862384,0.9499146735833259,0.3893713476774577,True,0.0024827586206896553,-0.008475177250519883,obstacle,0.3594880350660535,725,slippery,5049,0.14394041403531896,False,False,16.0,22.0,36.0,0.5073623658710646,3.1978602646371006,3,2,pure_pursuit,slippery,5049,True,standard,1.1584814000016195,137,0.1889655172413793,optimized,2.0
stall,False,32.49999999999948,27.558386671040648,0.8470094216136467,2.4523550715308184,0.7567206128516227,0.1838268219609651,False,0.0,0.07066699136120613,,0.5043100142961319,1625,slippery,5050,0.0986083385191299,False,False,16.0,22.0,36.0,0.5121748885753438,4.110811346493778,3,2,pure_pursuit,slippery,5050,True,standard,2.3981429999985266,1031,0.6344615384615384,optimized,2.0
stall,False,32.49999999999948,27.248131611758264,0.837243357416191,0.9126048024837307,0.12051323048842622,0.1394263311921816,False,0.0,0.2359802432478385,,0.4993832329650738,1625,slippery,5051,0.12233334430260395,True,True,16.0,22.0,36.0,0.5324330909943643,3.4696736983662753,4,3,pure_pursuit,slippery,5051,True,standard,2.7970499000002746,1042,0.6412307692307693,optimized,2.0
stall,False,46.7000000000017,6.790306904032526,0.14411407064218779,0.859624666387563,0.06843305050992342,0.11192358278843564,False,0.0,0.22393959967572463,,0.5460751332558442,2335,slippery,5052,0.1306635418670573,True,False,16.0,22.0,36.0,0.5219710318393633,4.903101107035168,4,1,pure_pursuit,slippery,5052,True,standard,3.507666400000744,2275,0.974304068522484,optimized,2.0
collision,False,3.980000000000003,4.918715994473027,1.2304659874698607,0.8730334484032504,0.06122309763449769,0.2310777181437043,False,0.0,-0.00023333486256008062,pedestrian,0.10675165165745941,199,slippery,5053,0.12112491333169412,False,True,16.0,22.0,36.0,0.5201465827227372,4.381330884174664,3,1,pure_pursuit,slippery,5053,True,standard,0.2861288999993121,82,0.4120603015075377,optimized,2.0
collision,False,21.379999999999633,7.758313401893008,0.3599769504264885,0.7215433742895457,0.035236090589125024,0.17448668260497296,False,0.0,-0.0016122665473573827,pedestrian,0.3928192733635163,1069,slippery,5054,0.10840892457049757,True,False,16.0,22.0,36.0,0.36017281153192726,4.113300036428866,2,1,pure_pursuit,slippery,5054,True,standard,1.5638499000051524,971,0.9083255378858747,optimized,2.0
stall,False,35.1999999999999,25.434324625492952,0.7216202402332071,2.5964533500724425,0.6006920042937925,0.17549762226907664,False,0.0,0.2292872819214478,,0.5312169123091715,1760,slippery,5055,0.09580944017439189,True,False,16.0,22.0,36.0,0.5253239737026296,3.420582573190744,3,1,pure_pursuit,slippery,5055,True,standard,2.8490421999958926,1219,0.6926136363636364,optimized,2.0
stall,False,42.28000000000101,30.83988890916118,0.7278861033183647,4.293270226882592,1.2439239083904048,0.2736883492492896,True,0.0007568590350047304,0.06708362269046772,,0.8043988187035177,2114,slippery,5056,0.14314511450547973,False,False,16.0,22.0,36.0,0.44949204346401794,3.5916894807551056,4,3,pure_pursuit,slippery,5056,True,standard,3.3867013000053703,1520,0.7190160832544938,optimized,2.0
stall,False,17.099999999999724,3.1782530978857078,0.18475885303414635,0.9160114784356062,0.05777726305518729,0.10197874457449928,False,0.0,0.23619607367815898,,0.191480185495679,855,slippery,5057,0.1082113167106713,False,False,16.0,22.0,36.0,0.509796205813017,3.003224526127708,3,3,pure_pursuit,slippery,5057,True,standard,1.348993599996902,793,0.927485380116959,optimized,2.0
stall,False,17.899999999999707,4.547211096725741,0.2527107723648289,0.8474590738411144,0.05482118129018663,0.09892100090781722,False,0.0,0.23356134585348842,,0.20319558693287432,895,slippery,5058,0.11184194310749679,False,False,16.0,22.0,36.0,0.49159706253495694,3.73068557622015,3,2,pure_pursuit,slippery,5058,True,standard,1.2599029999983031,854,0.9541899441340782,optimized,2.0
stall,False,29.259999999999465,21.716589151331757,0.7349179140497466,2.8723165349246402,0.7329339138750643,0.18569145464050663,False,0.0,0.2848258566185725,,1.3432362583311577,1463,slippery,5059,0.12322396409418393,False,False,16.0,22.0,36.0,0.3766985286862933,4.957237543027349,4,1,pure_pursuit,slippery,5059,True,standard,2.464181199997256,295,0.20164046479835954,optimized,2.0
goal,True,21.899999999999622,36.052247201996714,1.645535591360561,0.9809631362925699,0.7760555537368079,0.2010289918028919,False,0.0,0.14315006997744228,,0.45436417376764415,1095,slippery,5060,0.09337821742015381,False,True,16.0,22.0,36.0,0.5600043960585193,3.7326058238479085,3,1,pure_pursuit,slippery,5060,True,standard,1.7425848000057158,281,0.25662100456621006,optimized,2.0
stall,False,35.31999999999992,26.220713892395615,0.7417622599872541,4.203752025516063,1.0337439120256475,0.225056377930028,True,0.0009060022650056625,0.23368704081893743,,0.5809525155212255,1766,slippery,5061,0.13695448627719198,True,False,16.0,22.0,36.0,0.5852592441420562,3.3022139240992363,3,1,pure_pursuit,slippery,5061,True,standard,2.555679199998849,1251,0.7083805209513023,optimized,2.0
stall,False,34.21999999999975,28.95762890229657,0.8456772609931502,2.368615041252196,0.748773990396603,0.1769252727535407,False,0.0,0.07292477416979593,,0.48681358658234297,1711,slippery,5062,0.0999320615330115,False,False,16.0,22.0,36.0,0.4653831952719196,4.2770388427792305,3,2,pure_pursuit,slippery,5062,True,standard,2.644122999998217,1016,0.5938047925189948,optimized,2.0
stall,False,28.11999999999949,25.084415054862134,0.8916084469359182,3.292086998672211,0.7504825378644521,0.21371095457798683,True,0.0007112375533428165,0.2337651814083117,,0.4186720236836377,1406,slippery,5063,0.13080054112731646,False,False,16.0,22.0,36.0,0.5053576445646772,4.928957495797438,2,3,pure_pursuit,slippery,5063,True,standard,2.2604543999987072,776,0.5519203413940256,optimized,2.0
stall,False,32.27999999999945,24.88655499965342,0.7696814185935501,3.535412806443492,0.7934936304650242,0.23502964032370618,True,0.0007434944237918215,0.2352446397959892,,0.5698008866668636,1614,slippery,5064,0.13444189604194567,False,False,16.0,22.0,36.0,0.5019408981306013,4.5863073577415205,4,1,pure_pursuit,slippery,5064,True,standard,2.3729578999991645,1097,0.6796778190830235,optimized,2.0
stall,False,17.679999999999712,4.873201861455372,0.274185759331182,0.8140551878889555,0.059449112447391594,0.09632229147295542,False,0.0,0.08203971617911565,,0.20192991158614543,884,slippery,5065,0.1251690425208082,True,False,16.0,22.0,36.0,0.47398546230284355,4.8563894445347895,3,2,pure_pursuit,slippery,5065,True,standard,1.1641459000020404,775,0.8766968325791855,optimized,2.0
stall,False,23.079999999999597,7.627206720644204,0.32884326861248414,0.7381395156246334,0.039286614885498956,0.11756328736549296,False,0.0,0.2302625649550054,,0.2897300954149239,1154,slippery,5066,0.1266821206098644,False,False,16.0,22.0,36.0,0.372692250749266,3.9869918481657125,3,3,pure_pursuit,slippery,5066,True,standard,2.133767399995122,1046,0.9064124783362218,optimized,2.0
stall,False,22.599999999999607,8.833734443517136,0.3896772777895963,0.8569433731892392,0.06857284626936028,0.13171324752053473,False,0.0,0.07391895682175159,,0.3372526049014833,1130,slippery,5067,0.107957664584021,False,False,16.0,22.0,36.0,0.5234743795081293,4.98601841338545,4,2,pure_pursuit,slippery,5067,True,standard,1.8136613000024226,1076,0.952212389380531,optimized,2.0
stall,False,31.39999999999942,26.225087420683945,0.8343039002507473,0.9818294596373194,0.777082458360547,0.14003934033674695,False,0.0,0.07477969341042856,,0.44264592284756765,1570,slippery,5068,0.09259308451131983,False,True,16.0,22.0,36.0,0.5044905586486175,3.68361918406922,3,2,pure_pursuit,slippery,5068,True,standard,2.204855600000883,1003,0.6388535031847133,optimized,2.0
stall,False,19.23999999999968,8.224919148126979,0.42643273013308464,0.7077290904167725,0.03682110088105683,0.0849733911700892,False,0.0,0.06873456738309103,,0.22165701333421886,962,slippery,5069,0.11185018390823433,False,False,16.0,22.0,36.0,0.37293751448488877,4.211614650645206,3,3,pure_pursuit,slippery,5069,True,standard,1.302287200000137,770,0.8004158004158004,optimized,2.0
stall,False,30.199999999999445,29.022643424147844,0.9607084794171397,1.4677754634321891,0.9846165599319754,0.1528795851617333,False,0.0,0.23540627622201804,,0.4111457439711633,1510,slippery,5070,0.14646988327914132,False,True,16.0,22.0,36.0,0.4414788049685135,3.014792907872379,3,1,pure_pursuit,slippery,5070,True,standard,2.418124200004968,798,0.528476821192053,optimized,2.0
stall,False,18.139999999999702,5.084261376271847,0.2791046674623824,0.7513794104452856,0.035350623572435055,0.1274448458410415,False,0.0,0.2352157694515663,,0.26602763077348324,907,slippery,5071,0.10540263645169527,False,False,16.0,22.0,36.0,0.36896126124148154,4.164918454437569,4,3,pure_pursuit,slippery,5071,True,standard,1.445578499995463,803,0.8853362734288864,optimized,2.0
goal,True,24.079999999999576,36.05462070346706,1.4968318130030065,3.3134502997882196,0.6519968147758094,0.23798534910696834,True,0.0008305647840531562,0.11185253913602722,,0.506771901137724,1204,slippery,5072,0.129473321823593,True,False,16.0,22.0,36.0,0.4873093832063128,4.727316696900118,4,2,pure_pursuit,slippery,5072,True,standard,1.8010808000035468,431,0.3579734219269103,optimized,2.0
stall,False,20.399999999999654,10.005297933110016,0.48940515257413336,0.7557923340359035,0.04044251312793226,0.08284036068195215,False,0.0,0.07199029533054413,,0.23273770768422186,1020,slippery,5073,0.12157656077615875,False,False,16.0,22.0,36.0,0.36816425647264694,3.615451791111634,2,3,pure_pursuit,slippery,5073,True,standard,1.3092036000016378,783,0.7676470588235295,optimized,2.0
stall,False,29.45999999999946,8.009634950145301,0.26895070416711775,0.886397706025039,0.07124833964806809,0.14838117241547055,False,0.0,0.009934412160058248,,0.3899812346222218,1473,slippery,5074,0.13307392580312158,True,True,16.0,22.0,36.0,0.5563206852670345,4.87418254885662,2,3,pure_pursuit,slippery,5074,True,standard,2.3077897999974084,1391,0.9443312966734555,optimized,2.0
stall,False,17.21999999999972,3.9178987190389796,0.22627390663030922,0.7530188607282193,0.04183055680741778,0.09244858696291083,False,0.0,0.07089710843970631,,0.1968685346568189,861,slippery,5075,0.13511704529586524,False,True,16.0,22.0,36.0,0.40782461613592547,4.235974977511892,2,3,pure_pursuit,slippery,5075,True,standard,1.1373108999978285,778,0.9036004645760743,optimized,2.0
stall,False,21.07999999999964,4.654510027766452,0.2191906158161807,0.9045487558210271,0.06796773236735643,0.12841606735194008,False,0.0,0.059568567021947405,,0.2547182395039373,1054,slippery,5076,0.11253069342252543,False,False,16.0,22.0,36.0,0.5424414213028286,4.688945080828985,3,2,pure_pursuit,slippery,5076,True,standard,1.4481804000024567,975,0.9250474383301708,optimized,2.0
stall,False,22.079999999999618,8.305864421722983,0.3743429091248053,0.8300603165466819,0.05600435539627061,0.12412549955012253,False,0.0,0.04893922754860225,,0.30090551072270993,1104,slippery,5077,0.14268386767121152,False,False,16.0,22.0,36.0,0.46181157749613333,4.683266037657667,2,2,pure_pursuit,slippery,5077,True,standard,1.6453996999989613,978,0.8858695652173914,optimized,2.0
stall,False,17.919999999999707,5.4690589173495265,0.30396375889736765,0.9762714682910638,0.06554713523782868,0.10267049093713407,False,0.0,0.07644767626695859,,0.20100093645152686,896,slippery,5078,0.09319333880718476,False,False,16.0,22.0,36.0,0.5641143861559643,3.1100311875618685,4,3,pure_pursuit,slippery,5078,True,standard,1.3931639000002178,777,0.8671875,optimized,2.0
goal,True,35.079999999999885,36.05543094844643,1.0270378243357263,0.9864517642663545,0.7796180940178113,0.16034596672643678,False,0.0,0.16539674185643302,,0.6134307287568875,1754,slippery,5079,0.10656495195563959,False,True,16.0,22.0,36.0,0.3798150528491909,4.056615073880624,4,1,pure_pursuit,slippery,5079,True,standard,2.701251800004684,1075,0.612884834663626,optimized,2.0
stall,False,18.2199999999997,4.159201724196097,0.2270798235230839,1.0145167984913772,0.06386781027477402,0.14844485351749392,False,0.0,0.021718389839391755,,0.2632637101699245,911,slippery,5080,0.09303349148726354,False,False,16.0,22.0,36.0,0.5353632697161697,3.3399048040720363,3,1,pure_pursuit,slippery,5080,True,standard,1.4366733999995631,837,0.9187705817782656,optimized,2.0
stall,False,24.199999999999573,4.066014514496075,0.16648892172160307,0.7544236494675471,0.05207144873824704,0.10122407023717671,False,0.0,0.2306410459360264,,0.267313041255174,1210,slippery,5081,0.11213266060630127,False,False,16.0,22.0,36.0,0.41262941894488775,4.654924338620467,4,3,pure_pursuit,slippery,5081,True,standard,2.1339720000032685,1142,0.943801652892562,optimized,2.0
goal,True,26.799999999999518,36.07272551625913,1.3456228879916905,2.705035730805808,0.7311645902236193,0.23912756400214713,False,0.0,0.05004324119692816,,0.6122258391788925,1340,slippery,5082,0.10870515465564147,False,False,16.0,22.0,36.0,0.5873708960303337,4.6545013175171706,4,2,pure_pursuit,slippery,5082,True,standard,1.9443482999995467,675,0.503731343283582,optimized,2.0
stall,False,21.819999999999624,11.439447354025397,0.523142959534996,0.8904067981759514,0.0704826691617221,0.09269681755266425,False,0.0,0.13456120507515154,,0.2438308067478031,1091,slippery,5083,0.10054835161087051,False,False,16.0,22.0,36.0,0.5584603947048123,4.7793800012599625,4,3,pure_pursuit,slippery,5083,True,standard,1.7582564999975148,901,0.8258478460128322,optimized,2.0
stall,False,47.44000000000182,30.566064067433764,0.6425496947068942,3.36722756245777,0.8380522788920497,0.21526178069609642,True,0.00042158516020236085,0.02314683562751163,,0.7822374803670127,2372,slippery,5084,0.11698300490792289,False,False,16.0,22.0,36.0,0.5639262492900641,3.603905821938964,4,2,pure_pursuit,slippery,5084,True,standard,3.903814900004363,1868,0.7875210792580101,optimized,2.0
collision,False,1.9400000000000013,3.5094277879452767,1.8199184647634177,0.9789434385072557,0.06523143549362286,0.27319164911472776,False,0.0,-0.012459832120636227,obstacle,0.059850956982976974,97,slippery,5085,0.09092898262982511,False,False,16.0,22.0,36.0,0.5923827914486263,3.4803602936247238,2,2,pure_pursuit,slippery,5085,True,standard,0.1584831000000122,0,0.0,optimized,2.0
stall,False,17.23999999999972,3.801516487754726,0.21912525354296208,0.7991162259180464,0.04591674211607731,0.09450016205941641,False,0.0,0.2256690044520227,,0.19529896418275058,862,slippery,5086,0.13565333662777856,False,False,16.0,22.0,36.0,0.43214338032415894,4.201848831134938,3,1,pure_pursuit,slippery,5086,True,standard,1.2372587000063504,781,0.9060324825986079,optimized,2.0
goal,True,20.57999999999965,36.03612488900856,1.7517927995384752,2.3459637606240342,0.8018592226955314,0.23558970724059536,False,0.0,0.37178642162053854,,0.4498291213524199,1029,slippery,5087,0.09825889682104214,False,False,16.0,22.0,36.0,0.4301522830887735,3.6178111164901976,4,1,pure_pursuit,slippery,5087,True,standard,1.5702097000030335,237,0.2303206997084548,optimized,2.0
goal,True,28.439999999999483,36.06800689133367,1.2672528304739499,1.4896742397556326,0.9815470060017506,0.2069639109474674,False,0.0,0.2661109623246656,,0.543997983051808,1422,slippery,5088,0.14516399397423288,False,True,16.0,22.0,36.0,0.3912546707572413,3.076056513841886,4,1,pure_pursuit,slippery,5088,True,standard,2.3053103999991436,655,0.4606188466947961,optimized,2.0
stall,False,29.89999999999945,11.406614680337636,0.3797465925650083,0.8820569706861252,0.04219191083912452,0.13184423660173755,False,0.0,0.07347663541014582,,0.40341482884528407,1495,slippery,5089,0.09429012646285188,True,False,16.0,22.0,36.0,0.4122533062612411,3.4746629759075462,4,2,pure_pursuit,slippery,5089,True,standard,2.5115606999970623,1394,0.9324414715719064,optimized,2.0
stall,False,19.539999999999672,7.5539915048134425,0.3854406249764125,0.9175133533758313,0.05623969399491364,0.09797442230380939,False,0.0,0.22044481569472135,,0.21782434818048574,977,slippery,5090,0.10694230984683592,True,True,16.0,22.0,36.0,0.5016790307947641,3.0192451758830843,4,1,pure_pursuit,slippery,5090,True,standard,1.478470699999889,869,0.8894575230296827,optimized,2.0
stall,False,23.119999999999596,10.701231666220105,0.4611815596147135,0.9511860871521882,0.05459575155376576,0.13478488737928823,False,0.0,0.016807720225745615,,0.3129274170124549,1156,slippery,5091,0.12595635124475552,False,False,16.0,22.0,36.0,0.5143228211325088,3.2140859613197943,4,2,pure_pursuit,slippery,5091,True,standard,1.861720199995034,986,0.8529411764705882,optimized,2.0
goal,True,22.45999999999961,36.052129614848916,1.6053830976429329,2.2400602809594594,0.7845018954102204,0.225319204154124,False,0.0,0.1376981181685999,,0.4695428088408315,1123,slippery,5092,0.09242072970107329,False,False,16.0,22.0,36.0,0.46437613170912007,3.6104146276233733,4,1,pure_pursuit,slippery,5092,True,standard,1.8110790999999153,419,0.37310774710596617,optimized,2.0
stall,False,36.100000000000044,25.03438556722836,0.6922259715301651,1.057675743459432,0.8263307641413735,0.15306120871865767,False,0.0,0.07132799158547265,,0.5192297160092495,1805,slippery,5093,0.131855067058124,False,True,16.0,22.0,36.0,0.5078599019526165,4.517424137019871,3,2,pure_pursuit,slippery,5093,True,standard,2.9029449000008754,1430,0.7922437673130194,optimized,2.0
goal,True,20.719999999999647,36.00614795366193,1.7386954622293094,1.0563060765886565,0.7898121611622255,0.19519960738646588,False,0.0,0.11710334018693602,,0.45181471416942165,1036,slippery,5094,0.12799374054937587,False,True,16.0,22.0,36.0,0.4727263758975164,4.534496637945709,4,2,pure_pursuit,slippery,5094,True,standard,1.5941297999961535,226,0.21814671814671815,optimized,2.0
stall,False,35.75999999999999,30.85231952655294,0.8622527620386295,2.855234557048105,0.5594440611472339,0.1650883189932401,False,0.0,0.2308548962020623,,0.5507596979974015,1788,slippery,5095,0.11500065702869129,True,False,16.0,22.0,36.0,0.5470554956975995,4.7716698558317745,2,1,pure_pursuit,slippery,5095,True,standard,2.8548341000059736,1340,0.7494407158836689,optimized,2.0
goal,True,40.10000000000067,36.12937705260868,0.8989844422639144,3.2808899288948656,0.6507239067125052,0.23397718040690088,True,0.0004987531172069825,0.07645886967532486,,0.8517919961632319,2005,slippery,5096,0.1240763121473265,True,False,16.0,22.0,36.0,0.5061104672938141,4.332364566134115,4,1,pure_pursuit,slippery,5096,True,standard,3.28252159999829,1452,0.7241895261845387,optimized,2.0
goal,True,37.520000000000266,36.09860810879487,0.9609156341852457,0.8226347413356827,0.112898684346651,0.17013714307848185,False,0.0,0.14588638283932964,,0.7533269699814537,1876,slippery,5097,0.14602377237337144,True,True,16.0,22.0,36.0,0.3905374645110291,3.996850644935159,4,1,pure_pursuit,slippery,5097,True,standard,3.0408453999989433,1301,0.6934968017057569,optimized,2.0
stall,False,29.279999999999465,26.70668270688387,0.9116587748887494,3.0743788581242133,0.8060386883866534,0.19673876751643585,True,0.0004098360655737705,0.23369018722930912,,0.4383715429495673,1464,slippery,5098,0.11086834856947003,False,False,16.0,22.0,36.0,0.5746813489756994,3.7814489751499796,2,1,pure_pursuit,slippery,5098,True,standard,2.239031299999624,869,0.5935792349726776,optimized,2.0
stall,False,19.23999999999968,4.336954797267716,0.22355504570778367,0.9486535313043872,0.0681603815797687,0.146972884032837,False,0.0,0.07536002063393854,,0.2682794753666397,962,slippery,5099,0.093374672767738,False,False,16.0,22.0,36.0,0.558970396149544,3.2102618071198448,2,3,pure_pursuit,slippery,5099,True,standard,1.581280099999276,910,0.9459459459459459,optimized,2.0
goal,True,18.3199999999997,36.03218060094005,1.9679541924978832,1.0567215403555048,0.07756560909277832,0.0926790940473783,False,0.0,,,0.2440734391852616,916,flat_clear,5000,0.0,False,False,1000.0,1000.0,36.0,0.8421893577539279,3.1106926377148136,0,0,apf,flat_clear,5000,True,standard,0.9362747000050149,0,0.0,optimized,2.0
goal,True,18.3199999999997,36.01179637176708,1.966831321961231,1.0565629223530448,0.08046481094530471,0.092277857265477,False,0.0,,,0.2436684019684617,916,flat_clear,5001,0.0,False,False,1000.0,1000.0,36.0,1.0085497877150973,3.463029867560513,0,0,apf,flat_clear,5001,True,standard,0.9242837999991025,0,0.0,optimized,2.0
goal,True,18.339999999999698,36.035669089000784,1.9659552262679587,1.0406051851190952,0.07880557816042007,0.09062151395795018,False,0.0,,,0.24350844810906155,917,flat_clear,5002,0.0,False,False,1000.0,1000.0,36.0,1.006598628122048,3.903147756916806,0,0,apf,flat_clear,5002,True,standard,0.9694421000021975,0,0.0,optimized,2.0
goal,True,18.2999999999997,36.01417257716793,1.9691236830555892,1.0098167125150828,0.07680088684088665,0.09108473783470575,False,0.0,,,0.2439949351663302,915,flat_clear,5003,0.0,False,False,1000.0,1000.0,36.0,0.7517930892575723,3.7871843554365645,0,0,apf,flat_clear,5003,True,standard,0.9295601999983774,0,0.0,optimized,2.0
goal,True,18.3199999999997,36.03601504828085,1.968129459289044,1.072405023987174,0.0802303940657666,0.09255689054759055,False,0.0,,,0.24346353533037712,916,flat_clear,5004,0.0,False,False,1000.0,1000.0,36.0,0.890305269851523,3.167338564992484,0,0,apf,flat_clear,5004,True,standard,0.9643273999972735,0,0.0,optimized,2.0
goal,True,18.2999999999997,36.00814200749907,1.9687576805259128,1.0694825775950512,0.08032628504058684,0.09262570438121052,False,0.0,,,0.24362275163748345,915,flat_clear,5005,0.0,False,False,1000.0,1000.0,36.0,0.9124810113829057,3.4541322103790937,0,0,apf,flat_clear,5005,True,standard,0.9151509999937844,0,0.0,optimized,2.0
goal,True,18.2999999999997,36.0343081548373,1.9701705938376757,0.9854126333091351,0.08462141400992258,0.09163199130347198,False,0.0,,,0.24474172263960425,915,flat_clear,5006,0.0,False,False,1000.0,1000.0,36.0,0.878948645244961,4.724539790888749,0,0,apf,flat_clear,5006,True,standard,0.8834736999997403,0,0.0,optimized,2.0
goal,True,18.3199999999997,36.01015481173816,1.9667198128835766,0.9402228956065337,0.07744516324765426,0.08846583766279323,False,0.0,,,0.24433862789221167,916,flat_clear,5007,0.0,False,False,1000.0,1000.0,36.0,0.7003099757032973,4.832701252556141,0,0,apf,flat_clear,5007,True,standard,0.9113706999996793,0,0.0,optimized,2.0
goal,True,18.3199999999997,36.01601175797457,1.9670730562836647,0.9967599010990649,0.07551279034920351,0.08941928133473824,False,0.0,,,0.24417996608094525,916,flat_clear,5008,0.0,False,False,1000.0,1000.0,36.0,0.7780156087365453,4.103977423040574,0,0,apf,flat_clear,5008,True,standard,0.9892734999957611,0,0.0,optimized,2.0
goal,True,18.2999999999997,36.022641227762236,1.9695654792078505,1.0582964840799831,0.0806669450419886,0.09369632031277553,False,0.0,,,0.24452162664270716,915,flat_clear,5009,0.0,False,False,1000.0,1000.0,36.0,0.9689358374482765,3.4873356243580726,0,0,apf,flat_clear,5009,True,standard,0.8339093000031426,0,0.0,optimized,2.0
goal,True,18.3199999999997,36.03109121061377,1.9678638183010948,1.0265160484867404,0.0704658627713733,0.09089099835511308,False,0.0,,,0.24430108827399144,916,flat_clear,5010,0.0,False,False,1000.0,1000.0,36.0,0.7051556442607216,3.7667485448765166,0,0,apf,flat_clear,5010,True,standard,0.9157731000013882,0,0.0,optimized,2.0
goal,True,18.2999999999997,36.00128802284323,1.9683768335258471,1.0027606653636194,0.0774865322152844,0.09058522566322413,False,0.0,,,0.2432355180606858,915,flat_clear,5011,0.0,False,False,1000.0,1000.0,36.0,0.8328891001551972,4.081364643336002,0,0,apf,flat_clear,5011,True,standard,0.9501675999999861,0,0.0,optimized,2.0
goal,True,18.3199999999997,36.026807073696624,1.9676355806981876,0.9994015316422158,0.08794863079403346,0.09168326320555364,False,0.0,,,0.24473687146604123,916,flat_clear,5012,0.0,False,False,1000.0,1000.0,36.0,1.0932146650543806,4.746887235560902,0,0,apf,flat_clear,5012,True,standard,0.9455338999978267,0,0.0,optimized,2.0
goal,True,18.3199999999997,36.00438767506742,1.9664083890941755,1.0077179329545103,0.08451748233172034,0.09024262571774248,False,0.0,,,0.24424103065412872,916,flat_clear,5013,0.0,False,False,1000.0,1000.0,36.0,0.9965686471139685,4.558301693417866,0,0,apf,flat_clear,5013,True,standard,0.8669010000012349,0,0.0,optimized,2.0
goal,True,18.2999999999997,36.00915918533993,1.9688138774186623,1.034755663853259,0.08204203152751678,0.09234474456328595,False,0.0,,,0.24405600158366023,915,flat_clear,5014,0.0,False,False,1000.0,1000.0,36.0,1.0079404557952962,4.248689932953564,0,0,apf,flat_clear,5014,True,standard,0.9071771000017179,0,0.0,optimized,2.0
goal,True,18.3199999999997,36.02396963211048,1.967495364727884,1.0140805445109682,0.07062904580040845,0.09010554464475073,False,0.0,,,0.2438141037879537,916,flat_clear,5015,0.0,False,False,1000.0,1000.0,36.0,0.7129585808151011,3.616554150795544,0,0,apf,flat_clear,5015,True,standard,0.961936899999273,0,0.0,optimized,2.0
goal,True,18.2999999999997,36.01315693844189,1.9690601789789242,1.0260585168127034,0.08535550104031189,0.09336393338206483,False,0.0,,,0.24533285424810403,915,flat_clear,5016,0.0,False,False,1000.0,1000.0,36.0,1.0824496477512628,4.4970018275504655,0,0,apf,flat_clear,5016,True,standard,0.8872553999972297,0,0.0,optimized,2.0
goal,True,18.2999999999997,36.01539763021044,1.96918694136681,1.067508513259191,0.08084014727720908,0.09385596359053264,False,0.0,,,0.2440738044730072,915,flat_clear,5017,0.0,False,False,1000.0,1000.0,36.0,1.0313683035167758,3.069327793573069,0,0,apf,flat_clear,5017,True,standard,0.8456603000013274,0,0.0,optimized,2.0
goal,True,18.3199999999997,36.03425332647819,1.9680547046606045,1.0293866451656006,0.07729603939977676,0.09154352008695585,False,0.0,,,0.24400657153070884,916,flat_clear,5018,0.0,False,False,1000.0,1000.0,36.0,0.8519960097254107,3.741644975951466,0,0,apf,flat_clear,5018,True,standard,0.9281897999971989,0,0.0,optimized,2.0
goal,True,18.2999999999997,36.0070409735774,1.9687160423438397,0.9790771485863928,0.08374479369998479,0.09019901549347877,False,0.0,,,0.24429106975511297,915,flat_clear,5019,0.0,False,False,1000.0,1000.0,36.0,0.7749984328665865,4.6919924902412244,0,0,apf,flat_clear,5019,True,standard,0.9800316000037128,0,0.0,optimized,2.0
goal,True,18.3199999999997,36.01537387739004,1.9670211446640917,1.0081033801739434,0.07596556408467055,0.08970182627370826,False,0.0,,,0.24417161023645048,916,flat_clear,5020,0.0,False,False,1000.0,1000.0,36.0,0.7248282467948968,4.082261203094857,0,0,apf,flat_clear,5020,True,standard,0.889200500001607,0,0.0,optimized,2.0
goal,True,18.2999999999997,36.0112450758783,1.9689437219465835,1.030405032427459,0.07938357691365114,0.09262943668237512,False,0.0,,,0.2450000589351985,915,flat_clear,5021,0.0,False,False,1000.0,1000.0,36.0,0.9140104345757991,3.9670663971291336,0,0,apf,flat_clear,5021,True,standard,0.8042050000003655,0,0.0,optimized,2.0
goal,True,18.3199999999997,36.03643798558181,1.96814761325454,1.0061691855346502,0.0780499845429514,0.09059183123982019,False,0.0,,,0.24348707741006162,916,flat_clear,5022,0.0,False,False,1000.0,1000.0,36.0,0.8496203871888334,4.16327064677573,0,0,apf,flat_clear,5022,True,standard,0.930452199994761,0,0.0,optimized,2.0
goal,True,18.339999999999698,36.02085664159031,1.9651890438087172,0.9719817435857576,0.08454783518808502,0.08801438496091295,False,0.0,,,0.24454470997550398,917,flat_clear,5023,0.0,False,False,1000.0,1000.0,36.0,0.8171074644897484,4.845944573728948,0,0,apf,flat_clear,5023,True,standard,0.9993848000012804,0,0.0,optimized,2.0
goal,True,18.3199999999997,36.02749513743439,1.9676802190745177,1.0059523747560037,0.08104970673303055,0.08960750424769152,False,0.0,,,0.24458324365628764,916,flat_clear,5024,0.0,False,False,1000.0,1000.0,36.0,0.8109383252924722,4.478913919082471,0,0,apf,flat_clear,5024,True,standard,0.8559892999983276,0,0.0,optimized,2.0
goal,True,18.339999999999698,36.02972204588031,1.9656445384397978,0.9891045788789905,0.08682871630161385,0.08965834372147995,False,0.0,,,0.24383020793319232,917,flat_clear,5025,0.0,False,False,1000.0,1000.0,36.0,0.9732104368642298,4.750233220361416,0,0,apf,flat_clear,5025,True,standard,0.8398796999972546,0,0.0,optimized,2.0
goal,True,18.339999999999698,36.01644915696469,1.964926734298963,0.9776131819608431,0.07575831804831745,0.08790973922628798,False,0.0,,,0.24394556962430278,917,flat_clear,5026,0.0,False,False,1000.0,1000.0,36.0,0.7262499636679371,4.307968225800889,0,0,apf,flat_clear,5026,True,standard,1.0174950000000536,0,0.0,optimized,2.0
goal,True,18.359999999999697,36.038741802604015,1.96397189669762,1.0149356093532884,0.07580211982043761,0.08861218626097773,False,0.0,,,0.24310664589084474,918,flat_clear,5027,0.0,False,False,1000.0,1000.0,36.0,0.876142603073939,3.7904107308165678,0,0,apf,flat_clear,5027,True,standard,0.8633597000007285,0,0.0,optimized,2.0
goal,True,18.339999999999698,36.04046245067915,1.966228198952975,1.0010043078672561,0.08598244032946722,0.0905291750626829,False,0.0,,,0.24434436321375042,917,flat_clear,5028,0.0,False,False,1000.0,1000.0,36.0,1.0334928486032917,4.609884125974756,0,0,apf,flat_clear,5028,True,standard,0.8826153000045451,0,0.0,optimized,2.0
goal,True,18.2999999999997,36.01659814719824,1.9692209572689665,1.0361730237327094,0.07904040295664157,0.0923210539597438,False,0.0,,,0.24345958105156768,915,flat_clear,5029,0.0,False,False,1000.0,1000.0,36.0,0.8960683121439519,3.612757000380382,0,0,apf,flat_clear,5029,True,standard,0.8430568999974639,0,0.0,optimized,2.0
goal,True,18.339999999999698,36.04196584158869,1.9663025294377776,1.0160652879878143,0.07785457323973051,0.08929568534610377,False,0.0,,,0.2437294813936107,917,flat_clear,5030,0.0,False,False,1000.0,1000.0,36.0,0.702641268886089,3.5741138987672745,0,0,apf,flat_clear,5030,True,standard,0.8414801999970223,0,0.0,optimized,2.0
goal,True,18.3199999999997,36.03661073865494,1.9681837500388335,1.0446864605769772,0.08070589432112675,0.0938339169894229,False,0.0,,,0.24453932563019212,916,flat_clear,5031,0.0,False,False,1000.0,1000.0,36.0,1.0541886438268662,3.7270554480582403,0,0,apf,flat_clear,5031,True,standard,0.8502076000004308,0,0.0,optimized,2.0
goal,True,18.2999999999997,36.02166079402247,1.9695281118544286,0.9987340043097891,0.08194813312708844,0.09189877381968864,False,0.0,,,0.24537706716020727,915,flat_clear,5032,0.0,False,False,1000.0,1000.0,36.0,0.8808706052658889,4.3792262715010075,0,0,apf,flat_clear,5032,True,standard,0.8833931999979541,0,0.0,optimized,2.0
goal,True,18.339999999999698,36.01714312928507,1.9649397119818803,1.0388384839907783,0.07752866229701884,0.09099146227455762,False,0.0,,,0.24368163986994384,917,flat_clear,5033,0.0,False,False,1000.0,1000.0,36.0,1.0836130709500158,3.666279579977531,0,0,apf,flat_clear,5033,True,standard,0.9052971999990405,0,0.0,optimized,2.0
goal,True,18.339999999999698,36.04539100584317,1.9665028683374592,1.0073236747019942,0.07202599694527669,0.08983883354214374,False,0.0,,,0.24373804256836698,917,flat_clear,5034,0.0,False,False,1000.0,1000.0,36.0,0.7665500295059827,3.804995479071652,0,0,apf,flat_clear,5034,True,standard,0.8376960999958101,0,0.0,optimized,2.0
goal,True,18.359999999999697,36.02682836047562,1.963303426232519,1.0134452590315697,0.0767187190266646,0.08824856085815835,False,0.0,,,0.24344071236559503,918,flat_clear,5035,0.0,False,False,1000.0,1000.0,36.0,0.9199233332386492,4.156022809768874,0,0,apf,flat_clear,5035,True,standard,0.8857774999996764,0,0.0,optimized,2.0
goal,True,18.3199999999997,36.036339756374645,1.9681728627798338,1.0495128347299851,0.08506760728934537,0.09293181659896815,False,0.0,,,0.24487943493056105,916,flat_clear,5036,0.0,False,False,1000.0,1000.0,36.0,1.0648143012996332,4.3024889064133,0,0,apf,flat_clear,5036,True,standard,0.9109982999943895,0,0.0,optimized,2.0
goal,True,18.2999999999997,36.01975782304094,1.9694406393323416,0.9581236142894503,0.07871032430822633,0.08973691884300013,False,0.0,,,0.24537891532564884,915,flat_clear,5037,0.0,False,False,1000.0,1000.0,36.0,0.7092210370314546,4.854865496269261,0,0,apf,flat_clear,5037,True,standard,0.8723774999962188,0,0.0,optimized,2.0
goal,True,18.3199999999997,36.02793242015072,1.9676879662093694,1.0047631529667218,0.09063172790455669,0.09290656392948747,False,0.0,,,0.24631639702591754,916,flat_clear,5038,0.0,False,False,1000.0,1000.0,36.0,1.0555417311834316,4.89287011986292,0,0,apf,flat_clear,5038,True,standard,0.8848895000046468,0,0.0,optimized,2.0
goal,True,18.359999999999697,36.01359008404051,1.962590015197819,1.0234257014629369,0.07439749509639937,0.08844394064466064,False,0.0,,,0.24302678850908901,918,flat_clear,5039,0.0,False,False,1000.0,1000.0,36.0,0.9402582229555535,3.6144856875598865,0,0,apf,flat_clear,5039,True,standard,0.8814687000049162,0,0.0,optimized,2.0
goal,True,18.3199999999997,36.02223717931571,1.9673726125217557,1.0673256302436551,0.0810453143178806,0.09263044828503712,False,0.0,,,0.24280902983999555,916,flat_clear,5040,0.0,False,False,1000.0,1000.0,36.0,0.9712075052113058,3.1920688461343363,0,0,apf,flat_clear,5040,True,standard,0.893292399996426,0,0.0,optimized,2.0
goal,True,18.2999999999997,36.01481509442707,1.9691482566705023,1.0328282303729996,0.07566651438087416,0.0928914191283697,False,0.0,,,0.2441577309735283,915,flat_clear,5041,0.0,False,False,1000.0,1000.0,36.0,0.7917534446414414,3.1247853346898227,0,0,apf,flat_clear,5041,True,standard,0.8686263000054169,0,0.0,optimized,2.0
goal,True,18.3199999999997,36.01005304291273,1.9666993208926986,1.0577481704068752,0.07826948304934468,0.09131114186449249,False,0.0,,,0.24322960620115933,916,flat_clear,5042,0.0,False,False,1000.0,1000.0,36.0,0.9598932040906721,3.486030199242384,0,0,apf,flat_clear,5042,True,standard,0.8368527999991784,0,0.0,optimized,2.0
goal,True,18.339999999999698,36.030170205922815,1.9656411675200323,1.0263169196128163,0.07959596546962854,0.09096191042056584,False,0.0,,,0.2435902404971512,917,flat_clear,5043,0.0,False,False,1000.0,1000.0,36.0,1.0898186350139498,4.0020376195110305,0,0,apf,flat_clear,5043,True,standard,0.8613146999996388,0,0.0,optimized,2.0
goal,True,18.2999999999997,36.01565005078864,1.969197890710592,1.048783293385198,0.08004947333953598,0.09353597652339317,False,0.0,,,0.24444493349670296,915,flat_clear,5044,0.0,False,False,1000.0,1000.0,36.0,1.0178429474867148,3.6549452422762707,0,0,apf,flat_clear,5044,True,standard,0.8580489000014495,0,0.0,optimized,2.0
goal,True,18.3199999999997,36.024192705352554,1.9674931632864037,1.0237056183399373,0.07369855875794996,0.09047954337986289,False,0.0,,,0.24316716396099125,916,flat_clear,5045,0.0,False,False,1000.0,1000.0,36.0,0.7659494631232381,3.545543304209088,0,0,apf,flat_clear,5045,True,standard,0.8651142000016989,0,0.0,optimized,2.0
goal,True,18.339999999999698,36.02919057624212,1.9656102246344858,1.0433666056384634,0.07743751405721738,0.09029394403744155,False,0.0,,,0.24352525094533586,917,flat_clear,5046,0.0,False,False,1000.0,1000.0,36.0,0.9011545969108519,3.3327744218409308,0,0,apf,flat_clear,5046,True,standard,0.8929800999976578,0,0.0,optimized,2.0
goal,True,18.3199999999997,36.02008505448164,1.9672564972281705,1.0839680061513044,0.08148773768087256,0.09278168051094225,False,0.0,,,0.24300286424613582,916,flat_clear,5047,0.0,False,False,1000.0,1000.0,36.0,0.9983218093282231,3.1410251815083683,0,0,apf,flat_clear,5047,True,standard,0.8674696999951266,0,0.0,optimized,2.0
goal,True,18.3199999999997,36.035780506952136,1.968125879451737,1.059533106272234,0.0807127387312104,0.0926089125802697,False,0.0,,,0.2435256730901013,916,flat_clear,5048,0.0,False,False,1000.0,1000.0,36.0,1.0213876505575938,3.411304677538264,0,0,apf,flat_clear,5048,True,standard,0.893075800006045,0,0.0,optimized,2.0
goal,True,18.3199999999997,36.0279258186794,1.9677218211615186,1.0341365760506849,0.07736407763890714,0.0908239369795429,False,0.0,,,0.24322861508189775,916,flat_clear,5049,0.0,False,False,1000.0,1000.0,36.0,0.7517994105580714,3.1978602646371006,0,0,apf,flat_clear,5049,True,standard,0.8587969000000157,0,0.0,optimized,2.0
goal,True,18.3199999999997,36.02848954237114,1.9677178951901575,1.0145365972875686,0.07866362396991404,0.090362826499824,False,0.0,,,0.2437351941365027,916,flat_clear,5050,0.0,False,False,1000.0,1000.0,36.0,0.8591909328138473,4.110811346493778,0,0,apf,flat_clear,5050,True,standard,0.8909743999975035,0,0.0,optimized,2.0
goal,True,18.359999999999697,36.02516204069477,1.9632330240460596,1.0247952532169131,0.0765106169165621,0.08839193399616271,False,0.0,,,0.24304667793638318,918,flat_clear,5051,0.0,False,False,1000.0,1000.0,36.0,0.8470793717637798,3.4696736983662753,0,0,apf,flat_clear,5051,True,standard,0.8989819000053103,0,0.0,optimized,2.0
goal,True,18.2999999999997,36.012557055202585,1.9690097485372986,0.9791172834258302,0.08746733440575656,0.09114417755606259,False,0.0,,,0.2448934117335662,915,flat_clear,5052,0.0,False,False,1000.0,1000.0,36.0,0.9377640601298551,4.903101107035168,0,0,apf,flat_clear,5052,True,standard,0.8729095000016969,0,0.0,optimized,2.0
goal,True,18.359999999999697,36.037160789763696,1.9638958012923815,0.9872222982640513,0.0792737440073884,0.08814706909815419,False,0.0,,,0.24370921734466533,918,flat_clear,5053,0.0,False,False,1000.0,1000.0,36.0,0.8890868185879244,4.381330884174664,0,0,apf,flat_clear,5053,True,standard,0.8525547999961418,0,0.0,optimized,2.0
goal,True,18.2999999999997,36.02403664036451,1.9696622615182144,0.999217249495543,0.07806008922829968,0.09136338326768098,False,0.0,,,0.2442176495244763,915,flat_clear,5054,0.0,False,False,1000.0,1000.0,36.0,0.8256418136260787,4.113300036428866,0,0,apf,flat_clear,5054,True,standard,0.9009426000047824,0,0.0,optimized,2.0
goal,True,18.2999999999997,36.02936861547378,1.9699441426955158,1.0571979152287438,0.08233482771195695,0.09474342977607864,False,0.0,,,0.24473736902618085,915,flat_clear,5055,0.0,False,False,1000.0,1000.0,36.0,1.0471282526832821,3.420582573190744,0,0,apf,flat_clear,5055,True,standard,0.9113270999951055,0,0.0,optimized,2.0
goal,True,18.3199999999997,36.02057617777757,1.967324651263952,1.0307710895576154,0.07696352327121865,0.09083453069466947,False,0.0,,,0.24408710354382762,916,flat_clear,5056,0.0,False,False,1000.0,1000.0,36.0,0.891086723699156,3.5916894807551056,0,0,apf,flat_clear,5056,True,standard,0.8777358999941498,0,0.0,optimized,2.0
goal,True,18.3199999999997,36.021500501353394,1.9673687514158729,1.0456349401613778,0.07931250789206565,0.09145681660993563,False,0.0,,,0.2434369357757554,916,flat_clear,5057,0.0,False,False,1000.0,1000.0,36.0,0.7886726452745311,3.003224526127708,0,0,apf,flat_clear,5057,True,standard,0.8881225000004633,0,0.0,optimized,2.0
goal,True,18.339999999999698,36.03162692037189,1.9657292334662746,1.0289793687933697,0.07691392404296205,0.08991023488617972,False,0.0,,,0.24303191534620064,917,flat_clear,5058,0.0,False,False,1000.0,1000.0,36.0,0.9098807370435502,3.73068557622015,0,0,apf,flat_clear,5058,True,standard,0.8380500999992364,0,0.0,optimized,2.0
goal,True,18.339999999999698,36.03975655299071,1.9661799209360264,0.9803395111018441,0.0881336123250795,0.08894316655116744,False,0.0,,,0.2438944308829785,917,flat_clear,5059,0.0,False,False,1000.0,1000.0,36.0,0.9012639362358253,4.957237543027349,0,0,apf,flat_clear,5059,True,standard,0.8310166000010213,0,0.0,optimized,2.0
goal,True,18.339999999999698,36.01151616761837,1.9646322053771563,1.019395406162748,0.0767649714353514,0.08870738267477364,False,0.0,,,0.2429965788070537,917,flat_clear,5060,0.0,False,False,1000.0,1000.0,36.0,0.8376462876131555,3.7326058238479085,0,0,apf,flat_clear,5060,True,standard,0.8359392000056687,0,0.0,optimized,2.0
goal,True,18.359999999999697,36.031987112648814,1.9635746360133144,1.0575585352361572,0.07913025000659,0.09048186857070366,False,0.0,,,0.24295082205337537,918,flat_clear,5061,0.0,False,False,1000.0,1000.0,36.0,1.0911674506139513,3.3022139240992363,0,0,apf,flat_clear,5061,True,standard,0.8361589999985881,0,0.0,optimized,2.0
goal,True,18.3199999999997,36.00800701127077,1.9666113721787981,1.0188405568670238,0.08111349729709448,0.09057446092015067,False,0.0,,,0.24416900524713267,916,flat_clear,5062,0.0,False,False,1000.0,1000.0,36.0,0.9993468346705692,4.2770388427792305,0,0,apf,flat_clear,5062,True,standard,0.8331118999994942,0,0.0,optimized,2.0
goal,True,18.339999999999698,36.04414775204107,1.966444328615272,0.9683178951593319,0.08330718008754646,0.08878077212639454,False,0.0,,,0.2448352048287234,917,flat_clear,5063,0.0,False,False,1000.0,1000.0,36.0,0.7330288069420039,4.928957495797438,0,0,apf,flat_clear,5063,True,standard,0.8390639999997802,0,0.0,optimized,2.0
goal,True,18.3199999999997,36.00909890218097,1.9666310337751485,0.9656345337998807,0.07403195013874646,0.08923909527000666,False,0.0,,,0.24378304895577355,916,flat_clear,5064,0.0,False,False,1000.0,1000.0,36.0,0.7150441580757758,4.5863073577415205,0,0,apf,flat_clear,5064,True,standard,0.8458227000010083,0,0.0,optimized,2.0
goal,True,18.339999999999698,36.041424698070095,1.9662636208248332,0.9659023497242301,0.0851159884490811,0.08846146641136769,False,0.0,,,0.24409011971730812,917,flat_clear,5065,0.0,False,False,1000.0,1000.0,36.0,0.8035442786646663,4.8563894445347895,0,0,apf,flat_clear,5065,True,standard,0.8237848000062513,0,0.0,optimized,2.0
goal,True,18.3199999999997,36.035638236547065,1.9681171887918503,1.020443763871052,0.07993851594333709,0.09142869899896723,False,0.0,,,0.24387048299227845,916,flat_clear,5066,0.0,False,False,1000.0,1000.0,36.0,0.937066294483499,3.9869918481657125,0,0,apf,flat_clear,5066,True,standard,0.873487999997451,0,0.0,optimized,2.0
goal,True,18.3199999999997,36.03307266480086,1.9679834857575593,0.9898897224156925,0.09161522575904087,0.09175659850478414,False,0.0,,,0.24533549522884174,916,flat_clear,5067,0.0,False,False,1000.0,1000.0,36.0,1.0106291334825726,4.98601841338545,0,0,apf,flat_clear,5067,True,standard,0.830927300004987,0,0.0,optimized,2.0
goal,True,18.339999999999698,36.02886439665837,1.965588086616505,1.022542904350176,0.0765024231257353,0.0900533328739623,False,0.0,,,0.2430705107277951,917,flat_clear,5068,0.0,False,False,1000.0,1000.0,36.0,0.8970326161018014,3.68361918406922,0,0,apf,flat_clear,5068,True,standard,0.864792899999884,0,0.0,optimized,2.0
goal,True,18.2999999999997,36.029350582185444,1.9699350007415348,0.9978103779912599,0.07663293179163605,0.09124910278287063,False,0.0,,,0.2445376772011386,915,flat_clear,5069,0.0,False,False,1000.0,1000.0,36.0,0.7403470360296646,4.211614650645206,0,0,apf,flat_clear,5069,True,standard,0.8739037999985158,0,0.0,optimized,2.0
goal,True,18.3199999999997,36.04055077075461,1.9684082933604758,1.06561510586608,0.07837479745227291,0.09374232661915252,False,0.0,,,0.24490758926475073,916,flat_clear,5070,0.0,False,False,1000.0,1000.0,36.0,0.8627394964655488,3.014792907872379,0,0,apf,flat_clear,5070,True,standard,0.8661799999972573,0,0.0,optimized,2.0
goal,True,18.2999999999997,36.02161832800355,1.9695366318640948,1.0184624038744858,0.07722005206718592,0.09160889099379249,False,0.0,,,0.2448712504606595,915,flat_clear,5071,0.0,False,False,1000.0,1000.0,36.0,0.7508349199984138,4.164918454437569,0,0,apf,flat_clear,5071,True,standard,0.8328268000041135,0,0.0,optimized,2.0
goal,True,18.339999999999698,36.01078035268921,1.9645830754044284,1.0044984596091955,0.08681413396673211,0.08957933025622201,False,0.0,,,0.2440357882783447,917,flat_clear,5072,0.0,False,False,1000.0,1000.0,36.0,1.0845422517924654,4.727316696900118,0,0,apf,flat_clear,5072,True,standard,0.7929608000049484,0,0.0,optimized,2.0
goal,True,18.3199999999997,36.034206440031966,1.9680548839178986,1.0199540985311786,0.07452745378322165,0.09050090394769811,False,0.0,,,0.24337162281471914,916,flat_clear,5073,0.0,False,False,1000.0,1000.0,36.0,0.7450583759123013,3.615451791111634,0,0,apf,flat_clear,5073,True,standard,0.8326403999963077,0,0.0,optimized,2.0
goal,True,18.3199999999997,36.03626304281974,1.9681599209062937,0.9754846139113359,0.08560427628497391,0.08973765148512136,False,0.0,,,0.2442515769244619,916,flat_clear,5074,0.0,False,False,1000.0,1000.0,36.0,0.847212170166827,4.87418254885662,0,0,apf,flat_clear,5074,True,standard,0.8478178999939701,0,0.0,optimized,2.0
goal,True,18.3199999999997,36.02530065560588,1.9675631568193643,1.0068262144584466,0.08085486771913668,0.09249256286327927,False,0.0,,,0.2456499603162043,916,flat_clear,5075,0.0,False,False,1000.0,1000.0,36.0,0.9218759880118024,4.235974977511892,0,0,apf,flat_clear,5075,True,standard,0.8135594999985187,0,0.0,optimized,2.0
goal,True,18.339999999999698,36.03916855390555,1.9661670222046668,0.9970688747258739,0.085266335113333,0.09035701458150552,False,0.0,,,0.24479731712235792,917,flat_clear,5076,0.0,False,False,1000.0,1000.0,36.0,1.0292612569337438,4.688945080828985,0,0,apf,flat_clear,5076,True,standard,0.783750599999621,0,0.0,optimized,2.0
goal,True,18.3199999999997,36.00854128217895,1.9666457960031143,0.9788133585722807,0.08102869502854462,0.08893006048343029,False,0.0,,,0.24444174747446012,916,flat_clear,5077,0.0,False,False,1000.0,1000.0,36.0,0.7481831815301382,4.683266037657667,0,0,apf,flat_clear,5077,True,standard,0.8461710999981733,0,0.0,optimized,2.0
goal,True,18.339999999999698,36.036922569372955,1.9660318062856152,1.0736153866568017,0.08063868194544058,0.09211548664325185,False,0.0,,,0.24313158547092723,917,flat_clear,5078,0.0,False,False,1000.0,1000.0,36.0,1.052260869021958,3.1100311875618685,0,0,apf,flat_clear,5078,True,standard,0.8694298999980674,0,0.0,optimized,2.0
goal,True,18.3199999999997,36.00357553367116,1.9663704962327542,1.021416046298561,0.07846850841885147,0.09025573594650405,False,0.0,,,0.24398900299512216,916,flat_clear,5079,0.0,False,False,1000.0,1000.0,36.0,0.948921384405256,4.056615073880624,0,0,apf,flat_clear,5079,True,standard,0.8537500999955228,0,0.0,optimized,2.0
goal,True,18.2999999999997,36.013994289145316,1.9691060631961388,1.0353426313855538,0.08072205156084236,0.09264214172965929,False,0.0,,,0.24399824852616933,915,flat_clear,5080,0.0,False,False,1000.0,1000.0,36.0,0.8413522982777953,3.3399048040720363,0,0,apf,flat_clear,5080,True,standard,0.825332399996114,0,0.0,optimized,2.0
goal,True,18.2999999999997,36.02662852263564,1.9697854317388934,0.9893000600127835,0.08295777963687564,0.09143225913258801,False,0.0,,,0.24470317230536578,915,flat_clear,5081,0.0,False,False,1000.0,1000.0,36.0,0.857903395921944,4.654924338620467,0,0,apf,flat_clear,5081,True,standard,0.9106059000041569,0,0.0,optimized,2.0
goal,True,18.339999999999698,36.02891366256186,1.9656260596785309,0.9653529269447153,0.0810290620719777,0.08831905022759971,False,0.0,,,0.24431350354423478,917,flat_clear,5082,0.0,False,False,1000.0,1000.0,36.0,0.7955105971431277,4.6545013175171706,0,0,apf,flat_clear,5082,True,standard,0.8434966999993776,0,0.0,optimized,2.0
goal,True,18.3199999999997,36.00708212067741,1.9665537864926985,0.9732022073680692,0.08385008843051946,0.08883338003318739,False,0.0,,,0.24427352941407468,916,flat_clear,5083,0.0,False,False,1000.0,1000.0,36.0,0.8508672632349321,4.7793800012599625,0,0,apf,flat_clear,5083,True,standard,0.8043308999986039,0,0.0,optimized,2.0
goal,True,18.339999999999698,36.014214947650196,1.9647984042917201,1.053350720007717,0.07817011570576106,0.09091125982610529,False,0.0,,,0.24370721998787026,917,flat_clear,5084,0.0,False,False,1000.0,1000.0,36.0,1.0530656978728266,3.603905821938964,0,0,apf,flat_clear,5084,True,standard,0.8418725999945309,0,0.0,optimized,2.0
goal,True,18.2799999999997,36.00301597450813,1.9706506421555663,1.0384564898294104,0.06870960456250959,0.09220082198679906,False,0.0,,,0.24372950656511638,914,flat_clear,5085,0.0,False,False,1000.0,1000.0,36.0,0.718730957787409,3.4803602936247238,0,0,apf,flat_clear,5085,True,standard,0.8307816000015009,0,0.0,optimized,2.0
goal,True,18.3199999999997,36.026442344476614,1.967634580629168,0.9952670984072177,0.07704331629187965,0.09003925284149286,False,0.0,,,0.24402642295480825,916,flat_clear,5086,0.0,False,False,1000.0,1000.0,36.0,0.8461753811272056,4.201848831134938,0,0,apf,flat_clear,5086,True,standard,0.8763631000038004,0,0.0,optimized,2.0
goal,True,18.339999999999698,36.034969607251,1.9659202911823204,1.0163682571729442,0.06807981548590912,0.08906421981939401,False,0.0,,,0.24367232495584454,917,flat_clear,5087,0.0,False,False,1000.0,1000.0,36.0,0.7297546609361127,3.6178111164901976,0,0,apf,flat_clear,5087,True,standard,0.8440805999998702,0,0.0,optimized,2.0
goal,True,18.2999999999997,36.004113010076566,1.9685413467657165,1.0522040970236846,0.08011195547134091,0.09262041289354594,False,0.0,,,0.2430571450736122,915,flat_clear,5088,0.0,False,False,1000.0,1000.0,36.0,0.9086910672377201,3.076056513841886,0,0,apf,flat_clear,5088,True,standard,0.8270053000014741,0,0.0,optimized,2.0
goal,True,18.339999999999698,36.012127128666634,1.9646804429122713,1.0579578125661049,0.07558553225430656,0.08906908166891729,False,0.0,,,0.24322166507422546,917,flat_clear,5089,0.0,False,False,1000.0,1000.0,36.0,0.7969012135678066,3.4746629759075462,0,0,apf,flat_clear,5089,True,standard,0.844332000000577,0,0.0,optimized,2.0
goal,True,18.3199999999997,36.0231767347791,1.9674523754779596,1.045179220771113,0.0790610600894847,0.09106172532457633,False,0.0,,,0.24316067276174133,916,flat_clear,5090,0.0,False,False,1000.0,1000.0,36.0,0.812731185705469,3.0192451758830843,0,0,apf,flat_clear,5090,True,standard,0.8999964000031468,0,0.0,optimized,2.0
goal,True,18.2799999999997,36.00473969322042,1.9707584094672648,1.058486683699955,0.07979107948991003,0.0938003722755775,False,0.0,,,0.24432114608136773,914,flat_clear,5091,0.0,False,False,1000.0,1000.0,36.0,0.8747085205182346,3.2140859613197943,0,0,apf,flat_clear,5091,True,standard,0.8312627999985125,0,0.0,optimized,2.0
goal,True,18.339999999999698,36.03710819939913,1.96606180870894,1.034030397355847,0.07646230196518017,0.09019346432517236,False,0.0,,,0.2437580133510157,917,flat_clear,5092,0.0,False,False,1000.0,1000.0,36.0,0.8347057354303752,3.6104146276233733,0,0,apf,flat_clear,5092,True,standard,0.844955000000482,0,0.0,optimized,2.0
goal,True,18.2999999999997,36.008704102813425,1.9688134985188135,0.9655689590383738,0.07379859198543372,0.09062690252007838,False,0.0,,,0.24560263491471943,915,flat_clear,5093,0.0,False,False,1000.0,1000.0,36.0,0.7027821538503214,4.517424137019871,0,0,apf,flat_clear,5093,True,standard,0.8343842000031145,0,0.0,optimized,2.0
goal,True,18.2999999999997,36.01773791425942,1.969303209381974,0.9713242522401664,0.07830202296587506,0.09054014696622195,False,0.0,,,0.2446202529894284,915,flat_clear,5094,0.0,False,False,1000.0,1000.0,36.0,0.759548402527707,4.534496637945709,0,0,apf,flat_clear,5094,True,standard,0.8794713000024785,0,0.0,optimized,2.0
goal,True,18.3199999999997,36.01359004609179,1.9669101605942256,0.9422053119043163,0.0787557809037211,0.08866025224749965,False,0.0,,,0.24432649849997148,916,flat_clear,5095,0.0,False,False,1000.0,1000.0,36.0,0.7038176926854574,4.7716698558317745,0,0,apf,flat_clear,5095,True,standard,0.831098300004669,0,0.0,optimized,2.0
goal,True,18.359999999999697,36.03794431170472,1.9639220767032606,1.0164097924375333,0.08030427205825491,0.08951222494955903,False,0.0,,,0.2441517785615713,918,flat_clear,5096,0.0,False,False,1000.0,1000.0,36.0,1.0818708535353732,4.332364566134115,0,0,apf,flat_clear,5096,True,standard,0.8334021999980905,0,0.0,optimized,2.0
goal,True,18.3199999999997,36.027964179481714,1.967703359691942,1.0278821344740816,0.08339890456584861,0.09293310040913044,False,0.0,,,0.2444899214413073,916,flat_clear,5097,0.0,False,False,1000.0,1000.0,36.0,1.0513529123167236,3.996850644935159,0,0,apf,flat_clear,5097,True,standard,0.8723106000034022,0,0.0,optimized,2.0
goal,True,18.2999999999997,36.01694758558333,1.9692732055101345,1.0619797601015522,0.0816556057538121,0.09357850390570092,False,0.0,,,0.24413719261027286,915,flat_clear,5098,0.0,False,False,1000.0,1000.0,36.0,1.071515063165253,3.7814489751499796,0,0,apf,flat_clear,5098,True,standard,0.8235730000014883,0,0.0,optimized,2.0
goal,True,18.3199999999997,36.0287088066192,1.9677482873888186,1.065927256699875,0.08157227827289242,0.09373395465833989,False,0.0,,,0.24425301105319736,916,flat_clear,5099,0.0,False,False,1000.0,1000.0,36.0,0.9961736911557313,3.2102618071198448,0,0,apf,flat_clear,5099,True,standard,0.7946116000020993,0,0.0,optimized,2.0
goal,True,21.619999999999628,36.00993551026218,1.6664364884945586,2.424184044377208,0.6694937301502157,0.21717836453162306,False,0.0,,,0.3800915051189735,1081,kerb,5000,0.10063859654556317,False,False,16.0,22.0,36.0,0.8421893577539279,3.1106926377148136,0,0,apf,kerb,5000,True,standard,1.0610748000035528,0,0.0,optimized,2.0
goal,True,21.11999999999964,36.04542264194433,1.7075004994392957,3.8487329642550567,0.9335941529290431,0.2638692569689624,True,0.0015151515151515152,,,0.37999450212109404,1056,kerb,5001,0.1361326555543014,False,False,16.0,22.0,36.0,1.0085497877150973,3.463029867560513,0,0,apf,kerb,5001,True,standard,1.033339599998726,0,0.0,optimized,2.0
goal,True,21.49999999999963,36.0238343872238,1.6763917821968533,2.5198433448737823,0.610714253064644,0.2113418680995082,False,0.0,,,0.37623804611604356,1075,kerb,5002,0.10779195637104258,False,False,16.0,22.0,36.0,1.006598628122048,3.903147756916806,0,0,apf,kerb,5002,True,standard,1.0831873999995878,0,0.0,optimized,2.0
goal,True,21.399999999999633,36.01618430089858,1.68376013374509,2.80237544901135,0.6474039424900797,0.23382437145737403,False,0.0,,,0.3838791355683323,1070,kerb,5003,0.1152588703871631,False,False,16.0,22.0,36.0,0.7517930892575723,3.7871843554365645,0,0,apf,kerb,5003,True,standard,1.0532690999971237,0,0.0,optimized,2.0
goal,True,21.779999999999625,36.03308781600331,1.6552852626294454,2.1965568371894824,0.6338686634583998,0.20978396472253147,False,0.0,,,0.3793591290701922,1089,kerb,5004,0.09395417832217653,False,False,16.0,22.0,36.0,0.890305269851523,3.167338564992484,0,0,apf,kerb,5004,True,standard,1.0935583999962546,0,0.0,optimized,2.0
goal,True,21.03999999999964,36.04150255343549,1.7139265252879199,4.273427368314749,1.0309164731115736,0.28253627652988955,True,0.001520912547528517,,,0.3833995822613173,1052,kerb,5005,0.14452422563128192,False,False,16.0,22.0,36.0,0.9124810113829057,3.4541322103790937,0,0,apf,kerb,5005,True,standard,1.089923200001067,0,0.0,optimized,2.0
goal,True,21.279999999999635,36.01294803210563,1.6931391261940243,2.6884749375525403,0.6372624906617345,0.22151329038303838,False,0.0,,,0.3831406027236597,1064,kerb,5006,0.11823518779379621,False,False,16.0,22.0,36.0,0.878948645244961,4.724539790888749,0,0,apf,kerb,5006,True,standard,1.0901947999955155,0,0.0,optimized,2.0
goal,True,21.859999999999623,36.04229250898622,1.6497684020060808,1.794312959938079,0.6911262184989166,0.19203225623731984,False,0.0,,,0.38856502690048267,1093,kerb,5007,0.09332622163787102,True,False,16.0,22.0,36.0,0.7003099757032973,4.832701252556141,0,0,apf,kerb,5007,True,standard,1.1389762000035262,0,0.0,optimized,2.0
goal,True,21.899999999999622,36.02286676029477,1.6457304838525895,1.8185299504366812,0.683654675151665,0.20251256863178513,False,0.0,,,0.3904420038166285,1095,kerb,5008,0.090077259790111,False,False,16.0,22.0,36.0,0.7780156087365453,4.103977423040574,0,0,apf,kerb,5008,True,standard,1.1348819999984698,0,0.0,optimized,2.0
goal,True,21.419999999999632,36.02038783578427,1.682819480535937,1.0582967311047626,0.0892289426123597,0.125852139072416,False,0.0,,,0.3506524716909971,1071,kerb,5009,0.11325841109235353,True,True,16.0,22.0,36.0,0.9689358374482765,3.4873356243580726,0,0,apf,kerb,5009,True,standard,1.125198999994609,0,0.0,optimized,2.0
goal,True,21.09999999999964,36.02725290143236,1.7082053422827446,4.098882921176738,0.9186910996055995,0.285552385831893,True,0.0015165876777251184,,,0.38891291003051587,1055,kerb,5010,0.14381243175444086,False,False,16.0,22.0,36.0,0.7051556442607216,3.7667485448765166,0,0,apf,kerb,5010,True,standard,1.0794539999988046,0,0.0,optimized,2.0
goal,True,20.879999999999644,36.035156880087165,1.7272022304255228,1.0027605153848864,0.10171461936575898,0.11713028403703725,False,0.0,,,0.3431103762515404,1044,kerb,5011,0.14971532004645052,True,True,16.0,22.0,36.0,0.8328891001551972,4.081364643336002,0,0,apf,kerb,5011,True,standard,1.108741399999417,0,0.0,optimized,2.0
goal,True,21.299999999999635,36.01228927627457,1.6914700820730177,2.6126896549821486,0.6457160161692893,0.212956834597453,False,0.0,,,0.3776845967028084,1065,kerb,5012,0.11599739438211938,False,False,16.0,22.0,36.0,1.0932146650543806,4.746887235560902,0,0,apf,kerb,5012,True,standard,1.1040603000001283,0,0.0,optimized,2.0
goal,True,21.47999999999963,36.020419578527886,1.6779215081482628,2.601790120505066,0.62811051852365,0.19351749433545432,False,0.0,,,0.37233359606137684,1074,kerb,5013,0.11438074496395545,True,False,16.0,22.0,36.0,0.9965686471139685,4.558301693417866,0,0,apf,kerb,5013,True,standard,1.1002111000052537,0,0.0,optimized,2.0
goal,True,21.11999999999964,36.03180049074697,1.7069899260217742,3.3722596522678105,0.834521016191016,0.2452216131303661,True,0.0011363636363636363,,,0.3811811310479229,1056,kerb,5014,0.13211528278562787,False,False,16.0,22.0,36.0,1.0079404557952962,4.248689932953564,0,0,apf,kerb,5014,True,standard,1.0903679999973974,0,0.0,optimized,2.0
goal,True,21.45999999999963,36.02665165636067,1.679739386430801,2.8182365592699368,0.809153041619147,0.23827736507569527,False,0.0,,,0.38572947823380377,1073,kerb,5015,0.11307428979546041,False,False,16.0,22.0,36.0,0.7129585808151011,3.616554150795544,0,0,apf,kerb,5015,True,standard,1.1002739000032307,0,0.0,optimized,2.0
goal,True,21.219999999999636,36.03267649139934,1.6988893436326729,2.913793733727091,0.728534009067916,0.22627440909100424,False,0.0,,,0.3800232750560955,1061,kerb,5016,0.12328780373270565,False,False,16.0,22.0,36.0,1.0824496477512628,4.4970018275504655,0,0,apf,kerb,5016,True,standard,1.0670583999963128,0,0.0,optimized,2.0
goal,True,21.259999999999636,36.02107687951888,1.6951535674627902,3.3427741383710288,0.8208444472201428,0.240824919173251,True,0.0009407337723424271,,,0.37665663206356453,1063,kerb,5017,0.12162928738333142,False,False,16.0,22.0,36.0,1.0313683035167758,3.069327793573069,0,0,apf,kerb,5017,True,standard,1.1155760000037844,0,0.0,optimized,2.0
goal,True,21.639999999999628,36.02126864966803,1.6656304445834376,2.331721008478623,0.568483241724946,0.1926352330192699,False,0.0,,,0.37448379480259836,1082,kerb,5018,0.1021966661181102,True,False,16.0,22.0,36.0,0.8519960097254107,3.741644975951466,0,0,apf,kerb,5018,True,standard,1.1206171000012546,0,0.0,optimized,2.0
goal,True,21.719999999999626,36.0368490910691,1.6600744801280374,1.9215222826227554,0.5079000687693451,0.2011245170204401,False,0.0,,,0.38819440151710655,1086,kerb,5019,0.09694607558591248,False,False,16.0,22.0,36.0,0.7749984328665865,4.6919924902412244,0,0,apf,kerb,5019,True,standard,1.0759012999988045,0,0.0,optimized,2.0
goal,True,21.359999999999634,36.0079526424992,1.6865088631730951,2.823705792560435,0.6356787847134763,0.23444003763674306,False,0.0,,,0.38689195159388756,1068,kerb,5020,0.11812828874817456,False,False,16.0,22.0,36.0,0.7248282467948968,4.082261203094857,0,0,apf,kerb,5020,True,standard,1.0442614000057802,0,0.0,optimized,2.0
goal,True,21.49999999999963,36.03546837019401,1.6771058006083404,2.7455495128709084,0.6459230608141077,0.20068156070861515,False,0.0,,,0.3741178567029575,1075,kerb,5021,0.11381894175763324,True,False,16.0,22.0,36.0,0.9140104345757991,3.9670663971291336,0,0,apf,kerb,5021,True,standard,1.1420069000014337,0,0.0,optimized,2.0
goal,True,21.179999999999637,36.01398061713286,1.700963769317659,3.3609551231886345,0.7995785811961581,0.2504992308539127,True,0.0009442870632672333,,,0.38294148570659853,1059,kerb,5022,0.13140191257451567,False,False,16.0,22.0,36.0,0.8496203871888334,4.16327064677573,0,0,apf,kerb,5022,True,standard,1.1146776999958092,0,0.0,optimized,2.0
goal,True,21.219999999999636,36.0357770560407,1.6990016218167578,3.0487069792444124,0.7170183128714597,0.23682245574487903,True,0.0005655042412818096,,,0.3874870815600802,1061,kerb,5023,0.12867756728465177,False,False,16.0,22.0,36.0,0.8171074644897484,4.845944573728948,0,0,apf,kerb,5023,True,standard,1.0959559999973862,0,0.0,optimized,2.0
goal,True,21.07999999999964,36.03523071085609,1.7102531784344972,3.581829688856459,0.8552631351000085,0.2607053219387537,True,0.0013282732447817836,,,0.3877682832064673,1054,kerb,5024,0.13928371679168416,False,False,16.0,22.0,36.0,0.8109383252924722,4.478913919082471,0,0,apf,kerb,5024,True,standard,1.1167848000040976,0,0.0,optimized,2.0
goal,True,21.719999999999626,36.03868461496191,1.660057382930745,1.8950570808425966,0.5104910662978042,0.19186220668256085,False,0.0,,,0.38091582083554487,1086,kerb,5025,0.09643074988431373,False,False,16.0,22.0,36.0,0.9732104368642298,4.750233220361416,0,0,apf,kerb,5025,True,standard,1.119894999996177,0,0.0,optimized,2.0
goal,True,21.819999999999624,36.04326189617877,1.6527788156800856,1.9489815307644276,0.7014861198167619,0.20916390353671835,False,0.0,,,0.38993358640891607,1091,kerb,5026,0.09558762086488723,False,False,16.0,22.0,36.0,0.7262499636679371,4.307968225800889,0,0,apf,kerb,5026,True,standard,1.093515299995488,0,0.0,optimized,2.0
goal,True,21.339999999999634,36.040632585100205,1.6898049266873714,1.0528585565886162,0.5563250010933378,0.15501641821415824,False,0.0,,,0.35466474312374985,1067,kerb,5027,0.11482123997562081,False,True,16.0,22.0,36.0,0.876142603073939,3.7904107308165678,0,0,apf,kerb,5027,True,standard,1.1133330999946338,0,0.0,optimized,2.0
goal,True,21.57999999999963,36.0096279332245,1.6694574056912814,2.1285613012453077,0.5322190609475772,0.1963148818860843,False,0.0,,,0.37759325346465505,1079,kerb,5028,0.10116781223940692,False,False,16.0,22.0,36.0,1.0334928486032917,4.609884125974756,0,0,apf,kerb,5028,True,standard,1.0957934000034584,0,0.0,optimized,2.0
goal,True,21.11999999999964,36.0221577704789,1.7066327801911079,1.160824066359809,0.6244863185811226,0.15996050153917057,False,0.0,,,0.35319186501374117,1056,kerb,5029,0.12404880975552002,False,True,16.0,22.0,36.0,0.8960683121439519,3.612757000380382,0,0,apf,kerb,5029,True,standard,1.0956141000060597,0,0.0,optimized,2.0
goal,True,21.259999999999636,36.0042033877233,1.6944810566353996,1.0506591765602853,0.5851633440889753,0.15577186364230344,False,0.0,,,0.3552568035681019,1063,kerb,5030,0.11541600076902528,False,True,16.0,22.0,36.0,0.702641268886089,3.5741138987672745,0,0,apf,kerb,5030,True,standard,1.0574190000043018,0,0.0,optimized,2.0
goal,True,21.379999999999633,36.01443110743512,1.6856421674494089,4.158221214224203,1.047683150160908,0.25204464641830515,True,0.0016838166510757717,,,0.37733097096851037,1069,kerb,5031,0.14561650478931443,True,False,16.0,22.0,36.0,1.0541886438268662,3.7270554480582403,0,0,apf,kerb,5031,True,standard,1.0740243000036571,0,0.0,optimized,2.0
goal,True,21.379999999999633,36.00801439848346,1.6849805193924985,2.5059200560682124,0.5989499683879784,0.21504549868679498,False,0.0,,,0.37996639689485867,1069,kerb,5032,0.1122245362773568,False,False,16.0,22.0,36.0,0.8808706052658889,4.3792262715010075,0,0,apf,kerb,5032,True,standard,1.0977732999963337,0,0.0,optimized,2.0
goal,True,21.359999999999634,36.033811709965455,1.6877415396543676,2.8975522040632287,0.7154185746701814,0.22265636546323148,False,0.0,,,0.37600351647987157,1068,kerb,5033,0.11672621005094068,False,False,16.0,22.0,36.0,1.0836130709500158,3.666279579977531,0,0,apf,kerb,5033,True,standard,1.0938499999974738,0,0.0,optimized,2.0
goal,True,21.199999999999637,36.0143128001213,1.7000566030695328,1.0073196341976538,0.09400151000466725,0.1211204523128381,False,0.0,,,0.34592468329584725,1060,kerb,5034,0.12934267293598622,True,True,16.0,22.0,36.0,0.7665500295059827,3.804995479071652,0,0,apf,kerb,5034,True,standard,1.0733034999939264,0,0.0,optimized,2.0
goal,True,21.59999999999963,36.01090755166395,1.6682067443970865,2.3673670604253347,0.5758393907712586,0.1869775905386184,False,0.0,,,0.37176124062421007,1080,kerb,5035,0.10658169577161372,True,False,16.0,22.0,36.0,0.9199233332386492,4.156022809768874,0,0,apf,kerb,5035,True,standard,1.0977473000020836,0,0.0,optimized,2.0
goal,True,21.299999999999635,36.025196620794745,1.6921082541410066,2.734030860974492,0.6776643442302648,0.2185212847170246,False,0.0,,,0.3784806691942079,1065,kerb,5036,0.1173697414789877,False,False,16.0,22.0,36.0,1.0648143012996332,4.3024889064133,0,0,apf,kerb,5036,True,standard,1.099414500000421,0,0.0,optimized,2.0
goal,True,21.11999999999964,36.00477637744273,1.7056788260678886,3.358865223799679,0.7629432352673394,0.256592420144345,True,0.0011363636363636363,,,0.3900177196677132,1056,kerb,5037,0.13679937064081266,False,False,16.0,22.0,36.0,0.7092210370314546,4.854865496269261,0,0,apf,kerb,5037,True,standard,1.0331844999964233,0,0.0,optimized,2.0
goal,True,21.699999999999626,36.03829622479473,1.66163336178243,1.901889190332948,0.4975009956408663,0.19265159432155102,False,0.0,,,0.3817978672701661,1085,kerb,5038,0.09670644475941208,False,False,16.0,22.0,36.0,1.0555417311834316,4.89287011986292,0,0,apf,kerb,5038,True,standard,1.0641732000003685,0,0.0,optimized,2.0
goal,True,21.45999999999963,36.02257434503066,1.6795137572652625,3.886867777449384,0.9440522937088353,0.23962538201777323,True,0.0014911463187325257,,,0.376069604217527,1073,kerb,5039,0.13861797778812823,True,False,16.0,22.0,36.0,0.9402582229555535,3.6144856875598865,0,0,apf,kerb,5039,True,standard,1.124316400004318,0,0.0,optimized,2.0
goal,True,21.11999999999964,36.02440241636498,1.7064805736418764,3.981873469156319,0.9642462372911876,0.2671452030915203,True,0.0013257575757575758,,,0.37958561913533434,1056,kerb,5040,0.13659141728402505,False,False,16.0,22.0,36.0,0.9712075052113058,3.1920688461343363,0,0,apf,kerb,5040,True,standard,1.0843381000013324,0,0.0,optimized,2.0
goal,True,21.05999999999964,36.011163355898354,1.7107332214290123,4.384114287425424,1.0179064775438635,0.2902883570710467,True,0.0017094017094017094,,,0.38398489360804533,1053,kerb,5041,0.14238089228448053,False,False,16.0,22.0,36.0,0.7917534446414414,3.1247853346898227,0,0,apf,kerb,5041,True,standard,1.0491369000010309,0,0.0,optimized,2.0
goal,True,21.399999999999633,36.02547936051586,1.684201886179979,2.8084151483877844,0.693016995227026,0.22374853617910453,False,0.0,,,0.3760383384088307,1070,kerb,5042,0.11346964484423985,False,False,16.0,22.0,36.0,0.9598932040906721,3.486030199242384,0,0,apf,kerb,5042,True,standard,1.0796969000002719,0,0.0,optimized,2.0
goal,True,21.11999999999964,36.00567969206852,1.7058447699932464,1.1270933874014997,0.5963108677336192,0.15731793070990618,False,0.0,,,0.3532309530187353,1056,kerb,5043,0.1269385057241497,False,True,16.0,22.0,36.0,1.0898186350139498,4.0020376195110305,0,0,apf,kerb,5043,True,standard,1.0482244000013452,0,0.0,optimized,2.0
goal,True,21.05999999999964,36.02012646056605,1.7111138305451854,3.904854941959139,0.9645143368004222,0.2672688823072002,True,0.0015194681861348527,,,0.3815700383099459,1053,kerb,5044,0.13998739401869517,False,False,16.0,22.0,36.0,1.0178429474867148,3.6549452422762707,0,0,apf,kerb,5044,True,standard,1.066288699999859,0,0.0,optimized,2.0
goal,True,21.159999999999638,36.037860825279026,1.703885918738354,3.8229267897046673,0.8828773765585541,0.270479457739302,True,0.0015122873345935729,,,0.38432382614663935,1058,kerb,5045,0.13638592052525939,False,False,16.0,22.0,36.0,0.7659494631232381,3.545543304209088,0,0,apf,kerb,5045,True,standard,1.050793900001736,0,0.0,optimized,2.0
goal,True,21.47999999999963,36.01647293885844,1.677687160459191,3.3116636238356674,0.7828823668072693,0.21887968006707828,True,0.000931098696461825,,,0.37387453284887845,1074,kerb,5046,0.12227119309524864,True,False,16.0,22.0,36.0,0.9011545969108519,3.3327744218409308,0,0,apf,kerb,5046,True,standard,1.0744189999968512,0,0.0,optimized,2.0
goal,True,21.859999999999623,36.033272272484496,1.649237826270448,2.076717459712915,0.5340399405394849,0.2037832125777773,False,0.0,,,0.3763611424622523,1093,kerb,5047,0.0907107601460403,False,False,16.0,22.0,36.0,0.9983218093282231,3.1410251815083683,0,0,apf,kerb,5047,True,standard,1.0664770000003045,0,0.0,optimized,2.0
goal,True,21.759999999999625,36.03786153195735,1.6569409091847516,2.171126241109105,0.5517018581057962,0.20456014850364337,False,0.0,,,0.3766374201108325,1088,kerb,5048,0.09534548510317571,False,False,16.0,22.0,36.0,1.0213876505575938,3.411304677538264,0,0,apf,kerb,5048,True,standard,1.0779592999970191,0,0.0,optimized,2.0
goal,True,21.09999999999964,36.01186683414355,1.707584544652024,4.373910854700158,1.0045617847480983,0.29461261258184446,True,0.0017061611374407583,,,0.3853388379094559,1055,kerb,5049,0.14394041403531896,False,False,16.0,22.0,36.0,0.7517994105580714,3.1978602646371006,0,0,apf,kerb,5049,True,standard,1.0994245000038063,0,0.0,optimized,2.0
goal,True,21.639999999999628,36.00195642706424,1.6644755921519203,2.08982168625506,0.5223159646763837,0.20262296363588703,False,0.0,,,0.3824676933886035,1082,kerb,5050,0.0986083385191299,False,False,16.0,22.0,36.0,0.8591909328138473,4.110811346493778,0,0,apf,kerb,5050,True,standard,1.1031078000014531,0,0.0,optimized,2.0
goal,True,21.339999999999634,36.039046415821836,1.6900007367541765,1.0247947328127327,0.0952580968331624,0.12063430080593616,False,0.0,,,0.34739305613306326,1067,kerb,5051,0.12233334430260395,True,True,16.0,22.0,36.0,0.8470793717637798,3.4696736983662753,0,0,apf,kerb,5051,True,standard,1.0365094000007957,0,0.0,optimized,2.0
goal,True,21.419999999999632,36.035752076517454,1.6833344952192935,3.0978408547708574,0.7710993632053417,0.21495477375276306,True,0.0007469654528478057,,,0.3784158458834159,1071,kerb,5052,0.1306635418670573,True,False,16.0,22.0,36.0,0.9377640601298551,4.903101107035168,0,0,apf,kerb,5052,True,standard,1.0698756000056164,0,0.0,optimized,2.0
goal,True,21.219999999999636,36.01203195805966,1.6981915110821049,1.0636680739546418,0.5237648015813184,0.15323436042978916,False,0.0,,,0.35385718699704927,1061,kerb,5053,0.12112491333169412,False,True,16.0,22.0,36.0,0.8890868185879244,4.381330884174664,0,0,apf,kerb,5053,True,standard,1.0769808999975794,0,0.0,optimized,2.0
goal,True,21.53999999999963,36.009761407391316,1.6728026051480673,2.4905888796398767,0.5779166763783516,0.19688508685317277,False,0.0,,,0.37524969233403654,1077,kerb,5054,0.10840892457049757,True,False,16.0,22.0,36.0,0.8256418136260787,4.113300036428866,0,0,apf,kerb,5054,True,standard,1.123018600002979,0,0.0,optimized,2.0
goal,True,21.699999999999626,36.03747354389776,1.6618216690239465,2.130682174511132,0.5548042200399584,0.18256165625822948,False,0.0,,,0.37109177698475626,1085,kerb,5055,0.09580944017439189,True,False,16.0,22.0,36.0,1.0471282526832821,3.420582573190744,0,0,apf,kerb,5055,True,standard,1.1104293999960646,0,0.0,optimized,2.0
goal,True,21.05999999999964,36.03919689741154,1.7119237113323622,4.163243318917488,1.0007517429585948,0.2788214158411539,True,0.0017094017094017094,,,0.38211241293076686,1053,kerb,5056,0.14314511450547973,False,False,16.0,22.0,36.0,0.891086723699156,3.5916894807551056,0,0,apf,kerb,5056,True,standard,1.0467032000015024,0,0.0,optimized,2.0
goal,True,21.55999999999963,36.04356885017467,1.6725422745977583,2.7802447115725806,0.7976929690268758,0.23290762165831405,False,0.0,,,0.37956934367638967,1078,kerb,5057,0.1082113167106713,False,False,16.0,22.0,36.0,0.7886726452745311,3.003224526127708,0,0,apf,kerb,5057,True,standard,1.0679378999993787,0,0.0,optimized,2.0
goal,True,21.439999999999632,36.018016462676556,1.680767834656611,2.7474969037112507,0.6503898385999384,0.2225451277148748,False,0.0,,,0.3779697689945457,1072,kerb,5058,0.11184194310749679,False,False,16.0,22.0,36.0,0.9098807370435502,3.73068557622015,0,0,apf,kerb,5058,True,standard,1.1000534999984666,0,0.0,optimized,2.0
goal,True,21.239999999999636,36.02793947258703,1.6968950372761065,2.815171532101474,0.6813532045850063,0.2252288193353896,False,0.0,,,0.3845628918266636,1062,kerb,5059,0.12322396409418393,False,False,16.0,22.0,36.0,0.9012639362358253,4.957237543027349,0,0,apf,kerb,5059,True,standard,1.089218000000983,0,0.0,optimized,2.0
goal,True,21.679999999999627,36.01071132537992,1.6619358626411407,1.0193975101398782,0.46425231445570303,0.14912651356554127,False,0.0,,,0.3594950692172722,1084,kerb,5060,0.09337821742015381,False,True,16.0,22.0,36.0,0.8376462876131555,3.7326058238479085,0,0,apf,kerb,5060,True,standard,1.0841930999959004,0,0.0,optimized,2.0
goal,True,21.45999999999963,36.04188298202727,1.6804782134295868,3.963158933242918,0.9703382476720231,0.23870447099559136,True,0.00130475302889096,,,0.3724188615278281,1073,kerb,5061,0.13695448627719198,True,False,16.0,22.0,36.0,1.0911674506139513,3.3022139240992363,0,0,apf,kerb,5061,True,standard,1.0825814999989234,0,0.0,optimized,2.0
goal,True,21.619999999999628,36.03638879061259,1.667663819069108,2.111263634909909,0.539064880240599,0.1996816405060307,False,0.0,,,0.37856756448408707,1081,kerb,5062,0.0999320615330115,False,False,16.0,22.0,36.0,0.9993468346705692,4.2770388427792305,0,0,apf,kerb,5062,True,standard,1.0592198000013013,0,0.0,optimized,2.0
goal,True,21.219999999999636,36.04556639678261,1.699610675334838,3.1177583844430536,0.7057466276371832,0.2439891460375484,True,0.0007540056550424129,,,0.38946855823257515,1061,kerb,5063,0.13080054112731646,False,False,16.0,22.0,36.0,0.7330288069420039,4.928957495797438,0,0,apf,kerb,5063,True,standard,1.021417999996629,0,0.0,optimized,2.0
goal,True,21.179999999999637,36.02057241831506,1.7015433670912459,3.328689855554177,0.7558100120629834,0.255165763208128,True,0.0011331444759206798,,,0.39021398327254336,1059,kerb,5064,0.13444189604194567,False,False,16.0,22.0,36.0,0.7150441580757758,4.5863073577415205,0,0,apf,kerb,5064,True,standard,1.088974899997993,0,0.0,optimized,2.0
goal,True,21.49999999999963,36.03844069081135,1.6771572473954417,2.9058839941936543,0.6790476027433535,0.21052082046900114,False,0.0,,,0.38017690776555474,1075,kerb,5065,0.1251690425208082,True,False,16.0,22.0,36.0,0.8035442786646663,4.8563894445347895,0,0,apf,kerb,5065,True,standard,1.0885835000008228,0,0.0,optimized,2.0
goal,True,21.199999999999637,36.03116482888401,1.70030438751895,3.2248170532344593,0.774065716873998,0.24020737624116473,True,0.0007547169811320754,,,0.38091439916128395,1060,kerb,5066,0.1266821206098644,False,False,16.0,22.0,36.0,0.937066294483499,3.9869918481657125,0,0,apf,kerb,5066,True,standard,1.0582451000009314,0,0.0,optimized,2.0
goal,True,21.439999999999632,36.030458716516826,1.6813597675359813,2.2709504728521974,0.551539756738564,0.20163747751662647,False,0.0,,,0.38036196931795463,1072,kerb,5067,0.107957664584021,False,False,16.0,22.0,36.0,1.0106291334825726,4.98601841338545,0,0,apf,kerb,5067,True,standard,1.0970557000036933,0,0.0,optimized,2.0
goal,True,21.719999999999626,36.01813331968721,1.6592277224581797,1.0225091481530273,0.47788801999279323,0.15171676575340204,False,0.0,,,0.36033741052365825,1086,kerb,5068,0.09259308451131983,False,True,16.0,22.0,36.0,0.8970326161018014,3.68361918406922,0,0,apf,kerb,5068,True,standard,1.1287885000056121,0,0.0,optimized,2.0
goal,True,21.439999999999632,36.01722045050141,1.6807581357172015,2.576422596334861,0.5809014801580611,0.22602644451699022,False,0.0,,,0.38542847046208195,1072,kerb,5069,0.11185018390823433,False,False,16.0,22.0,36.0,0.7403470360296646,4.211614650645206,0,0,apf,kerb,5069,True,standard,1.0735980000026757,0,0.0,optimized,2.0
goal,True,20.859999999999644,36.045388266820346,1.7290949224285266,1.4311254232292567,0.7813143566994843,0.17026362080669824,False,0.0,,,0.3481362837929019,1043,kerb,5070,0.14646988327914132,False,True,16.0,22.0,36.0,0.8627394964655488,3.014792907872379,0,0,apf,kerb,5070,True,standard,1.0016900999980862,0,0.0,optimized,2.0
goal,True,21.51999999999963,36.008791094843524,1.6741530456443878,2.3638936371785517,0.6103092574204099,0.2178321082697853,False,0.0,,,0.38675177492561447,1076,kerb,5071,0.10540263645169527,False,False,16.0,22.0,36.0,0.7508349199984138,4.164918454437569,0,0,apf,kerb,5071,True,standard,1.0789635000037379,0,0.0,optimized,2.0
goal,True,21.439999999999632,36.02585795123303,1.681199224092827,3.074232042726617,0.7877292578965646,0.2110666077413654,True,0.0005597014925373135,,,0.37592968131278776,1072,kerb,5072,0.129473321823593,True,False,16.0,22.0,36.0,1.0845422517924654,4.727316696900118,0,0,apf,kerb,5072,True,standard,1.073581099997682,0,0.0,optimized,2.0
goal,True,21.319999999999634,36.02643103246774,1.6907090888281766,3.128187097424894,0.7153831064827795,0.24617243137437206,True,0.0005628517823639775,,,0.3856733063268077,1066,kerb,5073,0.12157656077615875,False,False,16.0,22.0,36.0,0.7450583759123013,3.615451791111634,0,0,apf,kerb,5073,True,standard,1.0545244000022649,0,0.0,optimized,2.0
goal,True,21.139999999999638,36.003071823617006,1.7043713508711535,1.0062710137594344,0.08799561434923799,0.11831076188755013,False,0.0,,,0.3488710476845384,1057,kerb,5074,0.13307392580312158,True,True,16.0,22.0,36.0,0.847212170166827,4.87418254885662,0,0,apf,kerb,5074,True,standard,1.0728150999930222,0,0.0,optimized,2.0
goal,True,20.97999999999964,36.01153716867994,1.7175669568970597,1.1736439796284321,0.5945057475749362,0.15855791391634388,False,0.0,,,0.3539784532210151,1049,kerb,5075,0.13511704529586524,False,True,16.0,22.0,36.0,0.9218759880118024,4.235974977511892,0,0,apf,kerb,5075,True,standard,1.0411453999986406,0,0.0,optimized,2.0
goal,True,21.379999999999633,36.008266018915165,1.6850421665036945,2.4690698669921907,0.6093833324534208,0.20826151615237715,False,0.0,,,0.3780733050169852,1069,kerb,5076,0.11253069342252543,False,False,16.0,22.0,36.0,1.0292612569337438,4.688945080828985,0,0,apf,kerb,5076,True,standard,1.061375000004773,0,0.0,optimized,2.0
goal,True,21.09999999999964,36.04361803072324,1.709004732670246,3.662569503830585,0.8620217586851499,0.266603364685721,True,0.0015165876777251184,,,0.3908940665248481,1055,kerb,5077,0.14268386767121152,False,False,16.0,22.0,36.0,0.7481831815301382,4.683266037657667,0,0,apf,kerb,5077,True,standard,1.0795512999975472,0,0.0,optimized,2.0
goal,True,21.819999999999624,36.0376398966254,1.6524244981979883,2.11222131820668,0.5581525351571627,0.20290093820091104,False,0.0,,,0.3765826232639419,1091,kerb,5078,0.09319333880718476,False,False,16.0,22.0,36.0,1.052260869021958,3.1100311875618685,0,0,apf,kerb,5078,True,standard,1.1083256999991136,0,0.0,optimized,2.0
goal,True,21.439999999999632,36.02773714336483,1.6813151130053845,1.0214158020843414,0.5103051893599827,0.15308115876123227,False,0.0,,,0.3577041096703882,1072,kerb,5079,0.10656495195563959,False,True,16.0,22.0,36.0,0.948921384405256,4.056615073880624,0,0,apf,kerb,5079,True,standard,1.0767995999995037,0,0.0,optimized,2.0
goal,True,21.819999999999624,36.02999161080844,1.652034501096161,2.10820455513887,0.6977210856101742,0.20842213618094196,False,0.0,,,0.38293595936295566,1091,kerb,5080,0.09303349148726354,False,False,16.0,22.0,36.0,0.8413522982777953,3.3399048040720363,0,0,apf,kerb,5080,True,standard,1.0788208999947528,0,0.0,optimized,2.0
goal,True,21.339999999999634,36.00142443758617,1.6878809260061423,2.4834371617445092,0.5797088868596856,0.21359486236891476,False,0.0,,,0.38157161211516705,1067,kerb,5081,0.11213266060630127,False,False,16.0,22.0,36.0,0.857903395921944,4.654924338620467,0,0,apf,kerb,5081,True,standard,1.0898391999944579,0,0.0,optimized,2.0
goal,True,21.49999999999963,36.010981581162824,1.675793066743254,2.3472079394064576,0.5589933217494265,0.21019750703003087,False,0.0,,,0.38458432639462975,1075,kerb,5082,0.10870515465564147,False,False,16.0,22.0,36.0,0.7955105971431277,4.6545013175171706,0,0,apf,kerb,5082,True,standard,1.0809511999977985,0,0.0,optimized,2.0
goal,True,21.57999999999963,36.00861455903392,1.6695027525660653,2.0610663813286516,0.5232691625288911,0.1976682202362068,False,0.0,,,0.38379781616913317,1079,kerb,5083,0.10054835161087051,False,False,16.0,22.0,36.0,0.8508672632349321,4.7793800012599625,0,0,apf,kerb,5083,True,standard,1.0825794999982463,0,0.0,optimized,2.0
goal,True,21.359999999999634,36.033446789233125,1.6877185368411227,2.9231733782476415,0.7231368362361769,0.2246220207984035,False,0.0,,,0.37593550512920326,1068,kerb,5084,0.11698300490792289,False,False,16.0,22.0,36.0,1.0530656978728266,3.603905821938964,0,0,apf,kerb,5084,True,standard,1.085703900003864,0,0.0,optimized,2.0
goal,True,21.899999999999622,36.03596128419306,1.6463436170510977,1.9553583417699247,0.9628677147237622,0.22062882621609942,False,0.0,,,0.39341337262890747,1095,kerb,5085,0.09092898262982511,False,False,16.0,22.0,36.0,0.718730957787409,3.4803602936247238,0,0,apf,kerb,5085,True,standard,1.1222205000012764,0,0.0,optimized,2.0
goal,True,21.11999999999964,36.03831114515906,1.7071708212732781,3.517882967953213,0.8443108599161948,0.2561522175642353,True,0.0013257575757575758,,,0.3851308265784491,1056,kerb,5086,0.13565333662777856,False,False,16.0,22.0,36.0,0.8461753811272056,4.201848831134938,0,0,apf,kerb,5086,True,standard,0.9999769999994896,0,0.0,optimized,2.0
goal,True,21.759999999999625,36.0069676924311,1.6556375692610317,2.1815956696181384,0.8520123532836689,0.22125884369555793,False,0.0,,,0.38730108625968324,1088,kerb,5087,0.09825889682104214,False,False,16.0,22.0,36.0,0.7297546609361127,3.6178111164901976,0,0,apf,kerb,5087,True,standard,1.1019025999994483,0,0.0,optimized,2.0
goal,True,20.859999999999644,36.012852115159156,1.727520645709668,1.429962051047021,0.7810083436479741,0.1694966566397981,False,0.0,,,0.346826822794315,1043,kerb,5088,0.14516399397423288,False,True,16.0,22.0,36.0,0.9086910672377201,3.076056513841886,0,0,apf,kerb,5088,True,standard,1.0488022999998066,0,0.0,optimized,2.0
goal,True,21.859999999999623,36.024128582244096,1.648957869023641,2.086846956013322,0.7287326741389393,0.1931635996588308,False,0.0,,,0.3765471739779113,1093,kerb,5089,0.09429012646285188,True,False,16.0,22.0,36.0,0.7969012135678066,3.4746629759075462,0,0,apf,kerb,5089,True,standard,1.1700906000041869,0,0.0,optimized,2.0
goal,True,21.53999999999963,36.031137183625106,1.673901481702571,1.045179202287146,0.0910312210922796,0.1260790970433359,False,0.0,,,0.3489600036419669,1077,kerb,5090,0.10694230984683592,True,True,16.0,22.0,36.0,0.812731185705469,3.0192451758830843,0,0,apf,kerb,5090,True,standard,1.107748199996422,0,0.0,optimized,2.0
goal,True,21.219999999999636,36.03524400282261,1.6991001401669015,3.456807179947168,0.8282843704398795,0.2530705626418348,True,0.000942507068803016,,,0.3814019780305744,1061,kerb,5091,0.12595635124475552,False,False,16.0,22.0,36.0,0.8747085205182346,3.2140859613197943,0,0,apf,kerb,5091,True,standard,1.0703324999994948,0,0.0,optimized,2.0
goal,True,21.879999999999622,36.03561164178982,1.647801728635423,2.050181544045513,0.6354621525333491,0.2044406516837313,False,0.0,,,0.3827155591316757,1094,kerb,5092,0.09242072970107329,False,False,16.0,22.0,36.0,0.8347057354303752,3.6104146276233733,0,0,apf,kerb,5092,True,standard,1.111148999996658,0,0.0,optimized,2.0
goal,True,20.97999999999964,36.00493727980721,1.7171935993632776,1.1093031088574234,0.568153353334023,0.1568738468215723,False,0.0,,,0.3552028971908335,1049,kerb,5093,0.131855067058124,False,True,16.0,22.0,36.0,0.7027821538503214,4.517424137019871,0,0,apf,kerb,5093,True,standard,1.1131439000018872,0,0.0,optimized,2.0
goal,True,21.05999999999964,36.02015613963043,1.7115259372246767,1.1116922604351689,0.5480869857379341,0.1559267013381481,False,0.0,,,0.3547734164459059,1053,kerb,5094,0.12799374054937587,False,True,16.0,22.0,36.0,0.759548402527707,4.534496637945709,0,0,apf,kerb,5094,True,standard,1.0975898999968194,0,0.0,optimized,2.0
goal,True,21.57999999999963,36.04020865430962,1.6710952282448754,2.566195062265494,0.5641868006365409,0.20511436047388415,False,0.0,,,0.38204659080683995,1079,kerb,5095,0.11500065702869129,True,False,16.0,22.0,36.0,0.7038176926854574,4.7716698558317745,0,0,apf,kerb,5095,True,standard,1.106785399999353,0,0.0,optimized,2.0
goal,True,21.439999999999632,36.01990024242007,1.6810493213114222,2.993437846529098,0.7471182301970847,0.20567890448253612,False,0.0,,,0.37383234688580863,1072,kerb,5096,0.1240763121473265,True,False,16.0,22.0,36.0,1.0818708535353732,4.332364566134115,0,0,apf,kerb,5096,True,standard,1.1321928999968804,0,0.0,optimized,2.0
goal,True,20.919999999999643,36.021504818123766,1.7232312201972129,1.027881839401649,0.09911218691071842,0.11989454851250145,False,0.0,,,0.3444498925737656,1046,kerb,5097,0.14602377237337144,True,True,16.0,22.0,36.0,1.0513529123167236,3.996850644935159,0,0,apf,kerb,5097,True,standard,1.0258684999935213,0,0.0,optimized,2.0
goal,True,21.399999999999633,36.02058818496943,1.6840592110118804,2.630708726830738,0.6503509999173576,0.21397316349052567,False,0.0,,,0.3744719140959442,1070,kerb,5098,0.11086834856947003,False,False,16.0,22.0,36.0,1.071515063165253,3.7814489751499796,0,0,apf,kerb,5098,True,standard,1.0702662000039709,0,0.0,optimized,2.0
goal,True,21.799999999999624,36.041495801988745,1.6542156989987016,2.174063218953742,0.5497558404140196,0.20617500298832603,False,0.0,,,0.3779515285162522,1090,kerb,5099,0.093374672767738,False,False,16.0,22.0,36.0,0.9961736911557313,3.2102618071198448,0,0,apf,kerb,5099,True,standard,1.092856600000232,0,0.0,optimized,2.0
stall,False,43.4800000000012,13.362445632869733,0.3042887012592259,1.0567215403555048,0.07756560909277833,0.1157394698414803,False,0.0,0.22596531516442223,,0.44891939669143355,2174,crowded,5000,0.0,False,False,1000.0,1000.0,36.0,0.8421893577539279,3.1106926377148136,6,1,apf,crowded,5000,True,standard,3.5910973999998532,1721,0.7916283348666053,optimized,2.0
goal,True,37.56000000000027,37.188451852652996,0.9833466724566311,1.0565629223530453,0.08046481094530501,0.17533902125922204,False,0.0,0.2058451690726086,,0.6461369341322505,1878,crowded,5001,0.0,False,False,1000.0,1000.0,36.0,1.0085497877150973,3.463029867560513,5,2,apf,crowded,5001,True,standard,2.9987698000040837,1275,0.6789137380191693,optimized,2.0
goal,True,28.07999999999949,36.759476677262086,1.305623458129011,1.0406051851190952,0.07880557816042004,0.17851259346116413,False,0.0,0.32762753792057187,,0.5861118220263712,1404,crowded,5002,0.0,False,False,1000.0,1000.0,36.0,1.006598628122048,3.903147756916806,6,1,apf,crowded,5002,True,standard,2.1467276999974274,370,0.26353276353276356,optimized,2.0
goal,True,35.86000000000001,37.182604658097816,1.0296535942879252,1.049937917923195,0.07680088684088565,0.19183503911184313,False,0.0,0.2533276820075444,,0.6383411193453221,1793,crowded,5003,0.0,False,False,1000.0,1000.0,36.0,0.7517930892575723,3.7871843554365645,6,1,apf,crowded,5003,True,standard,2.8036941999962437,872,0.48633575013943114,optimized,2.0
collision,False,9.259999999999891,11.058346183920184,1.185957437408237,1.0724050239871739,0.08023039406576662,0.23803879253906673,False,0.0,-0.001608842199089744,pedestrian,0.21075244205826127,463,crowded,5004,0.0,False,False,1000.0,1000.0,36.0,0.890305269851523,3.167338564992484,5,1,apf,crowded,5004,True,standard,0.733930499998678,248,0.5356371490280778,optimized,2.0
stall,False,16.85999999999973,3.3503100698433985,0.197573199861609,1.0694825775950512,0.08032628504058675,0.11588939049059897,False,0.0,0.10602351050156444,,0.1776143626978022,843,crowded,5005,0.0,False,False,1000.0,1000.0,36.0,0.9124810113829057,3.4541322103790937,6,2,apf,crowded,5005,True,standard,1.454165600000124,743,0.8813760379596679,optimized,2.0
goal,True,37.580000000000275,37.1823729600607,0.9834536313563339,0.9854126333091349,0.08462141400992236,0.1788008026487834,False,0.0,0.21026364955727755,,0.6428270484584341,1879,crowded,5006,0.0,False,False,1000.0,1000.0,36.0,0.878948645244961,4.724539790888749,5,1,apf,crowded,5006,True,standard,2.9115222999971593,633,0.3368813198509846,optimized,2.0
collision,False,10.099999999999874,17.178410443831233,1.6985754083762379,0.9402228956065337,0.07744516324765414,0.1537675530349495,False,0.0,-0.011585428421498428,pedestrian,0.16533133847587686,505,crowded,5007,0.0,False,False,1000.0,1000.0,36.0,0.7003099757032973,4.832701252556141,3,1,apf,crowded,5007,True,standard,0.7070695000002161,81,0.1603960396039604,optimized,2.0
goal,True,27.039999999999512,37.212053853502454,1.3690300391587393,0.996759901099065,0.07551279034920312,0.16192738877506901,False,0.0,0.20007749456405968,,0.4893100310641531,1352,crowded,5008,0.0,False,False,1000.0,1000.0,36.0,0.7780156087365453,4.103977423040574,3,1,apf,crowded,5008,True,standard,2.0525218000038876,321,0.23742603550295857,optimized,2.0
goal,True,29.339999999999463,37.13546231865886,1.259364270940355,1.0582964840799831,0.08066694504198864,0.16285081467304252,False,0.0,0.038875897324172765,,0.5395541384759935,1467,crowded,5009,0.0,False,False,1000.0,1000.0,36.0,0.9689358374482765,3.4873356243580726,5,1,apf,crowded,5009,True,standard,2.212861800006067,510,0.3476482617586912,optimized,2.0
goal,True,31.999999999999407,37.08015939094391,1.1534757188388267,1.0265160484867417,0.07046586277137329,0.17441532478000887,False,0.0,0.3398788353857336,,0.5616491680845044,1600,crowded,5010,0.0,False,False,1000.0,1000.0,36.0,0.7051556442607216,3.7667485448765166,4,2,apf,crowded,5010,True,standard,2.4686029000004055,300,0.1875,optimized,2.0
stall,False,34.699999999999825,20.22531487423795,0.5794555276006731,1.0027606653636199,0.07748653221528443,0.12001619486636468,False,0.0,0.015133243033826155,,0.43133400452620524,1735,crowded,5011,0.0,False,False,1000.0,1000.0,36.0,0.8328891001551972,4.081364643336002,3,2,apf,crowded,5011,True,standard,2.8042067999995197,1313,0.7567723342939481,optimized,2.0
goal,True,34.61999999999981,36.966087743259784,1.0631226505726172,0.9994015316422162,0.08794863079403346,0.1508896122436555,False,0.0,0.3246644226299076,,0.530465640837082,1731,crowded,5012,0.0,False,False,1000.0,1000.0,36.0,1.0932146650543806,4.746887235560902,5,1,apf,crowded,5012,True,standard,2.62269030000607,964,0.5569035239745812,optimized,2.0
goal,True,43.80000000000125,38.08946928183241,0.8610074093138004,1.0897447931736335,0.08451748233172053,0.19525223213083392,False,0.0,0.14161657632502198,,0.7587219663372349,2190,crowded,5013,0.0,False,False,1000.0,1000.0,36.0,0.9965686471139685,4.558301693417866,5,1,apf,crowded,5013,True,standard,3.45859670000209,968,0.4420091324200913,optimized,2.0
goal,True,51.42000000000244,37.58186136409006,0.7247205621972104,1.0347556638532585,0.08204203152751655,0.14810058583044228,False,0.0,0.049531384949886265,,0.7757209224371828,2571,crowded,5014,0.0,False,False,1000.0,1000.0,36.0,1.0079404557952962,4.248689932953564,4,2,apf,crowded,5014,True,standard,4.048440600003232,1272,0.49474912485414235,optimized,2.0
goal,True,40.3000000000007,37.05476023346792,0.9152915086712423,1.0140805445109684,0.07062904580040856,0.16353156749134617,False,0.0,0.29231234498385295,,0.6529559859373801,2015,crowded,5015,0.0,False,False,1000.0,1000.0,36.0,0.7129585808151011,3.616554150795544,6,1,apf,crowded,5015,True,standard,3.219697200001974,1008,0.5002481389578164,optimized,2.0
stall,False,17.619999999999713,4.993384009915962,0.2825767801999461,1.0260585168127034,0.0853555010403121,0.10873049990855937,False,0.0,0.10449121378136547,,0.18898242543886107,881,crowded,5016,0.0,False,False,1000.0,1000.0,36.0,1.0824496477512628,4.4970018275504655,4,2,apf,crowded,5016,True,standard,1.4586727999994764,752,0.8535754824063564,optimized,2.0
stall,False,33.07999999999957,20.411866269356715,0.609135248294734,1.067508513259191,0.08084014727720923,0.1666576665757175,False,0.0,0.09476976022447206,,0.4997297669498159,1654,crowded,5017,0.0,False,False,1000.0,1000.0,36.0,1.0313683035167758,3.069327793573069,6,2,apf,crowded,5017,True,standard,2.6709370000025956,1088,0.6577992744860943,optimized,2.0
goal,True,46.76000000000171,37.91734678185389,0.8030314596268503,1.0293866451656002,0.07729603939977744,0.17998010416741034,False,0.0,0.3019538902113784,,0.8483646506790563,2338,crowded,5018,0.0,False,False,1000.0,1000.0,36.0,0.8519960097254107,3.741644975951466,4,1,apf,crowded,5018,True,standard,3.6209760999990976,1070,0.4576561163387511,optimized,2.0
goal,True,54.04000000000285,38.246653981555006,0.7016279833659023,0.9790771485863933,0.08374479369998486,0.15240034249337372,False,0.0,0.007383900121532699,,0.8664057044797224,2702,crowded,5019,0.0,False,False,1000.0,1000.0,36.0,0.7749984328665865,4.6919924902412244,6,1,apf,crowded,5019,True,standard,4.403994300002523,2023,0.7487046632124352,optimized,2.0
goal,True,43.16000000000115,37.03142324671226,0.8517479234239979,1.00810336704329,0.0759865309214056,0.15803465053767252,False,0.0,0.018000443190374193,,0.6378496925765007,2158,crowded,5020,0.0,False,False,1000.0,1000.0,36.0,0.7248282467948968,4.082261203094857,6,1,apf,crowded,5020,True,standard,3.3218421999990824,926,0.42910101946246526,optimized,2.0
goal,True,32.31999999999945,37.2539288894583,1.1471197481003081,1.0304050324274596,0.07938357691365114,0.14003075317890007,False,0.0,0.19005219652424543,,0.4967271452098746,1616,crowded,5021,0.0,False,False,1000.0,1000.0,36.0,0.9140104345757991,3.9670663971291336,5,1,apf,crowded,5021,True,standard,2.42406420000043,496,0.3069306930693069,optimized,2.0
collision,False,13.07999999999981,14.319749420364031,1.0884524861059788,1.0061691972807778,0.07770529507008395,0.1777594418998741,False,0.0,-0.0031008855101639365,pedestrian,0.22482301713396163,654,crowded,5022,0.0,False,False,1000.0,1000.0,36.0,0.8496203871888334,4.16327064677573,5,2,apf,crowded,5022,True,standard,1.0646125999992364,351,0.536697247706422,optimized,2.0
stall,False,32.85999999999954,22.27209178103856,0.6742754805330943,0.9719817435857574,0.08454783518808506,0.09846524574620176,False,0.0,0.09216999960914107,,0.37421435308772877,1643,crowded,5023,0.0,False,False,1000.0,1000.0,36.0,0.8171074644897484,4.845944573728948,5,2,apf,crowded,5023,True,standard,2.747537999995984,1099,0.6688983566646378,optimized,2.0
goal,True,43.280000000001166,37.276784362802324,0.8540891180589985,1.005952374756004,0.08104970673303062,0.17935065507642994,False,0.0,0.20019611930911013,,0.7607299418587048,2164,crowded,5024,0.0,False,False,1000.0,1000.0,36.0,0.8109383252924722,4.478913919082471,3,2,apf,crowded,5024,True,standard,3.4047836999961874,1115,0.5152495378927912,optimized,2.0
goal,True,20.019999999999662,36.49608736240278,1.8206727792637671,0.9891045788789906,0.08682871630161362,0.13804567228179468,False,0.0,0.46728671584951187,,0.3293507872650452,1001,crowded,5025,0.0,False,False,1000.0,1000.0,36.0,0.9732104368642298,4.750233220361416,4,1,apf,crowded,5025,True,standard,1.4428562999964925,0,0.0,optimized,2.0
goal,True,43.88000000000126,37.44420123406989,0.8456529469193599,0.9776131819608431,0.07575831804831751,0.18434164230259445,False,0.0,0.18344618240875873,,0.7755803720897408,2194,crowded,5026,0.0,False,False,1000.0,1000.0,36.0,0.7262499636679371,4.307968225800889,4,1,apf,crowded,5026,True,standard,3.4074354999975185,871,0.39699179580674565,optimized,2.0
goal,True,44.56000000000137,38.338451981245385,0.8518679390848035,1.0149356093532884,0.07580211982043746,0.17199021601699097,False,0.0,0.21582412513740393,,0.7706408780614944,2228,crowded,5027,0.0,False,False,1000.0,1000.0,36.0,0.876142603073939,3.7904107308165678,5,1,apf,crowded,5027,True,standard,3.495718299993314,807,0.3622082585278277,optimized,2.0
goal,True,48.04000000000191,36.78692349684069,0.7616257582313657,1.0010043078672566,0.08598244032946736,0.13623387749030513,False,0.0,0.1252013762896161,,0.6564295978318289,2402,crowded,5028,0.0,False,False,1000.0,1000.0,36.0,1.0334928486032917,4.609884125974756,6,1,apf,crowded,5028,True,standard,3.8534062999970047,1634,0.6802664446294754,optimized,2.0
stall,False,44.86000000000141,30.120782141968157,0.6665049691947769,1.03617302373271,0.07904040295664183,0.11986287313487912,False,0.0,0.17474018620949192,,0.5550081999258825,2243,crowded,5029,0.0,False,False,1000.0,1000.0,36.0,0.8960683121439519,3.612757000380382,4,2,apf,crowded,5029,True,standard,3.4103545999969356,1658,0.739188586714222,optimized,2.0
goal,True,26.499999999999524,36.9840079542563,1.389389384476302,1.016065287987814,0.07785457323973072,0.18704236300345137,False,0.0,0.3450883895888788,,0.5038782340910098,1325,crowded,5030,0.0,False,False,1000.0,1000.0,36.0,0.702641268886089,3.5741138987672745,5,1,apf,crowded,5030,True,standard,1.9912072000006447,334,0.25207547169811323,optimized,2.0
collision,False,20.15999999999966,16.129575864472873,0.792103016633927,1.0446864605769777,0.08189956600132303,0.2205911248286134,False,0.0,-0.0015195426273265922,pedestrian,0.4203028117986563,1008,crowded,5031,0.0,False,False,1000.0,1000.0,36.0,1.0541886438268662,3.7270554480582403,4,2,apf,crowded,5031,True,standard,1.6335909999979776,588,0.5833333333333334,optimized,2.0
stall,False,25.899999999999537,7.304584752289717,0.27752058320290734,0.9987340043097888,0.08194813312708824,0.1584485590305662,False,0.0,0.1705318103767313,,0.345626492765916,1295,crowded,5032,0.0,False,False,1000.0,1000.0,36.0,0.8808706052658889,4.3792262715010075,5,1,apf,crowded,5032,True,standard,2.1427253000001656,978,0.7552123552123552,optimized,2.0
goal,True,30.39999999999944,36.956651776069364,1.2111814952596285,1.0388384839907783,0.07752866229701859,0.12918643869933505,False,0.0,0.1241485625231423,,0.4433527182932231,1520,crowded,5033,0.0,False,False,1000.0,1000.0,36.0,1.0836130709500158,3.666279579977531,3,1,apf,crowded,5033,True,standard,2.1808552000002237,248,0.1631578947368421,optimized,2.0
stall,False,24.37999999999957,9.389959648637264,0.38202905497532647,1.0073236747019938,0.07202599694527698,0.11411591654446221,False,0.0,0.025687513168720866,,0.2609775678092557,1219,crowded,5034,0.0,False,False,1000.0,1000.0,36.0,0.7665500295059827,3.804995479071652,5,2,apf,crowded,5034,True,standard,2.027107000001706,978,0.8022969647251845,optimized,2.0
goal,True,49.8800000000022,38.68647534295512,0.7660098275439152,1.0134452590315697,0.07671871902666466,0.19437791030893986,False,0.0,0.13279411401506444,,0.9006022220011075,2494,crowded,5035,0.0,False,False,1000.0,1000.0,36.0,0.9199233332386492,4.156022809768874,5,1,apf,crowded,5035,True,standard,4.037232900001982,1294,0.5188452285485164,optimized,2.0
goal,True,35.03999999999988,37.78727032752472,1.070990387828088,1.0495128347299851,0.08506760728934606,0.18606896329408568,False,0.0,0.2698453058886812,,0.6355423076819611,1752,crowded,5036,0.0,False,False,1000.0,1000.0,36.0,1.0648143012996332,4.3024889064133,3,1,apf,crowded,5036,True,standard,2.577430199999071,631,0.3601598173515982,optimized,2.0
stall,False,19.739999999999668,3.9585410833208394,0.19808966553569926,0.9581236142894498,0.07871032430822615,0.11983860273404219,False,0.0,0.08447654948968242,,0.2169308293414733,987,crowded,5037,0.0,False,False,1000.0,1000.0,36.0,0.7092210370314546,4.854865496269261,5,2,apf,crowded,5037,True,standard,1.568182799994247,884,0.8956433637284701,optimized,2.0
goal,True,41.360000000000866,37.009292552664526,0.8896881831456128,1.0117170001754707,0.09063172790455679,0.16869277774775088,False,0.0,0.33389746826779465,,0.7101552109540634,2068,crowded,5038,0.0,False,False,1000.0,1000.0,36.0,1.0555417311834316,4.89287011986292,3,1,apf,crowded,5038,True,standard,3.2585758000059286,1144,0.5531914893617021,optimized,2.0
goal,True,61.66000000000404,38.81087677808373,0.6214568494404454,1.0234257014629369,0.07439749509639954,0.173550546749588,False,0.0,0.20499413004186137,,1.005803884643409,3083,crowded,5039,0.0,False,False,1000.0,1000.0,36.0,0.9402582229555535,3.6144856875598865,6,2,apf,crowded,5039,True,standard,5.006120700003521,2092,0.6785598443074927,optimized,2.0
goal,True,25.019999999999555,36.937196378764874,1.4696127726246413,1.0673256302436553,0.08104531431788088,0.19516821289559935,False,0.0,0.31467837232696305,,0.5012939866878469,1251,crowded,5040,0.0,False,False,1000.0,1000.0,36.0,0.9712075052113058,3.1920688461343363,4,2,apf,crowded,5040,True,standard,1.7985506000040914,232,0.18545163868904876,optimized,2.0
goal,True,48.40000000000197,37.83904393037699,0.7739122756309194,1.0394483484388553,0.07619688443592605,0.2005733320240785,False,0.0,0.13326042997604562,,0.8868092188101816,2420,crowded,5041,0.0,False,False,1000.0,1000.0,36.0,0.7917534446414414,3.1247853346898227,5,2,apf,crowded,5041,True,standard,3.7382194999954663,1191,0.4921487603305785,optimized,2.0
goal,True,44.420000000001345,37.67023342638563,0.8401231123037537,1.0577481704068752,0.07826948304934478,0.1910079938903596,False,0.0,0.2481114125757987,,0.835809063764036,2221,crowded,5042,0.0,False,False,1000.0,1000.0,36.0,0.9598932040906721,3.486030199242384,5,1,apf,crowded,5042,True,standard,3.452353300002869,1212,0.5457001350742908,optimized,2.0
goal,True,33.19999999999959,37.36158857886822,1.119353836872641,1.0263169196128163,0.07959596546927246,0.15473792174121245,False,0.0,0.00024820467897851417,,0.5690307717384951,1660,crowded,5043,0.0,False,False,1000.0,1000.0,36.0,1.0898186350139498,4.0020376195110305,3,2,apf,crowded,5043,True,standard,2.4809439000018756,650,0.39156626506024095,optimized,2.0
goal,True,35.079999999999885,37.50279958196635,1.0624563065850752,1.048783293385198,0.08004947333953605,0.15656840942525477,False,0.0,0.051741784919954625,,0.5641973583813975,1754,crowded,5044,0.0,False,False,1000.0,1000.0,36.0,1.0178429474867148,3.6549452422762707,3,2,apf,crowded,5044,True,standard,2.6066401999996742,435,0.24800456100342075,optimized,2.0
stall,False,22.639999999999606,7.843346009288226,0.3442641369386565,1.0237056183399371,0.07369855875795006,0.12140454855510235,False,0.0,0.0648256073203658,,0.24716281255820324,1132,crowded,5045,0.0,False,False,1000.0,1000.0,36.0,0.7659494631232381,3.545543304209088,5,2,apf,crowded,5045,True,standard,1.6928817999942112,929,0.8206713780918727,optimized,2.0
collision,False,5.399999999999973,6.752571104879028,1.2493940997330264,1.043366605638463,0.07743751405721738,0.24313601366634446,False,0.0,-0.0010035494590230343,obstacle,0.15298183282673106,270,crowded,5046,0.0,False,False,1000.0,1000.0,36.0,0.9011545969108519,3.3327744218409308,4,2,apf,crowded,5046,True,standard,0.41557750000356464,82,0.3037037037037037,optimized,2.0
stall,False,26.67999999999952,13.329806318651565,0.4964885040605605,1.0839680061513037,0.0814877376808726,0.1211522163342921,False,0.0,0.22430427072215756,,0.30429484418217395,1334,crowded,5047,0.0,False,False,1000.0,1000.0,36.0,0.9983218093282231,3.1410251815083683,3,1,apf,crowded,5047,True,standard,2.0150888999996823,968,0.7256371814092953,optimized,2.0
goal,True,34.119999999999735,37.15877223913935,1.0836054845961745,1.0595331062722344,0.08071273873121275,0.1448366467414939,False,0.0,0.37745959701246146,,0.5207589605946067,1706,crowded,5048,0.0,False,False,1000.0,1000.0,36.0,1.0213876505575938,3.411304677538264,4,1,apf,crowded,5048,True,standard,2.406333699997049,432,0.2532239155920281,optimized,2.0
goal,True,38.76000000000046,37.19402714765315,0.952402599400798,1.0341365760506849,0.07736407763890721,0.1700052298864626,False,0.0,0.09437170720343821,,0.6057712963539044,1938,crowded,5049,0.0,False,False,1000.0,1000.0,36.0,0.7517994105580714,3.1978602646371006,6,2,apf,crowded,5049,True,standard,3.111667299999681,1267,0.653766769865841,optimized,2.0
goal,True,67.5200000000037,38.452603070000265,0.5622400511776036,1.0145365972875686,0.07866362396991389,0.16872018262791805,False,0.0,0.005144491557320302,,1.0191532936404177,3376,crowded,5050,0.0,False,False,1000.0,1000.0,36.0,0.8591909328138473,4.110811346493778,5,1,apf,crowded,5050,True,standard,5.284060900004988,1860,0.5509478672985783,optimized,2.0
goal,True,29.239999999999466,37.50510088009262,1.2735098778983835,1.0247952532169131,0.07651061691656243,0.2048958520719727,False,0.0,0.24680986937642324,,0.6290792175064148,1462,crowded,5051,0.0,False,False,1000.0,1000.0,36.0,0.8470793717637798,3.4696736983662753,3,2,apf,crowded,5051,True,standard,2.155270000002929,431,0.2948016415868673,optimized,2.0
goal,True,48.72000000000202,38.14836369084831,0.7765844654952433,0.979117283425829,0.08746733440575652,0.1477080696672064,False,0.0,0.05999397889118771,,0.6592401440567514,2436,crowded,5052,0.0,False,False,1000.0,1000.0,36.0,0.9377640601298551,4.903101107035168,5,2,apf,crowded,5052,True,standard,3.7580551999999443,940,0.38587848932676516,optimized,2.0
goal,True,39.440000000000566,37.51769396581719,0.9467307836002188,0.9872222982640516,0.07927374400738836,0.1229046764701016,False,0.0,0.0932198204368393,,0.5292612913396129,1972,crowded,5053,0.0,False,False,1000.0,1000.0,36.0,0.8890868185879244,4.381330884174664,6,2,apf,crowded,5053,True,standard,3.069453700001759,800,0.4056795131845842,optimized,2.0
goal,True,29.759999999999454,36.88466444462826,1.2349618411804537,0.9992172494955429,0.07806008922830067,0.15613201599382373,False,0.0,0.17263166264677385,,0.48725427507780916,1488,crowded,5054,0.0,False,False,1000.0,1000.0,36.0,0.8256418136260787,4.113300036428866,5,1,apf,crowded,5054,True,standard,2.1738770000010845,342,0.22983870967741934,optimized,2.0
goal,True,43.32000000000117,38.18414172779091,0.8734522624256222,1.0571979152287432,0.08233482771195726,0.17248601479344064,False,0.0,0.28151081048922155,,0.73790847111255,2166,crowded,5055,0.0,False,False,1000.0,1000.0,36.0,1.0471282526832821,3.420582573190744,6,1,apf,crowded,5055,True,standard,3.3505702999973437,1094,0.5050784856879039,optimized,2.0
goal,True,46.540000000001676,38.1902992284177,0.8120039607989743,1.0307710895576159,0.07696352327121836,0.181059365416298,False,0.0,0.2811082063036632,,0.7994704883841197,2327,crowded,5056,0.0,False,False,1000.0,1000.0,36.0,0.891086723699156,3.5916894807551056,3,2,apf,crowded,5056,True,standard,3.4718361999985063,1157,0.4972067039106145,optimized,2.0
goal,True,27.21999999999951,36.62258017032579,1.3404851094988905,1.0822095140120696,0.07931250789206583,0.19072206331059022,False,0.0,0.10037648995572765,,0.5402654942045425,1361,crowded,5057,0.0,False,False,1000.0,1000.0,36.0,0.7886726452745311,3.003224526127708,3,1,apf,crowded,5057,True,standard,2.0050714000026346,312,0.2292432035268185,optimized,2.0
goal,True,31.39999999999942,36.75938106510282,1.1664568216218996,1.028979368793369,0.07691392404296124,0.16147753334796558,False,0.0,0.14768777950494946,,0.5799239713783392,1570,crowded,5058,0.0,False,False,1000.0,1000.0,36.0,0.9098807370435502,3.73068557622015,6,1,apf,crowded,5058,True,standard,2.4177453000011155,590,0.37579617834394907,optimized,2.0
collision,False,28.13999999999949,18.569256636857954,0.652819455524042,0.9803395111018443,0.08813361232507935,0.15170692444774664,False,0.0,-0.0008682779401779639,pedestrian,0.3951705531694756,1407,crowded,5059,0.0,False,False,1000.0,1000.0,36.0,0.9012639362358253,4.957237543027349,3,2,apf,crowded,5059,True,standard,2.218890799995279,572,0.40653873489694387,optimized,2.0
goal,True,30.89999999999943,38.02397957342562,1.2213488482234633,1.019395406162748,0.07676497143535141,0.1793486004118764,False,0.0,0.20212218346213692,,0.6151474263046336,1545,crowded,5060,0.0,False,False,1000.0,1000.0,36.0,0.8376462876131555,3.7326058238479085,4,1,apf,crowded,5060,True,standard,2.2424946000028285,530,0.343042071197411,optimized,2.0
stall,False,50.42000000000228,22.384526205756387,0.4381781115404235,1.057558535236157,0.07913025000659027,0.15678470904150996,False,0.0,0.2511229150164026,,0.6737555733020437,2521,crowded,5061,0.0,False,False,1000.0,1000.0,36.0,1.0911674506139513,3.3022139240992363,4,2,apf,crowded,5061,True,standard,4.037928400000965,1544,0.6124553748512495,optimized,2.0
goal,True,46.24000000000163,37.232400488195196,0.7987414982245622,1.0188405568670424,0.08111349728309689,0.18342414814836575,False,0.0,0.04080141695481013,,0.8130690770494846,2312,crowded,5062,0.0,False,False,1000.0,1000.0,36.0,0.9993468346705692,4.2770388427792305,6,1,apf,crowded,5062,True,standard,3.607382800000778,1472,0.6366782006920415,optimized,2.0
goal,True,28.09999999999949,36.972939898741984,1.3115809816837884,0.9683178951593313,0.08330718008754662,0.16253636850749323,False,0.0,0.3549794961803495,,0.5214179457660246,1405,crowded,5063,0.0,False,False,1000.0,1000.0,36.0,0.7330288069420039,4.928957495797438,5,2,apf,crowded,5063,True,standard,2.1262617000029422,317,0.22562277580071174,optimized,2.0
goal,True,50.86000000000235,37.462709355127004,0.7314674556515796,0.9656345337998807,0.07403195013874657,0.14920780852531929,False,0.0,0.02783128178624844,,0.7319927385580559,2543,crowded,5064,0.0,False,False,1000.0,1000.0,36.0,0.7150441580757758,4.5863073577415205,5,2,apf,crowded,5064,True,standard,4.095902000000933,1326,0.521431380259536,optimized,2.0
stall,False,22.339999999999613,7.138820350824497,0.3159539874798339,0.9659023497242304,0.08511598844908116,0.13597194646302904,False,0.0,0.0769126021679602,,0.28592332150767663,1117,crowded,5065,0.0,False,False,1000.0,1000.0,36.0,0.8035442786646663,4.8563894445347895,4,2,apf,crowded,5065,True,standard,1.7129759000017657,904,0.8093106535362579,optimized,2.0
goal,True,68.20000000000357,37.994456617994416,0.5502656915675651,1.1914311937837252,0.0799385159433648,0.18281199980847365,False,0.0,0.06359848189400993,,1.082332745477613,3410,crowded,5066,0.0,False,False,1000.0,1000.0,36.0,0.937066294483499,3.9869918481657125,6,2,apf,crowded,5066,True,standard,5.522514999996929,2172,0.636950146627566,optimized,2.0
goal,True,36.82000000000016,36.97177849438927,0.9984463960858189,0.9898897224535912,0.09161513360573909,0.1674887534327492,False,0.0,0.10356101387221003,,0.6210201118375738,1841,crowded,5067,0.0,False,False,1000.0,1000.0,36.0,1.0106291334825726,4.98601841338545,5,1,apf,crowded,5067,True,standard,2.790405899999314,1146,0.6224877783813145,optimized,2.0
stall,False,39.52000000000058,22.08904314110998,0.553289198240737,1.0225429043501764,0.07650242312573552,0.14882632037841534,False,0.0,0.16446515211977178,,0.5638641447977248,1976,crowded,5068,0.0,False,False,1000.0,1000.0,36.0,0.8970326161018014,3.68361918406922,5,1,apf,crowded,5068,True,standard,3.0323776999939582,1282,0.6487854251012146,optimized,2.0
goal,True,35.63999999999997,37.03612827497451,1.0327847884879289,0.9978103779912599,0.07663293179163248,0.16733673669632096,False,0.0,0.34207000181500646,,0.594118654903479,1782,crowded,5069,0.0,False,False,1000.0,1000.0,36.0,0.7403470360296646,4.211614650645206,4,1,apf,crowded,5069,True,standard,2.6989902000059374,817,0.45847362514029183,optimized,2.0
stall,False,27.499999999999503,15.782182598363875,0.5732824558465829,1.0656151058660808,0.07837479745227259,0.12171771673354,False,0.0,0.10130380038507425,,0.34216442553310855,1375,crowded,5070,0.0,False,False,1000.0,1000.0,36.0,0.8627394964655488,3.014792907872379,3,2,apf,crowded,5070,True,standard,2.0866494000001694,1205,0.8763636363636363,optimized,2.0
stall,False,46.980000000001745,20.973153136210186,0.4418250362144999,1.0184624038744854,0.07722005206718618,0.14574302133550704,False,0.0,0.12353790735827883,,0.6148801768435742,2349,crowded,5071,0.0,False,False,1000.0,1000.0,36.0,0.7508349199984138,4.164918454437569,6,1,apf,crowded,5071,True,standard,3.7164186000009067,1809,0.7701149425287356,optimized,2.0
goal,True,48.900000000002045,38.179390805095956,0.7731943274811556,1.0044984596091957,0.08681413396673279,0.1421619931367417,False,0.0,0.1197690609239841,,0.7400871527926277,2445,crowded,5072,0.0,False,False,1000.0,1000.0,36.0,1.0845422517924654,4.727316696900118,4,2,apf,crowded,5072,True,standard,3.7977818000072148,841,0.3439672801635992,optimized,2.0
goal,True,28.11999999999949,37.54458801061392,1.3267032662671518,1.0199540985311781,0.07452745378322177,0.16837371406147056,False,0.0,0.16035335839103504,,0.5069087495283752,1406,crowded,5073,0.0,False,False,1000.0,1000.0,36.0,0.7450583759123013,3.615451791111634,3,2,apf,crowded,5073,True,standard,2.074704099999508,272,0.1934566145092461,optimized,2.0
goal,True,38.12000000000036,36.97148277851772,0.9634149550761082,0.9754846139113357,0.08560427628497382,0.1696400679737537,False,0.0,0.041725259384807506,,0.6965959637544548,1906,crowded,5074,0.0,False,False,1000.0,1000.0,36.0,0.847212170166827,4.87418254885662,5,2,apf,crowded,5074,True,standard,2.9833175000021583,1058,0.5550891920251836,optimized,2.0
goal,True,29.279999999999465,37.479808507175655,1.2736911372149224,1.006826214458447,0.08085486771913676,0.14690841386887035,False,0.0,0.2769649423976452,,0.5179440982762816,1464,crowded,5075,0.0,False,False,1000.0,1000.0,36.0,0.9218759880118024,4.235974977511892,5,2,apf,crowded,5075,True,standard,2.2758572999955504,845,0.5771857923497268,optimized,2.0
stall,False,26.359999999999527,16.028184117890866,0.6048271095508835,0.997068874725874,0.085266335113333,0.12625682006055333,False,0.0,0.23785821205990576,,0.42164429120860447,1318,crowded,5076,0.0,False,False,1000.0,1000.0,36.0,1.0292612569337438,4.688945080828985,6,1,apf,crowded,5076,True,standard,2.108086000000185,1035,0.7852807283763278,optimized,2.0
goal,True,41.84000000000094,37.48973559835014,0.8895442388924647,0.9788133585722805,0.08102869502854465,0.15765909500062472,False,0.0,0.18020025298794679,,0.7178440302249558,2092,crowded,5077,0.0,False,False,1000.0,1000.0,36.0,0.7481831815301382,4.683266037657667,5,2,apf,crowded,5077,True,standard,3.302739799997653,899,0.4297323135755258,optimized,2.0
goal,True,37.22000000000022,37.28381934595319,0.9968378333593211,1.220250618106344,0.0806386819454401,0.18975162234503326,False,0.0,0.16170391484825666,,0.6402531809635237,1861,crowded,5078,0.0,False,False,1000.0,1000.0,36.0,1.052260869021958,3.1100311875618685,5,1,apf,crowded,5078,True,standard,2.978082599998743,836,0.4492208490059108,optimized,2.0
collision,False,10.71999999999986,10.862331785233737,1.004552660467983,1.021416046298561,0.07846850841885152,0.20553506203086375,False,0.0,-0.0010932020042009882,pedestrian,0.21555181016258915,536,crowded,5079,0.0,False,False,1000.0,1000.0,36.0,0.948921384405256,4.056615073880624,4,1,apf,crowded,5079,True,standard,0.7477449000070919,253,0.47201492537313433,optimized,2.0
stall,False,17.639999999999713,4.949588620063974,0.2793653604938708,1.0353426313855536,0.08072205156084215,0.11572557710350319,False,0.0,0.22852308850011266,,0.18692929457275534,882,crowded,5080,0.0,False,False,1000.0,1000.0,36.0,0.8413522982777953,3.3399048040720363,6,1,apf,crowded,5080,True,standard,1.4427206999971531,736,0.8344671201814059,optimized,2.0
goal,True,46.220000000001626,37.68198122292459,0.810011804468878,0.9893000600127833,0.0829577796368753,0.14629735909144778,False,0.0,0.24314522996854357,,0.7435036997848185,2311,crowded,5081,0.0,False,False,1000.0,1000.0,36.0,0.857903395921944,4.654924338620467,6,1,apf,crowded,5081,True,standard,3.6256561999980477,1352,0.5850281263522285,optimized,2.0
goal,True,29.839999999999453,36.80611829175227,1.2285776282207104,0.9653529269447152,0.08102906207197781,0.15553055690104592,False,0.0,0.05610706921617767,,0.508474395919347,1492,crowded,5082,0.0,False,False,1000.0,1000.0,36.0,0.7955105971431277,4.6545013175171706,3,1,apf,crowded,5082,True,standard,2.172359199998027,528,0.353887399463807,optimized,2.0
stall,False,21.419999999999632,7.692746959719346,0.3559957127012433,0.9732022073680692,0.0838500884305194,0.12405077047982159,False,0.0,0.2511747183833929,,0.2589701512044412,1071,crowded,5083,0.0,False,False,1000.0,1000.0,36.0,0.8508672632349321,4.7793800012599625,6,1,apf,crowded,5083,True,standard,1.6236767000009422,871,0.8132586367880486,optimized,2.0
goal,True,37.640000000000285,37.28502756603137,0.9834903609422693,1.0533507200077177,0.07817011570576102,0.1922377846766749,False,0.0,0.25487295701754764,,0.6628954526189527,1882,crowded,5084,0.0,False,False,1000.0,1000.0,36.0,1.0530656978728266,3.603905821938964,3,1,apf,crowded,5084,True,standard,2.742440499998338,827,0.4394261424017003,optimized,2.0
goal,True,47.60000000000184,37.31605798055906,0.7769012113943744,1.0384606029576553,0.06513697679892479,0.18585136089348625,False,0.0,0.014925624138431959,,0.8051948001709265,2380,crowded,5085,0.0,False,False,1000.0,1000.0,36.0,0.718730957787409,3.4803602936247238,6,1,apf,crowded,5085,True,standard,3.6174489999975776,1252,0.5260504201680672,optimized,2.0
goal,True,40.720000000000766,37.53370442301217,0.9155233266368517,0.9952670984072177,0.07704331629188033,0.1416363687782696,False,0.0,0.2721421110119827,,0.6310815274341725,2036,crowded,5086,0.0,False,False,1000.0,1000.0,36.0,0.8461753811272056,4.201848831134938,4,2,apf,crowded,5086,True,standard,3.0856010999996215,1100,0.5402750491159135,optimized,2.0
goal,True,26.859999999999516,36.736994582235305,1.3625899358553422,1.0163682571729442,0.06807981548590908,0.1799932069832215,False,0.0,0.07895969302070024,,0.5077887865325323,1343,crowded,5087,0.0,False,False,1000.0,1000.0,36.0,0.7297546609361127,3.6178111164901976,4,1,apf,crowded,5087,True,standard,1.9012414999961038,252,0.18763961280714817,optimized,2.0
goal,True,28.299999999999486,37.45088674376773,1.3162450922558646,1.0522040970236846,0.08011195547134081,0.15340423481388654,False,0.0,0.18164989387297326,,0.48957874294272813,1415,crowded,5088,0.0,False,False,1000.0,1000.0,36.0,0.9086910672377201,3.076056513841886,5,2,apf,crowded,5088,True,standard,2.103015399996366,357,0.25229681978798585,optimized,2.0
collision,False,17.939999999999706,18.221127127491943,1.0066741817859206,1.0579578125661044,0.07558553225430638,0.19098180778923685,False,0.0,-0.001030871314267573,pedestrian,0.3353740531576465,897,crowded,5089,0.0,False,False,1000.0,1000.0,36.0,0.7969012135678066,3.4746629759075462,3,1,apf,crowded,5089,True,standard,1.3544412000046577,277,0.3088071348940914,optimized,2.0
goal,True,27.059999999999512,36.891077906347775,1.3587182745916944,1.1291647675986687,0.07906106008948428,0.19904403721823807,False,0.0,0.25576368327831756,,0.5779782153612131,1353,crowded,5090,0.0,False,False,1000.0,1000.0,36.0,0.812731185705469,3.0192451758830843,5,1,apf,crowded,5090,True,standard,2.1423992999989423,311,0.22985957132298596,optimized,2.0
collision,False,4.539999999999991,5.932767602922793,1.3023703909157949,1.058486683699954,0.07979107948990989,0.23974086447052873,False,0.0,-5.3532388735094694e-05,pedestrian,0.10104397986224566,227,crowded,5091,0.0,False,False,1000.0,1000.0,36.0,0.8747085205182346,3.2140859613197943,6,2,apf,crowded,5091,True,standard,0.3582354000027408,86,0.3788546255506608,optimized,2.0
goal,True,51.1800000000024,37.206772509065814,0.7212554408641648,1.0340303973558467,0.07646230196518021,0.15982730978774626,False,0.0,0.07573159396065446,,0.7902245048003868,2559,crowded,5092,0.0,False,False,1000.0,1000.0,36.0,0.8347057354303752,3.6104146276233733,5,1,apf,crowded,5092,True,standard,4.046274699998321,1355,0.5295037123876515,optimized,2.0
goal,True,31.81999999999941,37.53012272265553,1.1726861715080321,0.965568959038373,0.0737985919854338,0.15002848615729755,False,0.0,0.15740850721274002,,0.5604218186016409,1591,crowded,5093,0.0,False,False,1000.0,1000.0,36.0,0.7027821538503214,4.517424137019871,3,2,apf,crowded,5093,True,standard,2.3250603999986197,282,0.17724701445631677,optimized,2.0
goal,True,19.459999999999674,36.359009043058094,1.8669253551847553,0.9713242522401666,0.07830202296587517,0.12882506292108245,False,0.0,0.47848519368075726,,0.34469050366933823,973,crowded,5094,0.0,False,False,1000.0,1000.0,36.0,0.759548402527707,4.534496637945709,3,2,apf,crowded,5094,True,standard,1.2881756000060705,0,0.0,optimized,2.0
goal,True,32.73999999999952,36.76863226549302,1.117951749826571,0.9750656742114665,0.07875578090372135,0.1983210335480816,False,0.0,0.05352947078772782,,0.7354494244234604,1637,crowded,5095,0.0,False,False,1000.0,1000.0,36.0,0.7038176926854574,4.7716698558317745,5,1,apf,crowded,5095,True,standard,2.434067500005767,765,0.46731826511912034,optimized,2.0
stall,False,34.87999999999985,21.443299573130794,0.6117493622344952,1.0164097924375333,0.08030427205825495,0.12622037801165975,False,0.0,0.2266354440615688,,0.4312456215345729,1744,crowded,5096,0.0,False,False,1000.0,1000.0,36.0,1.0818708535353732,4.332364566134115,4,2,apf,crowded,5096,True,standard,2.6269562000015867,1213,0.6955275229357798,optimized,2.0
goal,True,35.139999999999894,37.15640186831256,1.051762444969094,1.0278821344740816,0.08339890456584864,0.16541591489185115,False,0.0,0.1320531804490988,,0.5930909966179113,1757,crowded,5097,0.0,False,False,1000.0,1000.0,36.0,1.0513529123167236,3.996850644935159,5,2,apf,crowded,5097,True,standard,2.766909999998461,741,0.4217416050085373,optimized,2.0
goal,True,27.919999999999494,36.9306416831223,1.3183470350468776,1.0619797601015522,0.08165560575381188,0.14789868176322132,False,0.0,0.39770597283387055,,0.457523529683699,1396,crowded,5098,0.0,False,False,1000.0,1000.0,36.0,1.071515063165253,3.7814489751499796,3,1,apf,crowded,5098,True,standard,1.917684799998824,241,0.17263610315186245,optimized,2.0
goal,True,21.05999999999964,36.85370310750275,1.7462191070509891,1.0659272566998745,0.08157227827289239,0.12811564891570099,False,0.0,0.25947162374125565,,0.33206219902274225,1053,crowded,5099,0.0,False,False,1000.0,1000.0,36.0,0.9961736911557313,3.2102618071198448,3,1,apf,crowded,5099,True,standard,1.4557453000015812,20,0.01899335232668566,optimized,2.0
goal,True,48.80000000000203,36.844206065218756,0.7511501997254059,2.4599439986794858,0.6668870769812771,0.21654023083698704,False,0.0,0.05817102098165064,,1.120576987608136,2440,mixed,5000,0.10063859654556317,False,False,16.0,22.0,36.0,0.8421893577539279,3.1106926377148136,3,1,apf,mixed,5000,True,standard,3.7097062000029837,577,0.23647540983606558,optimized,2.0
stall,False,52.540000000002614,26.391791685944806,0.49715657156082177,3.870275159736407,0.9348312238916727,0.2127148391047209,True,0.0006090597639893414,0.2421808391492689,,0.765205441779171,2627,mixed,5001,0.1361326555543014,False,False,16.0,22.0,36.0,1.0085497877150973,3.463029867560513,2,1,apf,mixed,5001,True,standard,4.097700599995733,1635,0.6223829463266083,optimized,2.0
off_sidewalk,False,23.33999999999959,27.091602066825004,1.1544385927659377,2.4823552914956,0.6090331049231597,0.24655471642562632,False,0.0,0.39832982484459345,,0.5278046187648048,1167,mixed,5002,0.10779195637104258,False,False,16.0,22.0,36.0,1.006598628122048,3.903147756916806,4,2,apf,mixed,5002,True,standard,1.8341921000028378,137,0.11739502999143102,optimized,2.0
off_sidewalk,False,32.779999999999525,32.1623621942939,0.9730428274738117,2.8418055901694226,0.6528902814445247,0.24856481012013032,False,0.0,0.16585154652816597,,0.6944407058512373,1639,mixed,5003,0.1152588703871631,False,False,16.0,22.0,36.0,0.7517930892575723,3.7871843554365645,3,2,apf,mixed,5003,True,standard,2.6748784000010346,333,0.2031726662599146,optimized,2.0
off_sidewalk,False,6.1199999999999575,8.519699971185819,1.3831166965359798,1.0724053240422988,0.24270346147987987,0.24367166953254626,False,0.0,0.1501942580622448,,0.1317834806150768,306,mixed,5004,0.09395417832217653,False,False,16.0,22.0,36.0,0.890305269851523,3.167338564992484,2,2,apf,mixed,5004,True,standard,0.5134699999980512,27,0.08823529411764706,optimized,2.0
goal,True,35.21999999999991,36.832476512721634,1.0399622142978817,4.2410570014248306,1.0273273721711504,0.2649281901109691,True,0.0009085746734809767,0.2105715603259148,,0.7130030926267895,1761,mixed,5005,0.14452422563128192,False,False,16.0,22.0,36.0,0.9124810113829057,3.4541322103790937,2,1,apf,mixed,5005,True,standard,2.696343600000546,365,0.2072685973878478,optimized,2.0
goal,True,27.039999999999512,36.89705402665141,1.3602797959447566,2.672108135901054,0.6363937881458152,0.2410959683822773,False,0.0,0.19796916703230583,,0.6174864367464471,1352,mixed,5006,0.11823518779379621,False,False,16.0,22.0,36.0,0.878948645244961,4.724539790888749,3,2,apf,mixed,5006,True,standard,2.016303800002788,50,0.03698224852071006,optimized,2.0
collision,False,4.040000000000002,4.880992540403956,1.2031277730341683,0.9413862971099882,0.07721943115661391,0.23686774332566057,False,0.0,-0.0002724030574729197,pedestrian,0.09387305992691135,202,mixed,5007,0.09332622163787102,True,False,16.0,22.0,36.0,0.7003099757032973,4.832701252556141,3,3,apf,mixed,5007,True,standard,0.33523350000177743,87,0.4306930693069307,optimized,2.0
goal,True,29.95999999999945,36.76758905563802,1.2228552144002633,1.825167980390887,0.6947400810189209,0.24701385694018177,False,0.0,0.3656331290993241,,0.7421064034623754,1498,mixed,5008,0.090077259790111,False,False,16.0,22.0,36.0,0.7780156087365453,4.103977423040574,4,1,apf,mixed,5008,True,standard,2.318625300002168,387,0.2583444592790387,optimized,2.0
off_sidewalk,False,7.679999999999924,9.868202643886802,1.2797791837575614,1.058296731104763,0.15640291605599202,0.2012816138194689,False,0.0,0.39186143003213314,,0.15233172899632333,384,mixed,5009,0.11325841109235353,True,True,16.0,22.0,36.0,0.9689358374482765,3.4873356243580726,3,3,apf,mixed,5009,True,standard,0.6493470999994315,0,0.0,optimized,2.0
off_sidewalk,False,19.25999999999968,28.268272338177074,1.4650154870774985,4.088857279793971,0.9224305598043929,0.3298895929643247,True,0.0016614745586708203,0.28064644596093113,,0.41483268371103255,963,mixed,5010,0.14381243175444086,False,False,16.0,22.0,36.0,0.7051556442607216,3.7667485448765166,2,1,apf,mixed,5010,True,standard,1.3942692999989958,51,0.0529595015576324,optimized,2.0
collision,False,6.93999999999994,7.778944568185037,1.112772732606407,1.0027605153848866,0.07748620534103676,0.28429515989531684,False,0.0,-0.004086542778709401,pedestrian,0.18212318923189866,347,mixed,5011,0.14971532004645052,True,True,16.0,22.0,36.0,0.8328891001551972,4.081364643336002,2,2,apf,mixed,5011,True,standard,0.5309507999991183,166,0.4783861671469741,optimized,2.0
goal,True,30.559999999999437,36.90029764324448,1.2033288903984936,2.598300775907317,0.6463121601253344,0.23052064010280435,False,0.0,0.34422041586459706,,0.6493594486305294,1528,mixed,5012,0.11599739438211938,False,False,16.0,22.0,36.0,1.0932146650543806,4.746887235560902,4,1,apf,mixed,5012,True,standard,2.429652899998473,304,0.19895287958115182,optimized,2.0
goal,True,28.879999999999473,36.70441557018781,1.26734506994082,2.5812280999335218,0.6240197553101635,0.22516537638211073,False,0.0,0.12881879093831453,,0.6279259069145898,1444,mixed,5013,0.11438074496395545,True,False,16.0,22.0,36.0,0.9965686471139685,4.558301693417866,3,1,apf,mixed,5013,True,standard,2.213764699998137,217,0.15027700831024932,optimized,2.0
goal,True,45.000000000001435,36.52281620580997,0.8097074138739355,3.3638414449648564,0.8279386251983075,0.19510245645779492,True,0.0005333333333333334,0.40928185628130886,,0.9503479268416761,2250,mixed,5014,0.13211528278562787,False,False,16.0,22.0,36.0,1.0079404557952962,4.248689932953564,3,1,apf,mixed,5014,True,standard,3.601002300005348,51,0.02266666666666667,optimized,2.0
off_sidewalk,False,22.259999999999614,28.907496587133416,1.2938621675570374,2.8205372112418505,0.7877665244318918,0.29656593475543364,False,0.0,0.28549813282745773,,0.5538249473111975,1113,mixed,5015,0.11307428979546041,False,False,16.0,22.0,36.0,0.7129585808151011,3.616554150795544,3,2,apf,mixed,5015,True,standard,1.813189100001182,72,0.0646900269541779,optimized,2.0
stall,False,44.420000000001345,26.30451638727834,0.5873593461025189,2.8941616322530512,0.7801017234545187,0.2257873601544122,False,0.0,0.23652740623612561,,0.7689492182142359,2221,mixed,5016,0.12328780373270565,False,False,16.0,22.0,36.0,1.0824496477512628,4.4970018275504655,4,2,apf,mixed,5016,True,standard,3.737951499999326,1280,0.5763169743358847,optimized,2.0
goal,True,32.37999999999946,37.089841928171886,1.1400584597777694,3.3458242324715832,0.8206253985791387,0.2564257607708317,True,0.0006176652254478073,0.28842155669177205,,0.6997045047880386,1619,mixed,5017,0.12162928738333142,False,False,16.0,22.0,36.0,1.0313683035167758,3.069327793573069,2,1,apf,mixed,5017,True,standard,2.418979900001432,315,0.1945645460160593,optimized,2.0
goal,True,41.360000000000866,37.36545554791596,0.8977579044768226,2.1747641577873225,0.5520872168952063,0.20149746184100656,False,0.0,0.17601354923801654,,0.9286942338083771,2068,mixed,5018,0.1021966661181102,True,False,16.0,22.0,36.0,0.8519960097254107,3.741644975951466,2,3,apf,mixed,5018,True,standard,3.1456087000042317,136,0.06576402321083172,optimized,2.0
stall,False,18.1799999999997,5.1703894753371955,0.28352644273021005,0.9790546837229321,0.08310179975595512,0.10506220472134112,False,0.0,0.08372366396276054,,0.19304804904305845,909,mixed,5019,0.09694607558591248,False,False,16.0,22.0,36.0,0.7749984328665865,4.6919924902412244,3,3,apf,mixed,5019,True,standard,1.6926110999993398,783,0.8613861386138614,optimized,2.0
collision,False,15.099999999999767,7.455705136518608,0.48638550877695386,1.0144821970380482,0.07645605544765326,0.2177772429652154,False,0.0,-0.005764974834844228,pedestrian,0.26971067767869017,755,mixed,5020,0.11812828874817456,False,False,16.0,22.0,36.0,0.7248282467948968,4.082261203094857,4,2,apf,mixed,5020,True,standard,1.3299221999986912,576,0.7629139072847683,optimized,2.0
goal,True,29.57999999999946,36.702177125701915,1.2377995982791246,2.6713725450358545,0.6449533504450276,0.21795924486305226,False,0.0,0.1263434454241127,,0.6271721401744331,1479,mixed,5021,0.11381894175763324,True,False,16.0,22.0,36.0,0.9140104345757991,3.9670663971291336,3,2,apf,mixed,5021,True,standard,2.3379206999961752,455,0.3076402974983097,optimized,2.0
goal,True,36.80000000000015,37.192462109134844,1.0064601180693542,3.260924159964693,0.788163020730201,0.22571696930767374,True,0.0005434782608695652,0.24483348391875942,,0.8041591966256172,1840,mixed,5022,0.13140191257451567,False,False,16.0,22.0,36.0,0.8496203871888334,4.16327064677573,2,1,apf,mixed,5022,True,standard,2.751240300000063,208,0.11304347826086956,optimized,2.0
goal,True,31.83999999999941,36.98899894567462,1.1563236043317433,2.997473354985646,0.7177835358508208,0.24625023989385925,False,0.0,0.3015417708621538,,0.7007372092558876,1592,mixed,5023,0.12867756728465177,False,False,16.0,22.0,36.0,0.8171074644897484,4.845944573728948,2,3,apf,mixed,5023,True,standard,2.631573999999091,229,0.14384422110552764,optimized,2.0
stall,False,35.51999999999995,26.802850316749634,0.7524133341345467,3.6034959669143287,0.857291779448951,0.22346042441147654,True,0.0007882882882882883,0.26083129884347545,,0.5857899287809081,1776,mixed,5024,0.13928371679168416,False,False,16.0,22.0,36.0,0.8109383252924722,4.478913919082471,2,1,apf,mixed,5024,True,standard,2.713776600001438,917,0.5163288288288288,optimized,2.0
goal,True,32.43999999999947,37.15273409276251,1.1401248746862385,1.9034514259599509,0.5028729637505687,0.2180802191910118,False,0.0,0.28191143447404876,,0.6959362021226946,1622,mixed,5025,0.09643074988431373,False,False,16.0,22.0,36.0,0.9732104368642298,4.750233220361416,4,2,apf,mixed,5025,True,standard,2.6586479999969015,201,0.12392108508014797,optimized,2.0
goal,True,34.19999999999975,37.204127665819115,1.0816547041945708,1.99756235636653,0.7004648900888143,0.26228424840482184,False,0.0,0.39028096477547924,,0.8110010246286263,1710,mixed,5026,0.09558762086488723,False,False,16.0,22.0,36.0,0.7262499636679371,4.307968225800889,4,3,apf,mixed,5026,True,standard,2.828944100001536,267,0.156140350877193,optimized,2.0
collision,False,21.699999999999626,28.432925195764554,1.3066237477200757,1.051712252517507,0.547289029375958,0.22252439237962643,False,0.0,-0.000997640778796438,obstacle,0.49232813093537653,1085,mixed,5027,0.11482123997562081,False,True,16.0,22.0,36.0,0.876142603073939,3.7904107308165678,3,2,apf,mixed,5027,True,standard,1.8002015000020037,214,0.19723502304147467,optimized,2.0
off_sidewalk,False,28.939999999999472,27.486620324507452,0.9445802303506031,2.10770234568056,0.5273790234455036,0.24027154051008107,False,0.0,0.22287136774521354,,0.6142631084093888,1447,mixed,5028,0.10116781223940692,False,False,16.0,22.0,36.0,1.0334928486032917,4.609884125974756,2,2,apf,mixed,5028,True,standard,2.2376508000015747,432,0.2985487214927436,optimized,2.0
goal,True,47.14000000000177,37.17948650202896,0.7858656189264551,1.0361731434722485,0.342655918940337,0.16281105667371407,False,0.0,0.1532463485024876,,1.0162746543730727,2357,mixed,5029,0.12404880975552002,False,True,16.0,22.0,36.0,0.8960683121439519,3.612757000380382,3,2,apf,mixed,5029,True,standard,3.5723215999969398,242,0.10267288926601613,optimized,2.0
off_sidewalk,False,24.31999999999957,30.218048122419464,1.238372015382117,1.1791275266719008,0.5847039806825206,0.20069641219485543,False,0.0,0.18071704568219943,,0.49079734674980013,1216,mixed,5030,0.11541600076902528,False,True,16.0,22.0,36.0,0.702641268886089,3.5741138987672745,3,1,apf,mixed,5030,True,standard,1.8077024000012898,123,0.10115131578947369,optimized,2.0
goal,True,53.0800000000027,36.91292614974467,0.6925789241629757,3.5476401239444533,1.0238832584760764,0.18076210723301678,True,0.0005275056518462698,0.2947754913177991,,1.1298831487160574,2654,mixed,5031,0.14561650478931443,True,False,16.0,22.0,36.0,1.0541886438268662,3.7270554480582403,3,1,apf,mixed,5031,True,standard,4.204088300000876,210,0.07912584777694047,optimized,2.0
stall,False,18.65999999999969,3.9674047313806793,0.21016708689748834,0.9928558690378472,0.08246167345365835,0.1365811861401698,False,0.0,0.0943009527691866,,0.20910703572283076,933,mixed,5032,0.1122245362773568,False,False,16.0,22.0,36.0,0.8808706052658889,4.3792262715010075,3,2,apf,mixed,5032,True,standard,1.628393999999389,805,0.8628081457663451,optimized,2.0
off_sidewalk,False,5.679999999999967,6.6131176292595795,1.151220730766827,1.0388164652773997,0.2682211552539381,0.31744057719013075,False,0.0,0.03100209923833841,,0.1746149804696957,284,mixed,5033,0.11672621005094068,False,False,16.0,22.0,36.0,1.0836130709500158,3.666279579977531,3,2,apf,mixed,5033,True,standard,0.4579315000009956,53,0.18661971830985916,optimized,2.0
goal,True,31.739999999999412,37.159681137143195,1.1653745974761243,1.0073196341976538,0.26102459460935074,0.18654761838994846,False,0.0,0.2871521439279785,,0.6710649423621775,1587,mixed,5034,0.12934267293598622,True,True,16.0,22.0,36.0,0.7665500295059827,3.804995479071652,2,3,apf,mixed,5034,True,standard,2.4660035999986576,190,0.11972274732199117,optimized,2.0
goal,True,33.2799999999996,36.98063429447515,1.106435727391858,2.360736671590277,0.575275793433706,0.20605243444068788,False,0.0,0.2022570473169483,,0.6652078427398116,1664,mixed,5035,0.10658169577161372,True,False,16.0,22.0,36.0,0.9199233332386492,4.156022809768874,2,2,apf,mixed,5035,True,standard,2.6544592999998713,287,0.17247596153846154,optimized,2.0
goal,True,41.38000000000087,37.50986569536927,0.8993397373339586,2.7433798075013422,0.677246491470841,0.23644363187800904,False,0.0,0.19529766186306716,,0.8815333108965376,2069,mixed,5036,0.1173697414789877,False,False,16.0,22.0,36.0,1.0648143012996332,4.3024889064133,4,1,apf,mixed,5036,True,standard,3.376480500002799,677,0.3272112131464476,optimized,2.0
off_sidewalk,False,27.419999999999504,27.120466308565824,0.9829305338367381,3.3296887058288305,0.7608736799807594,0.28190561979813883,True,0.00087527352297593,0.17364887028321896,,0.619955288953541,1371,mixed,5037,0.13679937064081266,False,False,16.0,22.0,36.0,0.7092210370314546,4.854865496269261,3,2,apf,mixed,5037,True,standard,2.0842255000025034,339,0.24726477024070023,optimized,2.0
stall,False,34.259999999999756,28.898957038049666,0.8429845120143952,1.8857685176565617,0.49739529583149805,0.16724863595933673,False,0.0,0.25818742427936636,,0.6275655247239128,1713,mixed,5038,0.09670644475941208,False,False,16.0,22.0,36.0,1.0555417311834316,4.89287011986292,3,1,apf,mixed,5038,True,standard,2.7773325000016484,927,0.5411558669001751,optimized,2.0
off_sidewalk,False,20.399999999999654,26.93202841383753,1.3152907488647951,3.8697719584951744,0.9380773645646427,0.28096110631501536,True,0.001568627450980392,0.10502994477595157,,0.45079717534451585,1020,mixed,5039,0.13861797778812823,True,False,16.0,22.0,36.0,0.9402582229555535,3.6144856875598865,2,2,apf,mixed,5039,True,standard,1.5159874000019045,81,0.07941176470588235,optimized,2.0
off_sidewalk,False,10.139999999999873,10.815364466376913,1.0555827880278068,1.0748433474944852,0.33834714861633164,0.2274974995108852,False,0.0,0.2823740654186073,,0.20678868855755278,507,mixed,5040,0.13659141728402505,False,False,16.0,22.0,36.0,0.9712075052113058,3.1920688461343363,2,3,apf,mixed,5040,True,standard,0.8052410999953281,170,0.33530571992110453,optimized,2.0
stall,False,34.73999999999983,24.921545183901504,0.7143917116320103,4.359543808329956,1.1577725414211069,0.2554934584444479,True,0.0010362694300518134,0.09657412497746187,,0.6016930948275618,1737,mixed,5041,0.14238089228448053,False,False,16.0,22.0,36.0,0.7917534446414414,3.1247853346898227,4,3,apf,mixed,5041,True,standard,2.8990691999933915,1005,0.5785837651122625,optimized,2.0
goal,True,27.5799999999995,37.6655232940097,1.3589940868051704,2.824936285721892,0.6928338503792513,0.23403187770440495,False,0.0,0.02795632705596668,,0.6074936318447824,1379,mixed,5042,0.11346964484423985,False,False,16.0,22.0,36.0,0.9598932040906721,3.486030199242384,2,3,apf,mixed,5042,True,standard,2.110645199994906,47,0.0340826686004351,optimized,2.0
off_sidewalk,False,20.679999999999648,13.016656099737371,0.6220806926184405,1.0263083149893728,0.20514495719127598,0.17046091882535555,False,0.0,0.24403504929317188,,0.3413159909734148,1034,mixed,5043,0.1269385057241497,False,True,16.0,22.0,36.0,1.0898186350139498,4.0020376195110305,3,2,apf,mixed,5043,True,standard,1.6876460000057705,557,0.5386847195357833,optimized,2.0
goal,True,54.88000000000298,37.43715200047092,0.6780695905768217,3.804595817084478,0.9629651733201305,0.20745074908462685,True,0.0005102040816326531,0.2913348821037149,,1.1827916459303287,2744,mixed,5044,0.13998739401869517,False,False,16.0,22.0,36.0,1.0178429474867148,3.6549452422762707,4,3,apf,mixed,5044,True,standard,4.402159200006281,162,0.05903790087463557,optimized,2.0
goal,True,40.22000000000069,37.6118746965543,0.9282155864486488,3.8492790690615206,0.8826648572198513,0.24720029327991702,True,0.0007956240676280457,0.002498536934918638,,0.8608623161733797,2011,mixed,5045,0.13638592052525939,False,False,16.0,22.0,36.0,0.7659494631232381,3.545543304209088,4,2,apf,mixed,5045,True,standard,3.3361992000063765,391,0.19443063152660367,optimized,2.0
goal,True,35.63999999999997,36.92320539911192,1.0316291643482056,3.29709489715866,0.7804966272081723,0.2372610864122238,True,0.0005611672278338945,0.36037762327559075,,0.7536856645661693,1782,mixed,5046,0.12227119309524864,True,False,16.0,22.0,36.0,0.9011545969108519,3.3327744218409308,4,1,apf,mixed,5046,True,standard,2.8507519000049797,455,0.255331088664422,optimized,2.0
stall,False,42.04000000000097,26.61048485173513,0.6280965224234664,2.0663793867882143,0.5297669987207383,0.19821265119058654,False,0.0,0.20161940149259666,,0.6896965541891514,2102,mixed,5047,0.0907107601460403,False,False,16.0,22.0,36.0,0.9983218093282231,3.1410251815083683,3,3,apf,mixed,5047,True,standard,3.4096123999988777,1026,0.48810656517602286,optimized,2.0
stall,False,19.519999999999673,4.262064514717254,0.2143333670968127,1.062647802649178,0.07924249196298563,0.13378020272421995,False,0.0,0.26889113875700266,,0.21836659149212617,976,mixed,5048,0.09534548510317571,False,False,16.0,22.0,36.0,1.0213876505575938,3.411304677538264,4,3,apf,mixed,5048,True,standard,1.7294745000035618,862,0.8831967213114754,optimized,2.0
goal,True,36.680000000000135,36.70560981460154,0.9959059184796718,4.414100588916184,1.0031585164041492,0.2630260415718126,True,0.0009814612868047983,0.06963748469824418,,0.7053706919907208,1834,mixed,5049,0.14394041403531896,False,False,16.0,22.0,36.0,0.7517994105580714,3.1978602646371006,2,2,apf,mixed,5049,True,standard,2.9046503999998095,482,0.2628135223555071,optimized,2.0
collision,False,6.379999999999952,10.758080694104434,1.6844419928714942,1.014538120878923,0.07904685026805554,0.18235573832515056,False,0.0,-7.115095305071373e-05,obstacle,0.12166432961176708,319,mixed,5050,0.0986083385191299,False,False,16.0,22.0,36.0,0.8591909328138473,4.110811346493778,3,2,apf,mixed,5050,True,standard,0.5365645999991102,13,0.04075235109717868,optimized,2.0
collision,False,16.279999999999742,24.83007327090862,1.5249181276572528,1.1788345916947083,0.09565902970678282,0.18886014713087831,False,0.0,-0.0030067165257433026,obstacle,0.33698514043040867,814,mixed,5051,0.12233334430260395,True,True,16.0,22.0,36.0,0.8470793717637798,3.4696736983662753,2,3,apf,mixed,5051,True,standard,1.255315199996403,44,0.05405405405405406,optimized,2.0
goal,True,34.33999999999977,37.331412644883905,1.0811712031550724,3.093188242440708,0.7683565472688697,0.2306751074842262,True,0.00034944670937682004,0.1290728210826364,,0.7001412597890719,1717,mixed,5052,0.1306635418670573,True,False,16.0,22.0,36.0,0.9377640601298551,4.903101107035168,3,3,apf,mixed,5052,True,standard,2.6961942999987514,460,0.267909143855562,optimized,2.0
goal,True,32.779999999999525,37.42268664475533,1.1356013098541382,0.9872500060720291,0.40508173050909846,0.204352659913806,False,0.0,0.3626924218992167,,0.6965720401354448,1639,mixed,5053,0.12112491333169412,False,True,16.0,22.0,36.0,0.8890868185879244,4.381330884174664,2,3,apf,mixed,5053,True,standard,2.463909899997816,230,0.1403294691885296,optimized,2.0
goal,True,37.640000000000285,36.820516951622636,0.9756197338473829,2.2841886122480997,0.5646789917938424,0.17311712422446826,False,0.0,0.1563237374335611,,0.7124697978176997,1882,mixed,5054,0.10840892457049757,True,False,16.0,22.0,36.0,0.8256418136260787,4.113300036428866,3,1,apf,mixed,5054,True,standard,2.9129842999973334,42,0.022316684378320937,optimized,2.0
off_sidewalk,False,6.159999999999957,10.013828938264911,1.6196194978656047,1.0571979788992072,0.23183302480967427,0.21855213533085105,False,0.0,0.2469020697241418,,0.12535734876240862,308,mixed,5055,0.09580944017439189,True,False,16.0,22.0,36.0,1.0471282526832821,3.420582573190744,2,3,apf,mixed,5055,True,standard,0.5155236999999033,0,0.0,optimized,2.0
off_sidewalk,False,11.619999999999841,9.765077958959957,0.830195355372964,1.0307708549361976,0.292913670574087,0.22592485303218815,False,0.0,0.015621521705462799,,0.22184811470424354,581,mixed,5056,0.14314511450547973,False,False,16.0,22.0,36.0,0.891086723699156,3.5916894807551056,3,2,apf,mixed,5056,True,standard,0.9893570999993244,241,0.41480206540447506,optimized,2.0
goal,True,46.0600000000016,37.071842475474995,0.8005817632197315,2.770420304526836,0.7786978674604402,0.1977091554522955,False,0.0,0.07139235474622108,,0.9114058353082798,2303,mixed,5057,0.1082113167106713,False,False,16.0,22.0,36.0,0.7886726452745311,3.003224526127708,4,2,apf,mixed,5057,True,standard,3.6551066000029095,227,0.0985670864090317,optimized,2.0
goal,True,40.000000000000654,37.499564840503126,0.9325755518363736,2.633012762278614,0.6437581255820837,0.2085829822680103,False,0.0,0.11185203298933757,,0.8803606125463288,2000,mixed,5058,0.11184194310749679,False,False,16.0,22.0,36.0,0.9098807370435502,3.73068557622015,2,2,apf,mixed,5058,True,standard,2.9879851000005146,267,0.1335,optimized,2.0
goal,True,27.279999999999507,36.460493396422194,1.3335332775347128,2.8112087149540788,0.6786987792313092,0.2524852067302753,False,0.0,0.19768947067080136,,0.6727180339670881,1364,mixed,5059,0.12322396409418393,False,False,16.0,22.0,36.0,0.9012639362358253,4.957237543027349,2,1,apf,mixed,5059,True,standard,2.0237006999959704,223,0.16348973607038123,optimized,2.0
goal,True,34.93999999999986,37.33558799692618,1.0633254232210585,1.019397510139878,0.45226611373579495,0.19681975069006755,False,0.0,0.11644400355309589,,0.7309747119352138,1747,mixed,5060,0.09337821742015381,False,True,16.0,22.0,36.0,0.8376462876131555,3.7326058238479085,3,3,apf,mixed,5060,True,standard,2.8707985000000917,198,0.11333714939896966,optimized,2.0
goal,True,65.42000000000412,37.65773835992491,0.5718852685570405,3.458228733282618,0.9442900770598428,0.2098016781868011,True,0.00036686028737389177,0.09365835417839971,,1.3116269794926219,3271,mixed,5061,0.13695448627719198,True,False,16.0,22.0,36.0,1.0911674506139513,3.3022139240992363,4,3,apf,mixed,5061,True,standard,5.506723099999363,657,0.20085600733720574,optimized,2.0
off_sidewalk,False,4.8999999999999835,5.486900035941792,1.107438008415639,1.018841924449134,0.24863294450967857,0.33371793268163125,False,0.0,0.21571545584133966,,0.13616191500029307,245,mixed,5062,0.0999320615330115,False,False,16.0,22.0,36.0,0.9993468346705692,4.2770388427792305,4,2,apf,mixed,5062,True,standard,0.4400155999974231,56,0.22857142857142856,optimized,2.0
stall,False,35.459999999999944,25.372901568697397,0.7114822216260996,3.094996703108137,0.7019757119147412,0.2248147616375357,True,0.00033840947546531303,0.07248892141632637,,0.6428883424828251,1773,mixed,5063,0.13080054112731646,False,False,16.0,22.0,36.0,0.7330288069420039,4.928957495797438,3,2,apf,mixed,5063,True,standard,2.942038199995295,1051,0.59278059785674,optimized,2.0
off_sidewalk,False,23.279999999999593,29.622431366454776,1.2678882523694488,3.360392854679316,0.7543468393079815,0.2901466536821086,True,0.0010309278350515464,0.18503373702465267,,0.5480885281688019,1164,mixed,5064,0.13444189604194567,False,False,16.0,22.0,36.0,0.7150441580757758,4.5863073577415205,3,2,apf,mixed,5064,True,standard,1.9212339000005159,178,0.15292096219931273,optimized,2.0
stall,False,36.680000000000135,27.053625883257418,0.7353113243193186,2.8999393021123443,0.6773248906428518,0.20123255771638618,False,0.0,0.09422140640555021,,0.6190254398971214,1834,mixed,5065,0.1251690425208082,True,False,16.0,22.0,36.0,0.8035442786646663,4.8563894445347895,2,2,apf,mixed,5065,True,standard,2.9667363000044134,963,0.5250817884405671,optimized,2.0
stall,False,33.539999999999644,30.77093739418199,0.9168523367112987,3.2243659356873318,0.7761205334534513,0.19708920737970717,True,0.0004770423375074538,0.21773015673936377,,0.4757015492462524,1677,mixed,5066,0.1266821206098644,False,False,16.0,22.0,36.0,0.937066294483499,3.9869918481657125,3,1,apf,mixed,5066,True,standard,2.6850882999933674,764,0.4555754323196184,optimized,2.0
goal,True,41.360000000000866,38.61679078555326,0.9258149016336994,2.2271206373277384,0.5505784032926913,0.20650107616939206,False,0.0,0.02421592665488978,,0.7783375570034652,2068,mixed,5067,0.107957664584021,False,False,16.0,22.0,36.0,1.0106291334825726,4.98601841338545,4,3,apf,mixed,5067,True,standard,3.519137800001772,293,0.14168278529980657,optimized,2.0
goal,True,35.139999999999894,37.17563311961024,1.0514879332976355,1.022509148153027,0.45482095214724033,0.22446469613523753,False,0.0,0.24914915483589328,,0.7563912777565546,1757,mixed,5068,0.09259308451131983,False,True,16.0,22.0,36.0,0.8970326161018014,3.68361918406922,4,2,apf,mixed,5068,True,standard,2.7848499000028824,408,0.23221400113830393,optimized,2.0
goal,True,36.64000000000013,37.09544728256028,1.007073702766275,2.582437441895916,0.5822672163008799,0.23021643434438852,False,0.0,0.2826064386518148,,0.7024569723317023,1832,mixed,5069,0.11185018390823433,False,False,16.0,22.0,36.0,0.7403470360296646,4.211614650645206,2,1,apf,mixed,5069,True,standard,2.816490499993961,485,0.26473799126637554,optimized,2.0
stall,False,38.3800000000004,29.018374616660054,0.7519410762369134,1.4435812698358652,0.7886268586276292,0.17958596284068856,False,0.0,0.04927185106053841,,0.6214463310135001,1919,mixed,5070,0.14646988327914132,False,True,16.0,22.0,36.0,0.8627394964655488,3.014792907872379,3,2,apf,mixed,5070,True,standard,3.121132700005546,941,0.49035956227201666,optimized,2.0
off_sidewalk,False,25.79999999999954,28.57702619896413,1.1021584953141585,2.499311215014789,0.7706445425502286,0.23696776331241942,False,0.0,0.21697208453531389,,0.5407955425943441,1290,mixed,5071,0.10540263645169527,False,False,16.0,22.0,36.0,0.7508349199984138,4.164918454437569,4,1,apf,mixed,5071,True,standard,2.0302949999968405,271,0.21007751937984495,optimized,2.0
goal,True,43.88000000000126,37.41355104675013,0.8485196796917414,2.8145458505336625,0.7638210790645219,0.17845182569827267,False,0.0,0.12007463396372081,,1.087283575406253,2194,mixed,5072,0.129473321823593,True,False,16.0,22.0,36.0,1.0845422517924654,4.727316696900118,2,2,apf,mixed,5072,True,standard,3.198663999995915,46,0.020966271649954422,optimized,2.0
stall,False,19.57999999999967,4.765180060743852,0.23842499849797766,1.0199544316350824,0.07455019921658876,0.12622107150120235,False,0.0,0.24493862922225085,,0.21103316768874764,979,mixed,5073,0.12157656077615875,False,False,16.0,22.0,36.0,0.7450583759123013,3.615451791111634,2,1,apf,mixed,5073,True,standard,1.6025936000005458,881,0.8998978549540347,optimized,2.0
goal,True,30.97999999999943,37.06216537164405,1.1911057895566348,1.0062710137594346,0.08799561434923764,0.20879908244013254,False,0.0,0.38236614192755836,,0.7489126960808259,1549,mixed,5074,0.13307392580312158,True,True,16.0,22.0,36.0,0.847212170166827,4.87418254885662,4,3,apf,mixed,5074,True,standard,2.529072500001348,276,0.17817947062621045,optimized,2.0
goal,True,39.120000000000516,37.278606347586695,0.9446414759663165,1.1392521892141154,0.5831943407646657,0.2195277247178807,False,0.0,0.06830369432426656,,0.8645513314535207,1956,mixed,5075,0.13511704529586524,False,True,16.0,22.0,36.0,0.9218759880118024,4.235974977511892,4,1,apf,mixed,5075,True,standard,3.2418637000009767,667,0.34100204498977504,optimized,2.0
stall,False,48.86000000000204,31.076767890445893,0.6322580010397156,2.4734275290129326,0.608953664170578,0.19192963732798385,False,0.0,0.16285556689045455,,0.7817879473053155,2443,mixed,5076,0.11253069342252543,False,False,16.0,22.0,36.0,1.0292612569337438,4.688945080828985,3,3,apf,mixed,5076,True,standard,4.030690599996888,1221,0.49979533360622186,optimized,2.0
stall,False,42.42000000000103,26.47986666110966,0.6207403273140055,3.6100361612418657,0.8592986349040774,0.21119492760567835,True,0.0007543611504007544,0.09237379539250345,,0.6387846045082323,2121,mixed,5077,0.14268386767121152,False,False,16.0,22.0,36.0,0.7481831815301382,4.683266037657667,3,2,apf,mixed,5077,True,standard,3.3636813999983133,1331,0.6275341819896275,optimized,2.0
stall,False,19.71999999999967,8.657564333729697,0.4374306769599073,1.0736316691778902,0.08064814627560225,0.12891860440929687,False,0.0,0.2481861919853227,,0.24339243373858319,986,mixed,5078,0.09319333880718476,False,False,16.0,22.0,36.0,1.052260869021958,3.1100311875618685,3,3,apf,mixed,5078,True,standard,1.6989550000071176,765,0.7758620689655172,optimized,2.0
collision,False,19.079999999999682,26.29193678407871,1.376319958069135,1.0214158020843414,0.5053502994681988,0.1932427647899536,False,0.0,-0.001944375281409505,pedestrian,0.38102534633211765,954,mixed,5079,0.10656495195563959,False,True,16.0,22.0,36.0,0.948921384405256,4.056615073880624,3,1,apf,mixed,5079,True,standard,1.4748258999970858,34,0.03563941299790356,optimized,2.0
goal,True,28.09999999999949,37.62515321382367,1.3325543005869815,2.1155131925834256,0.6916788007732133,0.2395464500602877,False,0.0,0.058052637174220545,,0.6208175684336753,1405,mixed,5080,0.09303349148726354,False,False,16.0,22.0,36.0,0.8413522982777953,3.3399048040720363,2,3,apf,mixed,5080,True,standard,2.2383408000023337,198,0.1409252669039146,optimized,2.0
goal,True,28.59999999999948,37.12939060983334,1.2928367809389587,2.464581352133868,0.5784453505109614,0.24164371594286302,False,0.0,0.23747742263864802,,0.5891239590689048,1430,mixed,5081,0.11213266060630127,False,False,16.0,22.0,36.0,0.857903395921944,4.654924338620467,3,1,apf,mixed,5081,True,standard,2.206953100001556,157,0.10979020979020979,optimized,2.0
stall,False,41.040000000000816,26.817753813251034,0.6492236180624922,2.3476294893781895,0.5575695842846599,0.1919203275869941,False,0.0,0.09462132496940745,,0.6957120110977001,2052,mixed,5082,0.10870515465564147,False,False,16.0,22.0,36.0,0.7955105971431277,4.6545013175171706,4,3,apf,mixed,5082,True,standard,3.5005122000002302,1088,0.530214424951267,optimized,2.0
stall,False,35.35999999999993,26.716998247664833,0.7522309546219174,2.062876718036229,0.5237443507254477,0.19458206902208403,False,0.0,0.24737865592451935,,0.6043298369266831,1768,mixed,5083,0.10054835161087051,False,False,16.0,22.0,36.0,0.8508672632349321,4.7793800012599625,2,3,apf,mixed,5083,True,standard,2.910364199997275,800,0.45248868778280543,optimized,2.0
stall,False,26.599999999999522,11.060343295516232,0.4115144888101317,1.0892432965105852,0.0789164379610426,0.1558257545995245,False,0.0,0.1831743875920626,,0.35958388904553357,1330,mixed,5084,0.11698300490792289,False,False,16.0,22.0,36.0,1.0530656978728266,3.603905821938964,4,3,apf,mixed,5084,True,standard,2.2987567000018316,859,0.6458646616541354,optimized,2.0
stall,False,21.639999999999628,8.912980246131815,0.41108741797977527,1.035489929508799,0.06963232088750777,0.12453626899910622,False,0.0,0.09834157038606128,,0.2777371265274342,1082,mixed,5085,0.09092898262982511,False,False,16.0,22.0,36.0,0.718730957787409,3.4803602936247238,3,3,apf,mixed,5085,True,standard,1.804235500007053,789,0.7292051756007394,optimized,2.0
collision,False,5.759999999999965,6.412136332588533,1.1074092044257962,1.1487395994626484,0.08018412265444329,0.35431551660755845,False,0.0,-0.0016502073215453883,pedestrian,0.20276413811346777,288,mixed,5086,0.13565333662777856,False,False,16.0,22.0,36.0,0.8461753811272056,4.201848831134938,2,1,apf,mixed,5086,True,standard,0.4852296999961254,155,0.5381944444444444,optimized,2.0
goal,True,24.87999999999956,36.4075285767327,1.4613345001872793,2.187388268163362,0.8418715736701303,0.22896896507402917,False,0.0,0.19313183842479056,,0.49464441406388765,1244,mixed,5087,0.09825889682104214,False,False,16.0,22.0,36.0,0.7297546609361127,3.6178111164901976,2,1,apf,mixed,5087,True,standard,1.7924571999974432,142,0.11414790996784566,optimized,2.0
goal,True,35.139999999999894,36.8898887872167,1.0458658331839852,1.3856096121240613,0.7649900430791999,0.19697289844488508,False,0.0,0.2276668584685045,,0.6829803981806828,1757,mixed,5088,0.14516399397423288,False,True,16.0,22.0,36.0,0.9086910672377201,3.076056513841886,4,1,apf,mixed,5088,True,standard,2.8765620999984094,720,0.4097894137734775,optimized,2.0
stall,False,45.52000000000152,28.063351390216823,0.6126084133859138,2.1533844803769675,0.754087530242122,0.18294169703918747,False,0.0,0.24525923316745746,,0.7074190354538838,2276,mixed,5089,0.09429012646285188,True,False,16.0,22.0,36.0,0.7969012135678066,3.4746629759075462,4,1,apf,mixed,5089,True,standard,3.677688499999931,1308,0.5746924428822495,optimized,2.0
stall,False,23.199999999999594,8.12055949594365,0.34612187908249015,1.045179202287146,0.07906086946509525,0.14052063176913623,False,0.0,0.10154278721448962,,0.2948479405324706,1160,mixed,5090,0.10694230984683592,True,True,16.0,22.0,36.0,0.812731185705469,3.0192451758830843,2,2,apf,mixed,5090,True,standard,1.942136899997422,915,0.7887931034482759,optimized,2.0
off_sidewalk,False,14.51999999999978,10.93267017261176,0.7442186646925801,1.2156625618560195,0.31656084563521547,0.25049546985800053,False,0.0,0.13141005791007773,,0.32739890365522883,726,mixed,5091,0.12595635124475552,False,False,16.0,22.0,36.0,0.8747085205182346,3.2140859613197943,2,2,apf,mixed,5091,True,standard,1.3346463999987463,353,0.48622589531680444,optimized,2.0
goal,True,28.239999999999487,37.12515139323993,1.3095609890792255,2.0226949882210667,0.632481076628228,0.23465971349702167,False,0.0,0.07240788715543442,,0.6572089060683239,1412,mixed,5092,0.09242072970107329,False,False,16.0,22.0,36.0,0.8347057354303752,3.6104146276233733,3,2,apf,mixed,5092,True,standard,2.2457422000006773,171,0.12110481586402266,optimized,2.0
goal,True,30.119999999999447,36.51436118184639,1.2095267752999503,1.1250938251437617,0.5673499828549123,0.20307329725440587,False,0.0,0.2691252552627267,,0.6519733571221633,1506,mixed,5093,0.131855067058124,False,True,16.0,22.0,36.0,0.7027821538503214,4.517424137019871,4,2,apf,mixed,5093,True,standard,2.4300092999983463,416,0.27622841965471445,optimized,2.0
off_sidewalk,False,13.479999999999801,11.915819431030704,0.8744505612052792,0.9764649152559756,0.24964723039569645,0.21591625392311475,False,0.0,0.122074408130182,,0.26812930751658814,674,mixed,5094,0.12799374054937587,False,True,16.0,22.0,36.0,0.759548402527707,4.534496637945709,3,2,apf,mixed,5094,True,standard,1.1374772999988636,198,0.29376854599406527,optimized,2.0
goal,True,41.84000000000094,36.862135790320814,0.87742160545575,2.523188617993675,0.5646697003081861,0.20198985793480323,False,0.0,0.15872639757101276,,0.9945842950216435,2092,mixed,5095,0.11500065702869129,True,False,16.0,22.0,36.0,0.7038176926854574,4.7716698558317745,2,3,apf,mixed,5095,True,standard,3.227456599997822,319,0.15248565965583175,optimized,2.0
goal,True,31.719999999999413,37.50146368353544,1.1746475713750197,2.985321169991001,0.7446032044976841,0.24441847962632754,False,0.0,0.15356032052237234,,0.7155405349380787,1586,mixed,5096,0.1240763121473265,True,False,16.0,22.0,36.0,1.0818708535353732,4.332364566134115,3,2,apf,mixed,5096,True,standard,2.4844143000009353,256,0.1614123581336696,optimized,2.0
goal,True,35.55999999999996,37.32215168395912,1.0444977094307148,1.027881839401649,0.1888674442147124,0.1528257456312517,False,0.0,0.20378515865762903,,0.6383177169290954,1778,mixed,5097,0.14602377237337144,True,True,16.0,22.0,36.0,1.0513529123167236,3.996850644935159,3,1,apf,mixed,5097,True,standard,2.8037924000018393,254,0.14285714285714285,optimized,2.0
stall,False,33.81999999999969,5.945265213594224,0.17211934491235115,1.1864646830404986,0.20146446860849146,0.15191587186018118,False,0.0,0.18612188172130617,,0.4094540316006046,1691,mixed,5098,0.11086834856947003,False,False,16.0,22.0,36.0,1.071515063165253,3.7814489751499796,3,3,apf,mixed,5098,True,standard,2.852833400000236,1429,0.8450620934358368,optimized,2.0
stall,False,19.539999999999672,8.20157741551979,0.41754145573649054,1.0659271906102408,0.0815722192102421,0.143115303941385,False,0.0,0.02938759430232213,,0.23927659065261275,977,mixed,5099,0.093374672767738,False,False,16.0,22.0,36.0,0.9961736911557313,3.2102618071198448,2,3,apf,mixed,5099,True,standard,1.3466625999935786,752,0.7697031729785057,optimized,2.0
stall,False,59.56000000000371,31.76636245496965,0.5294287858686678,2.2005001474457004,0.9585037667925713,0.1625194730856161,False,0.0,0.07876184492183214,,1.0373906811304294,2978,slippery,5000,0.10063859654556317,False,False,16.0,22.0,36.0,0.3711416723079709,3.1106926377148136,4,2,apf,slippery,5000,True,standard,4.718612899996515,1168,0.3922095366017461,optimized,2.0
goal,True,43.62000000000122,37.76167491877733,0.8514537940586887,3.785673096128844,0.8657545994512519,0.21232362039995883,True,0.0007336084364970197,0.2901170957224937,,1.1992833934379126,2181,slippery,5001,0.1361326555543014,False,False,16.0,22.0,36.0,0.42577495352777783,3.463029867560513,3,1,apf,slippery,5001,True,standard,3.506027899995388,206,0.09445208619899129,optimized,2.0
stall,False,34.5599999999998,22.750411872173977,0.649248888262724,2.38476288445534,0.3738648534409997,0.17486179774613356,False,0.0,0.22317599707632696,,1.0583095748965434,1728,slippery,5002,0.10779195637104258,False,False,16.0,22.0,36.0,0.442368936743345,3.903147756916806,4,3,apf,slippery,5002,True,standard,3.025874200000544,62,0.03587962962962963,optimized,2.0
stall,False,21.99999999999962,6.966549906531181,0.3132543033698716,0.8858017410718579,0.05658934631230438,0.1262216730399148,False,0.0,0.1665892504558224,,0.2700141740945239,1100,slippery,5003,0.1152588703871631,False,False,16.0,22.0,36.0,0.511013095907909,3.7871843554365645,3,3,apf,slippery,5003,True,standard,1.8001887999998871,907,0.8245454545454546,optimized,2.0
stall,False,37.30000000000023,22.68165982382555,0.6020157564097054,1.9462832512451806,0.5834426092171129,0.1558407419283965,False,0.0,0.3084663026356156,,0.9467051573591014,1865,slippery,5004,0.09395417832217653,False,False,16.0,22.0,36.0,0.45925003211437904,3.167338564992484,3,1,apf,slippery,5004,True,standard,2.8917159999982687,172,0.09222520107238606,optimized,2.0
off_sidewalk,False,37.36000000000024,30.65180993019848,0.8011997968253494,4.252731992417869,0.8793802842056544,0.24406054898876192,True,0.0008565310492505353,0.28828898421402704,,1.5059007952345729,1868,slippery,5005,0.14452422563128192,False,False,16.0,22.0,36.0,0.379941629172024,3.4541322103790937,2,1,apf,slippery,5005,True,standard,2.7815107999995234,204,0.10920770877944326,optimized,2.0
stall,False,31.499999999999417,22.323814839319585,0.7002987880621193,2.6641554958513494,0.5331615341482584,0.18568418234394946,False,0.0,0.08589326109436901,,1.2054318022729746,1575,slippery,5006,0.11823518779379621,False,False,16.0,22.0,36.0,0.4724620549165879,4.724539790888749,2,2,apf,slippery,5006,True,standard,2.484060700000555,112,0.07111111111111111,optimized,2.0
stall,False,32.81999999999953,22.673972025005153,0.6784256666426252,1.8057624316744445,0.32753562300382344,0.162854735140012,False,0.0,0.16983405860640766,,1.036914105172215,1641,slippery,5007,0.09332622163787102,True,False,16.0,22.0,36.0,0.5707734763782737,4.832701252556141,4,3,apf,slippery,5007,True,standard,2.7298760999983642,40,0.02437538086532602,optimized,2.0
stall,False,34.119999999999735,21.704809161127667,0.6335535958304515,1.532416487783584,0.5233181186999276,0.17552402542648143,False,0.0,0.00721543556692486,,0.9780889152320609,1706,slippery,5008,0.090077259790111,False,False,16.0,22.0,36.0,0.41858945969017547,4.103977423040574,4,1,apf,slippery,5008,True,standard,2.7384769999989658,188,0.11019929660023446,optimized,2.0
goal,True,37.98000000000034,36.854859893117876,0.9682174272909297,0.9566443996410633,0.34069903020602404,0.12235252871801353,False,0.0,0.24391608919634172,,0.7908132656601661,1899,slippery,5009,0.11325841109235353,True,True,16.0,22.0,36.0,0.5637117705704066,3.4873356243580726,3,3,apf,slippery,5009,True,standard,3.169270200000028,31,0.016324381253291206,optimized,2.0
off_sidewalk,False,5.899999999999962,8.80271375066118,1.4862425467367972,0.842137572975815,0.35139248265696477,0.2739585535647141,False,0.0,0.3738373541111154,,0.19126595861192972,295,slippery,5010,0.14381243175444086,False,False,16.0,22.0,36.0,0.42717752382064567,3.7667485448765166,2,3,apf,slippery,5010,True,standard,0.4907413000037195,53,0.17966101694915254,optimized,2.0
goal,True,42.48000000000104,37.351128634590545,0.8744368444401813,0.921113566080086,0.41665906392910046,0.15179408614751444,False,0.0,0.2337038873576406,,0.8723585293844461,2124,slippery,5011,0.14971532004645052,True,True,16.0,22.0,36.0,0.5026425178166009,4.081364643336002,3,1,apf,slippery,5011,True,standard,3.132732099998975,437,0.20574387947269304,optimized,2.0
stall,False,34.19999999999975,22.470937080009406,0.6485653998518417,2.4470190426080634,0.5317231088628805,0.1842792522597657,False,0.0,0.32935487041851974,,1.167018203409293,1710,slippery,5012,0.11599739438211938,False,False,16.0,22.0,36.0,0.39398276911903374,4.746887235560902,2,3,apf,slippery,5012,True,standard,2.724976900004549,396,0.23157894736842105,optimized,2.0
stall,False,31.91999999999941,22.59105437586606,0.6979068439260849,2.4214561633819622,0.31017126109570703,0.17310576171868772,False,0.0,0.4085011993493727,,1.1055796163367813,1596,slippery,5013,0.11438074496395545,True,False,16.0,22.0,36.0,0.39658147398497556,4.558301693417866,4,3,apf,slippery,5013,True,standard,2.7453959999984363,97,0.06077694235588972,optimized,2.0
off_sidewalk,False,5.739999999999966,7.167822576722416,1.2399335734613495,0.7285508229138669,0.23645045529262368,0.20794721231506516,False,0.0,0.333672406939058,,0.13569403230465096,287,slippery,5014,0.13211528278562787,False,False,16.0,22.0,36.0,0.39538286405034423,4.248689932953564,4,3,apf,slippery,5014,True,standard,0.4639420000021346,19,0.06620209059233449,optimized,2.0
stall,False,18.099999999999703,4.984447586838786,0.2733201943517037,0.8695815015518911,0.050673466032396045,0.09876953974933335,False,0.0,0.0848721000584548,,0.20189199361711996,905,slippery,5015,0.11307428979546041,False,False,16.0,22.0,36.0,0.47884043584313024,3.616554150795544,3,2,apf,slippery,5015,True,standard,1.5109419000000344,773,0.8541436464088398,optimized,2.0
stall,False,28.379999999999484,21.914073159178265,0.7573756930059579,2.9481434024700395,0.5755759696638674,0.19395357559813176,False,0.0,2.184778779481244,,1.3591722128182815,1419,slippery,5016,0.12328780373270565,False,False,16.0,22.0,36.0,0.47418012459549047,4.4970018275504655,3,1,apf,slippery,5016,True,standard,2.175841500000388,80,0.05637773079633545,optimized,2.0
stall,False,45.80000000000156,23.009597429984638,0.48505988650546455,3.054774601784259,0.5025884611811616,0.1582984145651457,True,0.00017467248908296942,0.10474240076970665,,1.359825109064058,2290,slippery,5017,0.12162928738333142,False,False,16.0,22.0,36.0,0.37136828990468335,3.069327793573069,3,3,apf,slippery,5017,True,standard,3.9458597999982885,0,0.0,optimized,2.0
goal,True,25.77999999999954,36.62162598954225,1.4183441811381217,2.321039886552854,1.1266310755537894,0.23744157873619198,False,0.0,0.39102342212004126,,0.5199724090721561,1289,slippery,5018,0.1021966661181102,True,False,16.0,22.0,36.0,0.5946026326547758,3.741644975951466,2,1,apf,slippery,5018,True,standard,1.8759556000004523,20,0.015515903801396431,optimized,2.0
goal,True,29.99999999999945,37.35889444962196,1.2402670421629922,1.9152198241714027,0.7708347634277322,0.23950635842892815,False,0.0,0.4053297155965646,,0.710604972233552,1500,slippery,5019,0.09694607558591248,False,False,16.0,22.0,36.0,0.5750831592553017,4.6919924902412244,2,3,apf,slippery,5019,True,standard,2.2613635000016075,81,0.054,optimized,2.0
stall,False,35.31999999999992,22.060223866423392,0.615637506789458,2.7995494680948743,0.5895230476626004,0.18427997926692716,False,0.0,0.2943006249116372,,1.2281104682315869,1766,slippery,5020,0.11812828874817456,False,False,16.0,22.0,36.0,0.46818953800906005,4.082261203094857,2,1,apf,slippery,5020,True,standard,2.658705900001223,208,0.11778029445073612,optimized,2.0
stall,False,34.33999999999977,21.932196173453296,0.6307178690632399,2.6861665592733295,0.3952709691983277,0.17831767124756426,False,0.0,0.08995772847764413,,1.2672842202609529,1717,slippery,5021,0.11381894175763324,True,False,16.0,22.0,36.0,0.5095335460492123,3.9670663971291336,4,3,apf,slippery,5021,True,standard,2.80444549999811,183,0.1065812463599301,optimized,2.0
off_sidewalk,False,10.839999999999858,10.103570786303326,0.9245823771896571,0.725148586532514,0.18486687160051057,0.20638136848924238,False,0.0,0.017441835245306625,,0.25149705906054115,542,slippery,5022,0.13140191257451567,False,False,16.0,22.0,36.0,0.3803967251227852,4.16327064677573,3,2,apf,slippery,5022,True,standard,0.8799835000027088,212,0.39114391143911437,optimized,2.0
goal,True,43.04000000000113,38.10074027592683,0.8648801280669651,3.055592682621321,0.6912363084289668,0.24222859287282683,True,0.0001858736059479554,0.1951016301449663,,1.603094296754225,2152,slippery,5023,0.12867756728465177,False,False,16.0,22.0,36.0,0.5232861663456629,4.845944573728948,3,2,apf,slippery,5023,True,standard,3.3315139999976964,387,0.17983271375464685,optimized,2.0
stall,False,42.46000000000104,22.2263369557894,0.511534981092333,3.52587846104597,0.6743310069868722,0.18962014807472052,True,0.0005652378709373528,0.2355701300244217,,1.3772382681215616,2123,slippery,5024,0.13928371679168416,False,False,16.0,22.0,36.0,0.3684939481590379,4.478913919082471,4,1,apf,slippery,5024,True,standard,3.461937100000796,581,0.2736693358455016,optimized,2.0
collision,False,7.659999999999925,5.5391171786679205,0.7186957172047214,0.778854419490978,0.05253925709201317,0.20683834105885754,False,0.0,-0.001270791112211428,pedestrian,0.18834412719766,383,slippery,5025,0.09643074988431373,False,False,16.0,22.0,36.0,0.4484040919513414,4.750233220361416,4,2,apf,slippery,5025,True,standard,0.6107222999999067,164,0.4281984334203655,optimized,2.0
stall,False,51.00000000000237,32.3451927960914,0.6295844395238899,1.9215690300312414,0.8635012998342243,0.1718748076330788,False,0.0,0.2165972215510553,,0.7803745562434835,2550,slippery,5026,0.09558762086488723,False,False,16.0,22.0,36.0,0.5864049169030267,4.307968225800889,4,3,apf,slippery,5026,True,standard,4.275083900000027,1356,0.5317647058823529,optimized,2.0
goal,True,38.600000000000435,37.38036596665061,0.9637791025768604,1.0719229629461897,0.5999195436144328,0.17425751817753043,False,0.0,0.15176859289837735,,0.8547654062237083,1930,slippery,5027,0.11482123997562081,False,True,16.0,22.0,36.0,0.4715029365058271,3.7904107308165678,2,3,apf,slippery,5027,True,standard,3.1620350000011967,130,0.06735751295336788,optimized,2.0
stall,False,27.959999999999493,21.64088828626833,0.7698181414628603,2.069140566439859,0.4855975603913695,0.15364420304120427,False,0.0,2.75910597014465,,0.9021358095946914,1398,slippery,5028,0.10116781223940692,False,False,16.0,22.0,36.0,0.49418247482784017,4.609884125974756,3,2,apf,slippery,5028,True,standard,2.246385200000077,0,0.0,optimized,2.0
goal,True,34.29999999999976,36.49405104781742,1.0607962228928378,1.2554935818184143,0.6787767299079572,0.17887248433014985,False,0.0,0.16357641590371397,,0.8050895254800575,1715,slippery,5029,0.12404880975552002,False,True,16.0,22.0,36.0,0.45588863535587365,3.612757000380382,3,1,apf,slippery,5029,True,standard,2.734479200000351,280,0.16326530612244897,optimized,2.0
off_sidewalk,False,37.520000000000266,32.5372371508361,0.8607381219994935,1.2491404710181142,0.6478420905758169,0.18619724716744065,False,0.0,0.2032671233418764,,0.6717870566949353,1876,slippery,5030,0.11541600076902528,False,True,16.0,22.0,36.0,0.3668454217850029,3.5741138987672745,3,2,apf,slippery,5030,True,standard,3.0476001000060933,464,0.24733475479744135,optimized,2.0
off_sidewalk,False,4.859999999999984,5.061279152057961,1.0300333666940695,0.744329074238039,0.26991566098236996,0.21036037800680182,False,0.0,0.04961462010013884,,0.11635397050186318,243,slippery,5031,0.14561650478931443,True,False,16.0,22.0,36.0,0.3923066625044509,3.7270554480582403,2,3,apf,slippery,5031,True,standard,0.3944513000024017,23,0.09465020576131687,optimized,2.0
stall,False,48.48000000000198,22.740756360463568,0.4569587154826947,2.49425456090693,0.37236636473063195,0.14450023721121827,False,0.0,0.27126594014706695,,1.4502355035545649,2424,slippery,5032,0.1122245362773568,False,False,16.0,22.0,36.0,0.5123534896384638,4.3792262715010075,2,1,apf,slippery,5032,True,standard,3.8468719000011333,144,0.0594059405940594,optimized,2.0
stall,False,22.51999999999961,10.827135757953606,0.4793256648912764,0.8542042042191246,0.051507097642481216,0.09165854715317973,False,0.0,0.08006247558038271,,0.23887526109898238,1126,slippery,5033,0.11672621005094068,False,False,16.0,22.0,36.0,0.4929923951210895,3.666279579977531,2,2,apf,slippery,5033,True,standard,1.8255209999988438,1066,0.9467140319715808,optimized,2.0
goal,True,29.51999999999946,36.51041386849754,1.234250023770945,0.9212782492109634,0.09654009260687364,0.16051401848813848,False,0.0,0.2603219315465588,,0.593231475842045,1476,slippery,5034,0.12934267293598622,True,True,16.0,22.0,36.0,0.556755319673636,3.804995479071652,3,1,apf,slippery,5034,True,standard,2.410545099999581,317,0.21476964769647697,optimized,2.0
stall,False,19.15999999999968,3.5668724413373467,0.18314689078319188,0.7619226741085429,0.04508929415333337,0.11134247040383116,False,0.0,0.06173644932193495,,0.2144722797609223,958,slippery,5035,0.10658169577161372,True,False,16.0,22.0,36.0,0.4457365742711606,4.156022809768874,2,3,apf,slippery,5035,True,standard,1.568620700003521,857,0.894572025052192,optimized,2.0
stall,False,37.700000000000294,22.94645050484668,0.5903648182712105,2.5275755775313336,0.47644364303205866,0.16382499286987148,False,0.0,0.29915730567311105,,1.1729547685256818,1885,slippery,5036,0.1173697414789877,False,False,16.0,22.0,36.0,0.37723532017625244,4.3024889064133,3,1,apf,slippery,5036,True,standard,2.9954514000055497,17,0.009018567639257295,optimized,2.0
stall,False,41.30000000000086,24.103710655358125,0.5439748793082777,3.3794836474563135,0.629412278566363,0.2335431629909974,True,0.00048426150121065375,0.5013730565956367,,2.038708800259016,2065,slippery,5037,0.13679937064081266,False,False,16.0,22.0,36.0,0.4523577783787623,4.854865496269261,4,3,apf,slippery,5037,True,standard,3.525559699999576,63,0.030508474576271188,optimized,2.0
off_sidewalk,False,14.559999999999778,8.32439959962285,0.56638127790496,0.6596297833396062,0.1804707768366431,0.15795846097474353,False,0.0,0.034663424731800146,,0.24504112929528904,728,slippery,5038,0.09670644475941208,False,False,16.0,22.0,36.0,0.35783740592728097,4.89287011986292,4,2,apf,slippery,5038,True,standard,1.3507199000014225,345,0.4739010989010989,optimized,2.0
stall,False,43.140000000001145,24.09521969427639,0.5199897023660301,3.9408494334902637,0.7129708689505188,0.24066249566647965,True,0.0007417709782104776,0.5614326409900635,,2.4136650341660943,2157,slippery,5039,0.13861797778812823,True,False,16.0,22.0,36.0,0.4923603953627235,3.6144856875598865,2,2,apf,slippery,5039,True,standard,3.296143999999913,3,0.0013908205841446453,optimized,2.0
goal,True,46.980000000001745,37.900047027349,0.7824161129828928,4.009632583176048,1.4602386591789343,0.2866749250593831,True,0.0009365687526607067,0.285368671448064,,1.6841830756973908,2349,slippery,5040,0.13659141728402505,False,False,16.0,22.0,36.0,0.5217942425267601,3.1920688461343363,4,1,apf,slippery,5040,True,standard,3.748776899999939,514,0.21881651766709237,optimized,2.0
goal,True,30.539999999999438,36.45466871267648,1.1912917985876104,4.320929596317619,1.4753516948240248,0.3060448985051805,True,0.0017026850032743942,0.33978346753456456,,0.6491593050856588,1527,slippery,5041,0.14238089228448053,False,False,16.0,22.0,36.0,0.5872125373702828,3.1247853346898227,2,1,apf,slippery,5041,True,standard,2.356899099999282,246,0.16110019646365423,optimized,2.0
stall,False,26.71999999999952,10.615783275663889,0.39234277914099386,0.9184430814409162,0.05760492602558136,0.1206063028008276,False,0.0,0.10001596029490922,,0.31888945223366655,1336,slippery,5042,0.11346964484423985,False,False,16.0,22.0,36.0,0.5295349278405915,3.486030199242384,3,3,apf,slippery,5042,True,standard,2.231099600001471,1044,0.781437125748503,optimized,2.0
stall,False,21.719999999999626,9.210094657675258,0.42291414601099575,0.8211872834624356,0.05021248368637761,0.09477110375861039,False,0.0,0.18443447653584713,,0.23126390852081244,1086,slippery,5043,0.1269385057241497,False,True,16.0,22.0,36.0,0.4860029626216278,4.0020376195110305,2,2,apf,slippery,5043,True,standard,1.844714600003499,1030,0.9484346224677717,optimized,2.0
stall,False,16.83999999999973,3.4226428982909067,0.20237065774821242,0.9590384986667322,0.0676445559619035,0.10916746936344908,False,0.0,0.2391876677322342,,0.18261099402921022,842,slippery,5044,0.13998739401869517,False,False,16.0,22.0,36.0,0.5924876623535076,3.6549452422762707,3,3,apf,slippery,5044,True,standard,1.4702200000028824,748,0.8883610451306413,optimized,2.0
stall,False,49.46000000000213,24.3369664799338,0.45942132684790543,3.7574806456835894,0.7389192397481742,0.22782546987296223,True,0.0005661140315406389,0.3107848449204923,,2.1255622010786386,2473,slippery,5045,0.13638592052525939,False,False,16.0,22.0,36.0,0.4884693449298265,3.545543304209088,2,3,apf,slippery,5045,True,standard,3.9044155000010505,38,0.015365952284674484,optimized,2.0
stall,False,49.84000000000219,27.58115307533007,0.5409431082779214,3.0602185590603423,0.9236774597849094,0.17416589490425266,True,8.025682182985554e-05,0.0849007815478485,,0.9989858131457091,2492,slippery,5046,0.12227119309524864,True,False,16.0,22.0,36.0,0.40528830228894586,3.3327744218409308,2,2,apf,slippery,5046,True,standard,3.833461800000805,996,0.3996789727126806,optimized,2.0
stall,False,17.979999999999706,5.291215804363271,0.29340126218732526,0.9597183293967043,0.05456985874279388,0.1009924612372267,False,0.0,0.23541118859277305,,0.19699377938467866,899,slippery,5047,0.0907107601460403,False,False,16.0,22.0,36.0,0.5191630247196433,3.1410251815083683,3,3,apf,slippery,5047,True,standard,1.3603886000055354,782,0.8698553948832035,optimized,2.0
stall,False,35.21999999999991,30.761676693815062,0.8729032790759811,2.153244091117601,1.0402112193563298,0.20620060568214083,False,0.0,0.2623579042418026,,0.6753778883674283,1761,slippery,5048,0.09534548510317571,False,False,16.0,22.0,36.0,0.5998205959961552,3.411304677538264,4,1,apf,slippery,5048,True,standard,2.849097799997253,941,0.5343554798409994,optimized,2.0
stall,False,38.10000000000036,24.446284589915678,0.5854031618388023,4.416583741662929,0.8786011811687302,0.31010102885595303,True,0.0009448818897637795,0.6670833875074369,,2.1669046807373005,1905,slippery,5049,0.14394041403531896,False,False,16.0,22.0,36.0,0.5073623658710646,3.1978602646371006,3,2,apf,slippery,5049,True,standard,3.107269300002372,71,0.03727034120734908,optimized,2.0
stall,False,32.11999999999942,22.012484729591144,0.6785119698500568,2.065991284939805,0.5030892987464947,0.17195703780909766,False,0.0,0.3665293062031595,,1.015972901607172,1606,slippery,5050,0.0986083385191299,False,False,16.0,22.0,36.0,0.5121748885753438,4.110811346493778,3,2,apf,slippery,5050,True,standard,2.5157477000029758,169,0.10523038605230386,optimized,2.0
stall,False,36.02000000000003,27.42171284017,0.758929485229074,0.8939262345618048,0.0942125478306898,0.14866874577659744,False,0.0,0.23984664659049698,,0.6032173258991881,1801,slippery,5051,0.12233334430260395,True,True,16.0,22.0,36.0,0.5324330909943643,3.4696736983662753,4,3,apf,slippery,5051,True,standard,2.9243115999997826,968,0.5374791782343142,optimized,2.0
stall,False,28.57999999999948,7.141732136218244,0.24482831594009655,0.8406060585082881,0.06675533120637049,0.13497865622203287,False,0.0,0.24930029706864976,,0.3651294182957575,1429,slippery,5052,0.1306635418670573,True,False,16.0,22.0,36.0,0.5219710318393633,4.903101107035168,4,1,apf,slippery,5052,True,standard,2.2489964999986114,1223,0.8558432470258922,optimized,2.0
collision,False,4.020000000000002,4.8735058184560165,1.2073880430622796,0.8623812316056654,0.05778077336490008,0.22273874469407084,False,0.0,-0.0049674671990272146,pedestrian,0.09765172965014718,201,slippery,5053,0.12112491333169412,False,True,16.0,22.0,36.0,0.5201465827227372,4.381330884174664,3,1,apf,slippery,5053,True,standard,0.32032909999543335,84,0.417910447761194,optimized,2.0
stall,False,39.10000000000051,22.103498538224045,0.5604584763401064,2.1544012367815273,0.19788472375272845,0.16200865365466954,False,0.0,0.022410952368661613,,1.0920001745491372,1955,slippery,5054,0.10840892457049757,True,False,16.0,22.0,36.0,0.36017281153192726,4.113300036428866,2,1,apf,slippery,5054,True,standard,3.076539600006072,470,0.24040920716112532,optimized,2.0
stall,False,39.06000000000051,22.080509894167708,0.5590923329229948,2.08558208518236,0.35760301875165207,0.15148024631641777,False,0.0,0.27680524858265887,,1.0374022037132342,1953,slippery,5055,0.09580944017439189,True,False,16.0,22.0,36.0,0.5253239737026296,3.420582573190744,3,1,apf,slippery,5055,True,standard,3.160090700002911,260,0.13312852022529442,optimized,2.0
off_sidewalk,False,39.820000000000626,32.9250450230158,0.8089820453202204,4.158210135959142,1.1628568315065666,0.2584998039706789,True,0.0009040683073832245,0.3616245118775999,,1.3703546246395615,1991,slippery,5056,0.14314511450547973,False,False,16.0,22.0,36.0,0.44949204346401794,3.5916894807551056,4,3,apf,slippery,5056,True,standard,3.331941899996309,356,0.17880462079357107,optimized,2.0
stall,False,61.26000000000398,24.55864209293826,0.372462922320991,2.6175929275083063,0.5058850534495996,0.13531291416426974,False,0.0,0.22690972760967143,,2.061870177694851,3063,slippery,5057,0.1082113167106713,False,False,16.0,22.0,36.0,0.509796205813017,3.003224526127708,3,3,apf,slippery,5057,True,standard,5.071150100004161,30,0.009794319294809012,optimized,2.0
stall,False,18.039999999999704,4.480471682931703,0.24745909447353517,0.8448452492098962,0.049423899883670665,0.10689618756409339,False,0.0,0.26290174774235453,,0.21475225408966073,902,slippery,5058,0.11184194310749679,False,False,16.0,22.0,36.0,0.49159706253495694,3.73068557622015,3,2,apf,slippery,5058,True,standard,1.5569344999967143,811,0.8991130820399114,optimized,2.0
stall,False,31.37999999999942,21.98308212781977,0.6946127120051963,2.6768422645654524,0.5512161495808529,0.1834091238479325,False,0.0,0.3654354999907068,,1.114584700207419,1569,slippery,5059,0.12322396409418393,False,False,16.0,22.0,36.0,0.3766985286862933,4.957237543027349,4,1,apf,slippery,5059,True,standard,2.507433900005708,170,0.10834926704907584,optimized,2.0
stall,False,22.9999999999996,6.671064413127865,0.28678286889357996,0.9337763248058817,0.05998489052926744,0.13604512157024992,False,0.0,0.2069905693625931,,0.29483862417833995,1150,slippery,5060,0.09337821742015381,False,True,16.0,22.0,36.0,0.5600043960585193,3.7326058238479085,3,1,apf,slippery,5060,True,standard,1.8976229000036255,885,0.7695652173913043,optimized,2.0
off_sidewalk,False,24.639999999999564,28.519067748102948,1.1524704864520205,3.9890165138345854,1.3554559695083586,0.30122218374809623,True,0.0012987012987012987,0.1893665764699729,,0.5329737696098142,1232,slippery,5061,0.13695448627719198,True,False,16.0,22.0,36.0,0.5852592441420562,3.3022139240992363,3,1,apf,slippery,5061,True,standard,1.9181454999998095,165,0.13392857142857142,optimized,2.0
stall,False,27.979999999999492,21.618373984968027,0.7691702066385911,2.0107766280363175,0.5023244525711862,0.1520060315636958,False,0.0,2.8101249076779142,,0.858295020031802,1399,slippery,5062,0.0999320615330115,False,False,16.0,22.0,36.0,0.4653831952719196,4.2770388427792305,3,2,apf,slippery,5062,True,standard,2.324066400004085,0,0.0,optimized,2.0
off_sidewalk,False,30.739999999999434,27.709920715039566,0.8787180724061505,3.10067438507901,0.6902555517796013,0.25236538098833655,True,0.000520494469746259,0.19566231397991823,,1.4368728865948892,1537,slippery,5063,0.13080054112731646,False,False,16.0,22.0,36.0,0.5053576445646772,4.928957495797438,2,3,apf,slippery,5063,True,standard,2.385375899997598,79,0.05139882888744307,optimized,2.0
stall,False,45.440000000001504,24.008157966412988,0.49113730237512443,3.368772094559764,0.6213158100040067,0.2396842019408163,True,0.000528169014084507,0.3043049076807367,,2.4137465430085583,2272,slippery,5064,0.13444189604194567,False,False,16.0,22.0,36.0,0.5019408981306013,4.5863073577415205,4,1,apf,slippery,5064,True,standard,3.688755000002857,224,0.09859154929577464,optimized,2.0
stall,False,17.69999999999971,4.890421917300509,0.27520514428115644,0.7950734494534238,0.05590186532870911,0.0980810083572268,False,0.0,0.1910109559430957,,0.19727121351708876,885,slippery,5065,0.1251690425208082,True,False,16.0,22.0,36.0,0.47398546230284355,4.8563894445347895,3,2,apf,slippery,5065,True,standard,1.3027942000044277,775,0.8757062146892656,optimized,2.0
off_sidewalk,False,4.379999999999995,6.372400714334501,1.448465299141765,0.7059628392227408,0.3367368558016961,0.22164366756283388,False,0.0,0.378450838063348,,0.11626314379442347,219,slippery,5066,0.1266821206098644,False,False,16.0,22.0,36.0,0.372692250749266,3.9869918481657125,3,3,apf,slippery,5066,True,standard,0.3625608999936958,36,0.1643835616438356,optimized,2.0
stall,False,30.87999999999943,22.112011375841202,0.706609427606537,2.237038722266613,0.4796529817964613,0.1948667266709135,False,0.0,0.3101272806817398,,1.1946531011825292,1544,slippery,5067,0.107957664584021,False,False,16.0,22.0,36.0,0.5234743795081293,4.98601841338545,4,2,apf,slippery,5067,True,standard,2.533088200005295,191,0.12370466321243523,optimized,2.0
stall,False,35.69999999999998,26.415117126132273,0.7376585887731872,0.8846225923049611,0.5229386821746647,0.1548658043376774,False,0.0,0.06980016178877663,,0.5648374932000823,1785,slippery,5068,0.09259308451131983,False,True,16.0,22.0,36.0,0.5044905586486175,3.68361918406922,3,2,apf,slippery,5068,True,standard,2.6667194000037853,914,0.5120448179271708,optimized,2.0
stall,False,42.120000000000985,22.975044422084288,0.5279816747157419,2.3065033086209157,0.47587752977291264,0.1458219131329918,False,0.0,0.2780662197734757,,1.1345465473222454,2106,slippery,5069,0.11185018390823433,False,False,16.0,22.0,36.0,0.37293751448488877,4.211614650645206,3,3,apf,slippery,5069,True,standard,3.321688999996695,0,0.0,optimized,2.0
stall,False,34.35999999999977,28.94941526215668,0.8421034880980198,1.4903066158583225,0.87952298342102,0.15021689606893893,False,0.0,0.252152349194431,,0.5029591675725322,1718,slippery,5070,0.14646988327914132,False,True,16.0,22.0,36.0,0.4414788049685135,3.014792907872379,3,1,apf,slippery,5070,True,standard,2.630252000002656,757,0.44062863795110596,optimized,2.0
off_sidewalk,False,8.499999999999908,6.82440530328721,0.7965352868811924,0.7477021368110901,0.19386992518213017,0.2049739471978315,False,0.0,0.2628489360259729,,0.2047475013821548,425,slippery,5071,0.10540263645169527,False,False,16.0,22.0,36.0,0.36896126124148154,4.164918454437569,4,3,apf,slippery,5071,True,standard,0.75030169999809,31,0.07294117647058823,optimized,2.0
stall,False,47.180000000001776,24.786269935646043,0.48984423511231745,3.100956792927943,0.5182708880052915,0.19888377796811083,True,0.0002543450614667232,0.3293138552367235,,2.2020481783128067,2359,slippery,5072,0.129473321823593,True,False,16.0,22.0,36.0,0.4873093832063128,4.727316696900118,4,2,apf,slippery,5072,True,standard,3.6925450999988243,216,0.09156422212802034,optimized,2.0
stall,False,20.479999999999652,9.945885120843629,0.4849102216139343,0.7076324310267549,0.03501224553652169,0.08522317994081675,False,0.0,0.07425290250336658,,0.2287935074251083,1024,slippery,5073,0.12157656077615875,False,False,16.0,22.0,36.0,0.36816425647264694,3.615451791111634,2,3,apf,slippery,5073,True,standard,1.5299746000018786,756,0.73828125,optimized,2.0
stall,False,26.899999999999515,8.428408705667305,0.3073005550680839,0.8810587825642727,0.07007018234922797,0.1522760811859771,False,0.0,0.2542481123875616,,0.35704950330628715,1345,slippery,5074,0.13307392580312158,True,True,16.0,22.0,36.0,0.5563206852670345,4.87418254885662,2,3,apf,slippery,5074,True,standard,2.1796481999990647,1073,0.7977695167286245,optimized,2.0
collision,False,3.000000000000002,3.9557688330020255,1.3151584716679392,0.7460997840511354,0.040875401993321354,0.21957625875816258,False,0.0,-0.002127378821688508,obstacle,0.09202799969286232,150,slippery,5075,0.13511704529586524,False,True,16.0,22.0,36.0,0.40782461613592547,4.235974977511892,2,3,apf,slippery,5075,True,standard,0.2511199000000488,11,0.07333333333333333,optimized,2.0
stall,False,36.06000000000004,22.456653325300053,0.6084533114205358,2.4626773446027705,0.5112634365153851,0.18065428529620473,False,0.0,0.34422518266447144,,1.5368761282314545,1803,slippery,5076,0.11253069342252543,False,False,16.0,22.0,36.0,0.5424414213028286,4.688945080828985,3,2,apf,slippery,5076,True,standard,2.7957414999982575,316,0.1752634498058791,optimized,2.0
stall,False,19.939999999999664,4.907201463219532,0.24293846748398085,0.7941751417401431,0.05149165781864755,0.11533789176916912,False,0.0,0.2209490736103974,,0.22456259130829412,997,slippery,5077,0.14268386767121152,False,False,16.0,22.0,36.0,0.46181157749613333,4.683266037657667,2,2,apf,slippery,5077,True,standard,1.5734459000013885,866,0.8686058174523571,optimized,2.0
off_sidewalk,False,11.439999999999845,9.798270269880845,0.849929503240488,0.956189689951934,0.3462105195613209,0.18764097525452744,False,0.0,0.16852759752234503,,0.22914825123563098,572,slippery,5078,0.09319333880718476,False,False,16.0,22.0,36.0,0.5641143861559643,3.1100311875618685,4,3,apf,slippery,5078,True,standard,0.9524399000001722,18,0.03146853146853147,optimized,2.0
off_sidewalk,False,40.88000000000079,27.60381722637648,0.6712507909626073,1.0753266466949796,0.5561314737150778,0.17422287107374596,False,0.0,0.14511173832955024,,0.6768162393047551,2044,slippery,5079,0.10656495195563959,False,True,16.0,22.0,36.0,0.3798150528491909,4.056615073880624,4,1,apf,slippery,5079,True,standard,3.309043000001111,938,0.4589041095890411,optimized,2.0
goal,True,55.76000000000312,37.22618917603816,0.6616296583046307,1.9779485546442754,0.6298415432266274,0.1772309606916081,False,0.0,0.16833002516882786,,1.3610635028381395,2788,slippery,5080,0.09303349148726354,False,False,16.0,22.0,36.0,0.5353632697161697,3.3399048040720363,3,1,apf,slippery,5080,True,standard,4.391808199994557,490,0.1757532281205165,optimized,2.0
off_sidewalk,False,7.87999999999992,5.459702932342564,0.6846996723566297,0.7404229611723568,0.17449563577291125,0.1841648050311969,False,0.0,0.40638367825751776,,0.1568962762240252,394,slippery,5081,0.11213266060630127,False,False,16.0,22.0,36.0,0.41262941894488775,4.654924338620467,4,3,apf,slippery,5081,True,standard,0.6892783000002964,174,0.4416243654822335,optimized,2.0
goal,True,35.1799999999999,36.70398977773393,1.0400339525151616,2.334865570006276,0.9394743674240299,0.2427416747164899,False,0.0,0.19128089677666146,,0.7481538500996868,1759,slippery,5082,0.10870515465564147,False,False,16.0,22.0,36.0,0.5873708960303337,4.6545013175171706,4,2,apf,slippery,5082,True,standard,2.800289899998461,453,0.25753268902785675,optimized,2.0
stall,False,31.29999999999942,22.33171443796444,0.701803926850942,2.0438062873334686,0.3546469839351125,0.16322067512119592,False,0.0,0.3058554832934676,,1.2500206776619887,1565,slippery,5083,0.10054835161087051,False,False,16.0,22.0,36.0,0.5584603947048123,4.7793800012599625,4,3,apf,slippery,5083,True,standard,2.5785172000032617,144,0.09201277955271565,optimized,2.0
goal,True,52.540000000002614,37.371922042902895,0.7049783890336448,2.9638625108980325,1.330799820748259,0.238517537862559,False,0.0,0.2605250876504017,,0.9771856446662649,2627,slippery,5084,0.11698300490792289,False,False,16.0,22.0,36.0,0.5639262492900641,3.603905821938964,4,2,apf,slippery,5084,True,standard,4.289566799998283,1110,0.4225352112676056,optimized,2.0
goal,True,29.759999999999454,36.87245861505688,1.2347604427479941,2.0151048089649715,0.9134823669220503,0.24726893714337841,False,0.0,0.3207823782861787,,0.6949542206086702,1488,slippery,5085,0.09092898262982511,False,False,16.0,22.0,36.0,0.5923827914486263,3.4803602936247238,2,2,apf,slippery,5085,True,standard,2.2329611999957706,103,0.06922043010752688,optimized,2.0
goal,True,39.10000000000051,37.057632063971965,0.9320212723792624,3.5699498562396013,0.9557366440832186,0.21436249506081942,True,0.0006138107416879795,0.4504069378977339,,1.329235832098022,1955,slippery,5086,0.13565333662777856,False,False,16.0,22.0,36.0,0.43214338032415894,4.201848831134938,3,1,apf,slippery,5086,True,standard,3.043036299997766,34,0.017391304347826087,optimized,2.0
stall,False,31.099999999999426,21.60988692783075,0.692290067722654,1.988192365299973,0.5591502957804515,0.16061508216157583,False,0.0,1.4092850045702676,,0.8932546192512654,1555,slippery,5087,0.09825889682104214,False,False,16.0,22.0,36.0,0.4301522830887735,3.6178111164901976,4,1,apf,slippery,5087,True,standard,2.4541128000055323,170,0.10932475884244373,optimized,2.0
goal,True,28.379999999999484,36.98026477620305,1.2988628215904245,1.5044648418973432,0.8831554889507327,0.2159756516042242,False,0.0,0.2585542276166112,,0.6570444111175665,1419,slippery,5088,0.14516399397423288,False,True,16.0,22.0,36.0,0.3912546707572413,3.076056513841886,4,1,apf,slippery,5088,True,standard,2.237572400001227,158,0.1113460183227625,optimized,2.0
stall,False,31.31999999999942,11.901995336306367,0.37480135946063925,0.7567358181060218,0.040621843732167914,0.12737958401659352,False,0.0,0.09711658388341804,,0.3870844874750491,1566,slippery,5089,0.09429012646285188,True,False,16.0,22.0,36.0,0.4122533062612411,3.4746629759075462,4,2,apf,slippery,5089,True,standard,2.6357981999972253,977,0.623882503192848,optimized,2.0
goal,True,32.73999999999952,36.78796587068046,1.1195237907919782,1.2208848863510717,0.08779306803263642,0.1659185815287215,False,0.0,0.07101765004308255,,0.621191013954845,1637,slippery,5090,0.10694230984683592,True,True,16.0,22.0,36.0,0.5016790307947641,3.0192451758830843,4,1,apf,slippery,5090,True,standard,2.5510750000030384,418,0.25534514355528404,optimized,2.0
goal,True,42.04000000000097,38.069248084142586,0.8864331521414607,3.539548103588761,0.9316922134484851,0.2457870550015534,True,0.000570884871550904,0.017497687742760226,,1.4203432797185387,2102,slippery,5091,0.12595635124475552,False,False,16.0,22.0,36.0,0.5143228211325088,3.2140859613197943,4,2,apf,slippery,5091,True,standard,3.3849800000025425,411,0.1955280685061846,optimized,2.0
stall,False,34.5399999999998,21.928337593847225,0.6298882151748967,1.8351448123418388,0.530963122612247,0.16881181785768976,False,0.0,0.2050578580906581,,0.9241587828149959,1727,slippery,5092,0.09242072970107329,False,False,16.0,22.0,36.0,0.46437613170912007,3.6104146276233733,4,1,apf,slippery,5092,True,standard,2.7852758999943035,215,0.12449334105385061,optimized,2.0
goal,True,45.62000000000153,36.94132135868228,0.8062526342381959,1.1538033143282085,0.6156007461679364,0.150018658910871,False,0.0,0.07046756867942022,,0.9322973280390228,2281,slippery,5093,0.131855067058124,False,True,16.0,22.0,36.0,0.5078599019526165,4.517424137019871,3,2,apf,slippery,5093,True,standard,3.6813450999979977,463,0.20298114861902675,optimized,2.0
goal,True,28.679999999999477,36.835923854004,1.2798890862785148,1.1182749292112952,0.5972650501506769,0.1980407934552515,False,0.0,0.38071574651530493,,0.6641771654304176,1434,slippery,5094,0.12799374054937587,False,True,16.0,22.0,36.0,0.4727263758975164,4.534496637945709,4,2,apf,slippery,5094,True,standard,2.168086299992865,183,0.12761506276150628,optimized,2.0
stall,False,41.52000000000089,31.061399303415094,0.7463430561808251,2.578625936939177,0.8883013483198735,0.1907488637983399,False,0.0,0.24520868808573215,,0.636009157270444,2076,slippery,5095,0.11500065702869129,True,False,16.0,22.0,36.0,0.5470554956975995,4.7716698558317745,2,1,apf,slippery,5095,True,standard,3.241204000005382,1221,0.588150289017341,optimized,2.0
collision,False,7.999999999999917,4.2868410807610084,0.5290433350444281,0.9762890863032884,0.05375166556527117,0.22220398456841464,False,0.0,-0.003141630089906089,pedestrian,0.17622827311178,400,slippery,5096,0.1240763121473265,True,False,16.0,22.0,36.0,0.5061104672938141,4.332364566134115,4,1,apf,slippery,5096,True,standard,0.6443709999948624,183,0.4575,optimized,2.0
goal,True,46.58000000000168,36.49314761543737,0.7801632202693948,0.7322013056845998,0.1006447326360345,0.15649149713628774,False,0.0,0.23576988036006727,,0.8627314483124572,2329,slippery,5097,0.14602377237337144,True,True,16.0,22.0,36.0,0.3905374645110291,3.996850644935159,4,1,apf,slippery,5097,True,standard,3.7275451000023168,1046,0.44911979390296264,optimized,2.0
goal,True,27.239999999999508,36.67477710958724,1.3437651938357342,2.6295268163220684,1.2229353569767543,0.261337981742039,False,0.0,0.2628066467852629,,0.5824322608101741,1362,slippery,5098,0.11086834856947003,False,False,16.0,22.0,36.0,0.5746813489756994,3.7814489751499796,2,1,apf,slippery,5098,True,standard,1.9495375999977114,150,0.11013215859030837,optimized,2.0
off_sidewalk,False,5.579999999999969,5.441412988625968,0.9624050579593562,0.9678391923595617,0.25327162057132396,0.305630540175123,False,0.0,0.17985358125707085,,0.18180997728327705,279,slippery,5099,0.093374672767738,False,False,16.0,22.0,36.0,0.558970396149544,3.2102618071198448,2,3,apf,slippery,5099,True,standard,0.47809740000229795,96,0.34408602150537637,optimized,2.0
goal,True,18.2999999999997,36.04940906695999,1.9710283886845739,1.072120487718383,0.07859644176307987,0.09469987514097962,False,0.0,,,0.2526563031222966,915,flat_clear,5000,0.0,False,False,1000.0,1000.0,36.0,0.8421893577539279,3.1106926377148136,0,0,dwa,flat_clear,5000,True,standard,1.0905981000032625,0,0.0,optimized,2.0
goal,True,18.2799999999997,36.00724354983203,1.9708882239547367,1.0559368482875784,0.0822216333257835,0.09445971373835611,False,0.0,,,0.24448739114395007,914,flat_clear,5001,0.0,False,False,1000.0,1000.0,36.0,1.0085497877150973,3.463029867560513,0,0,dwa,flat_clear,5001,True,standard,1.109007200000633,0,0.0,optimized,2.0
goal,True,18.2999999999997,36.04491367028205,1.9707722029953156,1.0366742150706683,0.08198813678325093,0.09434418238221885,False,0.0,,,0.2503739297599354,915,flat_clear,5002,0.0,False,False,1000.0,1000.0,36.0,1.006598628122048,3.903147756916806,0,0,dwa,flat_clear,5002,True,standard,1.101630800003477,0,0.0,optimized,2.0
goal,True,18.2999999999997,36.04554331199626,1.9708216092461477,1.0252784071469438,0.07605452527201785,0.09262505205109144,False,0.0,,,0.24833140577462268,915,flat_clear,5003,0.0,False,False,1000.0,1000.0,36.0,0.7517930892575723,3.7871843554365645,0,0,dwa,flat_clear,5003,True,standard,1.1241465999992215,0,0.0,optimized,2.0
goal,True,18.2999999999997,36.049374981521396,1.971038347901515,1.0738961189606309,0.08048207467185117,0.09405595112410985,False,0.0,,,0.2462783833915502,915,flat_clear,5004,0.0,False,False,1000.0,1000.0,36.0,0.890305269851523,3.167338564992484,0,0,dwa,flat_clear,5004,True,standard,1.078113299998222,0,0.0,optimized,2.0
goal,True,18.2799999999997,36.00841520134169,1.9709505866592612,1.0707999641193857,0.079599323461145,0.09374842270770878,False,0.0,,,0.24466473304696784,914,flat_clear,5005,0.0,False,False,1000.0,1000.0,36.0,0.9124810113829057,3.4541322103790937,0,0,dwa,flat_clear,5005,True,standard,1.0709654000020237,0,0.0,optimized,2.0
goal,True,18.2799999999997,36.003638241613416,1.9706543580768974,0.9934840386133809,0.0866871046573908,0.09203565213371606,False,0.0,,,0.24461992395384777,914,flat_clear,5006,0.0,False,False,1000.0,1000.0,36.0,0.878948645244961,4.724539790888749,0,0,dwa,flat_clear,5006,True,standard,1.071695999999065,0,0.0,optimized,2.0
goal,True,18.2999999999997,36.03939637727683,1.9704667194810428,0.9694974484401363,0.07965209567304905,0.0903093204737172,False,0.0,,,0.24458383663331634,915,flat_clear,5007,0.0,False,False,1000.0,1000.0,36.0,0.7003099757032973,4.832701252556141,0,0,dwa,flat_clear,5007,True,standard,1.0670109999991837,0,0.0,optimized,2.0
goal,True,18.2999999999997,36.04478528804039,1.9708036816321453,0.9856095828399614,0.07397147863418956,0.09199902796220044,False,0.0,,,0.24791756336795256,915,flat_clear,5008,0.0,False,False,1000.0,1000.0,36.0,0.7780156087365453,4.103977423040574,0,0,dwa,flat_clear,5008,True,standard,1.04037039999821,0,0.0,optimized,2.0
goal,True,18.2999999999997,36.04731987121016,1.9709490187828083,1.067720356911734,0.08049716019458508,0.09445550735835485,False,0.0,,,0.24940604785085366,915,flat_clear,5009,0.0,False,False,1000.0,1000.0,36.0,0.9689358374482765,3.4873356243580726,0,0,dwa,flat_clear,5009,True,standard,1.082587800003239,0,0.0,optimized,2.0
goal,True,18.2999999999997,36.0435734571116,1.970735697113201,1.032986226983866,0.07139187563791727,0.09263554705009523,False,0.0,,,0.25275762574124605,915,flat_clear,5010,0.0,False,False,1000.0,1000.0,36.0,0.7051556442607216,3.7667485448765166,0,0,dwa,flat_clear,5010,True,standard,1.0974136000004364,0,0.0,optimized,2.0
goal,True,18.2999999999997,36.04569617424735,1.9708344788928245,1.0037382069451242,0.07939654190917003,0.09292103494656732,False,0.0,,,0.25022445139770455,915,flat_clear,5011,0.0,False,False,1000.0,1000.0,36.0,0.8328891001551972,4.081364643336002,0,0,dwa,flat_clear,5011,True,standard,1.1249258999960148,0,0.0,optimized,2.0
goal,True,18.2999999999997,36.040893057851605,1.9705845898859145,1.018696029855579,0.08909546267572364,0.09358051286529771,False,0.0,,,0.24591791815720848,915,flat_clear,5012,0.0,False,False,1000.0,1000.0,36.0,1.0932146650543806,4.746887235560902,0,0,dwa,flat_clear,5012,True,standard,1.1130760000014561,0,0.0,optimized,2.0
goal,True,18.2999999999997,36.042703475656324,1.9706742695488308,0.99518718167433,0.08589374939162593,0.09344278142307402,False,0.0,,,0.25029564975032453,915,flat_clear,5013,0.0,False,False,1000.0,1000.0,36.0,0.9965686471139685,4.558301693417866,0,0,dwa,flat_clear,5013,True,standard,1.04161490000115,0,0.0,optimized,2.0
goal,True,18.2799999999997,36.00437828188694,1.9707150949351344,1.0247069240919318,0.08295879387172234,0.0935262364108126,False,0.0,,,0.24500183238759013,914,flat_clear,5014,0.0,False,False,1000.0,1000.0,36.0,1.0079404557952962,4.248689932953564,0,0,dwa,flat_clear,5014,True,standard,1.1038973999966402,0,0.0,optimized,2.0
goal,True,18.2799999999997,36.00506069085076,1.9707746001512312,0.9938586534284204,0.07022349760548323,0.09211013182314053,False,0.0,,,0.24529999142132075,914,flat_clear,5015,0.0,False,False,1000.0,1000.0,36.0,0.7129585808151011,3.616554150795544,0,0,dwa,flat_clear,5015,True,standard,1.0770881999997073,0,0.0,optimized,2.0
goal,True,18.2999999999997,36.041926646506866,1.9706271948338538,1.0311583087612632,0.08623000343687032,0.09401762505162725,False,0.0,,,0.24830243496611307,915,flat_clear,5016,0.0,False,False,1000.0,1000.0,36.0,1.0824496477512628,4.4970018275504655,0,0,dwa,flat_clear,5016,True,standard,1.0871294000025955,0,0.0,optimized,2.0
goal,True,18.2799999999997,36.00876330669518,1.9709573699550946,1.0753044442565727,0.08273008444627136,0.09534937020853408,False,0.0,,,0.24618396902584141,914,flat_clear,5017,0.0,False,False,1000.0,1000.0,36.0,1.0313683035167758,3.069327793573069,0,0,dwa,flat_clear,5017,True,standard,1.0976947999952245,0,0.0,optimized,2.0
goal,True,18.2999999999997,36.047017241601075,1.9709105627109826,1.0243074379025763,0.07982245944326434,0.09302934031003017,False,0.0,,,0.2468866346814921,915,flat_clear,5018,0.0,False,False,1000.0,1000.0,36.0,0.8519960097254107,3.741644975951466,0,0,dwa,flat_clear,5018,True,standard,1.0538830000004964,0,0.0,optimized,2.0
goal,True,18.2999999999997,36.04209012289434,1.9706339777109732,0.9846773952558386,0.08258634623472078,0.09096928594857291,False,0.0,,,0.24633407697442472,915,flat_clear,5019,0.0,False,False,1000.0,1000.0,36.0,0.7749984328665865,4.6919924902412244,0,0,dwa,flat_clear,5019,True,standard,1.0836505000042962,0,0.0,optimized,2.0
goal,True,18.2799999999997,36.00342554646356,1.9706640755439189,1.0068810964081603,0.07077858408130161,0.09153387966592479,False,0.0,,,0.24471036351922143,914,flat_clear,5020,0.0,False,False,1000.0,1000.0,36.0,0.7248282467948968,4.082261203094857,0,0,dwa,flat_clear,5020,True,standard,1.12113749999844,0,0.0,optimized,2.0
goal,True,18.2999999999997,36.04592670010431,1.9708322275372014,1.0202967558926075,0.07961280194493654,0.0934785449677404,False,0.0,,,0.24964063226178645,915,flat_clear,5021,0.0,False,False,1000.0,1000.0,36.0,0.9140104345757991,3.9670663971291336,0,0,dwa,flat_clear,5021,True,standard,1.0806606000041938,0,0.0,optimized,2.0
goal,True,18.2999999999997,36.04537674415975,1.9708030326181751,1.0039663303592352,0.07863450631040067,0.09248466355122757,False,0.0,,,0.24692385459524416,915,flat_clear,5022,0.0,False,False,1000.0,1000.0,36.0,0.8496203871888334,4.16327064677573,0,0,dwa,flat_clear,5022,True,standard,1.1100962000055006,0,0.0,optimized,2.0
goal,True,18.2999999999997,36.04251285677787,1.9706669059546056,0.9784022499310201,0.08748838510866581,0.09137100448769318,False,0.0,,,0.24754154472334436,915,flat_clear,5023,0.0,False,False,1000.0,1000.0,36.0,0.8171074644897484,4.845944573728948,0,0,dwa,flat_clear,5023,True,standard,1.1161903999964125,0,0.0,optimized,2.0
goal,True,18.2999999999997,36.04398776965691,1.9707236970289619,0.9823158282457617,0.08177004556038989,0.09185113289400504,False,0.0,,,0.24828919454459525,915,flat_clear,5024,0.0,False,False,1000.0,1000.0,36.0,0.8109383252924722,4.478913919082471,0,0,dwa,flat_clear,5024,True,standard,1.1157317999968654,0,0.0,optimized,2.0
goal,True,18.2799999999997,36.00304981627028,1.9706468420825174,0.9952249204715053,0.08838428355158542,0.0927175037792467,False,0.0,,,0.2454429681419751,914,flat_clear,5025,0.0,False,False,1000.0,1000.0,36.0,0.9732104368642298,4.750233220361416,0,0,dwa,flat_clear,5025,True,standard,1.0718349000017042,0,0.0,optimized,2.0
goal,True,18.2999999999997,36.04240064923315,1.9706532381089736,0.9957209806515116,0.07357826156730604,0.09151218594954386,False,0.0,,,0.24809090643630083,915,flat_clear,5026,0.0,False,False,1000.0,1000.0,36.0,0.7262499636679371,4.307968225800889,0,0,dwa,flat_clear,5026,True,standard,1.0809441999954288,0,0.0,optimized,2.0
goal,True,18.2999999999997,36.046418244790395,1.9708922995874039,1.0282399283899895,0.0798328417962123,0.0937373731870772,False,0.0,,,0.2522254987853199,915,flat_clear,5027,0.0,False,False,1000.0,1000.0,36.0,0.876142603073939,3.7904107308165678,0,0,dwa,flat_clear,5027,True,standard,1.1268817999953171,0,0.0,optimized,2.0
goal,True,18.2999999999997,36.042474874044274,1.9706835515709116,1.0289000376032362,0.0872529702779752,0.09340772094327791,False,0.0,,,0.24765557193075927,915,flat_clear,5028,0.0,False,False,1000.0,1000.0,36.0,1.0334928486032917,4.609884125974756,0,0,dwa,flat_clear,5028,True,standard,1.105763699997624,0,0.0,optimized,2.0
goal,True,18.2799999999997,36.00791675896445,1.9709114379939745,1.0403460793188926,0.07921333758000232,0.09354680994852436,False,0.0,,,0.24500712811557518,914,flat_clear,5029,0.0,False,False,1000.0,1000.0,36.0,0.8960683121439519,3.612757000380382,0,0,dwa,flat_clear,5029,True,standard,1.1164896999980556,0,0.0,optimized,2.0
goal,True,18.2999999999997,36.04469164170611,1.970757160237862,1.0305629962487493,0.0741565958329262,0.09265147756761043,False,0.0,,,0.24905483428851394,915,flat_clear,5030,0.0,False,False,1000.0,1000.0,36.0,0.702641268886089,3.5741138987672745,0,0,dwa,flat_clear,5030,True,standard,1.146846400006325,0,0.0,optimized,2.0
goal,True,18.2999999999997,36.04440582709912,1.9707491735626774,1.0545821562327862,0.08428407923906844,0.09509166891031144,False,0.0,,,0.25203897313771406,915,flat_clear,5031,0.0,False,False,1000.0,1000.0,36.0,1.0541886438268662,3.7270554480582403,0,0,dwa,flat_clear,5031,True,standard,1.0664334000030067,0,0.0,optimized,2.0
goal,True,18.2999999999997,36.04448106185033,1.9707554917646164,1.0067121596575959,0.08077244550025639,0.09265455551626875,False,0.0,,,0.2493740883245792,915,flat_clear,5032,0.0,False,False,1000.0,1000.0,36.0,0.8808706052658889,4.3792262715010075,0,0,dwa,flat_clear,5032,True,standard,1.1104494000028353,0,0.0,optimized,2.0
goal,True,18.2999999999997,36.04505183997024,1.9708030077510763,1.048121187091698,0.08154646640489895,0.09509620810508905,False,0.0,,,0.24934558094007625,915,flat_clear,5033,0.0,False,False,1000.0,1000.0,36.0,1.0836130709500158,3.666279579977531,0,0,dwa,flat_clear,5033,True,standard,1.1224124000000302,0,0.0,optimized,2.0
goal,True,18.2999999999997,36.04542760070198,1.9707992242230425,1.022825437670436,0.07740792732316389,0.09196838402351284,False,0.0,,,0.24391181458498676,915,flat_clear,5034,0.0,False,False,1000.0,1000.0,36.0,0.7665500295059827,3.804995479071652,0,0,dwa,flat_clear,5034,True,standard,1.1158170999988215,0,0.0,optimized,2.0
goal,True,18.2999999999997,36.04472688940264,1.9707727527677719,1.0209232333967213,0.08027124967910396,0.09364794379515558,False,0.0,,,0.2528757538211305,915,flat_clear,5035,0.0,False,False,1000.0,1000.0,36.0,0.9199233332386492,4.156022809768874,0,0,dwa,flat_clear,5035,True,standard,1.0751034999993863,0,0.0,optimized,2.0
goal,True,18.2999999999997,36.042733443664645,1.9706842498836994,1.0247392548159573,0.08352522853798033,0.0942346399037905,False,0.0,,,0.24975560316208834,915,flat_clear,5036,0.0,False,False,1000.0,1000.0,36.0,1.0648143012996332,4.3024889064133,0,0,dwa,flat_clear,5036,True,standard,1.0835910000023432,0,0.0,optimized,2.0
goal,True,18.2999999999997,36.039695353054995,1.970476089388281,0.94537993988775,0.07789390306645061,0.09065572282439104,False,0.0,,,0.24765694122103485,915,flat_clear,5037,0.0,False,False,1000.0,1000.0,36.0,0.7092210370314546,4.854865496269261,0,0,dwa,flat_clear,5037,True,standard,1.1452567000014824,0,0.0,optimized,2.0
goal,True,18.2999999999997,36.04022330359202,1.9704987664492752,0.9963190503046303,0.09074705481488443,0.09382391821297122,False,0.0,,,0.2533442218316821,915,flat_clear,5038,0.0,False,False,1000.0,1000.0,36.0,1.0555417311834316,4.89287011986292,0,0,dwa,flat_clear,5038,True,standard,1.096041900003911,0,0.0,optimized,2.0
goal,True,18.2999999999997,36.04638467380462,1.9708630638755316,1.0556096336274625,0.0808894215463438,0.09446554011503924,False,0.0,,,0.2510490019414937,915,flat_clear,5039,0.0,False,False,1000.0,1000.0,36.0,0.9402582229555535,3.6144856875598865,0,0,dwa,flat_clear,5039,True,standard,1.0660319000016898,0,0.0,optimized,2.0
goal,True,18.2999999999997,36.04849447627711,1.9709957670111329,1.057506626366224,0.08172199522045995,0.09456124061134374,False,0.0,,,0.2451699199830628,915,flat_clear,5040,0.0,False,False,1000.0,1000.0,36.0,0.9712075052113058,3.1920688461343363,0,0,dwa,flat_clear,5040,True,standard,1.1259599000040907,0,0.0,optimized,2.0
goal,True,18.2999999999997,36.049222299681716,1.9710350589880337,1.0443854882923898,0.07753207843139136,0.09366628931376252,False,0.0,,,0.24891630854847976,915,flat_clear,5041,0.0,False,False,1000.0,1000.0,36.0,0.7917534446414414,3.1247853346898227,0,0,dwa,flat_clear,5041,True,standard,1.120392599994375,0,0.0,optimized,2.0
goal,True,18.2999999999997,36.047237387226794,1.9708881742363733,1.0566519459775552,0.0805130553686059,0.09452598958561347,False,0.0,,,0.24926382386343332,915,flat_clear,5042,0.0,False,False,1000.0,1000.0,36.0,0.9598932040906721,3.486030199242384,0,0,dwa,flat_clear,5042,True,standard,1.0751739999977872,0,0.0,optimized,2.0
goal,True,18.2999999999997,36.043236427491095,1.9707202459146729,1.0431497997777601,0.08377531218381727,0.094974049509613,False,0.0,,,0.25189528428478214,915,flat_clear,5043,0.0,False,False,1000.0,1000.0,36.0,1.0898186350139498,4.0020376195110305,0,0,dwa,flat_clear,5043,True,standard,1.134560500002408,0,0.0,optimized,2.0
goal,True,18.2999999999997,36.04620174914372,1.9708510187901873,1.0467664562204797,0.082115484959527,0.09429379178284777,False,0.0,,,0.24533234085025118,915,flat_clear,5044,0.0,False,False,1000.0,1000.0,36.0,1.0178429474867148,3.6549452422762707,0,0,dwa,flat_clear,5044,True,standard,1.1643661999987671,0,0.0,optimized,2.0
goal,True,18.2799999999997,36.00711847192513,1.9708909172788296,1.027325722367576,0.07299530172978878,0.09251033738442815,False,0.0,,,0.24565838722988806,914,flat_clear,5045,0.0,False,False,1000.0,1000.0,36.0,0.7659494631232381,3.545543304209088,0,0,dwa,flat_clear,5045,True,standard,1.1472517000001972,0,0.0,optimized,2.0
goal,True,18.2999999999997,36.04838476430788,1.9709746483548076,1.045088291197754,0.07981309535743426,0.0944404668994409,False,0.0,,,0.24983669851183904,915,flat_clear,5046,0.0,False,False,1000.0,1000.0,36.0,0.9011545969108519,3.3327744218409308,0,0,dwa,flat_clear,5046,True,standard,1.0722160000004806,0,0.0,optimized,2.0
goal,True,18.2799999999997,36.00879091907497,1.970965969978822,1.0742549669916666,0.08234725786978755,0.09480283803030172,False,0.0,,,0.24401868552167738,914,flat_clear,5047,0.0,False,False,1000.0,1000.0,36.0,0.9983218093282231,3.1410251815083683,0,0,dwa,flat_clear,5047,True,standard,1.1176018999976804,0,0.0,optimized,2.0
goal,True,18.2999999999997,36.046939591670885,1.9708966630983074,1.0482690701703514,0.08242401722766572,0.09499501707505853,False,0.0,,,0.24885619617828192,915,flat_clear,5048,0.0,False,False,1000.0,1000.0,36.0,1.0213876505575938,3.411304677538264,0,0,dwa,flat_clear,5048,True,standard,1.1500393000023905,0,0.0,optimized,2.0
goal,True,18.2999999999997,36.047655403551516,1.9709395463595467,1.0535982031221662,0.07716231556926814,0.09385033958684444,False,0.0,,,0.2503737691952714,915,flat_clear,5049,0.0,False,False,1000.0,1000.0,36.0,0.7517994105580714,3.1978602646371006,0,0,dwa,flat_clear,5049,True,standard,1.1509277000004658,0,0.0,optimized,2.0
goal,True,18.2999999999997,36.045348390849554,1.9708014078763165,1.0129974749951636,0.07828419957969653,0.09331242573249802,False,0.0,,,0.2518947332541989,915,flat_clear,5050,0.0,False,False,1000.0,1000.0,36.0,0.8591909328138473,4.110811346493778,0,0,dwa,flat_clear,5050,True,standard,1.151065899997775,0,0.0,optimized,2.0
goal,True,18.2999999999997,36.04754719423789,1.970948990690091,1.0339907655704452,0.07906525883131209,0.09397729713892293,False,0.0,,,0.25080007712064983,915,flat_clear,5051,0.0,False,False,1000.0,1000.0,36.0,0.8470793717637798,3.4696736983662753,0,0,dwa,flat_clear,5051,True,standard,1.133340100001078,0,0.0,optimized,2.0
goal,True,18.2999999999997,36.0423878980462,1.970638867764541,1.0022183052413611,0.09054495495043613,0.09232970409844198,False,0.0,,,0.24738546815358023,915,flat_clear,5052,0.0,False,False,1000.0,1000.0,36.0,0.9377640601298551,4.903101107035168,0,0,dwa,flat_clear,5052,True,standard,1.0946650999976555,0,0.0,optimized,2.0
goal,True,18.2999999999997,36.044396430693354,1.9707439936439224,0.9989364341507784,0.08078731446091793,0.09287118729164452,False,0.0,,,0.2502359049089603,915,flat_clear,5053,0.0,False,False,1000.0,1000.0,36.0,0.8890868185879244,4.381330884174664,0,0,dwa,flat_clear,5053,True,standard,1.1499781000020448,0,0.0,optimized,2.0
goal,True,18.2999999999997,36.04541019494363,1.9708324392812793,1.0094864835510244,0.07927424509483166,0.09241213037811566,False,0.0,,,0.24721451762938113,915,flat_clear,5054,0.0,False,False,1000.0,1000.0,36.0,0.8256418136260787,4.113300036428866,0,0,dwa,flat_clear,5054,True,standard,1.1039402999958838,0,0.0,optimized,2.0
goal,True,18.2999999999997,36.046459207565746,1.970871289802806,1.059836246526933,0.0815797768270391,0.09496530279177137,False,0.0,,,0.24710012781800442,915,flat_clear,5055,0.0,False,False,1000.0,1000.0,36.0,1.0471282526832821,3.420582573190744,0,0,dwa,flat_clear,5055,True,standard,1.1482564999969327,0,0.0,optimized,2.0
goal,True,18.2999999999997,36.04755469890854,1.9709140108515875,1.0559003050988132,0.07989079815759352,0.09402833201585159,False,0.0,,,0.2502199896262374,915,flat_clear,5056,0.0,False,False,1000.0,1000.0,36.0,0.891086723699156,3.5916894807551056,0,0,dwa,flat_clear,5056,True,standard,1.1092863000012585,0,0.0,optimized,2.0
goal,True,18.2799999999997,36.009520874956976,1.9710074242174815,1.0434087423259926,0.07292759553883796,0.09327488325087213,False,0.0,,,0.24358229192832706,914,flat_clear,5057,0.0,False,False,1000.0,1000.0,36.0,0.7886726452745311,3.003224526127708,0,0,dwa,flat_clear,5057,True,standard,1.1552620999937062,0,0.0,optimized,2.0
goal,True,18.2999999999997,36.04651937983374,1.9708518864741629,1.045951492550899,0.0780947933916105,0.09406570725270397,False,0.0,,,0.25119578251974545,915,flat_clear,5058,0.0,False,False,1000.0,1000.0,36.0,0.9098807370435502,3.73068557622015,0,0,dwa,flat_clear,5058,True,standard,1.1486617999980808,0,0.0,optimized,2.0
goal,True,18.2999999999997,36.04227759681731,1.9706299472369448,0.9919691695220635,0.09011149457524072,0.09229200696324608,False,0.0,,,0.24983455828075804,915,flat_clear,5059,0.0,False,False,1000.0,1000.0,36.0,0.9012639362358253,4.957237543027349,0,0,dwa,flat_clear,5059,True,standard,1.1095936999990954,0,0.0,optimized,2.0
goal,True,18.2999999999997,36.046860697172654,1.9709016942516124,1.0234940359023312,0.07885674881926365,0.09353183937574647,False,0.0,,,0.2510533446982957,915,flat_clear,5060,0.0,False,False,1000.0,1000.0,36.0,0.8376462876131555,3.7326058238479085,0,0,dwa,flat_clear,5060,True,standard,1.1491204999983893,0,0.0,optimized,2.0
goal,True,18.2999999999997,36.04549312952884,1.9707812509694977,1.0667406935658947,0.08275494301118684,0.09618806328460394,False,0.0,,,0.2510276793320371,915,flat_clear,5061,0.0,False,False,1000.0,1000.0,36.0,1.0911674506139513,3.3022139240992363,0,0,dwa,flat_clear,5061,True,standard,1.0927111999990302,0,0.0,optimized,2.0
goal,True,18.2999999999997,36.0428178150083,1.9706816261905011,1.0309163962732362,0.08245930403869035,0.09405557128877728,False,0.0,,,0.25447793743036223,915,flat_clear,5062,0.0,False,False,1000.0,1000.0,36.0,0.9993468346705692,4.2770388427792305,0,0,dwa,flat_clear,5062,True,standard,1.136484599999676,0,0.0,optimized,2.0
goal,True,18.2999999999997,36.0402055014338,1.9705236837449827,0.9665557687613437,0.08428268672492864,0.09095207884962586,False,0.0,,,0.24875224779021138,915,flat_clear,5063,0.0,False,False,1000.0,1000.0,36.0,0.7330288069420039,4.928957495797438,0,0,dwa,flat_clear,5063,True,standard,1.136446500000602,0,0.0,optimized,2.0
goal,True,18.2999999999997,36.040759639223985,1.9705427072653092,0.9764156406632217,0.07436236337139772,0.09116973451972911,False,0.0,,,0.24937190231135867,915,flat_clear,5064,0.0,False,False,1000.0,1000.0,36.0,0.7150441580757758,4.5863073577415205,0,0,dwa,flat_clear,5064,True,standard,1.139275399997132,0,0.0,optimized,2.0
goal,True,18.2999999999997,36.042083344534745,1.9706075583071956,0.9697408663541386,0.08579380381733624,0.09196204092845289,False,0.0,,,0.2542295776337385,915,flat_clear,5065,0.0,False,False,1000.0,1000.0,36.0,0.8035442786646663,4.8563894445347895,0,0,dwa,flat_clear,5065,True,standard,1.1151599000004353,0,0.0,optimized,2.0
goal,True,18.2999999999997,36.04514052635816,1.9707818806159927,1.0242997782429868,0.07941717862074074,0.09390356373998192,False,0.0,,,0.25220582840873706,915,flat_clear,5066,0.0,False,False,1000.0,1000.0,36.0,0.937066294483499,3.9869918481657125,0,0,dwa,flat_clear,5066,True,standard,1.1259574000068824,0,0.0,optimized,2.0
goal,True,18.2999999999997,36.041277845827366,1.9705889431812946,0.9897147628033202,0.09102336285897991,0.0930141344945119,False,0.0,,,0.25056779680085556,915,flat_clear,5067,0.0,False,False,1000.0,1000.0,36.0,1.0106291334825726,4.98601841338545,0,0,dwa,flat_clear,5067,True,standard,1.1485686000014539,0,0.0,optimized,2.0
goal,True,18.2799999999997,36.00751348943768,1.9708789021223925,1.0331982344584634,0.08050590351054034,0.09361924279042858,False,0.0,,,0.24723966128491373,914,flat_clear,5068,0.0,False,False,1000.0,1000.0,36.0,0.8970326161018014,3.68361918406922,0,0,dwa,flat_clear,5068,True,standard,1.1200098000044818,0,0.0,optimized,2.0
goal,True,18.2799999999997,36.003242191914545,1.9706813169318516,0.9998712406054377,0.07639894571879273,0.09153908109312676,False,0.0,,,0.24461549948002342,914,flat_clear,5069,0.0,False,False,1000.0,1000.0,36.0,0.7403470360296646,4.211614650645206,0,0,dwa,flat_clear,5069,True,standard,1.1399644000048283,0,0.0,optimized,2.0
goal,True,18.2999999999997,36.0498757069008,1.9710814208489935,1.0630311284521596,0.07881995080663413,0.09482400539159307,False,0.0,,,0.25175583167200954,915,flat_clear,5070,0.0,False,False,1000.0,1000.0,36.0,0.8627394964655488,3.014792907872379,0,0,dwa,flat_clear,5070,True,standard,1.1040950000024168,0,0.0,optimized,2.0
goal,True,18.2999999999997,36.0441712556352,1.970767697700663,1.00973559698084,0.07681653644618018,0.09195637692875137,False,0.0,,,0.24790329967560984,915,flat_clear,5071,0.0,False,False,1000.0,1000.0,36.0,0.7508349199984138,4.164918454437569,0,0,dwa,flat_clear,5071,True,standard,1.1380436000035843,0,0.0,optimized,2.0
goal,True,18.2999999999997,36.04012814039168,1.9704829161794117,0.9989207179771766,0.08955021558186464,0.09425385371779926,False,0.0,,,0.25358151141407254,915,flat_clear,5072,0.0,False,False,1000.0,1000.0,36.0,1.0845422517924654,4.727316696900118,0,0,dwa,flat_clear,5072,True,standard,1.1332333000027575,0,0.0,optimized,2.0
goal,True,18.2999999999997,36.04593677416385,1.9708358307325413,1.0293403732376656,0.07495991173610297,0.09278419520070412,False,0.0,,,0.24851556229020683,915,flat_clear,5073,0.0,False,False,1000.0,1000.0,36.0,0.7450583759123013,3.615451791111634,0,0,dwa,flat_clear,5073,True,standard,1.1460442000025068,0,0.0,optimized,2.0
goal,True,18.2999999999997,36.042631762265835,1.970651387432422,0.9840695164345146,0.08687787119776803,0.09208218860466724,False,0.0,,,0.2503780856560612,915,flat_clear,5074,0.0,False,False,1000.0,1000.0,36.0,0.847212170166827,4.87418254885662,0,0,dwa,flat_clear,5074,True,standard,1.1457609999997658,0,0.0,optimized,2.0
goal,True,18.2999999999997,36.044060089480446,1.9707023033998123,1.018092835966039,0.0811713469725065,0.09372052536569135,False,0.0,,,0.25351980045671463,915,flat_clear,5075,0.0,False,False,1000.0,1000.0,36.0,0.9218759880118024,4.235974977511892,0,0,dwa,flat_clear,5075,True,standard,1.1424914000017452,0,0.0,optimized,2.0
goal,True,18.2999999999997,36.04201612887281,1.97064916245387,1.0272339933942851,0.08734387670990852,0.09326698388086258,False,0.0,,,0.24724426851416376,915,flat_clear,5076,0.0,False,False,1000.0,1000.0,36.0,1.0292612569337438,4.688945080828985,0,0,dwa,flat_clear,5076,True,standard,1.1108348999987356,0,0.0,optimized,2.0
goal,True,18.2999999999997,36.0414688422233,1.9706282495373064,0.9918482574266992,0.07999983514198347,0.09091289940368001,False,0.0,,,0.24559678871701612,915,flat_clear,5077,0.0,False,False,1000.0,1000.0,36.0,0.7481831815301382,4.683266037657667,0,0,dwa,flat_clear,5077,True,standard,1.1513798999949358,0,0.0,optimized,2.0
goal,True,18.2799999999997,36.00807802684057,1.9709224112449635,1.0699723103064047,0.08242663865334739,0.09545735019455431,False,0.0,,,0.24714330564359888,914,flat_clear,5078,0.0,False,False,1000.0,1000.0,36.0,1.052260869021958,3.1100311875618685,0,0,dwa,flat_clear,5078,True,standard,1.1212700000032783,0,0.0,optimized,2.0
goal,True,18.2999999999997,36.04471333713047,1.9707831257851005,1.027071403912495,0.08145539788074392,0.09393223371380077,False,0.0,,,0.2523184128333752,915,flat_clear,5079,0.0,False,False,1000.0,1000.0,36.0,0.948921384405256,4.056615073880624,0,0,dwa,flat_clear,5079,True,standard,1.1001793999967049,0,0.0,optimized,2.0
goal,True,18.2999999999997,36.04877491295822,1.9710181494273404,1.0509307166159174,0.07809502713611687,0.09358179756079783,False,0.0,,,0.24718643341454685,915,flat_clear,5080,0.0,False,False,1000.0,1000.0,36.0,0.8413522982777953,3.3399048040720363,0,0,dwa,flat_clear,5080,True,standard,1.1672905999948853,0,0.0,optimized,2.0
goal,True,18.2799999999997,36.00361335442135,1.9707040932196378,0.9871018724875222,0.08477617985256057,0.09183438241137146,False,0.0,,,0.24541386395236212,914,flat_clear,5081,0.0,False,False,1000.0,1000.0,36.0,0.857903395921944,4.654924338620467,0,0,dwa,flat_clear,5081,True,standard,1.1667281999980332,0,0.0,optimized,2.0
goal,True,18.2799999999997,36.003160805256016,1.9706502830233479,0.9829879577702214,0.08163928288011081,0.09136021684756465,False,0.0,,,0.24572340046197222,914,flat_clear,5082,0.0,False,False,1000.0,1000.0,36.0,0.7955105971431277,4.6545013175171706,0,0,dwa,flat_clear,5082,True,standard,1.1552421000014874,0,0.0,optimized,2.0
goal,True,18.2999999999997,36.042731810037154,1.9706335287494388,0.9761309917422378,0.0867324495729173,0.09230378338069024,False,0.0,,,0.25177255377100083,915,flat_clear,5083,0.0,False,False,1000.0,1000.0,36.0,0.8508672632349321,4.7793800012599625,0,0,dwa,flat_clear,5083,True,standard,1.1723622999998042,0,0.0,optimized,2.0
goal,True,18.2799999999997,36.006083366846546,1.9708167155414091,1.0597728669909112,0.08150490964133271,0.09478754015024915,False,0.0,,,0.2474012973628904,914,flat_clear,5084,0.0,False,False,1000.0,1000.0,36.0,1.0530656978728266,3.603905821938964,0,0,dwa,flat_clear,5084,True,standard,1.1431855000046198,0,0.0,optimized,2.0
goal,True,18.2799999999997,36.005555304067315,1.9707969312614333,1.0296012649206019,0.06897766645259959,0.0922194096309807,False,0.0,,,0.24406417220557747,914,flat_clear,5085,0.0,False,False,1000.0,1000.0,36.0,0.718730957787409,3.4803602936247238,0,0,dwa,flat_clear,5085,True,standard,1.1010568999990937,0,0.0,optimized,2.0
goal,True,18.2999999999997,36.04488183465937,1.9707920937745897,1.0180482150359014,0.07835699578153218,0.09289865208328903,False,0.0,,,0.2521251180580552,915,flat_clear,5086,0.0,False,False,1000.0,1000.0,36.0,0.8461753811272056,4.201848831134938,0,0,dwa,flat_clear,5086,True,standard,1.1410222000049544,0,0.0,optimized,2.0
goal,True,18.2999999999997,36.04522398976465,1.9707990833283684,1.020452288973899,0.0700343889653006,0.09282136400768051,False,0.0,,,0.24954015503814997,915,flat_clear,5087,0.0,False,False,1000.0,1000.0,36.0,0.7297546609361127,3.6178111164901976,0,0,dwa,flat_clear,5087,True,standard,1.1515871999945375,0,0.0,optimized,2.0
goal,True,18.2999999999997,36.049455750186894,1.9710168981028646,1.0569810126254575,0.0801020476409439,0.09507404617885318,False,0.0,,,0.25093935291960967,915,flat_clear,5088,0.0,False,False,1000.0,1000.0,36.0,0.9086910672377201,3.076056513841886,0,0,dwa,flat_clear,5088,True,standard,1.1652549999998882,0,0.0,optimized,2.0
goal,True,18.2999999999997,36.047535132322984,1.9709250243665175,1.030021450130278,0.07759353697653937,0.09351049718257509,False,0.0,,,0.2510849203194045,915,flat_clear,5089,0.0,False,False,1000.0,1000.0,36.0,0.7969012135678066,3.4746629759075462,0,0,dwa,flat_clear,5089,True,standard,1.1180553999947733,0,0.0,optimized,2.0
goal,True,18.2999999999997,36.04975065503906,1.9710721421358792,1.0558347001923611,0.07888641333320426,0.09424562633084249,False,0.0,,,0.2506632343983898,915,flat_clear,5090,0.0,False,False,1000.0,1000.0,36.0,0.812731185705469,3.0192451758830843,0,0,dwa,flat_clear,5090,True,standard,1.1438424999942072,0,0.0,optimized,2.0
goal,True,18.2799999999997,36.00939483105371,1.9710271259824321,1.0514095599394606,0.0808129858230659,0.09376661085135066,False,0.0,,,0.24438109232616878,914,flat_clear,5091,0.0,False,False,1000.0,1000.0,36.0,0.8747085205182346,3.2140859613197943,0,0,dwa,flat_clear,5091,True,standard,1.165559699998994,0,0.0,optimized,2.0
goal,True,18.2799999999997,36.00743405248949,1.9709099251386717,1.028974991807801,0.08189337618965434,0.09291398794754963,False,0.0,,,0.24430927209096656,914,flat_clear,5092,0.0,False,False,1000.0,1000.0,36.0,0.8347057354303752,3.6104146276233733,0,0,dwa,flat_clear,5092,True,standard,1.1309419999961392,0,0.0,optimized,2.0
goal,True,18.2999999999997,36.04066298914027,1.9705259916180817,0.9718639035241695,0.07644565310487125,0.09119845310580636,False,0.0,,,0.24905992061600632,915,flat_clear,5093,0.0,False,False,1000.0,1000.0,36.0,0.7027821538503214,4.517424137019871,0,0,dwa,flat_clear,5093,True,standard,1.1295095000023139,0,0.0,optimized,2.0
goal,True,18.2999999999997,36.04272757762583,1.9706619858009709,0.9819328314662538,0.07630132619677028,0.09149002758948994,False,0.0,,,0.2478540077189849,915,flat_clear,5094,0.0,False,False,1000.0,1000.0,36.0,0.759548402527707,4.534496637945709,0,0,dwa,flat_clear,5094,True,standard,1.1077272000038647,0,0.0,optimized,2.0
goal,True,18.2999999999997,36.039664206398825,1.970492153016626,0.9357916643650359,0.07629727464716898,0.09041592863506898,False,0.0,,,0.24545457259617084,915,flat_clear,5095,0.0,False,False,1000.0,1000.0,36.0,0.7038176926854574,4.7716698558317745,0,0,dwa,flat_clear,5095,True,standard,1.1634055999966222,0,0.0,optimized,2.0
goal,True,18.2999999999997,36.041321729290175,1.9705694812288819,1.020529933231293,0.08472100791158116,0.09466794930139613,False,0.0,,,0.2525339723370878,915,flat_clear,5096,0.0,False,False,1000.0,1000.0,36.0,1.0818708535353732,4.332364566134115,0,0,dwa,flat_clear,5096,True,standard,1.1096851999973296,0,0.0,optimized,2.0
goal,True,18.2999999999997,36.04274812087142,1.9706690575135737,1.0315923767853532,0.08120022804904571,0.09485158431033675,False,0.0,,,0.25414303111837355,915,flat_clear,5097,0.0,False,False,1000.0,1000.0,36.0,1.0513529123167236,3.996850644935159,0,0,dwa,flat_clear,5097,True,standard,1.109199799997441,0,0.0,optimized,2.0
goal,True,18.2799999999997,36.00503758842615,1.9707736347575708,1.0471943544417577,0.08156080101160504,0.0945444518236708,False,0.0,,,0.2453318050011661,914,flat_clear,5098,0.0,False,False,1000.0,1000.0,36.0,1.071515063165253,3.7814489751499796,0,0,dwa,flat_clear,5098,True,standard,1.1396691999980249,0,0.0,optimized,2.0
goal,True,18.2999999999997,36.04749779614212,1.9709201246799248,1.0625442101479734,0.08246118104511903,0.09521782261670438,False,0.0,,,0.2508386522556847,915,flat_clear,5099,0.0,False,False,1000.0,1000.0,36.0,0.9961736911557313,3.2102618071198448,0,0,dwa,flat_clear,5099,True,standard,1.122594599997683,0,0.0,optimized,2.0
goal,True,21.719999999999626,36.096556383745906,1.6624594960552714,2.205046992075956,0.6983173008704435,0.22308184645691942,False,0.0,,,0.3838790600945348,1086,kerb,5000,0.10063859654556317,False,False,16.0,22.0,36.0,0.8421893577539279,3.1106926377148136,0,0,dwa,kerb,5000,True,standard,1.3846954999971786,0,0.0,optimized,2.0
goal,True,21.07999999999964,36.0326131844705,1.7101277982368666,3.843308216485187,0.9343293915035237,0.2631264669940167,True,0.0013282732447817836,,,0.3814261478746116,1054,kerb,5001,0.1361326555543014,False,False,16.0,22.0,36.0,1.0085497877150973,3.463029867560513,0,0,dwa,kerb,5001,True,standard,1.3501383999973768,0,0.0,optimized,2.0
goal,True,21.55999999999963,36.11286421284583,1.6754605718415116,2.0589220943601108,0.6010095400289119,0.21287141570009344,False,0.0,,,0.3797500346092647,1078,kerb,5002,0.10779195637104258,False,False,16.0,22.0,36.0,1.006598628122048,3.903147756916806,0,0,dwa,kerb,5002,True,standard,1.4172235999940312,0,0.0,optimized,2.0
goal,True,21.51999999999963,36.06902171529132,1.676645800617667,2.467727148246767,0.6507776884873798,0.2367118393306077,False,0.0,,,0.38529244674771496,1076,kerb,5003,0.1152588703871631,False,False,16.0,22.0,36.0,0.7517930892575723,3.7871843554365645,0,0,dwa,kerb,5003,True,standard,1.4021360999977333,0,0.0,optimized,2.0
goal,True,21.739999999999625,36.02023043284087,1.6576576990881495,1.9868208786807122,0.714710887421098,0.2097696229707217,False,0.0,,,0.3834563408664731,1087,kerb,5004,0.09395417832217653,False,False,16.0,22.0,36.0,0.890305269851523,3.167338564992484,0,0,dwa,kerb,5004,True,standard,1.3908872999963933,0,0.0,optimized,2.0
goal,True,21.01999999999964,36.03813497731926,1.7153719598005113,4.25932511071287,1.028595986410637,0.28285793359320077,True,0.001522359657469077,,,0.38374640118152986,1051,kerb,5005,0.14452422563128192,False,False,16.0,22.0,36.0,0.9124810113829057,3.4541322103790937,0,0,dwa,kerb,5005,True,standard,1.3219553000017186,0,0.0,optimized,2.0
goal,True,21.239999999999636,36.02365528595926,1.6968376160991825,2.639978460682509,0.6254178960882233,0.22016129218493444,False,0.0,,,0.3822499605816443,1062,kerb,5006,0.11823518779379621,False,False,16.0,22.0,36.0,0.878948645244961,4.724539790888749,0,0,dwa,kerb,5006,True,standard,1.3694236999945133,0,0.0,optimized,2.0
goal,True,21.899999999999622,36.030124932206775,1.6461992951270576,1.8128241692820803,0.6854105920284358,0.19094340064950063,False,0.0,,,0.390009746591799,1095,kerb,5007,0.09332622163787102,True,False,16.0,22.0,36.0,0.7003099757032973,4.832701252556141,0,0,dwa,kerb,5007,True,standard,1.4099206999962917,0,0.0,optimized,2.0
goal,True,22.01999999999962,36.09157517321479,1.6396596574172397,1.7112235001798661,0.6925803175240943,0.2066209601234014,False,0.0,,,0.38974730251277856,1101,kerb,5008,0.090077259790111,False,False,16.0,22.0,36.0,0.7780156087365453,4.103977423040574,0,0,dwa,kerb,5008,True,standard,1.465393500002392,0,0.0,optimized,2.0
goal,True,21.439999999999632,36.076743390802896,1.6838524771988903,1.067720326365061,0.08631765213015052,0.12571481762251116,False,0.0,,,0.3562073614039303,1072,kerb,5009,0.11325841109235353,True,True,16.0,22.0,36.0,0.9689358374482765,3.4873356243580726,0,0,dwa,kerb,5009,True,standard,1.4013682000004337,0,0.0,optimized,2.0
goal,True,21.299999999999635,36.11908853677937,1.695729674743991,3.006899946852044,0.8307946671623737,0.2791681312613752,True,0.00018779342723004695,,,0.39470961854937986,1065,kerb,5010,0.14381243175444086,False,False,16.0,22.0,36.0,0.7051556442607216,3.7667485448765166,0,0,dwa,kerb,5010,True,standard,1.4061335000005784,0,0.0,optimized,2.0
goal,True,20.919999999999643,36.109071398224614,1.7273850689436043,1.0037381427291938,0.09291728388042743,0.11936478803039488,False,0.0,,,0.35543862485883243,1046,kerb,5011,0.14971532004645052,True,True,16.0,22.0,36.0,0.8328891001551972,4.081364643336002,0,0,dwa,kerb,5011,True,standard,1.3655366999955731,0,0.0,optimized,2.0
goal,True,21.279999999999635,36.04837147559496,1.6947541573892653,2.341362722898042,0.5938109442746263,0.21259008570359889,False,0.0,,,0.37928649268051734,1064,kerb,5012,0.11599739438211938,False,False,16.0,22.0,36.0,1.0932146650543806,4.746887235560902,0,0,dwa,kerb,5012,True,standard,1.330249400001776,0,0.0,optimized,2.0
goal,True,21.53999999999963,36.09671851703061,1.6766792442910559,1.9929803609975303,0.5926839519606742,0.1920381910832493,False,0.0,,,0.38151447347562006,1077,kerb,5013,0.11438074496395545,True,False,16.0,22.0,36.0,0.9965686471139685,4.558301693417866,0,0,dwa,kerb,5013,True,standard,1.4355675000042538,0,0.0,optimized,2.0
goal,True,21.07999999999964,36.03024799590743,1.7100039161551897,3.3064220055703752,0.8253923439551918,0.24467758109106832,True,0.0009487666034155598,,,0.3804469680699012,1054,kerb,5014,0.13211528278562787,False,False,16.0,22.0,36.0,1.0079404557952962,4.248689932953564,0,0,dwa,kerb,5014,True,standard,1.3363287000029231,0,0.0,optimized,2.0
goal,True,21.59999999999963,36.06545792268844,1.6703607839416772,2.2748640244405274,0.8155961058673509,0.2388340992370511,False,0.0,,,0.3854943095188613,1080,kerb,5015,0.11307428979546041,False,False,16.0,22.0,36.0,0.7129585808151011,3.616554150795544,0,0,dwa,kerb,5015,True,standard,1.3416814000011072,0,0.0,optimized,2.0
goal,True,21.319999999999634,36.05181308652047,1.6915836816301613,2.1746547297067234,0.6998900878637101,0.22426793244361123,False,0.0,,,0.379002304222264,1066,kerb,5016,0.12328780373270565,False,False,16.0,22.0,36.0,1.0824496477512628,4.4970018275504655,0,0,dwa,kerb,5016,True,standard,1.3582586999982595,0,0.0,optimized,2.0
goal,True,21.359999999999634,36.04947399452215,1.6882502360744107,2.5776745873714564,0.785201790964752,0.23994081724937127,False,0.0,,,0.37437331300333027,1068,kerb,5017,0.12162928738333142,False,False,16.0,22.0,36.0,1.0313683035167758,3.069327793573069,0,0,dwa,kerb,5017,True,standard,1.3828100000027916,0,0.0,optimized,2.0
goal,True,21.659999999999627,36.057904786274065,1.6656080361583334,2.1599229873912082,0.6165988313853571,0.19597189388913944,False,0.0,,,0.3785094844597182,1083,kerb,5018,0.1021966661181102,True,False,16.0,22.0,36.0,0.8519960097254107,3.741644975951466,0,0,dwa,kerb,5018,True,standard,1.4087999000039417,0,0.0,optimized,2.0
goal,True,21.659999999999627,36.023086009438735,1.6639400801460076,1.91113805016919,0.5222483611722657,0.20209219636135395,False,0.0,,,0.38898043129729504,1083,kerb,5019,0.09694607558591248,False,False,16.0,22.0,36.0,0.7749984328665865,4.6919924902412244,0,0,dwa,kerb,5019,True,standard,1.379306800001359,0,0.0,optimized,2.0
goal,True,21.319999999999634,36.02974227280296,1.690903926535831,2.8691804997190684,0.6368514986757754,0.23717542811431402,False,0.0,,,0.38695951655653904,1066,kerb,5020,0.11812828874817456,False,False,16.0,22.0,36.0,0.7248282467948968,4.082261203094857,0,0,dwa,kerb,5020,True,standard,1.355655300001672,0,0.0,optimized,2.0
goal,True,21.47999999999963,36.05449711023054,1.6793130746065261,2.2169648106090505,0.616429543739043,0.20022504574024214,False,0.0,,,0.3756702802604488,1074,kerb,5021,0.11381894175763324,True,False,16.0,22.0,36.0,0.9140104345757991,3.9670663971291336,0,0,dwa,kerb,5021,True,standard,1.3978663999951095,0,0.0,optimized,2.0
goal,True,21.239999999999636,36.05690523023586,1.6980986033964476,2.717236055940867,0.7408722376005084,0.24705048522682954,False,0.0,,,0.3805009657162137,1062,kerb,5022,0.13140191257451567,False,False,16.0,22.0,36.0,0.8496203871888334,4.16327064677573,0,0,dwa,kerb,5022,True,standard,1.371286900000996,0,0.0,optimized,2.0
goal,True,21.279999999999635,36.071512816665695,1.6954412927643179,2.4986150216786696,0.6713566976684632,0.2378205638125015,False,0.0,,,0.38328457929650955,1064,kerb,5023,0.12867756728465177,False,False,16.0,22.0,36.0,0.8171074644897484,4.845944573728948,0,0,dwa,kerb,5023,True,standard,1.3926786000010907,0,0.0,optimized,2.0
goal,True,21.219999999999636,36.0736499429927,1.7002889323924875,2.8693301370685576,0.7945712195816139,0.257088654522478,False,0.0,,,0.3863404227640053,1061,kerb,5024,0.13928371679168416,False,False,16.0,22.0,36.0,0.8109383252924722,4.478913919082471,0,0,dwa,kerb,5024,True,standard,1.3625630000024103,0,0.0,optimized,2.0
goal,True,21.699999999999626,36.048651628044134,1.6619595305184662,1.8361376578402744,0.49083626574898304,0.19376195101807486,False,0.0,,,0.380621646069877,1085,kerb,5025,0.09643074988431373,False,False,16.0,22.0,36.0,0.9732104368642298,4.750233220361416,0,0,dwa,kerb,5025,True,standard,1.4267576999991434,0,0.0,optimized,2.0
goal,True,21.899999999999622,36.10039598160729,1.649027396832705,1.8661487269740384,0.7167952850332756,0.21418155423908714,False,0.0,,,0.3919980439378641,1095,kerb,5026,0.09558762086488723,False,False,16.0,22.0,36.0,0.7262499636679371,4.307968225800889,0,0,dwa,kerb,5026,True,standard,1.4088336999993771,0,0.0,optimized,2.0
goal,True,21.379999999999633,36.10195335243638,1.6892382574702398,1.0589980573434323,0.405304432702134,0.16109306905221119,False,0.0,,,0.35854858159763636,1069,kerb,5027,0.11482123997562081,False,True,16.0,22.0,36.0,0.876142603073939,3.7904107308165678,0,0,dwa,kerb,5027,True,standard,1.4098803000015323,0,0.0,optimized,2.0
goal,True,21.619999999999628,36.08049530162235,1.6695282270122147,1.872752246355836,0.5213358845148651,0.19739259023484934,False,0.0,,,0.3776564349571732,1081,kerb,5028,0.10116781223940692,False,False,16.0,22.0,36.0,1.0334928486032917,4.609884125974756,0,0,dwa,kerb,5028,True,standard,1.3644331999967108,0,0.0,optimized,2.0
goal,True,21.139999999999638,36.05182860071117,1.7063974683489778,1.0403460499181396,0.6423110163637382,0.15824340374740314,False,0.0,,,0.3548424056928403,1057,kerb,5029,0.12404880975552002,False,True,16.0,22.0,36.0,0.8960683121439519,3.612757000380382,0,0,dwa,kerb,5029,True,standard,1.391979200001515,0,0.0,optimized,2.0
goal,True,21.379999999999633,36.10086545984511,1.6891995280267278,1.0305650527249133,0.4172989957728096,0.1612848950752877,False,0.0,,,0.353565902071562,1069,kerb,5030,0.11541600076902528,False,True,16.0,22.0,36.0,0.702641268886089,3.5741138987672745,0,0,dwa,kerb,5030,True,standard,1.379340300001786,0,0.0,optimized,2.0
goal,True,21.379999999999633,36.095752415898254,1.6891917691118856,3.025339757728907,0.9705171534614865,0.22248228862166483,True,0.00018709073900841907,,,0.38410300705349093,1069,kerb,5031,0.14561650478931443,True,False,16.0,22.0,36.0,1.0541886438268662,3.7270554480582403,0,0,dwa,kerb,5031,True,standard,1.4131328000003123,0,0.0,optimized,2.0
goal,True,21.47999999999963,36.07942033464103,1.6802454385626178,2.221609820288649,0.590748862364226,0.2171346969252671,False,0.0,,,0.3795056569630901,1074,kerb,5032,0.1122245362773568,False,False,16.0,22.0,36.0,0.8808706052658889,4.3792262715010075,0,0,dwa,kerb,5032,True,standard,1.4121773000006215,0,0.0,optimized,2.0
goal,True,21.399999999999633,36.10856430438032,1.6877462835001553,2.367656527056094,0.6982199160577246,0.22608761644910177,False,0.0,,,0.37633709942941,1070,kerb,5033,0.11672621005094068,False,False,16.0,22.0,36.0,1.0836130709500158,3.666279579977531,0,0,dwa,kerb,5033,True,standard,1.382200300002296,0,0.0,optimized,2.0
goal,True,21.139999999999638,36.02856750307054,1.70558115376527,1.0228622359530777,0.09735571824101219,0.12113042927900933,False,0.0,,,0.34813141814286813,1057,kerb,5034,0.12934267293598622,True,True,16.0,22.0,36.0,0.7665500295059827,3.804995479071652,0,0,dwa,kerb,5034,True,standard,1.3946714000048814,0,0.0,optimized,2.0
goal,True,21.55999999999963,36.072340387134574,1.6740222934196591,2.0311389445291677,0.5580180366028974,0.19035537120066506,False,0.0,,,0.38563600300786044,1078,kerb,5035,0.10658169577161372,True,False,16.0,22.0,36.0,0.9199233332386492,4.156022809768874,0,0,dwa,kerb,5035,True,standard,1.4255727999989176,0,0.0,optimized,2.0
goal,True,21.359999999999634,36.066677166491885,1.6891257611233756,2.4219646499314207,0.6657364220801643,0.2216618935842668,False,0.0,,,0.37697298979646215,1068,kerb,5036,0.1173697414789877,False,False,16.0,22.0,36.0,1.0648143012996332,4.3024889064133,0,0,dwa,kerb,5036,True,standard,1.4320028000001912,0,0.0,optimized,2.0
goal,True,21.319999999999634,36.05137819416891,1.6913760898565462,2.737461175018748,0.6662384606950807,0.252585189121741,False,0.0,,,0.39065672959509795,1066,kerb,5037,0.13679937064081266,False,False,16.0,22.0,36.0,0.7092210370314546,4.854865496269261,0,0,dwa,kerb,5037,True,standard,1.371087899999111,0,0.0,optimized,2.0
goal,True,21.739999999999625,36.12215494353521,1.662179184675035,1.8273010638956422,0.489031058891229,0.1933236948087085,False,0.0,,,0.3837069953061687,1087,kerb,5038,0.09670644475941208,False,False,16.0,22.0,36.0,1.0555417311834316,4.89287011986292,0,0,dwa,kerb,5038,True,standard,1.402251499996055,0,0.0,optimized,2.0
goal,True,21.419999999999632,36.101895691586044,1.6863530684930896,2.903449277681507,0.8528686013879675,0.22306245943092556,False,0.0,,,0.38471936461581346,1071,kerb,5039,0.13861797778812823,True,False,16.0,22.0,36.0,0.9402582229555535,3.6144856875598865,0,0,dwa,kerb,5039,True,standard,1.3434225999953924,0,0.0,optimized,2.0
goal,True,21.03999999999964,36.021581191039786,1.7128584973066534,3.965639258368038,0.9627906057132278,0.2679627900699151,True,0.001520912547528517,,,0.37949919878273725,1052,kerb,5040,0.13659141728402505,False,False,16.0,22.0,36.0,0.9712075052113058,3.1920688461343363,0,0,dwa,kerb,5040,True,standard,1.3297770999997738,0,0.0,optimized,2.0
goal,True,21.279999999999635,36.092324254181165,1.6963623431977122,3.2622338540825475,0.9472036898074487,0.2823543460943017,True,0.0007518796992481203,,,0.3866427581578502,1064,kerb,5041,0.14238089228448053,False,False,16.0,22.0,36.0,0.7917534446414414,3.1247853346898227,0,0,dwa,kerb,5041,True,standard,1.416958000001614,0,0.0,optimized,2.0
goal,True,21.47999999999963,36.112283623995495,1.6815988850696044,2.377195535960785,0.6804974078006162,0.22731154044416163,False,0.0,,,0.3776505482631457,1074,kerb,5042,0.11346964484423985,False,False,16.0,22.0,36.0,0.9598932040906721,3.486030199242384,0,0,dwa,kerb,5042,True,standard,1.3306556000025012,0,0.0,optimized,2.0
goal,True,21.219999999999636,36.11866854442945,1.7027976440019494,1.043149742984334,0.4414884470948842,0.16452727794233327,False,0.0,,,0.35946325551276775,1061,kerb,5043,0.1269385057241497,False,True,16.0,22.0,36.0,1.0898186350139498,4.0020376195110305,0,0,dwa,kerb,5043,True,standard,1.3719161999979406,0,0.0,optimized,2.0
goal,True,20.99999999999964,36.02445579389925,1.7162231571534177,3.793470610825096,0.9649201445616694,0.26535503751312,True,0.0013333333333333333,,,0.3820428091828158,1050,kerb,5044,0.13998739401869517,False,False,16.0,22.0,36.0,1.0178429474867148,3.6549452422762707,0,0,dwa,kerb,5044,True,standard,1.4461385999966296,0,0.0,optimized,2.0
goal,True,21.319999999999634,36.071403136612716,1.6922671934253486,2.7837012595908353,0.8191273793924829,0.2650923477272105,False,0.0,,,0.38533000912323456,1066,kerb,5045,0.13638592052525939,False,False,16.0,22.0,36.0,0.7659494631232381,3.545543304209088,0,0,dwa,kerb,5045,True,standard,1.3777024999944842,0,0.0,optimized,2.0
goal,True,21.51999999999963,36.10906503606522,1.6786919795567794,2.3666971712675844,0.7207001922714387,0.2152340171631579,False,0.0,,,0.382611301180667,1076,kerb,5046,0.12227119309524864,True,False,16.0,22.0,36.0,0.9011545969108519,3.3327744218409308,0,0,dwa,kerb,5046,True,standard,1.3804558999981964,0,0.0,optimized,2.0
goal,True,21.819999999999624,36.03210604780319,1.6521907479099422,2.0014853782135527,0.5316874994556563,0.20213007509325168,False,0.0,,,0.37856115871155704,1091,kerb,5047,0.0907107601460403,False,False,16.0,22.0,36.0,0.9983218093282231,3.1410251815083683,0,0,dwa,kerb,5047,True,standard,1.4170689000020502,0,0.0,optimized,2.0
goal,True,21.779999999999625,36.108983139536676,1.6584825820791391,2.0397507229195213,0.5429333441412779,0.20437478799140193,False,0.0,,,0.37723446186053006,1089,kerb,5048,0.09534548510317571,False,False,16.0,22.0,36.0,1.0213876505575938,3.411304677538264,0,0,dwa,kerb,5048,True,standard,1.4849306000032811,0,0.0,optimized,2.0
goal,True,21.299999999999635,36.10833808838888,1.6953989128483837,3.3139767652422703,0.9530013323579983,0.28709446850591136,True,0.0011267605633802818,,,0.39190898091585935,1065,kerb,5049,0.14394041403531896,False,False,16.0,22.0,36.0,0.7517994105580714,3.1978602646371006,0,0,dwa,kerb,5049,True,standard,1.4524409000005107,0,0.0,optimized,2.0
goal,True,21.739999999999625,36.1068137373468,1.6614523251763766,1.9779079872971672,0.509171337042612,0.20819563570549554,False,0.0,,,0.38416949574230486,1087,kerb,5050,0.0986083385191299,False,False,16.0,22.0,36.0,0.8591909328138473,4.110811346493778,0,0,dwa,kerb,5050,True,standard,1.453183600002376,0,0.0,optimized,2.0
goal,True,21.319999999999634,36.09704655829343,1.6942896375686296,1.0339905795950595,0.08886408838681273,0.12413571996241439,False,0.0,,,0.35942711015469253,1066,kerb,5051,0.12233334430260395,True,True,16.0,22.0,36.0,0.8470793717637798,3.4696736983662753,0,0,dwa,kerb,5051,True,standard,1.423434599993925,0,0.0,optimized,2.0
goal,True,21.419999999999632,36.06085315643624,1.6843702272759922,2.5322007040804695,0.7330370985154427,0.20853480622443593,False,0.0,,,0.378795800131334,1071,kerb,5052,0.1306635418670573,True,False,16.0,22.0,36.0,0.9377640601298551,4.903101107035168,0,0,dwa,kerb,5052,True,standard,1.3960635000039474,0,0.0,optimized,2.0
goal,True,21.259999999999636,36.08345031775215,1.697897317700219,0.9996982717562136,0.403899262625108,0.1606733635596572,False,0.0,,,0.35755154562763275,1063,kerb,5053,0.12112491333169412,False,True,16.0,22.0,36.0,0.8890868185879244,4.381330884174664,0,0,dwa,kerb,5053,True,standard,1.4388869000031264,0,0.0,optimized,2.0
goal,True,21.59999999999963,36.05188650668074,1.6699942935022485,2.1304613297615282,0.5585248565179948,0.19681661879600265,False,0.0,,,0.37820225477638025,1080,kerb,5054,0.10840892457049757,True,False,16.0,22.0,36.0,0.8256418136260787,4.113300036428866,0,0,dwa,kerb,5054,True,standard,1.389528200001223,0,0.0,optimized,2.0
goal,True,21.659999999999627,36.052371433102586,1.665374825580443,1.6239865190773792,0.5131754443557844,0.18043519021574392,False,0.0,,,0.37187755545882384,1083,kerb,5055,0.09580944017439189,True,False,16.0,22.0,36.0,1.0471282526832821,3.420582573190744,0,0,dwa,kerb,5055,True,standard,1.470446899998933,0,0.0,optimized,2.0
goal,True,21.179999999999637,36.10432246250337,1.7048197435237962,3.1297122526000387,0.914467750979269,0.2711186345822824,True,0.0005665722379603399,,,0.38753425617942205,1059,kerb,5056,0.14314511450547973,False,False,16.0,22.0,36.0,0.891086723699156,3.5916894807551056,0,0,dwa,kerb,5056,True,standard,1.4080169000008027,0,0.0,optimized,2.0
goal,True,21.45999999999963,36.02054600062663,1.6793560498330764,2.9195362893556203,0.7521860538540027,0.235697045795246,False,0.0,,,0.3774125778840795,1073,kerb,5057,0.1082113167106713,False,False,16.0,22.0,36.0,0.7886726452745311,3.003224526127708,0,0,dwa,kerb,5057,True,standard,1.4235121000019717,0,0.0,optimized,2.0
goal,True,21.49999999999963,36.12038163908721,1.6804212483258896,2.1830114639018703,0.645894288814648,0.2220653098612074,False,0.0,,,0.38170412933933046,1075,kerb,5058,0.11184194310749679,False,False,16.0,22.0,36.0,0.9098807370435502,3.73068557622015,0,0,dwa,kerb,5058,True,standard,1.368441200000234,0,0.0,optimized,2.0
goal,True,21.359999999999634,36.1118401886427,1.6909135028083717,2.3662773931859085,0.6492889564320328,0.22810506968231337,False,0.0,,,0.3858097046236197,1068,kerb,5059,0.12322396409418393,False,False,16.0,22.0,36.0,0.9012639362358253,4.957237543027349,0,0,dwa,kerb,5059,True,standard,1.4318749000012758,0,0.0,optimized,2.0
goal,True,21.799999999999624,36.11255200670911,1.6571772684703814,1.023493972840154,0.3417821479812886,0.15852946621055378,False,0.0,,,0.36285733787692,1090,kerb,5060,0.09337821742015381,False,True,16.0,22.0,36.0,0.8376462876131555,3.7326058238479085,0,0,dwa,kerb,5060,True,standard,1.4578301000001375,0,0.0,optimized,2.0
goal,True,21.419999999999632,36.07559082707688,1.6849957659272186,2.7294939613926323,0.9013271275207411,0.23010517709936562,False,0.0,,,0.3826982012106809,1071,kerb,5061,0.13695448627719198,True,False,16.0,22.0,36.0,1.0911674506139513,3.3022139240992363,0,0,dwa,kerb,5061,True,standard,1.4089251999976113,0,0.0,optimized,2.0
goal,True,21.679999999999627,36.090478730383936,1.6652395926810746,1.9509781355491378,0.531971794609799,0.20289254004100443,False,0.0,,,0.38381405974855815,1084,kerb,5062,0.0999320615330115,False,False,16.0,22.0,36.0,0.9993468346705692,4.2770388427792305,0,0,dwa,kerb,5062,True,standard,1.4071566999991774,0,0.0,optimized,2.0
goal,True,21.239999999999636,36.06212682606705,1.698487676367712,2.792120364168694,0.6357617252688219,0.23971006088983102,False,0.0,,,0.3907545023815797,1062,kerb,5063,0.13080054112731646,False,False,16.0,22.0,36.0,0.7330288069420039,4.928957495797438,0,0,dwa,kerb,5063,True,standard,1.3967585000063991,0,0.0,optimized,2.0
goal,True,21.359999999999634,36.07070862958684,1.689293955689445,2.6056956846718755,0.6599107816985088,0.2515728910265787,False,0.0,,,0.39351186756235584,1068,kerb,5064,0.13444189604194567,False,False,16.0,22.0,36.0,0.7150441580757758,4.5863073577415205,0,0,dwa,kerb,5064,True,standard,1.3907660999975633,0,0.0,optimized,2.0
goal,True,21.55999999999963,36.11247198580414,1.6756640847520021,2.1129642730661238,0.6045629747971298,0.20732880027682904,False,0.0,,,0.39552936813773887,1078,kerb,5065,0.1251690425208082,True,False,16.0,22.0,36.0,0.8035442786646663,4.8563894445347895,0,0,dwa,kerb,5065,True,standard,1.4446078000037232,0,0.0,optimized,2.0
goal,True,21.319999999999634,36.11754573658232,1.694346614587014,2.6954463895804803,0.739037282198055,0.241730594477009,False,0.0,,,0.38440683628622135,1066,kerb,5066,0.1266821206098644,False,False,16.0,22.0,36.0,0.937066294483499,3.9869918481657125,0,0,dwa,kerb,5066,True,standard,1.4045901999998023,0,0.0,optimized,2.0
goal,True,21.51999999999963,36.08265935259034,1.6773592496393894,2.1194387302287727,0.545587338229599,0.20401129024305356,False,0.0,,,0.37847999975024005,1076,kerb,5067,0.107957664584021,False,False,16.0,22.0,36.0,1.0106291334825726,4.98601841338545,0,0,dwa,kerb,5067,True,standard,1.3889705000037793,0,0.0,optimized,2.0
goal,True,21.779999999999625,36.10432028037539,1.6583433168715362,1.0450808918088015,0.3558285004099255,0.15728939098726147,False,0.0,,,0.3576627822433579,1089,kerb,5068,0.09259308451131983,False,True,16.0,22.0,36.0,0.8970326161018014,3.68361918406922,0,0,dwa,kerb,5068,True,standard,1.419062799999665,0,0.0,optimized,2.0
goal,True,21.379999999999633,36.03140723949569,1.6860439100565978,2.6348812928091196,0.592234833116593,0.22660264764639215,False,0.0,,,0.3860522458064195,1069,kerb,5069,0.11185018390823433,False,False,16.0,22.0,36.0,0.7403470360296646,4.211614650645206,0,0,dwa,kerb,5069,True,standard,1.3448305999991135,0,0.0,optimized,2.0
goal,True,20.97999999999964,36.10033512307702,1.7214290847074125,1.1629094807331548,0.6302189027979179,0.17495128101824775,False,0.0,,,0.3517892913579487,1049,kerb,5070,0.14646988327914132,False,True,16.0,22.0,36.0,0.8627394964655488,3.014792907872379,0,0,dwa,kerb,5070,True,standard,1.4040097999968566,0,0.0,optimized,2.0
goal,True,21.699999999999626,36.07577887948682,1.66330913828696,2.1116471179078613,0.6313591138152723,0.22171343275165448,False,0.0,,,0.3832603332609182,1085,kerb,5071,0.10540263645169527,False,False,16.0,22.0,36.0,0.7508349199984138,4.164918454437569,0,0,dwa,kerb,5071,True,standard,1.416574100003345,0,0.0,optimized,2.0
goal,True,21.439999999999632,36.093687119836574,1.6842721101554916,2.2864563606345993,0.7446974761571632,0.20830219553455703,False,0.0,,,0.3858497558328945,1072,kerb,5072,0.129473321823593,True,False,16.0,22.0,36.0,1.0845422517924654,4.727316696900118,0,0,dwa,kerb,5072,True,standard,1.4221776999984286,0,0.0,optimized,2.0
goal,True,21.45999999999963,36.09024007971915,1.6821707499488288,2.5607750896246713,0.6972225207592524,0.24674876042653998,False,0.0,,,0.3868801939552019,1073,kerb,5073,0.12157656077615875,False,False,16.0,22.0,36.0,0.7450583759123013,3.615451791111634,0,0,dwa,kerb,5073,True,standard,1.4010401000050479,0,0.0,optimized,2.0
goal,True,21.179999999999637,36.080372990401024,1.7047452490660973,0.9840694409513999,0.08687781871934791,0.1195096901907964,False,0.0,,,0.36030527791069855,1059,kerb,5074,0.13307392580312158,True,True,16.0,22.0,36.0,0.847212170166827,4.87418254885662,0,0,dwa,kerb,5074,True,standard,1.472267199998896,0,0.0,optimized,2.0
goal,True,21.139999999999638,36.13404093703161,1.709947270596186,1.0180926680701865,0.4832683649987964,0.16450576562580568,False,0.0,,,0.35789536163136143,1057,kerb,5075,0.13511704529586524,False,True,16.0,22.0,36.0,0.9218759880118024,4.235974977511892,0,0,dwa,kerb,5075,True,standard,1.409395200003928,0,0.0,optimized,2.0
goal,True,21.439999999999632,36.078480937232186,1.6834099577419295,2.202669358698479,0.5958936960027396,0.21172771688397593,False,0.0,,,0.3770770813737468,1072,kerb,5076,0.11253069342252543,False,False,16.0,22.0,36.0,1.0292612569337438,4.688945080828985,0,0,dwa,kerb,5076,True,standard,1.397943199997826,0,0.0,optimized,2.0
goal,True,21.01999999999964,36.040912858776274,1.7152659117991764,3.667730077532544,0.8657573941596439,0.26802170914231893,True,0.0013320647002854425,,,0.38922024118251647,1051,kerb,5077,0.14268386767121152,False,False,16.0,22.0,36.0,0.7481831815301382,4.683266037657667,0,0,dwa,kerb,5077,True,standard,1.3714245999944978,0,0.0,optimized,2.0
goal,True,21.819999999999624,36.09973934035009,1.6550286846436595,1.99221813661141,0.5516740188440558,0.20401228672850208,False,0.0,,,0.37534282969270716,1091,kerb,5078,0.09319333880718476,False,False,16.0,22.0,36.0,1.052260869021958,3.1100311875618685,0,0,dwa,kerb,5078,True,standard,1.4746075000002747,0,0.0,optimized,2.0
goal,True,21.51999999999963,36.10734328550763,1.6785463021707923,1.0270712820176673,0.3871505857547214,0.1579226597662533,False,0.0,,,0.3590786371012857,1076,kerb,5079,0.10656495195563959,False,True,16.0,22.0,36.0,0.948921384405256,4.056615073880624,0,0,dwa,kerb,5079,True,standard,1.4528175999948871,0,0.0,optimized,2.0
goal,True,21.819999999999624,36.03545173830849,1.6522142484327045,1.6552454721139451,0.7501391283019904,0.2069969711534054,False,0.0,,,0.38283513886851067,1091,kerb,5080,0.09303349148726354,False,False,16.0,22.0,36.0,0.8413522982777953,3.3399048040720363,0,0,dwa,kerb,5080,True,standard,1.4363077000016347,0,0.0,optimized,2.0
goal,True,21.339999999999634,36.03800438917139,1.6895763297946982,2.521142701623041,0.5791040586629249,0.21495378048223446,False,0.0,,,0.3822745547809686,1067,kerb,5081,0.11213266060630127,False,False,16.0,22.0,36.0,0.857903395921944,4.654924338620467,0,0,dwa,kerb,5081,True,standard,1.4494397999951616,0,0.0,optimized,2.0
goal,True,21.59999999999963,36.06059701368506,1.6701505279680429,1.9686728975020318,0.5395097020398207,0.2120431883250299,False,0.0,,,0.38270165387460636,1080,kerb,5082,0.10870515465564147,False,False,16.0,22.0,36.0,0.7955105971431277,4.6545013175171706,0,0,dwa,kerb,5082,True,standard,1.3751881000061985,0,0.0,optimized,2.0
goal,True,21.679999999999627,36.08407675997687,1.6648641456342423,1.9491309840245266,0.4981199368027988,0.20420546392250527,False,0.0,,,0.386585149289213,1084,kerb,5083,0.10054835161087051,False,False,16.0,22.0,36.0,0.8508672632349321,4.7793800012599625,0,0,dwa,kerb,5083,True,standard,1.450065299999551,0,0.0,optimized,2.0
goal,True,21.399999999999633,36.10252464826496,1.6874321573339492,2.398105702200339,0.7070060839438453,0.22729093563231215,False,0.0,,,0.3740628599206216,1070,kerb,5084,0.11698300490792289,False,False,16.0,22.0,36.0,1.0530656978728266,3.603905821938964,0,0,dwa,kerb,5084,True,standard,1.397112599996035,0,0.0,optimized,2.0
goal,True,21.879999999999622,36.01742922419143,1.6469947669544842,2.0778749816290185,0.9617818911730547,0.2226686692285009,False,0.0,,,0.3925055047387099,1094,kerb,5085,0.09092898262982511,False,False,16.0,22.0,36.0,0.718730957787409,3.4803602936247238,0,0,dwa,kerb,5085,True,standard,1.460851099996944,0,0.0,optimized,2.0
goal,True,21.279999999999635,36.11761148994437,1.6975395652375367,2.8024730793765698,0.7863939474053802,0.25400909102276,False,0.0,,,0.38858254617078714,1064,kerb,5086,0.13565333662777856,False,False,16.0,22.0,36.0,0.8461753811272056,4.201848831134938,0,0,dwa,kerb,5086,True,standard,1.383946100002504,0,0.0,optimized,2.0
goal,True,21.859999999999623,36.098783431629826,1.6519098514544195,2.0659994486334896,0.8479238464848736,0.22511743862849132,False,0.0,,,0.38873187373563456,1093,kerb,5087,0.09825889682104214,False,False,16.0,22.0,36.0,0.7297546609361127,3.6178111164901976,0,0,dwa,kerb,5087,True,standard,1.451374099997338,0,0.0,optimized,2.0
goal,True,20.99999999999964,36.114049697479395,1.7203870567508048,1.155324283988575,0.6043776616360826,0.17440174610250064,False,0.0,,,0.351414140623937,1050,kerb,5088,0.14516399397423288,False,True,16.0,22.0,36.0,0.9086910672377201,3.076056513841886,0,0,dwa,kerb,5088,True,standard,1.369754200000898,0,0.0,optimized,2.0
goal,True,21.839999999999623,36.07669909143821,1.6527713860997457,1.8068373338062709,0.7571629362623549,0.19512587513718135,False,0.0,,,0.38820248456905804,1092,kerb,5089,0.09429012646285188,True,False,16.0,22.0,36.0,0.7969012135678066,3.4746629759075462,0,0,dwa,kerb,5089,True,standard,1.4485137000010582,0,0.0,optimized,2.0
goal,True,21.53999999999963,36.097917881956086,1.6769498993721732,1.0558352330504415,0.08778675998807656,0.12726159012016508,False,0.0,,,0.3579463050617473,1077,kerb,5090,0.10694230984683592,True,True,16.0,22.0,36.0,0.812731185705469,3.0192451758830843,0,0,dwa,kerb,5090,True,standard,1.3788562999980059,0,0.0,optimized,2.0
goal,True,21.179999999999637,36.00085822544632,1.7006711669943595,3.546451841959059,0.835110654071982,0.25626557977735115,True,0.0011331444759206798,,,0.38230804461951495,1059,kerb,5091,0.12595635124475552,False,False,16.0,22.0,36.0,0.8747085205182346,3.2140859613197943,0,0,dwa,kerb,5091,True,standard,1.3749705999944126,0,0.0,optimized,2.0
goal,True,21.819999999999624,36.02581400949874,1.6518559650981135,2.062874837844075,0.6690669438083539,0.20850754157978443,False,0.0,,,0.38372039841564687,1091,kerb,5092,0.09242072970107329,False,False,16.0,22.0,36.0,0.8347057354303752,3.6104146276233733,0,0,dwa,kerb,5092,True,standard,1.414430299999367,0,0.0,optimized,2.0
goal,True,21.139999999999638,36.10525021783236,1.7086721938810694,0.9741503756893635,0.49971983493024247,0.16127698056262432,False,0.0,,,0.35389345411040096,1057,kerb,5093,0.131855067058124,False,True,16.0,22.0,36.0,0.7027821538503214,4.517424137019871,0,0,dwa,kerb,5093,True,standard,1.4147652999963611,0,0.0,optimized,2.0
goal,True,21.179999999999637,36.07171008851288,1.7039023002776061,0.9852942745304651,0.4860369070542211,0.15989170907763586,False,0.0,,,0.35491514144607744,1059,kerb,5094,0.12799374054937587,False,True,16.0,22.0,36.0,0.759548402527707,4.534496637945709,0,0,dwa,kerb,5094,True,standard,1.388347000000067,0,0.0,optimized,2.0
goal,True,21.51999999999963,36.02600994943146,1.675260992959003,2.5586812891050132,0.5568185100843078,0.20634203383196045,False,0.0,,,0.38381096239009077,1076,kerb,5095,0.11500065702869129,True,False,16.0,22.0,36.0,0.7038176926854574,4.7716698558317745,0,0,dwa,kerb,5095,True,standard,1.4571276000060607,0,0.0,optimized,2.0
goal,True,21.47999999999963,36.106039092465736,1.6817343219129943,2.2843218939265286,0.6983562529425029,0.20472889609782746,False,0.0,,,0.3840803364303505,1074,kerb,5096,0.1240763121473265,True,False,16.0,22.0,36.0,1.0818708535353732,4.332364566134115,0,0,dwa,kerb,5096,True,standard,1.4164151000004495,0,0.0,optimized,2.0
goal,True,20.97999999999964,36.12717689590535,1.7232954717721243,1.0315921652534787,0.09188429562431923,0.12139769040839685,False,0.0,,,0.35943255771464094,1049,kerb,5097,0.14602377237337144,True,True,16.0,22.0,36.0,1.0513529123167236,3.996850644935159,0,0,dwa,kerb,5097,True,standard,1.4382647999955225,0,0.0,optimized,2.0
goal,True,21.339999999999634,36.03585783290498,1.6896010927991152,2.7478413544114937,0.6518059880293623,0.21755664534622696,False,0.0,,,0.37528245359115386,1067,kerb,5098,0.11086834856947003,False,False,16.0,22.0,36.0,1.071515063165253,3.7814489751499796,0,0,dwa,kerb,5098,True,standard,1.3569069000004674,0,0.0,optimized,2.0
goal,True,21.859999999999623,36.115644438440505,1.6527771561262476,1.9976124852595676,0.5440018834108622,0.20699677951153778,False,0.0,,,0.37770604925814566,1093,kerb,5099,0.093374672767738,False,False,16.0,22.0,36.0,0.9961736911557313,3.2102618071198448,0,0,dwa,kerb,5099,True,standard,1.4385174999988521,0,0.0,optimized,2.0
goal,True,26.499999999999524,36.27879074603838,1.3684181099755486,1.2487953894887367,0.07859644176307992,0.23021834793213963,False,0.0,0.09222759187440221,,0.6271230125387465,1325,crowded,5000,0.0,False,False,1000.0,1000.0,36.0,0.8421893577539279,3.1106926377148136,6,1,dwa,crowded,5000,True,standard,3.165274099999806,418,0.3154716981132075,optimized,2.0
collision,False,10.099999999999874,14.974628796752558,1.4834196404006808,1.055936848171439,0.08222150745035896,0.2808539146842956,False,0.0,-0.010608358320264022,obstacle,0.3804638154084058,505,crowded,5001,0.0,False,False,1000.0,1000.0,36.0,1.0085497877150973,3.463029867560513,5,2,dwa,crowded,5001,True,standard,1.1567063000038615,157,0.3108910891089109,optimized,2.0
goal,True,24.85999999999956,36.16479147930454,1.4553428934156978,1.0553236504850099,0.08198813678325109,0.17250224671545833,False,0.0,0.4108488174287265,,0.5245444369142923,1243,crowded,5002,0.0,False,False,1000.0,1000.0,36.0,1.006598628122048,3.903147756916806,6,1,dwa,crowded,5002,True,standard,3.1832196000032127,778,0.6259050683829445,optimized,2.0
goal,True,26.579999999999522,36.233675110250005,1.362885687724454,1.3730118425456064,0.0745080181508948,0.22388002644954197,False,0.0,0.1070620882817615,,0.632909999050886,1329,crowded,5003,0.0,False,False,1000.0,1000.0,36.0,0.7517930892575723,3.7871843554365645,6,1,dwa,crowded,5003,True,standard,3.0459352000034414,269,0.20240782543265612,optimized,2.0
goal,True,31.259999999999422,36.367769443710564,1.1630959350445773,1.1528695710154782,0.0765640607540169,0.23735865619695026,False,0.0,0.15830204375689996,,0.7624681361463601,1563,crowded,5004,0.0,False,False,1000.0,1000.0,36.0,0.890305269851523,3.167338564992484,5,1,dwa,crowded,5004,True,standard,3.603482799997437,272,0.17402431222008957,optimized,2.0
collision,False,8.019999999999918,3.494355446768421,0.4354771264066024,0.8797897917023376,0.03505926825164755,0.20416395338464188,False,0.0,-0.0070441166631173835,obstacle,0.11548466679733173,401,crowded,5005,0.0,False,False,1000.0,1000.0,36.0,0.9124810113829057,3.4541322103790937,6,2,dwa,crowded,5005,True,standard,0.9818542000066373,18,0.04488778054862843,optimized,2.0
goal,True,30.87999999999943,36.177120997779724,1.171505655846523,1.103320421248257,0.08668710465739118,0.19430704284701195,False,0.0,0.09161490890468293,,0.6982294410512992,1544,crowded,5006,0.0,False,False,1000.0,1000.0,36.0,0.878948645244961,4.724539790888749,5,1,dwa,crowded,5006,True,standard,3.7442412999953376,596,0.3860103626943005,optimized,2.0
goal,True,21.259999999999636,36.16883695788147,1.7017063771297785,0.9694974484401363,0.07965209567304882,0.15364986853650145,False,0.0,0.24345711461086383,,0.440867856095169,1063,crowded,5007,0.0,False,False,1000.0,1000.0,36.0,0.7003099757032973,4.832701252556141,3,1,dwa,crowded,5007,True,standard,2.118156899996393,139,0.13076199435559738,optimized,2.0
goal,True,23.979999999999578,36.349931032379736,1.515668204035809,1.0441443817285256,0.05242431004113866,0.18566117351821407,False,0.0,0.10281200538578972,,0.5546046801765002,1199,crowded,5008,0.0,False,False,1000.0,1000.0,36.0,0.7780156087365453,4.103977423040574,3,1,dwa,crowded,5008,True,standard,2.483011800002714,166,0.13844870725604672,optimized,2.0
goal,True,26.599999999999522,36.27462968495783,1.3639049724588228,1.2308967241758686,0.07996617090342545,0.2159187771079805,False,0.0,0.3017892573138784,,0.6851997743349038,1330,crowded,5009,0.0,False,False,1000.0,1000.0,36.0,0.9689358374482765,3.4873356243580726,5,1,dwa,crowded,5009,True,standard,3.1250546000010218,642,0.48270676691729325,optimized,2.0
goal,True,24.119999999999575,36.13527299255514,1.4982827000093835,1.2569184760575007,0.07524186191886091,0.20886269329984605,False,0.0,0.16991047132556247,,0.5617888284111696,1206,crowded,5010,0.0,False,False,1000.0,1000.0,36.0,0.7051556442607216,3.7667485448765166,4,2,dwa,crowded,5010,True,standard,2.7435044000012567,369,0.30597014925373134,optimized,2.0
goal,True,21.319999999999634,36.26941088724453,1.7014856771535354,1.1405702965684457,0.07939654190917021,0.18625339093138712,False,0.0,0.2955542988379368,,0.39953172925472946,1066,crowded,5011,0.0,False,False,1000.0,1000.0,36.0,0.8328891001551972,4.081364643336002,3,2,dwa,crowded,5011,True,standard,2.173411900002975,145,0.13602251407129456,optimized,2.0
goal,True,21.439999999999632,36.11417715900122,1.6851799900335374,1.013807084537259,0.08623462639458905,0.14177149462492308,False,0.0,0.3466299785726399,,0.4380977231094334,1072,crowded,5012,0.0,False,False,1000.0,1000.0,36.0,1.0932146650543806,4.746887235560902,5,1,dwa,crowded,5012,True,standard,2.2473683999996865,202,0.1884328358208955,optimized,2.0
goal,True,22.9799999999996,36.225696814820736,1.5765485333971467,1.057767511176861,0.0858937493916444,0.1995352612749567,False,0.0,0.24574953728016266,,0.5785142623454529,1149,crowded,5013,0.0,False,False,1000.0,1000.0,36.0,0.9965686471139685,4.558301693417866,5,1,dwa,crowded,5013,True,standard,2.708298300000024,571,0.4969538729329852,optimized,2.0
goal,True,27.759999999999497,37.26943477048616,1.3400727269870576,1.119558548396887,0.0588484036323355,0.2618013598020241,False,0.0,0.2090610795877913,,0.9653749044390496,1388,crowded,5014,0.0,False,False,1000.0,1000.0,36.0,1.0079404557952962,4.248689932953564,4,2,dwa,crowded,5014,True,standard,3.0213240000011865,471,0.3393371757925072,optimized,2.0
stall,False,26.879999999999516,10.043567551249236,0.37280148779780503,0.9467909959349228,0.0640216122788142,0.15274005972575871,False,0.0,0.13206227022468758,,0.39159384713280715,1344,crowded,5015,0.0,False,False,1000.0,1000.0,36.0,0.7129585808151011,3.616554150795544,6,1,dwa,crowded,5015,True,standard,3.5345287999953143,919,0.6837797619047619,optimized,2.0
stall,False,22.339999999999613,5.982452832212961,0.26527579145080293,1.0996701272828058,0.08090153448362822,0.15043970453343702,False,0.0,0.08302919131150799,,0.26891040948288925,1117,crowded,5016,0.0,False,False,1000.0,1000.0,36.0,1.0824496477512628,4.4970018275504655,4,2,dwa,crowded,5016,True,standard,2.7601615999956266,15,0.01342882721575649,optimized,2.0
goal,True,32.99999999999956,36.25901421942646,1.0974126439131497,1.1618059296363803,0.08273008444627127,0.2351893224181311,False,0.0,0.06545049836951644,,0.7485197575918379,1650,crowded,5017,0.0,False,False,1000.0,1000.0,36.0,1.0313683035167758,3.069327793573069,6,2,dwa,crowded,5017,True,standard,4.140204600000288,872,0.5284848484848484,optimized,2.0
goal,True,25.479999999999546,37.000970460668206,1.4512794533919473,1.1571721844130463,0.056252595909156884,0.25845857477869955,False,0.0,0.2898975216779992,,0.8576285005925096,1274,crowded,5018,0.0,False,False,1000.0,1000.0,36.0,0.8519960097254107,3.741644975951466,4,1,dwa,crowded,5018,True,standard,2.8720002000045497,619,0.4858712715855573,optimized,2.0
goal,True,26.439999999999525,36.78815838344289,1.3902189446406348,1.0879365548433202,0.08202552643642581,0.25727725695949966,False,0.0,0.2420944328431497,,0.7021840499939286,1322,crowded,5019,0.0,False,False,1000.0,1000.0,36.0,0.7749984328665865,4.6919924902412244,6,1,dwa,crowded,5019,True,standard,2.979448300000513,524,0.39636913767019666,optimized,2.0
goal,True,26.859999999999516,36.67623855911249,1.3649260783654211,1.0845523523275433,0.044182518337024614,0.21629497880501103,False,0.0,0.24670136259312994,,0.7314994388965079,1343,crowded,5020,0.0,False,False,1000.0,1000.0,36.0,0.7248282467948968,4.082261203094857,6,1,dwa,crowded,5020,True,standard,3.292579499997373,556,0.41399851079672373,optimized,2.0
goal,True,21.49999999999963,36.239236393618256,1.6859665990259594,1.3293671741213944,0.0796128019449369,0.21070534575401603,False,0.0,0.10330565068064179,,0.5282651116276748,1075,crowded,5021,0.0,False,False,1000.0,1000.0,36.0,0.9140104345757991,3.9670663971291336,5,1,dwa,crowded,5021,True,standard,2.2435496999969473,275,0.2558139534883721,optimized,2.0
stall,False,26.599999999999522,17.043927909167238,0.6397258454687904,0.8821995453969116,0.0440118205948794,0.15260607729505585,False,0.0,0.005275743459760868,,0.4053144394154442,1330,crowded,5022,0.0,False,False,1000.0,1000.0,36.0,0.8496203871888334,4.16327064677573,5,2,dwa,crowded,5022,True,standard,3.4390196000022115,127,0.09548872180451128,optimized,2.0
goal,True,20.939999999999642,36.133109399171815,1.7263699586633348,0.9498231624121246,0.07524697558623147,0.12784057009035424,False,0.0,0.09199365062573028,,0.37572584221435856,1047,crowded,5023,0.0,False,False,1000.0,1000.0,36.0,0.8171074644897484,4.845944573728948,5,2,dwa,crowded,5023,True,standard,2.3190367999995942,0,0.0,optimized,2.0
collision,False,22.739999999999604,27.729855932137127,1.216930283214212,1.2341854696686634,0.08177004556038941,0.2922662732580803,False,0.0,-0.004609817126233373,obstacle,0.7766977248358794,1137,crowded,5024,0.0,False,False,1000.0,1000.0,36.0,0.8109383252924722,4.478913919082471,3,2,dwa,crowded,5024,True,standard,2.473429599995143,402,0.35356200527704484,optimized,2.0
goal,True,18.75999999999969,36.06098871412855,1.9232330654221987,0.9952249204715056,0.08838428355158554,0.1068080870756962,False,0.0,0.30612671771451294,,0.30221678342913827,938,crowded,5025,0.0,False,False,1000.0,1000.0,36.0,0.9732104368642298,4.750233220361416,4,1,dwa,crowded,5025,True,standard,1.7398066999958246,0,0.0,optimized,2.0
goal,True,25.23999999999955,36.55931303637218,1.4479810499534782,0.9957181577128476,0.07280757149103245,0.21919745790501188,False,0.0,0.18616932163267674,,0.7756104563506979,1262,crowded,5026,0.0,False,False,1000.0,1000.0,36.0,0.7262499636679371,4.307968225800889,4,1,dwa,crowded,5026,True,standard,2.8872412999990047,583,0.4619651347068146,optimized,2.0
goal,True,28.819999999999474,36.4274804278026,1.263447332746912,1.2588287011454289,0.04513312547414922,0.17376830597879464,False,0.0,0.2699716045406374,,0.5632569420795267,1441,crowded,5027,0.0,False,False,1000.0,1000.0,36.0,0.876142603073939,3.7904107308165678,5,1,dwa,crowded,5027,True,standard,3.566758500004653,1137,0.7890353920888272,optimized,2.0
goal,True,27.939999999999493,38.1119531600274,1.3611987834515804,1.1009163575530678,0.08725297027797531,0.25831671748582674,False,0.0,0.35194845530796803,,0.7877503367031125,1397,crowded,5028,0.0,False,False,1000.0,1000.0,36.0,1.0334928486032917,4.609884125974756,6,1,dwa,crowded,5028,True,standard,3.366599499997392,510,0.36506800286327845,optimized,2.0
collision,False,13.779999999999795,22.532198771426916,1.6360824854097882,1.0403460793188926,0.07921333758000253,0.2373231915864205,False,0.0,-0.0008007415429179265,obstacle,0.3990821600829369,689,crowded,5029,0.0,False,False,1000.0,1000.0,36.0,0.8960683121439519,3.612757000380382,4,2,dwa,crowded,5029,True,standard,1.4201462999990326,128,0.18577648766328012,optimized,2.0
goal,True,21.53999999999963,36.39928173415666,1.6896962064268908,1.0305629962487493,0.07415659583292605,0.1613079957461048,False,0.0,0.27237319965013007,,0.48966793542250747,1077,crowded,5030,0.0,False,False,1000.0,1000.0,36.0,0.702641268886089,3.5741138987672745,5,1,dwa,crowded,5030,True,standard,2.426914299998316,350,0.32497678737233054,optimized,2.0
collision,False,4.080000000000001,4.938305416322624,1.2082813831776151,1.310596197311578,0.07185016898239348,0.3980315193735494,False,0.0,-0.003347546614592467,obstacle,0.20788068347555422,204,crowded,5031,0.0,False,False,1000.0,1000.0,36.0,1.0541886438268662,3.7270554480582403,4,2,dwa,crowded,5031,True,standard,0.43485239999426994,43,0.2107843137254902,optimized,2.0
goal,True,25.179999999999552,36.14111114198789,1.435101627494027,1.0399639190893082,0.05511116505424201,0.2195050649468778,False,0.0,0.2321813814495994,,0.7819504244417906,1259,crowded,5032,0.0,False,False,1000.0,1000.0,36.0,0.8808706052658889,4.3792262715010075,5,1,dwa,crowded,5032,True,standard,2.8340320000061183,483,0.3836378077839555,optimized,2.0
stall,False,48.74000000000202,28.517426006933814,0.5843237261630194,1.0481211870916975,0.08154646640489886,0.10987702495342166,False,0.0,0.30420551923772565,,0.5387032440974138,2437,crowded,5033,0.0,False,False,1000.0,1000.0,36.0,1.0836130709500158,3.666279579977531,3,1,dwa,crowded,5033,True,standard,5.504049999995914,112,0.04595814526056627,optimized,2.0
stall,False,23.639999999999585,9.279637368656694,0.39001109526659,1.0228254376704355,0.07740792732316384,0.18613614367039175,False,0.0,0.10783265571433517,,0.34455173734179295,1182,crowded,5034,0.0,False,False,1000.0,1000.0,36.0,0.7665500295059827,3.804995479071652,5,2,dwa,crowded,5034,True,standard,3.076129500004754,401,0.3392554991539763,optimized,2.0
goal,True,29.119999999999468,38.37137111381931,1.3143346985957927,1.065270704695868,0.07994306859054277,0.2831411263352857,False,0.0,0.22024013287883246,,0.9479621674729187,1456,crowded,5035,0.0,False,False,1000.0,1000.0,36.0,0.9199233332386492,4.156022809768874,5,1,dwa,crowded,5035,True,standard,3.357808600005228,515,0.35370879120879123,optimized,2.0
stall,False,21.95999999999962,8.830588904606904,0.4004242472159544,1.08849810148916,0.08352522853798015,0.18504135359492688,False,0.0,0.17396829566804475,,0.36347953320092946,1098,crowded,5036,0.0,False,False,1000.0,1000.0,36.0,1.0648143012996332,4.3024889064133,3,1,dwa,crowded,5036,True,standard,2.7543726000003517,668,0.6083788706739527,optimized,2.0
collision,False,3.5600000000000027,4.048827291582988,1.138305308507901,0.8624859891893851,0.06073914271493255,0.26244373900431417,False,0.0,-0.0006924345345215022,obstacle,0.11548270238899629,178,crowded,5037,0.0,False,False,1000.0,1000.0,36.0,0.7092210370314546,4.854865496269261,5,2,dwa,crowded,5037,True,standard,0.4189299999998184,36,0.20224719101123595,optimized,2.0
goal,True,21.839999999999623,36.30566228131068,1.6621448725474657,1.1074408760367829,0.05250142818576479,0.18738178123447974,False,0.0,0.27969985337176306,,0.595905638607093,1092,crowded,5038,0.0,False,False,1000.0,1000.0,36.0,1.0555417311834316,4.89287011986292,3,1,dwa,crowded,5038,True,standard,2.0603866999954334,343,0.3141025641025641,optimized,2.0
collision,False,7.87999999999992,4.201895988271064,0.5309479527514058,1.0007395490307296,0.04658117481125072,0.21400499078351692,False,0.0,-1.368354284508877e-05,obstacle,0.16695377473075243,394,crowded,5039,0.0,False,False,1000.0,1000.0,36.0,0.9402582229555535,3.6144856875598865,6,2,dwa,crowded,5039,True,standard,0.9601724000021932,269,0.682741116751269,optimized,2.0
goal,True,21.93999999999962,36.26515207524777,1.6532130089097206,1.0575066263662238,0.08172199522046067,0.19432013336586454,False,0.0,0.27802335324734906,,0.537084488920508,1097,crowded,5040,0.0,False,False,1000.0,1000.0,36.0,0.9712075052113058,3.1920688461343363,4,2,dwa,crowded,5040,True,standard,2.3244676000031177,246,0.22424794895168643,optimized,2.0
stall,False,29.199999999999466,18.150776585358354,0.6191440617697586,1.2242681279734944,0.056217716751954035,0.2231296123396044,False,0.0,0.12164878919910826,,0.5947978165658357,1460,crowded,5041,0.0,False,False,1000.0,1000.0,36.0,0.7917534446414414,3.1247853346898227,5,2,dwa,crowded,5041,True,standard,4.0344039000046905,188,0.12876712328767123,optimized,2.0
goal,True,24.479999999999567,36.63732324968106,1.4957711681874672,1.1825883620284916,0.08051305536860608,0.2750175977172492,False,0.0,0.2131614741829222,,0.8625455195758411,1224,crowded,5042,0.0,False,False,1000.0,1000.0,36.0,0.9598932040906721,3.486030199242384,5,1,dwa,crowded,5042,True,standard,2.6250345000007655,522,0.4264705882352941,optimized,2.0
goal,True,32.579999999999494,36.32091506920747,1.114677751425723,1.1612238816684997,0.07659819849620043,0.20995727671144984,False,0.0,0.022563048089013438,,0.6756582680176911,1629,crowded,5043,0.0,False,False,1000.0,1000.0,36.0,1.0898186350139498,4.0020376195110305,3,2,dwa,crowded,5043,True,standard,3.7915322999979253,150,0.09208103130755065,optimized,2.0
goal,True,26.059999999999533,36.48673450750403,1.3988896980764445,1.3763566905453544,0.08351873059181718,0.24419062276374642,False,0.0,0.125767697771854,,0.6572575562396656,1303,crowded,5044,0.0,False,False,1000.0,1000.0,36.0,1.0178429474867148,3.6549452422762707,3,2,dwa,crowded,5044,True,standard,2.9099869999990915,318,0.24405218726016883,optimized,2.0
stall,False,22.49999999999961,7.748736444858338,0.34288736524892427,1.0273257223675756,0.07299530172978862,0.17786161897891398,False,0.0,0.10145206400162915,,0.33021101876250253,1125,crowded,5045,0.0,False,False,1000.0,1000.0,36.0,0.7659494631232381,3.545543304209088,5,2,dwa,crowded,5045,True,standard,2.6128321000069263,488,0.43377777777777776,optimized,2.0
collision,False,7.379999999999931,6.810218214415823,0.9222888975618775,1.3317914464549,0.07416681084206377,0.4283268803879928,False,0.0,-0.0065313012436094,obstacle,0.2861710864353191,369,crowded,5046,0.0,False,False,1000.0,1000.0,36.0,0.9011545969108519,3.3327744218409308,4,2,dwa,crowded,5046,True,standard,0.825308599996788,15,0.04065040650406504,optimized,2.0
goal,True,23.739999999999583,36.45735030341264,1.5352450507818456,1.15392697523371,0.08234725786978737,0.21602503775079251,False,0.0,0.3338951072926739,,0.5075630043500563,1187,crowded,5047,0.0,False,False,1000.0,1000.0,36.0,0.9983218093282231,3.1410251815083683,3,1,dwa,crowded,5047,True,standard,2.4771892000062508,283,0.2384161752316765,optimized,2.0
goal,True,20.259999999999657,36.07074565587294,1.7811886536997168,1.067425570719058,0.08210705579042178,0.1610961825367873,False,0.0,0.29117134019369817,,0.4137526007413915,1013,crowded,5048,0.0,False,False,1000.0,1000.0,36.0,1.0213876505575938,3.411304677538264,4,1,dwa,crowded,5048,True,standard,1.8882534999938798,170,0.16781836130306022,optimized,2.0
collision,False,23.679999999999584,19.82333066341435,0.8359478676253541,1.053598203122166,0.0771623155692683,0.19944014716964942,False,0.0,-0.0015286782681628863,obstacle,0.4682641290411977,1184,crowded,5049,0.0,False,False,1000.0,1000.0,36.0,0.7517994105580714,3.1978602646371006,6,2,dwa,crowded,5049,True,standard,3.1905910999994376,703,0.59375,optimized,2.0
goal,True,30.119999999999447,37.50196975321447,1.2432532341182772,1.1292451701688277,0.07828419959832347,0.2811642480837262,False,0.0,0.21986413382365091,,0.924317059768003,1506,crowded,5050,0.0,False,False,1000.0,1000.0,36.0,0.8591909328138473,4.110811346493778,5,1,dwa,crowded,5050,True,standard,3.533511699999508,603,0.40039840637450197,optimized,2.0
goal,True,27.059999999999512,36.363607799387324,1.34253414391002,1.4229849546101203,0.07906525883131152,0.25010674607915917,False,0.0,0.0406128830675887,,0.7681577839699503,1353,crowded,5051,0.0,False,False,1000.0,1000.0,36.0,0.8470793717637798,3.4696736983662753,3,2,dwa,crowded,5051,True,standard,3.23009330000059,507,0.37472283813747226,optimized,2.0
collision,False,24.119999999999575,28.975211803481294,1.199950422558391,1.2619590282704067,0.0905449549504358,0.25116725073863516,False,0.0,-0.0005387976604787625,obstacle,0.6925449881504931,1206,crowded,5052,0.0,False,False,1000.0,1000.0,36.0,0.9377640601298551,4.903101107035168,5,2,dwa,crowded,5052,True,standard,3.393019200004346,404,0.33499170812603646,optimized,2.0
collision,False,24.77999999999956,23.970721736984398,0.9663592741026322,1.1744151832777163,0.0786986356119939,0.15042236195715802,False,0.0,-0.0005666839541802471,obstacle,0.39227676592193095,1239,crowded,5053,0.0,False,False,1000.0,1000.0,36.0,0.8890868185879244,4.381330884174664,6,2,dwa,crowded,5053,True,standard,3.445726400001149,359,0.2897497982243745,optimized,2.0
stall,False,36.72000000000014,29.02325998324039,0.7897175862439323,1.1272487882648417,0.07772272191087827,0.170438353136097,False,0.0,0.09596701135159866,,0.6006730162920231,1836,crowded,5054,0.0,False,False,1000.0,1000.0,36.0,0.8256418136260787,4.113300036428866,5,1,dwa,crowded,5054,True,standard,4.427399300002435,895,0.4874727668845316,optimized,2.0
goal,True,34.01999999999972,36.53456466132974,1.073024041381204,1.1040838481948274,0.08157977682643236,0.22205122320548534,False,0.0,0.10274348896893148,,0.7263533791222536,1701,crowded,5055,0.0,False,False,1000.0,1000.0,36.0,1.0471282526832821,3.420582573190744,6,1,dwa,crowded,5055,True,standard,4.2879972999944584,674,0.39623750734861846,optimized,2.0
collision,False,11.139999999999851,15.83732901761436,1.4210361708458439,1.0255272188566797,0.07403609132043963,0.2999767997956274,False,0.0,-0.005381252068460407,obstacle,0.3841320182366838,557,crowded,5056,0.0,False,False,1000.0,1000.0,36.0,0.891086723699156,3.5916894807551056,3,2,dwa,crowded,5056,True,standard,1.2377710000000661,209,0.3752244165170557,optimized,2.0
goal,True,24.479999999999567,36.25949693877252,1.4812049408363364,1.2557064532981317,0.09629403987527234,0.2281406892725631,False,0.0,0.26826971842892544,,0.6620660577132633,1224,crowded,5057,0.0,False,False,1000.0,1000.0,36.0,0.7886726452745311,3.003224526127708,3,1,dwa,crowded,5057,True,standard,2.8519057000012253,280,0.22875816993464052,optimized,2.0
goal,True,24.139999999999574,36.26488023660897,1.5026198782281592,1.0459514925508986,0.07809479339161081,0.15267462201483986,False,0.0,0.3245080632345386,,0.46644958369906786,1207,crowded,5058,0.0,False,False,1000.0,1000.0,36.0,0.9098807370435502,3.73068557622015,6,1,dwa,crowded,5058,True,standard,2.868352600002254,419,0.3471416735708368,optimized,2.0
goal,True,27.6999999999995,37.38179850323837,1.3470789349700487,1.2578580731807472,0.09011149457524065,0.24049385070881343,False,0.0,0.2579684851336449,,0.8463541775640325,1385,crowded,5059,0.0,False,False,1000.0,1000.0,36.0,0.9012639362358253,4.957237543027349,3,2,dwa,crowded,5059,True,standard,3.268934399995487,447,0.3227436823104693,optimized,2.0
goal,True,28.57999999999948,36.248693068023705,1.2682638214217534,1.0234940359023312,0.07885674881926354,0.18555808870145002,False,0.0,0.2701159857012131,,0.6172039123126081,1429,crowded,5060,0.0,False,False,1000.0,1000.0,36.0,0.8376462876131555,3.7326058238479085,4,1,dwa,crowded,5060,True,standard,3.8679311000014422,277,0.19384184744576627,optimized,2.0
goal,True,27.399999999999505,36.800795043246644,1.342369952546473,1.1114001848545456,0.08275494301118659,0.23035970155526747,False,0.0,0.2699201643426372,,0.7024052833448373,1370,crowded,5061,0.0,False,False,1000.0,1000.0,36.0,1.0911674506139513,3.3022139240992363,4,2,dwa,crowded,5061,True,standard,3.237166500002786,579,0.4226277372262774,optimized,2.0
stall,False,31.979999999999407,20.97218144703614,0.6540312090001974,1.1624913178288219,0.06622635573942617,0.2202812839972101,False,0.0,0.05199548941728502,,0.7219882097140811,1599,crowded,5062,0.0,False,False,1000.0,1000.0,36.0,0.9993468346705692,4.2770388427792305,6,1,dwa,crowded,5062,True,standard,4.364879799999471,1071,0.6697936210131332,optimized,2.0
goal,True,24.499999999999567,36.179391979487654,1.4774623371217215,0.9665557687613439,0.08428268672492847,0.11382898268757556,False,0.0,0.4777814858331504,,0.4014768702246608,1225,crowded,5063,0.0,False,False,1000.0,1000.0,36.0,0.7330288069420039,4.928957495797438,5,2,dwa,crowded,5063,True,standard,3.2729535000034957,785,0.6408163265306123,optimized,2.0
goal,True,24.41999999999957,36.2224156645324,1.483345134682217,0.8300631125304446,0.03475966519949685,0.1476655181181633,False,0.0,0.14898881211084092,,0.5021059566808689,1221,crowded,5064,0.0,False,False,1000.0,1000.0,36.0,0.7150441580757758,4.5863073577415205,5,2,dwa,crowded,5064,True,standard,3.215085199997702,286,0.23423423423423423,optimized,2.0
collision,False,5.239999999999976,7.092307074637387,1.3568765655810324,0.8860687898216292,0.0659602129834251,0.2316587966789925,False,0.0,-0.000855013640345681,obstacle,0.1931499830897922,262,crowded,5065,0.0,False,False,1000.0,1000.0,36.0,0.8035442786646663,4.8563894445347895,4,2,dwa,crowded,5065,True,standard,0.610506400000304,120,0.4580152671755725,optimized,2.0
collision,False,12.719999999999818,12.7956799662443,1.0029797474036617,1.025170732783787,0.0465896077062285,0.25190994728162536,False,0.0,-0.004682526553048072,obstacle,0.3885987502000017,636,crowded,5066,0.0,False,False,1000.0,1000.0,36.0,0.937066294483499,3.9869918481657125,6,2,dwa,crowded,5066,True,standard,1.7335974000015995,316,0.4968553459119497,optimized,2.0
goal,True,24.519999999999566,36.18899597702971,1.4760288042009526,1.0734210978743892,0.07994742848720422,0.2172276934623006,False,0.0,0.2699210744681029,,0.6897148070465089,1226,crowded,5067,0.0,False,False,1000.0,1000.0,36.0,1.0106291334825726,4.98601841338545,5,1,dwa,crowded,5067,True,standard,2.892502599999716,345,0.2814029363784666,optimized,2.0
goal,True,26.419999999999526,36.59843658891151,1.383827916796719,1.4283985241934565,0.07538106378858983,0.24440044118592918,False,0.0,0.27161663107152567,,0.7331934715232176,1321,crowded,5068,0.0,False,False,1000.0,1000.0,36.0,0.8970326161018014,3.68361918406922,5,1,dwa,crowded,5068,True,standard,3.293983700001263,556,0.42089326267978805,optimized,2.0
goal,True,25.23999999999955,36.23264577268213,1.4356550484160093,1.1345491266733123,0.07228181896261747,0.2615743688733749,False,0.0,0.09243611051209599,,0.8145560686823314,1262,crowded,5069,0.0,False,False,1000.0,1000.0,36.0,0.7403470360296646,4.211614650645206,4,1,dwa,crowded,5069,True,standard,2.857489499998337,393,0.3114104595879556,optimized,2.0
goal,True,26.519999999999524,36.07669796731186,1.3609041043482593,1.0647914198046162,0.079674875580059,0.12075461889090115,False,0.0,0.11664160040007832,,0.3845756826004316,1326,crowded,5070,0.0,False,False,1000.0,1000.0,36.0,0.8627394964655488,3.014792907872379,3,2,dwa,crowded,5070,True,standard,3.2134041000026627,752,0.5671191553544495,optimized,2.0
goal,True,24.139999999999574,36.34569595836509,1.5054914768106222,1.090224337988485,0.07681653644617897,0.23363637862439446,False,0.0,0.21273257697350592,,0.7435854114782914,1207,crowded,5071,0.0,False,False,1000.0,1000.0,36.0,0.7508349199984138,4.164918454437569,6,1,dwa,crowded,5071,True,standard,3.1191711999999825,556,0.46064623032311514,optimized,2.0
goal,True,24.83999999999956,36.567300201491584,1.471334747789554,1.173012577167456,0.06804214594623349,0.23901463175381626,False,0.0,0.17158978679188974,,0.6667554907999493,1242,crowded,5072,0.0,False,False,1000.0,1000.0,36.0,1.0845422517924654,4.727316696900118,4,2,dwa,crowded,5072,True,standard,2.920275700002094,502,0.40418679549114334,optimized,2.0
stall,False,40.68000000000076,25.801126714517025,0.6331200642150304,1.0293403732376654,0.07495991173610361,0.14600476545674324,False,0.0,0.22393206026743606,,0.6034582007779977,2034,crowded,5073,0.0,False,False,1000.0,1000.0,36.0,0.7450583759123013,3.615451791111634,3,2,dwa,crowded,5073,True,standard,5.065980499995931,788,0.38741396263520156,optimized,2.0
collision,False,12.819999999999816,19.02441402304068,1.483368536232579,0.9491130754626764,0.0855820647497894,0.19741675646042667,False,0.0,-0.005742250119772141,obstacle,0.34691555760205706,641,crowded,5074,0.0,False,False,1000.0,1000.0,36.0,0.847212170166827,4.87418254885662,5,2,dwa,crowded,5074,True,standard,1.65241679999599,211,0.3291731669266771,optimized,2.0
goal,True,24.519999999999566,36.13900321674737,1.4741135091966198,1.0664843236419286,0.08208872546869457,0.17222061836643993,False,0.0,0.09122456309304638,,0.47227826448151683,1226,crowded,5075,0.0,False,False,1000.0,1000.0,36.0,0.9218759880118024,4.235974977511892,5,2,dwa,crowded,5075,True,standard,3.25440289999824,892,0.7275693311582382,optimized,2.0
stall,False,25.639999999999542,15.929809136949633,0.6195921116778542,1.3354226976578483,0.15346188409230216,0.18514246660129408,False,0.0,0.2318984439927762,,0.5140750794524228,1282,crowded,5076,0.0,False,False,1000.0,1000.0,36.0,1.0292612569337438,4.688945080828985,6,1,dwa,crowded,5076,True,standard,3.751098799999454,887,0.6918876755070202,optimized,2.0
goal,True,23.579999999999586,36.39291445099474,1.5425492158998713,0.9682619700368247,0.055268983091979564,0.22326870090731807,False,0.0,0.3078947155768521,,0.6379589007953521,1179,crowded,5077,0.0,False,False,1000.0,1000.0,36.0,0.7481831815301382,4.683266037657667,5,2,dwa,crowded,5077,True,standard,2.5514947999981814,175,0.1484308736217133,optimized,2.0
goal,True,26.779999999999518,36.2678962740334,1.3543621811246902,1.0699725876785073,0.08034456419399195,0.16412380179787947,False,0.0,0.32916774040336927,,0.4946809677247726,1339,crowded,5078,0.0,False,False,1000.0,1000.0,36.0,1.052260869021958,3.1100311875618685,5,1,dwa,crowded,5078,True,standard,3.4673438999961945,956,0.713965646004481,optimized,2.0
goal,True,26.479999999999524,36.33294275430162,1.371615453098379,1.1703530298450573,0.08145528110075072,0.2767716684358607,False,0.0,0.13325474118953587,,0.8800101533573776,1324,crowded,5079,0.0,False,False,1000.0,1000.0,36.0,0.948921384405256,4.056615073880624,4,1,dwa,crowded,5079,True,standard,3.3112260999987484,398,0.30060422960725075,optimized,2.0
goal,True,29.07999999999947,36.324966453623176,1.248726420990725,1.0292261293952851,0.07407472584997515,0.1748562527119032,False,0.0,0.273204487246538,,0.5272753383637033,1454,crowded,5080,0.0,False,False,1000.0,1000.0,36.0,0.8413522982777953,3.3399048040720363,6,1,dwa,crowded,5080,True,standard,3.5299720000039088,204,0.14030261348005502,optimized,2.0
goal,True,23.37999999999959,36.58483933742095,1.5646243266197877,1.1792539968574605,0.05661788086009869,0.20090220770665274,False,0.0,0.2943144292693197,,0.5135268394358964,1169,crowded,5081,0.0,False,False,1000.0,1000.0,36.0,0.857903395921944,4.654924338620467,6,1,dwa,crowded,5081,True,standard,2.790002800000366,440,0.3763900769888794,optimized,2.0
stall,False,24.559999999999565,14.575572802243537,0.5917664121623212,0.9829879577702212,0.08163928288011013,0.16917501333972484,False,0.0,0.056540789435070876,,0.48864639083996814,1228,crowded,5082,0.0,False,False,1000.0,1000.0,36.0,0.7955105971431277,4.6545013175171706,3,1,dwa,crowded,5082,True,standard,3.1172328000029665,578,0.47068403908794787,optimized,2.0
stall,False,36.360000000000085,8.292469480410508,0.2266423201887824,0.9761309917422378,0.08673244957291737,0.11785334434056557,False,0.0,0.09129875649789787,,0.4602670690112689,1818,crowded,5083,0.0,False,False,1000.0,1000.0,36.0,0.8508672632349321,4.7793800012599625,6,1,dwa,crowded,5083,True,standard,5.0140880000035395,655,0.3602860286028603,optimized,2.0
goal,True,22.579999999999607,36.206260968918095,1.6035234926683304,1.4855665911296365,0.08150490964133293,0.2561553116839772,False,0.0,0.27152100574848004,,0.7606472728896062,1129,crowded,5084,0.0,False,False,1000.0,1000.0,36.0,1.0530656978728266,3.603905821938964,3,1,dwa,crowded,5084,True,standard,2.306482699998014,346,0.30646589902568644,optimized,2.0
goal,True,34.99999999999987,37.051921019558456,1.0566951107079978,1.3032110285748872,0.05905964101265827,0.2415563571591636,False,0.0,0.023227134797963872,,0.8221024122645121,1750,crowded,5085,0.0,False,False,1000.0,1000.0,36.0,0.718730957787409,3.4803602936247238,6,1,dwa,crowded,5085,True,standard,4.512758999997459,1009,0.5765714285714286,optimized,2.0
goal,True,23.599999999999586,36.58214583869997,1.5488840287660441,1.221723726646267,0.07835699578153242,0.2226789045501418,False,0.0,0.2832192931212303,,0.5582496858955301,1180,crowded,5086,0.0,False,False,1000.0,1000.0,36.0,0.8461753811272056,4.201848831134938,4,2,dwa,crowded,5086,True,standard,2.6614983000035863,333,0.28220338983050847,optimized,2.0
goal,True,22.699999999999605,36.17771852058768,1.5930188567157533,1.2432186150877937,0.06879752838081316,0.23666335510228867,False,0.0,0.05100479032105085,,0.6020374516082084,1135,crowded,5087,0.0,False,False,1000.0,1000.0,36.0,0.7297546609361127,3.6178111164901976,4,1,dwa,crowded,5087,True,standard,2.4718794000000344,197,0.173568281938326,optimized,2.0
goal,True,22.639999999999606,36.577486297991875,1.6148180538473773,1.6351115254826756,0.07074792178430854,0.2772745138768707,False,0.0,0.09314541949848698,,0.7042035592133724,1132,crowded,5088,0.0,False,False,1000.0,1000.0,36.0,0.9086910672377201,3.076056513841886,5,2,dwa,crowded,5088,True,standard,2.432811699996819,239,0.21113074204946997,optimized,2.0
goal,True,24.559999999999565,36.244757434975746,1.4752199449096044,1.2598099392009077,0.07759353697653937,0.291890722689641,False,0.0,0.23849346278229686,,0.8568181430537284,1228,crowded,5089,0.0,False,False,1000.0,1000.0,36.0,0.7969012135678066,3.4746629759075462,3,1,dwa,crowded,5089,True,standard,2.562208700001065,392,0.31921824104234525,optimized,2.0
goal,True,27.059999999999512,36.20195217408277,1.3381603291054345,1.1159245396112807,0.051114371697255044,0.1741295951088636,False,0.0,0.6251354409058385,,0.5321889216766863,1353,crowded,5090,0.0,False,False,1000.0,1000.0,36.0,0.812731185705469,3.0192451758830843,5,1,dwa,crowded,5090,True,standard,3.530782100002398,791,0.5846267553584626,optimized,2.0
goal,True,22.01999999999962,36.08121207071905,1.6390824329566644,1.2500914512368013,0.0808129858230655,0.21749147018681092,False,0.0,0.07106263910122845,,0.6064975832821718,1101,crowded,5091,0.0,False,False,1000.0,1000.0,36.0,0.8747085205182346,3.2140859613197943,6,2,dwa,crowded,5091,True,standard,2.7879137999989325,414,0.3760217983651226,optimized,2.0
goal,True,23.619999999999585,36.20421131276658,1.532989366987971,1.0871633618943664,0.08189337618965424,0.2004247672182453,False,0.0,0.33865621994268447,,0.5800863425573467,1181,crowded,5092,0.0,False,False,1000.0,1000.0,36.0,0.8347057354303752,3.6104146276233733,5,1,dwa,crowded,5092,True,standard,2.7949020999949425,454,0.384419983065199,optimized,2.0
goal,True,30.699999999999434,36.35336526518795,1.1840466697270666,1.1368266175162636,0.059926760695862856,0.19863071304569974,False,0.0,0.08938388402111719,,0.5860140565924988,1535,crowded,5093,0.0,False,False,1000.0,1000.0,36.0,0.7027821538503214,4.517424137019871,3,2,dwa,crowded,5093,True,standard,3.267869499999506,230,0.1498371335504886,optimized,2.0
goal,True,18.3199999999997,36.08142314800617,1.9705744696195269,0.9819328314662542,0.07630132619677052,0.09310099099703348,False,0.0,0.31962539269065615,,0.25653039565681723,916,crowded,5094,0.0,False,False,1000.0,1000.0,36.0,0.759548402527707,4.534496637945709,3,2,dwa,crowded,5094,True,standard,1.8418421000023955,0,0.0,optimized,2.0
goal,True,31.219999999999423,36.17433108159184,1.1580789412201433,0.9836705562789698,0.06023081661319505,0.1879654914512738,False,0.0,0.0608810056791472,,0.6668028018958544,1561,crowded,5095,0.0,False,False,1000.0,1000.0,36.0,0.7038176926854574,4.7716698558317745,5,1,dwa,crowded,5095,True,standard,4.0173804000005475,323,0.20691864189622036,optimized,2.0
collision,False,12.839999999999815,20.53000065044529,1.59973126988133,1.0205299332312936,0.08472100791158162,0.19882951304096916,False,0.0,-0.010588919570057476,obstacle,0.34050581135031516,642,crowded,5096,0.0,False,False,1000.0,1000.0,36.0,1.0818708535353732,4.332364566134115,4,2,dwa,crowded,5096,True,standard,1.5949088999986998,196,0.3052959501557632,optimized,2.0
collision,False,18.879999999999686,14.745220257231797,0.7799346201338556,1.2458816020440893,0.08120022804904584,0.19797372758800888,False,0.0,-0.0007153400502756257,obstacle,0.37637716741043364,944,crowded,5097,0.0,False,False,1000.0,1000.0,36.0,1.0513529123167236,3.996850644935159,5,2,dwa,crowded,5097,True,standard,2.489383200001612,560,0.5932203389830508,optimized,2.0
goal,True,20.61999999999965,36.0700010908602,1.7500041520532155,1.0471943544417588,0.08156080101160557,0.176394637545057,False,0.0,0.32163929494415955,,0.5199561409420713,1031,crowded,5098,0.0,False,False,1000.0,1000.0,36.0,1.071515063165253,3.7814489751499796,3,1,dwa,crowded,5098,True,standard,2.048133800002688,260,0.2521823472356935,optimized,2.0
goal,True,21.99999999999962,36.10955391697842,1.6418380129693102,1.597687977691561,0.08246118104511922,0.23370031272546304,False,0.0,0.0910722952279468,,0.4822866360744635,1100,crowded,5099,0.0,False,False,1000.0,1000.0,36.0,0.9961736911557313,3.2102618071198448,3,1,dwa,crowded,5099,True,standard,2.3031818000017665,12,0.01090909090909091,optimized,2.0
stall,False,32.41999999999947,22.593819170418712,0.6839937095781125,1.4154844709237975,0.4209455230874721,0.2599046068284314,False,0.0,0.2262344574995339,,1.1704859391542315,1621,mixed,5000,0.10063859654556317,False,False,16.0,22.0,36.0,0.8421893577539279,3.1106926377148136,3,1,dwa,mixed,5000,True,standard,3.6195888000002014,211,0.13016656384947564,optimized,2.0
stall,False,45.22000000000147,25.676080967021733,0.5670105676769691,2.5343149107948424,0.9799300057915346,0.21561755469366492,False,0.0,0.28375618430857796,,0.6925312750439512,2261,mixed,5001,0.1361326555543014,False,False,16.0,22.0,36.0,1.0085497877150973,3.463029867560513,2,1,dwa,mixed,5001,True,standard,4.6036717999959365,802,0.3547103051747015,optimized,2.0
goal,True,29.639999999999457,36.39764497696108,1.2275706155578967,2.209433471680075,0.512878725683887,0.24605259647079689,False,0.0,0.32166938384278176,,0.7149980329117909,1482,mixed,5002,0.10779195637104258,False,False,16.0,22.0,36.0,1.006598628122048,3.903147756916806,4,2,dwa,mixed,5002,True,standard,3.6052057999986573,172,0.11605937921727395,optimized,2.0
collision,False,4.739999999999987,5.136786045767098,1.086855441245989,1.4191622208373749,0.07634611842101129,0.42354131186802463,False,0.0,-0.008974899863643082,obstacle,0.22248639370834683,237,mixed,5003,0.1152588703871631,False,False,16.0,22.0,36.0,0.7517930892575723,3.7871843554365645,3,2,dwa,mixed,5003,True,standard,0.5721228999973391,0,0.0,optimized,2.0
stall,False,25.79999999999954,6.804093119435547,0.2628283795980492,1.3257355631248726,0.0794146300657363,0.15492728593763982,False,0.0,0.14603966826020665,,0.29472162279632375,1290,mixed,5004,0.09395417832217653,False,False,16.0,22.0,36.0,0.890305269851523,3.167338564992484,2,2,dwa,mixed,5004,True,standard,3.3345784999983152,758,0.5875968992248062,optimized,2.0
stall,False,31.139999999999425,22.650216190528237,0.7117915843866572,2.652473810378786,1.0525743539187056,0.2585690673468217,False,0.0,0.27762938776865587,,1.3737071913310575,1557,mixed,5005,0.14452422563128192,False,False,16.0,22.0,36.0,0.9124810113829057,3.4541322103790937,2,1,dwa,mixed,5005,True,standard,3.0773254000014276,109,0.07000642260757868,optimized,2.0
goal,True,24.719999999999562,36.176654934946235,1.463757758815849,2.738279028968793,0.6312323139228943,0.2570527179014597,False,0.0,0.34928241793470816,,0.6163037844894973,1236,mixed,5006,0.11823518779379621,False,False,16.0,22.0,36.0,0.878948645244961,4.724539790888749,3,2,dwa,mixed,5006,True,standard,2.7269292999990284,109,0.08818770226537216,optimized,2.0
goal,True,30.159999999999446,36.415307201115986,1.2058625919217745,1.6555362406784273,0.7457442175637269,0.24865589114705028,False,0.0,0.21771952927395585,,0.8566211225087493,1508,mixed,5007,0.09332622163787102,True,False,16.0,22.0,36.0,0.7003099757032973,4.832701252556141,3,3,dwa,mixed,5007,True,standard,3.4353666999959387,285,0.1889920424403183,optimized,2.0
goal,True,27.879999999999495,36.153386385038495,1.2968906527430255,1.6457286855319135,0.7526790245197474,0.2415510190579979,False,0.0,0.3127870120235945,,0.6762614476631843,1394,mixed,5008,0.090077259790111,False,False,16.0,22.0,36.0,0.7780156087365453,4.103977423040574,4,1,dwa,mixed,5008,True,standard,3.213211499998579,310,0.2223816355810617,optimized,2.0
stall,False,20.99999999999964,9.554709376126311,0.4538034954449719,1.3581026102931038,0.08051515624235071,0.18079206629579855,False,0.0,0.06719002642699101,,0.36193030641963475,1050,mixed,5009,0.11325841109235353,True,True,16.0,22.0,36.0,0.9689358374482765,3.4873356243580726,3,3,dwa,mixed,5009,True,standard,2.6334682000015164,763,0.7266666666666667,optimized,2.0
goal,True,24.699999999999562,36.15799724118622,1.4642507009972707,3.036772554454128,1.403130328303257,0.29628244008878196,True,0.00032388663967611336,0.2393705760147392,,0.5739904714718564,1235,mixed,5010,0.14381243175444086,False,False,16.0,22.0,36.0,0.7051556442607216,3.7667485448765166,2,1,dwa,mixed,5010,True,standard,2.5210279999955674,207,0.16761133603238867,optimized,2.0
stall,False,22.8599999999996,8.829672503954828,0.3853349124776201,1.0465787230125072,0.07832650610428443,0.1719490349182117,False,0.0,0.2256225618262485,,0.37993571644369845,1143,mixed,5011,0.14971532004645052,True,True,16.0,22.0,36.0,0.8328891001551972,4.081364643336002,2,2,dwa,mixed,5011,True,standard,2.770351200000732,894,0.7821522309711286,optimized,2.0
goal,True,27.319999999999506,36.37799050096703,1.3304939478053697,1.6601397133280427,0.5784978796120435,0.24851962088344284,False,0.0,0.36573720697400125,,0.7747741955956032,1366,mixed,5012,0.11599739438211938,False,False,16.0,22.0,36.0,1.0932146650543806,4.746887235560902,4,1,dwa,mixed,5012,True,standard,2.9817060999994283,154,0.11273792093704246,optimized,2.0
goal,True,26.379999999999526,36.12478743763315,1.3700366969423357,1.7430298972000744,0.5574120883936249,0.20345109820471377,False,0.0,0.22796887843789584,,0.6420160311196632,1319,mixed,5013,0.11438074496395545,True,False,16.0,22.0,36.0,0.9965686471139685,4.558301693417866,3,1,dwa,mixed,5013,True,standard,2.868016100001114,117,0.0887035633055345,optimized,2.0
stall,False,48.12000000000192,25.372374986335867,0.5261888328336227,3.39864204712555,0.7827494791064047,0.19283611527662914,True,0.0004987531172069825,0.334076892484103,,0.6626874522341168,2406,mixed,5014,0.13211528278562787,False,False,16.0,22.0,36.0,1.0079404557952962,4.248689932953564,3,1,dwa,mixed,5014,True,standard,6.073102299997117,34,0.014131338320864505,optimized,2.0
collision,False,22.53999999999961,26.286590578752055,1.1653452580264003,2.144998365522555,0.9727847759888609,0.2736118541361894,False,0.0,-0.005035884074714114,pedestrian,0.5997189280857361,1127,mixed,5015,0.11307428979546041,False,False,16.0,22.0,36.0,0.7129585808151011,3.616554150795544,3,2,dwa,mixed,5015,True,standard,2.505333300003258,1,0.0008873114463176575,optimized,2.0
stall,False,39.86000000000063,25.989592329362168,0.6511353778560345,2.2811636619965396,0.6262746329251588,0.20900742699291427,False,0.0,0.11619447508168157,,0.6327063136423173,1993,mixed,5016,0.12328780373270565,False,False,16.0,22.0,36.0,1.0824496477512628,4.4970018275504655,4,2,dwa,mixed,5016,True,standard,4.40828949999559,1084,0.5439036628198696,optimized,2.0
stall,False,29.51999999999946,22.747020305745828,0.7488043533961756,3.366285014341186,0.6775845018503958,0.25074048076955796,True,0.0006775067750677507,0.36284445201172366,,1.1160070314146269,1476,mixed,5017,0.12162928738333142,False,False,16.0,22.0,36.0,1.0313683035167758,3.069327793573069,2,1,dwa,mixed,5017,True,standard,3.0031363000016427,0,0.0,optimized,2.0
goal,True,23.89999999999958,36.14946081258642,1.5131570920563866,1.6637184737126476,0.7576150889700642,0.220175761608384,False,0.0,0.08554897269266293,,0.5499186131911541,1195,mixed,5018,0.1021966661181102,True,False,16.0,22.0,36.0,0.8519960097254107,3.741644975951466,2,3,dwa,mixed,5018,True,standard,2.591843100002734,190,0.1589958158995816,optimized,2.0
collision,False,17.999999999999705,5.2230210864983615,0.28926359495406206,0.9638215003021385,0.07841264938015467,0.14538831199174942,False,0.0,-0.0025438277052767244,obstacle,0.20424897067269382,900,mixed,5019,0.09694607558591248,False,False,16.0,22.0,36.0,0.7749984328665865,4.6919924902412244,3,3,dwa,mixed,5019,True,standard,2.4268876999994973,30,0.03333333333333333,optimized,2.0
off_sidewalk,False,3.660000000000003,4.660914455717914,1.2689098967250285,1.1359996008467563,0.24778722167991105,0.41615645748956437,False,0.0,0.23775639672140989,,0.19701920424711047,183,mixed,5020,0.11812828874817456,False,False,16.0,22.0,36.0,0.7248282467948968,4.082261203094857,4,2,dwa,mixed,5020,True,standard,0.44504569999844534,87,0.47540983606557374,optimized,2.0
collision,False,8.639999999999905,9.749427704441773,1.1269407495666164,1.073068713532026,0.08297503883029395,0.23728720010348484,False,0.0,-0.007277640057431145,obstacle,0.18716319451568694,432,mixed,5021,0.11381894175763324,True,False,16.0,22.0,36.0,0.9140104345757991,3.9670663971291336,3,2,dwa,mixed,5021,True,standard,1.0620869000049424,174,0.4027777777777778,optimized,2.0
stall,False,20.859999999999644,10.070281458843514,0.48207334417862313,1.0039663688033365,0.0786345970777186,0.13243464295244087,False,0.0,0.12340658060705476,,0.28047244429632395,1043,mixed,5022,0.13140191257451567,False,False,16.0,22.0,36.0,0.8496203871888334,4.16327064677573,2,1,dwa,mixed,5022,True,standard,2.4576476000002003,757,0.725790987535954,optimized,2.0
goal,True,26.339999999999527,36.2434287460101,1.3732322397374053,1.1629398539296902,0.6380377716911075,0.2513026078894596,False,0.0,0.2739264936970788,,0.7935749299240645,1317,mixed,5023,0.12867756728465177,False,False,16.0,22.0,36.0,0.8171074644897484,4.845944573728948,2,3,dwa,mixed,5023,True,standard,2.863722499998403,271,0.20577069096431283,optimized,2.0
stall,False,40.22000000000069,26.94277924274719,0.6689719883660784,3.2310994282800105,0.8000013492840118,0.24043005535644266,True,0.0004972650422675286,0.07621411629642261,,0.7668579466688437,2011,mixed,5024,0.13928371679168416,False,False,16.0,22.0,36.0,0.8109383252924722,4.478913919082471,2,1,dwa,mixed,5024,True,standard,4.165145600003598,891,0.443063152660368,optimized,2.0
goal,True,29.199999999999466,36.29943980225932,1.2428783813850903,1.6693720424873448,0.4711703201219658,0.26470344839283333,False,0.0,0.19291132162568192,,0.8296658779363203,1460,mixed,5025,0.09643074988431373,False,False,16.0,22.0,36.0,0.9732104368642298,4.750233220361416,4,2,dwa,mixed,5025,True,standard,3.425645199997234,280,0.1917808219178082,optimized,2.0
stall,False,37.54000000000027,22.72856240755019,0.5935523760617156,2.0011903977721133,0.5561269387448851,0.21068831630737375,False,0.0,0.23679247906803166,,1.1560085441241168,1877,mixed,5026,0.09558762086488723,False,False,16.0,22.0,36.0,0.7262499636679371,4.307968225800889,4,3,dwa,mixed,5026,True,standard,4.355864700002712,83,0.04421949920085243,optimized,2.0
stall,False,45.30000000000148,28.066955711645644,0.6190348482675927,1.0369659816392742,0.5565916773968639,0.15649001879030422,False,0.0,0.10260488937842094,,0.644812966483361,2265,mixed,5027,0.11482123997562081,False,True,16.0,22.0,36.0,0.876142603073939,3.7904107308165678,3,2,dwa,mixed,5027,True,standard,5.301429200000712,667,0.2944812362030905,optimized,2.0
goal,True,26.399999999999526,36.44124408306485,1.3797156899759775,1.2515366318533623,0.48949059310774395,0.2362792016806326,False,0.0,0.23457930916871017,,0.6813101947135702,1320,mixed,5028,0.10116781223940692,False,False,16.0,22.0,36.0,1.0334928486032917,4.609884125974756,2,2,dwa,mixed,5028,True,standard,2.762488400003349,243,0.18409090909090908,optimized,2.0
goal,True,26.299999999999528,36.48889047144919,1.3865129473804745,0.9766430299253683,0.31192789771276813,0.21084318237094313,False,0.0,0.28385778144913376,,0.6436859057077776,1315,mixed,5029,0.12404880975552002,False,True,16.0,22.0,36.0,0.8960683121439519,3.612757000380382,3,2,dwa,mixed,5029,True,standard,2.837045100000978,180,0.13688212927756654,optimized,2.0
stall,False,37.7400000000003,28.120444111782852,0.7446273324595373,1.076591102139739,0.5799242067120218,0.1909569356909942,False,0.0,0.26943407625413895,,0.6823987852320254,1887,mixed,5030,0.11541600076902528,False,True,16.0,22.0,36.0,0.702641268886089,3.5741138987672745,3,1,dwa,mixed,5030,True,standard,4.274941199997556,96,0.05087440381558029,optimized,2.0
stall,False,22.05999999999962,3.9045641007709726,0.1755051793055208,1.0620032789691598,0.08161270718381387,0.1625039812532649,False,0.0,0.29881213890212655,,0.27335673243506686,1103,mixed,5031,0.14561650478931443,True,False,16.0,22.0,36.0,1.0541886438268662,3.7270554480582403,3,1,dwa,mixed,5031,True,standard,2.8652212000015425,18,0.016319129646418858,optimized,2.0
collision,False,7.499999999999928,4.002867090307144,0.5309041155840623,1.141204174814223,0.05379592782985907,0.2734947433476325,False,0.0,-0.0003434359054623193,obstacle,0.21202009510970676,375,mixed,5032,0.1122245362773568,False,False,16.0,22.0,36.0,0.8808706052658889,4.3792262715010075,3,2,dwa,mixed,5032,True,standard,1.0234548000007635,232,0.6186666666666667,optimized,2.0
stall,False,22.779999999999603,4.3586946486733105,0.19021267397753897,0.968655950022716,0.05338444142839012,0.1383145740967372,False,0.0,0.13200581671519312,,0.24919081504915233,1139,mixed,5033,0.11672621005094068,False,False,16.0,22.0,36.0,1.0836130709500158,3.666279579977531,3,2,dwa,mixed,5033,True,standard,3.092951799997536,692,0.607550482879719,optimized,2.0
stall,False,38.3800000000004,26.171288182038307,0.6814626437025368,1.3005378595248387,0.0961887749590673,0.1901343483923913,False,0.0,0.32889115373992384,,0.7108924549765978,1919,mixed,5034,0.12934267293598622,True,True,16.0,22.0,36.0,0.7665500295059827,3.804995479071652,2,3,dwa,mixed,5034,True,standard,4.2226893000042764,115,0.05992704533611256,optimized,2.0
stall,False,35.25999999999991,27.105293539685604,0.767765764834023,1.9567339270242954,0.5624824833003486,0.22809505788862394,False,0.0,0.07177533769298483,,0.7775410169794524,1763,mixed,5035,0.10658169577161372,True,False,16.0,22.0,36.0,0.9199233332386492,4.156022809768874,2,2,dwa,mixed,5035,True,standard,4.0322450999956345,216,0.12251843448667045,optimized,2.0
goal,True,27.17999999999951,36.337788163927115,1.336037549405186,1.3872125007447578,0.5210680860379138,0.2534681051028227,False,0.0,0.29024359644460984,,0.7551022783599172,1359,mixed,5036,0.1173697414789877,False,False,16.0,22.0,36.0,1.0648143012996332,4.3024889064133,4,1,dwa,mixed,5036,True,standard,3.01546789999702,388,0.28550404709345106,optimized,2.0
goal,True,28.439999999999483,36.56842216668468,1.284957036722864,1.2938271976027083,0.7370984162829243,0.2426097680277513,False,0.0,0.2758694933101907,,0.7906101111517785,1422,mixed,5037,0.13679937064081266,False,False,16.0,22.0,36.0,0.7092210370314546,4.854865496269261,3,2,dwa,mixed,5037,True,standard,3.1002393000017037,304,0.21378340365682139,optimized,2.0
stall,False,43.200000000001154,29.17044762514879,0.6744368144435718,1.9391349457064102,0.4994912997098966,0.17889507598509827,False,0.0,0.09808244272354685,,0.6693568829814993,2160,mixed,5038,0.09670644475941208,False,False,16.0,22.0,36.0,1.0555417311834316,4.89287011986292,3,1,dwa,mixed,5038,True,standard,5.004155599999649,747,0.3458333333333333,optimized,2.0
stall,False,29.639999999999457,22.743774631910316,0.7476942528147109,2.9943680777536406,0.6091723807191467,0.22809330287422605,False,0.0,0.47272016600091193,,1.1696154516151551,1482,mixed,5039,0.13861797778812823,True,False,16.0,22.0,36.0,0.9402582229555535,3.6144856875598865,2,2,dwa,mixed,5039,True,standard,3.2366642999986652,3,0.0020242914979757085,optimized,2.0
collision,False,30.759999999999433,27.377671821546624,0.88887174191868,2.893204945591666,0.9023194650028559,0.28964759709008236,False,0.0,-0.009326310962806339,obstacle,0.6326188310582399,1538,mixed,5040,0.13659141728402505,False,False,16.0,22.0,36.0,0.9712075052113058,3.1920688461343363,2,3,dwa,mixed,5040,True,standard,3.3018398999993224,85,0.055266579973992196,optimized,2.0
off_sidewalk,False,3.6000000000000028,4.8439100025983235,1.3449000944015543,1.0276132523511174,0.5305669722206698,0.3430005171455397,False,0.0,0.3464789753496912,,0.14275038430389603,180,mixed,5041,0.14238089228448053,False,False,16.0,22.0,36.0,0.7917534446414414,3.1247853346898227,4,3,dwa,mixed,5041,True,standard,0.4118381000007503,100,0.5555555555555556,optimized,2.0
goal,True,35.05999999999988,36.22034204108819,1.0325419182325681,1.933988903707041,0.6612617616113968,0.2067502749863346,False,0.0,0.054891097958009505,,0.5900231138453229,1753,mixed,5042,0.11346964484423985,False,False,16.0,22.0,36.0,0.9598932040906721,3.486030199242384,2,3,dwa,mixed,5042,True,standard,4.056194500000856,0,0.0,optimized,2.0
goal,True,28.179999999999488,36.41680299839853,1.2915973504167788,1.2568399351211639,0.40042392457549814,0.29183494998922554,False,0.0,0.2632777778686036,,0.848559701699641,1409,mixed,5043,0.1269385057241497,False,True,16.0,22.0,36.0,1.0898186350139498,4.0020376195110305,3,2,dwa,mixed,5043,True,standard,3.1411031000025105,191,0.13555713271823988,optimized,2.0
stall,False,36.300000000000075,26.413005827509586,0.7257465055557712,2.3844143725472176,0.7788588332137645,0.2469032210149762,False,0.0,0.1833955794463097,,0.7788564511646685,1815,mixed,5044,0.13998739401869517,False,False,16.0,22.0,36.0,1.0178429474867148,3.6549452422762707,4,3,dwa,mixed,5044,True,standard,4.446951199999603,890,0.4903581267217631,optimized,2.0
goal,True,26.799999999999518,36.26794930280257,1.3520681458529034,1.971014488515268,0.7203541120360555,0.29869895256394663,False,0.0,0.09665041028597288,,0.8093671320531195,1340,mixed,5045,0.13638592052525939,False,False,16.0,22.0,36.0,0.7659494631232381,3.545543304209088,4,2,dwa,mixed,5045,True,standard,3.0861195999968913,249,0.18582089552238806,optimized,2.0
goal,True,28.179999999999488,36.207637226010526,1.285106508358714,2.330634244707901,0.7454328620316546,0.26282708019029577,False,0.0,0.24656475891631224,,0.7970880568725367,1409,mixed,5046,0.12227119309524864,True,False,16.0,22.0,36.0,0.9011545969108519,3.3327744218409308,4,1,dwa,mixed,5046,True,standard,3.1038322000022163,391,0.27750177430801987,optimized,2.0
stall,False,29.679999999999456,22.789882209827567,0.7469712384027314,1.8480391290559348,0.5512489704125335,0.23375283407467615,False,0.0,0.1214706112044216,,0.9759220492965637,1484,mixed,5047,0.0907107601460403,False,False,16.0,22.0,36.0,0.9983218093282231,3.1410251815083683,3,3,dwa,mixed,5047,True,standard,3.375397099996917,0,0.0,optimized,2.0
stall,False,19.279999999999678,4.159696254136964,0.21375999072384017,1.3782091587788141,0.05869784347422994,0.16454498160064618,False,0.0,0.22216396214518874,,0.2606279911096715,964,mixed,5048,0.09534548510317571,False,False,16.0,22.0,36.0,1.0213876505575938,3.411304677538264,4,3,dwa,mixed,5048,True,standard,2.9824867000061204,741,0.7686721991701245,optimized,2.0
goal,True,25.559999999999544,36.18007829420461,1.415323279007934,2.388742452766789,0.9787247374771777,0.3167028187709116,False,0.0,0.2818836375572774,,0.7732160486844162,1278,mixed,5049,0.14394041403531896,False,False,16.0,22.0,36.0,0.7517994105580714,3.1978602646371006,2,2,dwa,mixed,5049,True,standard,2.6765966000020853,327,0.25586854460093894,optimized,2.0
collision,False,9.979999999999876,10.81499708233856,1.0826757938805347,1.0129973886557007,0.07828418100446492,0.19767974368910848,False,0.0,-0.0019957802601449637,obstacle,0.1952057393170173,499,mixed,5050,0.0986083385191299,False,False,16.0,22.0,36.0,0.8591909328138473,4.110811346493778,3,2,dwa,mixed,5050,True,standard,1.2217173999961233,43,0.08617234468937876,optimized,2.0
collision,False,19.459999999999674,25.43418462623184,1.3068390179003504,1.0339905795950595,0.08287354244139256,0.21093584119409664,False,0.0,-0.0010654142336233852,obstacle,0.4249848117015492,973,mixed,5051,0.12233334430260395,True,True,16.0,22.0,36.0,0.8470793717637798,3.4696736983662753,2,3,dwa,mixed,5051,True,standard,1.9434977999990224,20,0.020554984583761562,optimized,2.0
stall,False,32.49999999999948,22.67077119639003,0.6833280274164393,1.6221918124779187,0.5392627472796168,0.18096197203058564,False,0.0,0.5252403050679303,,0.8937357804821019,1625,mixed,5052,0.1306635418670573,True,False,16.0,22.0,36.0,0.9377640601298551,4.903101107035168,3,3,dwa,mixed,5052,True,standard,3.850236100006441,261,0.1606153846153846,optimized,2.0
stall,False,39.48000000000057,27.10851935362978,0.684713002344711,1.1885171435688937,0.34401487501128836,0.19884326513653558,False,0.0,0.056194148880140515,,0.7357934590203747,1974,mixed,5053,0.12112491333169412,False,True,16.0,22.0,36.0,0.8890868185879244,4.381330884174664,2,3,dwa,mixed,5053,True,standard,4.583801900000253,1098,0.5562310030395137,optimized,2.0
stall,False,23.499999999999588,10.380924820308374,0.44053099739845514,1.1527223533069684,0.07844557405645966,0.22256364604910167,False,0.0,0.07874383340772911,,0.402232672636617,1175,mixed,5054,0.10840892457049757,True,False,16.0,22.0,36.0,0.8256418136260787,4.113300036428866,3,1,dwa,mixed,5054,True,standard,2.92455009999685,765,0.6510638297872341,optimized,2.0
stall,False,26.15999999999953,9.21697640443639,0.3513800130272731,1.0598363030973048,0.08157983834711809,0.14114550827906752,False,0.0,0.08269897131561949,,0.3060121781120407,1308,mixed,5055,0.09580944017439189,True,False,16.0,22.0,36.0,1.0471282526832821,3.420582573190744,2,3,dwa,mixed,5055,True,standard,3.3633304000031785,740,0.5657492354740061,optimized,2.0
goal,True,24.979999999999556,36.285897321909744,1.4526950402738776,4.096022759296649,0.9925151861298809,0.3011561776770049,True,0.0014411529223378704,0.23788739748943766,,0.7071672943550377,1249,mixed,5056,0.14314511450547973,False,False,16.0,22.0,36.0,0.891086723699156,3.5916894807551056,3,2,dwa,mixed,5056,True,standard,2.6430646999942837,163,0.13050440352281825,optimized,2.0
collision,False,23.679999999999584,29.27402478589562,1.2340068832688362,1.9752382181100758,0.7916008907165009,0.2778429323856561,False,0.0,-0.006118253590635669,obstacle,0.5867146574490881,1184,mixed,5057,0.1082113167106713,False,False,16.0,22.0,36.0,0.7886726452745311,3.003224526127708,4,2,dwa,mixed,5057,True,standard,2.725610499997856,179,0.15118243243243243,optimized,2.0
stall,False,22.739999999999604,7.8285770362967675,0.3425200622971741,1.504539033428309,0.07700592804918148,0.19207754311812755,False,0.0,0.06210636801694305,,0.3839882793390268,1137,mixed,5058,0.11184194310749679,False,False,16.0,22.0,36.0,0.9098807370435502,3.73068557622015,2,2,dwa,mixed,5058,True,standard,2.655044300001464,823,0.723834652594547,optimized,2.0
goal,True,30.41999999999944,36.133269490563315,1.187660213134406,2.4603385450317994,0.6516643441805626,0.23988139686221288,False,0.0,0.30346141332765497,,0.7496451709920721,1521,mixed,5059,0.12322396409418393,False,False,16.0,22.0,36.0,0.9012639362358253,4.957237543027349,2,1,dwa,mixed,5059,True,standard,3.060115100000985,149,0.09796186719263643,optimized,2.0
goal,True,24.139999999999574,36.423270697427206,1.5086678546492025,1.326657169957665,0.22024454178825187,0.21954183259142626,False,0.0,0.21901420314934458,,0.5924891335871794,1207,mixed,5060,0.09337821742015381,False,True,16.0,22.0,36.0,0.8376462876131555,3.7326058238479085,3,3,dwa,mixed,5060,True,standard,2.7615889000007883,197,0.1632145816072908,optimized,2.0
goal,True,26.21999999999953,36.320157032894514,1.385140956068066,2.6030206898392487,0.8938451990932494,0.2707790748141838,False,0.0,0.27107251122364484,,0.7115167011471555,1311,mixed,5061,0.13695448627719198,True,False,16.0,22.0,36.0,1.0911674506139513,3.3022139240992363,4,3,dwa,mixed,5061,True,standard,3.104091099994548,447,0.34096109839816935,optimized,2.0
stall,False,21.619999999999628,3.696438249731773,0.16914227846073288,0.898312504412322,0.05458127437138901,0.1670683552801926,False,0.0,0.08633769648866646,,0.3025302906939888,1081,mixed,5062,0.0999320615330115,False,False,16.0,22.0,36.0,0.9993468346705692,4.2770388427792305,4,2,dwa,mixed,5062,True,standard,3.1393878999951994,793,0.7335800185013877,optimized,2.0
collision,False,8.659999999999904,10.076242353496863,1.1626980201361932,1.0611092739516887,0.08428268264909237,0.31059497136852465,False,0.0,-0.0005289965328176272,obstacle,0.3154905778356364,433,mixed,5063,0.13080054112731646,False,False,16.0,22.0,36.0,0.7330288069420039,4.928957495797438,3,2,dwa,mixed,5063,True,standard,1.0829679999951622,130,0.3002309468822171,optimized,2.0
stall,False,35.399999999999935,28.65648357450896,0.8088273365538753,3.3103076743487616,0.7450204728713421,0.2363364985311047,True,0.0005649717514124294,0.06712583880727285,,0.680863413244953,1770,mixed,5064,0.13444189604194567,False,False,16.0,22.0,36.0,0.7150441580757758,4.5863073577415205,3,2,dwa,mixed,5064,True,standard,4.15537900000345,813,0.45932203389830506,optimized,2.0
goal,True,24.479999999999567,36.200023216711905,1.479187744199547,2.27915828098615,0.5967310039901287,0.24387888663179852,False,0.0,0.10723435448213847,,0.623674123010342,1224,mixed,5065,0.1251690425208082,True,False,16.0,22.0,36.0,0.8035442786646663,4.8563894445347895,2,2,dwa,mixed,5065,True,standard,2.5654225000034785,249,0.2034313725490196,optimized,2.0
stall,False,41.76000000000093,31.11632893125859,0.7445759662823996,3.1875507620977634,0.7719833693010386,0.21457252925446219,True,0.0003831417624521073,0.06378923647038362,,0.6812939275152068,2088,mixed,5066,0.1266821206098644,False,False,16.0,22.0,36.0,0.937066294483499,3.9869918481657125,3,1,dwa,mixed,5066,True,standard,5.006879699998535,770,0.36877394636015326,optimized,2.0
off_sidewalk,False,10.199999999999871,10.625240877146034,1.0377201800753308,1.0186859733959739,0.3635002827084724,0.321784424945215,False,0.0,0.1312534707196351,,0.39774323819654794,510,mixed,5067,0.107957664584021,False,False,16.0,22.0,36.0,1.0106291334825726,4.98601841338545,4,3,dwa,mixed,5067,True,standard,1.2289367000048514,244,0.47843137254901963,optimized,2.0
stall,False,31.85999999999941,5.866522290321293,0.18271246834535776,0.9622078478109977,0.06721693521674932,0.1131318329853459,False,0.0,0.06895923689213923,,0.3520948138696298,1593,mixed,5068,0.09259308451131983,False,True,16.0,22.0,36.0,0.8970326161018014,3.68361918406922,4,2,dwa,mixed,5068,True,standard,4.442528500003391,593,0.37225360954174513,optimized,2.0
off_sidewalk,False,20.779999999999646,28.653414625261686,1.3783933480894797,2.081179645338177,0.9378560398816332,0.287112366944349,False,0.0,0.3564725894408992,,0.5271025694281439,1039,mixed,5069,0.11185018390823433,False,False,16.0,22.0,36.0,0.7403470360296646,4.211614650645206,2,1,dwa,mixed,5069,True,standard,2.0769908000002033,89,0.08565928777670838,optimized,2.0
stall,False,34.87999999999985,25.046776315543923,0.7174830835218073,1.4659657704556315,0.7962345062890006,0.18016809298844658,False,0.0,0.19474536367597095,,0.5723214959384467,1744,mixed,5070,0.14646988327914132,False,True,16.0,22.0,36.0,0.8627394964655488,3.014792907872379,3,2,dwa,mixed,5070,True,standard,3.905377099996258,840,0.481651376146789,optimized,2.0
stall,False,34.259999999999756,22.966181819333116,0.648252378658368,2.261216745959155,0.4825814741131908,0.2448758634899799,False,0.0,0.20747926423284765,,1.3751224481898048,1713,mixed,5071,0.10540263645169527,False,False,16.0,22.0,36.0,0.7508349199984138,4.164918454437569,4,1,dwa,mixed,5071,True,standard,3.7701677000004565,170,0.099241097489784,optimized,2.0
collision,False,7.4799999999999285,10.383316750891224,1.3870524661880752,1.2446633395793179,0.08955019795550169,0.37271107513302437,False,0.0,-0.001137484038968628,obstacle,0.30061803217128236,374,mixed,5072,0.129473321823593,True,False,16.0,22.0,36.0,1.0845422517924654,4.727316696900118,2,2,dwa,mixed,5072,True,standard,0.699151200002234,16,0.0427807486631016,optimized,2.0
stall,False,49.980000000002214,23.036983979605022,0.44656724766172146,2.99510779152583,0.5884084525723862,0.22417400344097987,False,0.0,0.28112010989734504,,1.3812421832025774,2499,mixed,5073,0.12157656077615875,False,False,16.0,22.0,36.0,0.7450583759123013,3.615451791111634,2,1,dwa,mixed,5073,True,standard,5.588150799994764,175,0.0700280112044818,optimized,2.0
collision,False,18.899999999999686,27.091720116126105,1.4343446432159666,1.205821881392705,0.07768390647334203,0.19948683187543526,False,0.0,-0.0012253868452679617,obstacle,0.5495911118796002,945,mixed,5074,0.13307392580312158,True,True,16.0,22.0,36.0,0.847212170166827,4.87418254885662,4,3,dwa,mixed,5074,True,standard,2.1712678000039887,235,0.24867724867724866,optimized,2.0
goal,True,29.699999999999456,36.45791931466675,1.22683971350064,1.214535107088776,0.43616142895597665,0.26807849961341723,False,0.0,0.291810354981344,,0.8384277627512053,1485,mixed,5075,0.13511704529586524,False,True,16.0,22.0,36.0,0.9218759880118024,4.235974977511892,4,1,dwa,mixed,5075,True,standard,3.359153700002935,368,0.24781144781144782,optimized,2.0
stall,False,49.76000000000218,30.50611030632694,0.6115758664762799,2.197529560334069,0.5973490089646398,0.19499202103239963,False,0.0,0.16871147565991712,,0.7653391713949607,2488,mixed,5076,0.11253069342252543,False,False,16.0,22.0,36.0,1.0292612569337438,4.688945080828985,3,3,dwa,mixed,5076,True,standard,5.631528599995363,903,0.3629421221864952,optimized,2.0
collision,False,28.659999999999478,26.20019475299234,0.9135503390008385,2.629232874705113,1.0882891833696184,0.29200826949139563,False,0.0,-0.014831068935796554,obstacle,0.6760074000699124,1433,mixed,5077,0.14268386767121152,False,False,16.0,22.0,36.0,0.7481831815301382,4.683266037657667,3,2,dwa,mixed,5077,True,standard,3.215474399999948,285,0.19888346127006282,optimized,2.0
stall,False,22.659999999999606,8.179895476986829,0.3604999204286115,1.0694454677127798,0.07899672679838204,0.13298808040991536,False,0.0,0.5050587646006378,,0.27022975467587884,1133,mixed,5078,0.09319333880718476,False,False,16.0,22.0,36.0,1.052260869021958,3.1100311875618685,3,3,dwa,mixed,5078,True,standard,3.089429300001939,0,0.0,optimized,2.0
stall,False,36.040000000000035,25.984837436404476,0.7195149615672287,1.0270712820176675,0.4975276183282101,0.17564831482997792,False,0.0,0.22805168215009838,,0.5943674072557784,1802,mixed,5079,0.10656495195563959,False,True,16.0,22.0,36.0,0.948921384405256,4.056615073880624,3,1,dwa,mixed,5079,True,standard,4.257781799999066,74,0.041065482796892344,optimized,2.0
stall,False,19.799999999999667,3.296135662222055,0.1654221621736852,1.1307588479696917,0.041554660859620535,0.13812587339345228,False,0.0,0.01693825471482968,,0.20890200000252848,990,mixed,5080,0.09303349148726354,False,False,16.0,22.0,36.0,0.8413522982777953,3.3399048040720363,2,3,dwa,mixed,5080,True,standard,2.4574910000010277,764,0.7717171717171717,optimized,2.0
stall,False,29.319999999999464,22.619790121015424,0.753264438602734,1.7273849558891181,0.47556800683491646,0.1954995885003581,False,0.0,2.1865474595295398,,1.1383874756369847,1466,mixed,5081,0.11213266060630127,False,False,16.0,22.0,36.0,0.857903395921944,4.654924338620467,3,1,dwa,mixed,5081,True,standard,2.8805546000003233,0,0.0,optimized,2.0
stall,False,37.580000000000275,25.509491064370074,0.6778340071465018,2.0920466013062984,0.5562287991661679,0.1926800969542792,False,0.0,0.120832536282097,,0.6778093188886806,1879,mixed,5082,0.10870515465564147,False,False,16.0,22.0,36.0,0.7955105971431277,4.6545013175171706,4,3,dwa,mixed,5082,True,standard,4.899182200002542,265,0.1410324640766365,optimized,2.0
off_sidewalk,False,24.479999999999567,27.548377554617797,1.1232129230167727,1.9156036880313236,0.490228215175867,0.2817755643938941,False,0.0,0.07236801869394527,,0.5898466371317855,1224,mixed,5083,0.10054835161087051,False,False,16.0,22.0,36.0,0.8508672632349321,4.7793800012599625,2,3,dwa,mixed,5083,True,standard,2.7772905999954673,64,0.05228758169934641,optimized,2.0
stall,False,20.11999999999966,8.720471785982538,0.4325482248081619,1.0387487628507677,0.06511310753157486,0.12300204956226392,False,0.0,0.14934151652452193,,0.27969636974960277,1006,mixed,5084,0.11698300490792289,False,False,16.0,22.0,36.0,1.0530656978728266,3.603905821938964,4,3,dwa,mixed,5084,True,standard,2.5959762999991653,801,0.7962226640159046,optimized,2.0
collision,False,19.57999999999967,9.033957181812177,0.46055349993104683,0.9691271754846674,0.03319864802308126,0.1651728190966819,False,0.0,-0.0009161855345026781,obstacle,0.23500954706513996,979,mixed,5085,0.09092898262982511,False,False,16.0,22.0,36.0,0.718730957787409,3.4803602936247238,3,3,dwa,mixed,5085,True,standard,2.49668269999529,34,0.03472931562819203,optimized,2.0
goal,True,23.279999999999593,36.141950510122825,1.5523992804670472,2.886733393599643,0.7934393632099059,0.2844235686147422,False,0.0,0.353642321210509,,0.563912468873823,1164,mixed,5086,0.13565333662777856,False,False,16.0,22.0,36.0,0.8461753811272056,4.201848831134938,2,1,dwa,mixed,5086,True,standard,2.2574010000025737,210,0.18041237113402062,optimized,2.0
goal,True,23.39999999999959,36.14082045920795,1.5448700169892864,2.0662103827322866,0.8577343319681547,0.24092028315378036,False,0.0,0.28072317631769916,,0.5185683568634933,1170,mixed,5087,0.09825889682104214,False,False,16.0,22.0,36.0,0.7297546609361127,3.6178111164901976,2,1,dwa,mixed,5087,True,standard,2.3011980000010226,104,0.08888888888888889,optimized,2.0
goal,True,31.87999999999941,36.31448522772462,1.1388119794443852,1.1436532202833196,0.6901077081820457,0.25496590557366117,False,0.0,0.14699981816471308,,0.7528237404133464,1594,mixed,5088,0.14516399397423288,False,True,16.0,22.0,36.0,0.9086910672377201,3.076056513841886,4,1,dwa,mixed,5088,True,standard,3.777360200001567,109,0.06838143036386449,optimized,2.0
stall,False,37.04000000000019,27.42061469983663,0.7394982077897414,2.2125832651807027,0.7728014635806764,0.23419587140085568,False,0.0,0.22011874124662734,,0.7835819570163416,1852,mixed,5089,0.09429012646285188,True,False,16.0,22.0,36.0,0.7969012135678066,3.4746629759075462,4,1,dwa,mixed,5089,True,standard,4.434691900001781,938,0.5064794816414687,optimized,2.0
collision,False,5.599999999999969,7.9715448683072845,1.4246747061421297,1.090489791878987,0.07678643807997962,0.26803412239740404,False,0.0,-0.0031141027657543563,obstacle,0.19057946516107307,280,mixed,5090,0.10694230984683592,True,True,16.0,22.0,36.0,0.812731185705469,3.0192451758830843,2,2,dwa,mixed,5090,True,standard,0.6723344000056386,121,0.43214285714285716,optimized,2.0
stall,False,27.459999999999503,9.499273895104103,0.3448282981265971,1.3792500335482045,0.07194544831077206,0.21983130873390047,False,0.0,0.1475899350404003,,0.47263346095496755,1373,mixed,5091,0.12595635124475552,False,False,16.0,22.0,36.0,0.8747085205182346,3.2140859613197943,2,2,dwa,mixed,5091,True,standard,3.5799143000040203,840,0.6117989803350328,optimized,2.0
goal,True,24.25999999999957,36.095062809539506,1.4883011236597452,1.8687086023645478,0.7224740580965547,0.2361640924152778,False,0.0,0.2150380646606812,,0.6023423727658288,1213,mixed,5092,0.09242072970107329,False,False,16.0,22.0,36.0,0.8347057354303752,3.6104146276233733,3,2,dwa,mixed,5092,True,standard,2.6709310000005644,120,0.0989282769991756,optimized,2.0
stall,False,21.679999999999627,7.728434903878891,0.3553685426065774,0.9170954435785509,0.04621011196404212,0.1669574477049483,False,0.0,0.22560633672935265,,0.35450787827738145,1084,mixed,5093,0.131855067058124,False,True,16.0,22.0,36.0,0.7027821538503214,4.517424137019871,4,2,dwa,mixed,5093,True,standard,2.826062699998147,758,0.6992619926199262,optimized,2.0
goal,True,29.51999999999946,36.517188402026704,1.23665069939971,0.9917029815360463,0.3757962431545623,0.2059680288844316,False,0.0,0.266458409007032,,0.717947165485594,1476,mixed,5094,0.12799374054937587,False,True,16.0,22.0,36.0,0.759548402527707,4.534496637945709,3,2,dwa,mixed,5094,True,standard,3.3406468000030145,234,0.15853658536585366,optimized,2.0
goal,True,25.939999999999536,36.13773264219562,1.3936520465089697,1.8095257098337714,0.5991492863963376,0.1976521264023096,False,0.0,0.11639215130531422,,0.5724917727235215,1297,mixed,5095,0.11500065702869129,True,False,16.0,22.0,36.0,0.7038176926854574,4.7716698558317745,2,3,dwa,mixed,5095,True,standard,2.891243999998551,123,0.09483423284502698,optimized,2.0
goal,True,28.799999999999475,36.68353612732258,1.27212494792575,1.7052969041499328,0.650536831442356,0.278745610630644,False,0.0,0.3436806265202833,,1.0217990474440468,1440,mixed,5096,0.1240763121473265,True,False,16.0,22.0,36.0,1.0818708535353732,4.332364566134115,3,2,dwa,mixed,5096,True,standard,3.024543999999878,240,0.16666666666666666,optimized,2.0
stall,False,44.26000000000132,29.9173419335512,0.6755433003237523,1.2742216090674128,0.09995035170568793,0.19126121792823045,False,0.0,0.0674815027187119,,0.8277455915813768,2213,mixed,5097,0.14602377237337144,True,True,16.0,22.0,36.0,1.0513529123167236,3.996850644935159,3,1,dwa,mixed,5097,True,standard,5.179046600002039,956,0.43199276999548125,optimized,2.0
collision,False,5.159999999999978,6.758887661115581,1.3109502821761674,1.2317223097357737,0.08157044007970893,0.3693013393072294,False,0.0,-0.011515892443516251,obstacle,0.2204049925728271,258,mixed,5098,0.11086834856947003,False,False,16.0,22.0,36.0,1.071515063165253,3.7814489751499796,3,3,dwa,mixed,5098,True,standard,0.6918551999988267,151,0.5852713178294574,optimized,2.0
collision,False,5.259999999999976,8.185261880177194,1.557266808704835,1.0625453063894172,0.08171858336172612,0.23870421449270493,False,0.0,-0.0021708006014448666,obstacle,0.16382077986790158,263,mixed,5099,0.093374672767738,False,False,16.0,22.0,36.0,0.9961736911557313,3.2102618071198448,2,3,dwa,mixed,5099,True,standard,0.5710911999995005,0,0.0,optimized,2.0
goal,True,32.779999999999525,36.46859715777025,1.110555572678003,0.8767578673446328,0.45934596485526336,0.18372934063601706,False,0.0,0.3376483910306839,,0.644505110655033,1639,slippery,5000,0.10063859654556317,False,False,16.0,22.0,36.0,0.3711416723079709,3.1106926377148136,4,2,dwa,slippery,5000,True,standard,4.059101400001964,91,0.05552165954850519,optimized,2.0
stall,False,32.93999999999955,22.9173385631942,0.6716235828054978,3.6420731101431962,0.5975122813876012,0.24962494319862863,True,0.0007285974499089253,0.25606724299651495,,1.2985432281858917,1647,slippery,5001,0.1361326555543014,False,False,16.0,22.0,36.0,0.42577495352777783,3.463029867560513,3,1,dwa,slippery,5001,True,standard,3.428231300000334,1,0.0006071645415907711,optimized,2.0
goal,True,27.11999999999951,36.488540655599074,1.3447093562972452,1.2574093043018795,0.5922997451929248,0.24009781832899416,False,0.0,0.25885959789260327,,0.7129593348760491,1356,slippery,5002,0.10779195637104258,False,False,16.0,22.0,36.0,0.442368936743345,3.903147756916806,4,3,dwa,slippery,5002,True,standard,3.3699863999936497,120,0.08849557522123894,optimized,2.0
goal,True,29.239999999999466,36.617019613651564,1.2425272757279302,2.404785791578359,1.077520506707585,0.29186831211937053,False,0.0,0.11213916348297404,,0.862779261639135,1462,slippery,5003,0.1152588703871631,False,False,16.0,22.0,36.0,0.511013095907909,3.7871843554365645,3,3,dwa,slippery,5003,True,standard,3.2218657999983407,228,0.15595075239398085,optimized,2.0
stall,False,31.41999999999942,21.9961753558596,0.6944765155151715,2.009111660766338,0.579277802689883,0.19597464095766526,False,0.0,0.3686489960492473,,1.0403246742157477,1571,slippery,5004,0.09395417832217653,False,False,16.0,22.0,36.0,0.45925003211437904,3.167338564992484,3,1,dwa,slippery,5004,True,standard,3.360661099999561,109,0.06938255887969447,optimized,2.0
stall,False,40.9200000000008,29.313983301019572,0.7109275512047025,3.2097184108214623,0.8239066184735052,0.21232426829325884,True,0.00039100684261974585,0.20911857418268825,,0.8105448590332821,2046,slippery,5005,0.14452422563128192,False,False,16.0,22.0,36.0,0.379941629172024,3.4541322103790937,2,1,dwa,slippery,5005,True,standard,4.498397600000317,792,0.3870967741935484,optimized,2.0
collision,False,6.219999999999955,7.504901329753924,1.208173086458638,0.8846891483787495,0.056394084030961696,0.2827106502233862,False,0.0,-0.015132894192915192,obstacle,0.2334560853972343,311,slippery,5006,0.11823518779379621,False,False,16.0,22.0,36.0,0.4724620549165879,4.724539790888749,2,2,dwa,slippery,5006,True,standard,0.7617843999978504,6,0.01929260450160772,optimized,2.0
goal,True,30.219999999999445,36.18008878456581,1.1970235394056243,1.916342920081024,0.6992228458790545,0.2224249328993884,False,0.0,0.09701210011220651,,0.8155300272545646,1511,slippery,5007,0.09332622163787102,True,False,16.0,22.0,36.0,0.5707734763782737,4.832701252556141,4,3,dwa,slippery,5007,True,standard,3.81219570000394,230,0.15221707478491064,optimized,2.0
stall,False,31.959999999999408,22.999126178725938,0.6954183336780161,1.331157898909467,0.32465022266736954,0.1817588524695279,False,0.0,0.3329173651709537,,0.8770710032910843,1598,slippery,5008,0.090077259790111,False,False,16.0,22.0,36.0,0.41858945969017547,4.103977423040574,4,1,dwa,slippery,5008,True,standard,3.572877400001744,155,0.0969962453066333,optimized,2.0
goal,True,25.19999999999955,36.14727541102756,1.435037690368861,1.3176252579261443,0.08681806974152784,0.2320421843185869,False,0.0,0.09306966316083787,,0.578808264565945,1260,slippery,5009,0.11325841109235353,True,True,16.0,22.0,36.0,0.5637117705704066,3.4873356243580726,3,3,dwa,slippery,5009,True,standard,2.769982700003311,131,0.10396825396825397,optimized,2.0
stall,False,21.99999999999962,6.594292707364157,0.2978743747093243,1.1208329928890368,0.041284183844632276,0.17481289946341377,False,0.0,0.1805193599823323,,0.34184373909314686,1100,slippery,5010,0.14381243175444086,False,False,16.0,22.0,36.0,0.42717752382064567,3.7667485448765166,2,3,dwa,slippery,5010,True,standard,2.776705399999628,40,0.03636363636363636,optimized,2.0
stall,False,23.89999999999958,7.5884942525776555,0.31696416287339013,0.9284402321790257,0.056061802305145604,0.14905012487370756,False,0.0,0.5865035081966289,,0.30592492542009486,1195,slippery,5011,0.14971532004645052,True,True,16.0,22.0,36.0,0.5026425178166009,4.081364643336002,3,1,dwa,slippery,5011,True,standard,2.3807778999980655,0,0.0,optimized,2.0
stall,False,43.90000000000126,25.25291047249368,0.5059258446386761,2.3131517056675746,0.44277844810733974,0.1792739149896479,False,0.0,0.25789921482536393,,1.6589323092378156,2195,slippery,5012,0.11599739438211938,False,False,16.0,22.0,36.0,0.39398276911903374,4.746887235560902,2,3,dwa,slippery,5012,True,standard,4.809859300003154,140,0.06378132118451026,optimized,2.0
collision,False,6.619999999999947,9.869081476154062,1.490146653955001,0.7096093566560414,0.04470376036202647,0.20088054200302727,False,0.0,-0.0010939804860551905,obstacle,0.2062744598270264,331,slippery,5013,0.11438074496395545,True,False,16.0,22.0,36.0,0.39658147398497556,4.558301693417866,4,3,dwa,slippery,5013,True,standard,0.8740697000030195,140,0.4229607250755287,optimized,2.0
stall,False,22.819999999999602,5.2072415716640075,0.22671757228952977,0.8284028469770706,0.03531063446884795,0.1543932372771382,False,0.0,0.1324865351122289,,0.3054635263264777,1141,slippery,5014,0.13211528278562787,False,False,16.0,22.0,36.0,0.39538286405034423,4.248689932953564,4,3,dwa,slippery,5014,True,standard,3.1690719999969588,612,0.5363716038562665,optimized,2.0
stall,False,19.19999999999968,4.440596058873217,0.23040625304837262,1.0232491351289978,0.043126215846085184,0.14516664042457575,False,0.0,0.1920467041813564,,0.24458590734235683,960,slippery,5015,0.11307428979546041,False,False,16.0,22.0,36.0,0.47884043584313024,3.616554150795544,3,2,dwa,slippery,5015,True,standard,2.576516000000993,778,0.8104166666666667,optimized,2.0
stall,False,32.31999999999945,22.920361516936353,0.6863771598822236,2.584940217104482,0.4055269616867378,0.204816213734219,False,0.0,2.146761724441919,,1.26244886072049,1616,slippery,5016,0.12328780373270565,False,False,16.0,22.0,36.0,0.47418012459549047,4.4970018275504655,3,1,dwa,slippery,5016,True,standard,3.663367699999071,63,0.038985148514851485,optimized,2.0
collision,False,8.259999999999913,3.779983427456403,0.45759554651208373,0.976618599198305,0.040242590818486426,0.27382360823154256,False,0.0,-0.003468250582969956,obstacle,0.17890241148469183,413,slippery,5017,0.12162928738333142,False,False,16.0,22.0,36.0,0.37136828990468335,3.069327793573069,3,3,dwa,slippery,5017,True,standard,0.8896684999999707,12,0.029055690072639227,optimized,2.0
goal,True,23.93999999999958,36.04301136265135,1.5064628931711672,2.3708665704189285,1.1293525673072913,0.26447083491132545,False,0.0,0.33337782941183036,,0.6416849192831344,1197,slippery,5018,0.1021966661181102,True,False,16.0,22.0,36.0,0.5946026326547758,3.741644975951466,2,1,dwa,slippery,5018,True,standard,2.361061299998255,23,0.01921470342522974,optimized,2.0
stall,False,26.959999999999514,10.762595298270211,0.3975767871685826,1.1514957778083588,0.07064826301589976,0.16941534879326478,False,0.0,0.061389199143282225,,0.41986030852965656,1348,slippery,5019,0.09694607558591248,False,False,16.0,22.0,36.0,0.5750831592553017,4.6919924902412244,2,3,dwa,slippery,5019,True,standard,3.209347099997103,905,0.6713649851632048,optimized,2.0
goal,True,42.40000000000103,37.31344914557097,0.8576976663032689,2.406864717569499,1.0173547929462636,0.22712933930171952,False,0.0,0.30681697448686396,,1.2896594203217056,2120,slippery,5020,0.11812828874817456,False,False,16.0,22.0,36.0,0.46818953800906005,4.082261203094857,2,1,dwa,slippery,5020,True,standard,4.214285800000653,166,0.07830188679245283,optimized,2.0
stall,False,33.999999999999716,22.02686667558819,0.6363447248340942,2.243673189852522,0.3374430393587059,0.1762403900544831,False,0.0,0.2877565419821869,,1.1654254174253085,1700,slippery,5021,0.11381894175763324,True,False,16.0,22.0,36.0,0.5095335460492123,3.9670663971291336,4,3,dwa,slippery,5021,True,standard,3.9397946000026423,42,0.024705882352941175,optimized,2.0
stall,False,22.619999999999607,9.191445961903835,0.40522363843202086,0.9634768127558044,0.025808412508492855,0.1534351466948632,False,0.0,0.06328395063639258,,0.3890457868788067,1131,slippery,5022,0.13140191257451567,False,False,16.0,22.0,36.0,0.3803967251227852,4.16327064677573,3,2,dwa,slippery,5022,True,standard,2.7144020999985514,834,0.7374005305039788,optimized,2.0
stall,False,37.92000000000033,29.70115811764457,0.7805686837520476,2.0944476793998996,0.47612701848384076,0.20032163744602485,False,0.0,0.06350548647745219,,0.8374237416106287,1896,slippery,5023,0.12867756728465177,False,False,16.0,22.0,36.0,0.5232861663456629,4.845944573728948,3,2,dwa,slippery,5023,True,standard,4.4280943000048865,960,0.5063291139240507,optimized,2.0
stall,False,32.339999999999456,22.080227980591825,0.6737485088350145,3.588031228277211,0.6704965865570037,0.2247482891934005,True,0.0008658008658008658,0.3231526146546061,,1.4157680471340512,1617,slippery,5024,0.13928371679168416,False,False,16.0,22.0,36.0,0.3684939481590379,4.478913919082471,4,1,dwa,slippery,5024,True,standard,3.4556873999972595,188,0.11626468769325912,optimized,2.0
stall,False,37.66000000000029,23.41277107242969,0.6013146840394721,1.9354444197045164,1.0150222981897217,0.22250608736790636,False,0.0,0.2669584720211964,,1.2726860347080644,1883,slippery,5025,0.09643074988431373,False,False,16.0,22.0,36.0,0.4484040919513414,4.750233220361416,4,2,dwa,slippery,5025,True,standard,4.431328400001803,173,0.09187466808284653,optimized,2.0
goal,True,34.639999999999816,36.54923665116785,1.0535806620342203,1.6306850779310518,0.7037585218198281,0.2804535996574941,False,0.0,0.07533578300216037,,1.023152640767508,1732,slippery,5026,0.09558762086488723,False,False,16.0,22.0,36.0,0.5864049169030267,4.307968225800889,4,3,dwa,slippery,5026,True,standard,4.2491736999945715,233,0.13452655889145496,optimized,2.0
stall,False,34.759999999999835,27.96573092805676,0.8039283727355256,1.07719542121077,0.6080987001093154,0.18977538564158553,False,0.0,0.22173912204138058,,0.6471406929139691,1738,slippery,5027,0.11482123997562081,False,True,16.0,22.0,36.0,0.4715029365058271,3.7904107308165678,2,3,dwa,slippery,5027,True,standard,3.974753399998008,833,0.47928653624856155,optimized,2.0
stall,False,31.87999999999941,22.67374005702729,0.695089311326384,1.9289076403452439,0.4055700110011467,0.16372969079910188,False,0.0,2.1626861205342935,,1.043225530956284,1594,slippery,5028,0.10116781223940692,False,False,16.0,22.0,36.0,0.49418247482784017,4.609884125974756,3,2,dwa,slippery,5028,True,standard,3.5321894000007887,0,0.0,optimized,2.0
stall,False,37.16000000000021,29.551226550263912,0.794696878839537,1.5361338950829233,0.5509128043918894,0.16910251481760302,False,0.0,0.19178780264435308,,0.6364054565578621,1858,slippery,5029,0.12404880975552002,False,True,16.0,22.0,36.0,0.45588863535587365,3.612757000380382,3,1,dwa,slippery,5029,True,standard,4.386528299997735,827,0.44510226049515605,optimized,2.0
collision,False,24.899999999999558,31.174195090628615,1.2509465685573897,0.8279513566226295,0.354022405652182,0.23027814084149192,False,0.0,-0.0025494360890941925,obstacle,0.6672600495361772,1245,slippery,5030,0.11541600076902528,False,True,16.0,22.0,36.0,0.3668454217850029,3.5741138987672745,3,2,dwa,slippery,5030,True,standard,2.887776900002791,375,0.30120481927710846,optimized,2.0
collision,False,7.819999999999921,3.3162497609921853,0.42379792387742077,0.8873055050816798,0.035105546418474236,0.2630669854995654,False,0.0,-0.008365712422777838,obstacle,0.166109230132844,391,slippery,5031,0.14561650478931443,True,False,16.0,22.0,36.0,0.3923066625044509,3.7270554480582403,2,3,dwa,slippery,5031,True,standard,0.9267958999989787,24,0.061381074168797956,optimized,2.0
stall,False,29.43999999999946,22.21111494994783,0.7336314233521878,2.530587606209239,0.37247475732121343,0.1865321370974541,False,0.0,0.2982178993460368,,1.1805314668630722,1472,slippery,5032,0.1122245362773568,False,False,16.0,22.0,36.0,0.5123534896384638,4.3792262715010075,2,1,dwa,slippery,5032,True,standard,2.900118999998085,175,0.11888586956521739,optimized,2.0
stall,False,29.379999999999463,10.818948408925369,0.3676467649332859,0.8739156619005842,0.05139822079227257,0.10939159071393476,False,0.0,0.06559554605791679,,0.3362331028624709,1469,slippery,5033,0.11672621005094068,False,False,16.0,22.0,36.0,0.4929923951210895,3.666279579977531,2,2,dwa,slippery,5033,True,standard,3.4634931000036886,781,0.5316541865214431,optimized,2.0
goal,True,25.959999999999535,36.35863021826433,1.4007880984646959,1.160414696192183,0.09229840966799516,0.20637549719772486,False,0.0,0.36944467307620144,,0.6757272034498263,1298,slippery,5034,0.12934267293598622,True,True,16.0,22.0,36.0,0.556755319673636,3.804995479071652,3,1,dwa,slippery,5034,True,standard,2.8598600999976043,177,0.13636363636363635,optimized,2.0
off_sidewalk,False,10.779999999999859,6.520928903343923,0.6022517102911318,0.7782523848241626,0.33089471880586985,0.23702959769390625,False,0.0,0.03567610042749825,,0.223381363833475,539,slippery,5035,0.10658169577161372,True,False,16.0,22.0,36.0,0.4457365742711606,4.156022809768874,2,3,dwa,slippery,5035,True,standard,1.3035057999950368,120,0.22263450834879406,optimized,2.0
stall,False,32.03999999999941,23.00488599288827,0.6900824779990448,2.7264500284617617,0.5750498584733595,0.20987946858253378,False,0.0,0.09197997269263158,,1.0633875259995473,1602,slippery,5036,0.1173697414789877,False,False,16.0,22.0,36.0,0.37723532017625244,4.3024889064133,3,1,dwa,slippery,5036,True,standard,3.374376299994765,2,0.0012484394506866417,optimized,2.0
collision,False,27.17999999999951,28.977875502006995,1.0332924616282475,3.1151404424074736,0.6122297158401225,0.25171769746730205,True,0.0004415011037527594,-0.00023638469657699668,obstacle,0.9981753076946921,1359,slippery,5037,0.13679937064081266,False,False,16.0,22.0,36.0,0.4523577783787623,4.854865496269261,4,3,dwa,slippery,5037,True,standard,3.2378411999961827,319,0.23473142016188372,optimized,2.0
goal,True,31.059999999999427,36.857641067408025,1.1775851167631353,1.5022675564310737,0.7784189825501855,0.26444286572813325,False,0.0,0.27054940192185106,,0.9379068600383281,1553,slippery,5038,0.09670644475941208,False,False,16.0,22.0,36.0,0.35783740592728097,4.89287011986292,4,2,dwa,slippery,5038,True,standard,3.499935200001346,278,0.17900837089504185,optimized,2.0
stall,False,28.359999999999484,22.703463681662303,0.7589165821666537,2.433331885512987,0.44659601782979624,0.22187699481069395,False,0.0,0.11367824616949862,,1.371421644009125,1418,slippery,5039,0.13861797778812823,True,False,16.0,22.0,36.0,0.4923603953627235,3.6144856875598865,2,2,dwa,slippery,5039,True,standard,2.7378560999932233,0,0.0,optimized,2.0
goal,True,29.259999999999465,36.560289913514055,1.2443859883286403,3.131696282335495,1.5037749442012804,0.3218784881582775,True,0.0004101161995898838,0.32955266019210705,,0.8076739489951779,1463,slippery,5040,0.13659141728402505,False,False,16.0,22.0,36.0,0.5217942425267601,3.1920688461343363,4,1,dwa,slippery,5040,True,standard,3.282622500002617,300,0.2050580997949419,optimized,2.0
goal,True,34.71999999999983,36.23750538033745,1.0424592819616372,3.025091488795241,1.348146261428463,0.2723410482799592,True,0.0002304147465437788,0.28313414900921463,,0.715664349039554,1736,slippery,5041,0.14238089228448053,False,False,16.0,22.0,36.0,0.5872125373702828,3.1247853346898227,2,1,dwa,slippery,5041,True,standard,3.5725265000000945,143,0.08237327188940093,optimized,2.0
stall,False,31.239999999999423,22.59084297561971,0.6966723175517711,2.7874967930830454,0.6165732674923768,0.22653247350196862,False,0.0,0.30683133991985123,,1.2894914262205084,1562,slippery,5042,0.11346964484423985,False,False,16.0,22.0,36.0,0.5295349278405915,3.486030199242384,3,3,dwa,slippery,5042,True,standard,3.236104499999783,161,0.10307298335467349,optimized,2.0
goal,True,24.159999999999574,36.15440714801166,1.49697253027833,0.9407927018868592,0.40133386786868686,0.1794079215496856,False,0.0,0.106777510751777,,0.4833472977258075,1208,slippery,5043,0.1269385057241497,False,True,16.0,22.0,36.0,0.4860029626216278,4.0020376195110305,2,2,dwa,slippery,5043,True,standard,2.5562981999974,345,0.2855960264900662,optimized,2.0
stall,False,18.339999999999698,3.5294007723768477,0.1916178219899292,0.8228694786095571,0.041169699589978584,0.11870273825065694,False,0.0,0.1872795645531659,,0.19857380172264869,917,slippery,5044,0.13998739401869517,False,False,16.0,22.0,36.0,0.5924876623535076,3.6549452422762707,3,3,dwa,slippery,5044,True,standard,2.538629900001979,791,0.8625954198473282,optimized,2.0
collision,False,25.159999999999553,27.655952765755096,1.0503163122994952,3.1585611911196554,0.8498696608884301,0.2754358661741192,True,0.0004769475357710652,-0.006601073289842718,obstacle,1.07226511905808,1258,slippery,5045,0.13638592052525939,False,False,16.0,22.0,36.0,0.4884693449298265,3.545543304209088,2,3,dwa,slippery,5045,True,standard,2.644666000000143,128,0.10174880763116058,optimized,2.0
collision,False,4.959999999999982,9.10183537552437,1.838717747448255,0.8262086823092327,0.041594550622113084,0.20395943782672893,False,0.0,-0.006517895822067354,obstacle,0.15210569789083295,248,slippery,5046,0.12227119309524864,True,False,16.0,22.0,36.0,0.40528830228894586,3.3327744218409308,2,2,dwa,slippery,5046,True,standard,0.4841807999982848,0,0.0,optimized,2.0
collision,False,23.759999999999582,5.752602170299028,0.2411462915072218,0.969584089057605,0.05812239415058803,0.14985601935254333,False,0.0,-0.002389330939693124,obstacle,0.26046740511770355,1188,slippery,5047,0.0907107601460403,False,False,16.0,22.0,36.0,0.5191630247196433,3.1410251815083683,3,3,dwa,slippery,5047,True,standard,2.618634700003895,2,0.0016835016835016834,optimized,2.0
goal,True,39.940000000000644,36.24713199495854,0.9071485444532825,2.257759309216446,1.0438393802786612,0.2296863961529273,False,0.0,0.3028927240676874,,0.7517308977953643,1997,slippery,5048,0.09534548510317571,False,False,16.0,22.0,36.0,0.5998205959961552,3.411304677538264,4,1,dwa,slippery,5048,True,standard,4.717271299996355,10,0.005007511266900351,optimized,2.0
goal,True,29.819999999999453,36.25542334199189,1.2158096506558378,1.6643252888557034,0.9236091499456177,0.23654413716600953,False,0.0,0.328342820892481,,0.6345836859596643,1491,slippery,5049,0.14394041403531896,False,False,16.0,22.0,36.0,0.5073623658710646,3.1978602646371006,3,2,dwa,slippery,5049,True,standard,3.4053169999970123,181,0.12139503688799463,optimized,2.0
stall,False,29.879999999999452,22.32465352077233,0.7254440765287988,1.884631077477448,0.36345847446142976,0.18673022342839163,False,0.0,0.3006460226926575,,1.063300656374632,1494,slippery,5050,0.0986083385191299,False,False,16.0,22.0,36.0,0.5121748885753438,4.110811346493778,3,2,dwa,slippery,5050,True,standard,3.1759616999988793,99,0.06626506024096386,optimized,2.0
collision,False,31.179999999999424,28.604914288489088,0.9168376734036152,1.1644718018384048,0.09321618382720957,0.22392101704471642,False,0.0,-0.007412074888068887,obstacle,0.6589121529896735,1559,slippery,5051,0.12233334430260395,True,True,16.0,22.0,36.0,0.5324330909943643,3.4696736983662753,4,3,dwa,slippery,5051,True,standard,3.811283100003493,132,0.08466966003848621,optimized,2.0
stall,False,34.85999999999985,23.31439150442531,0.6439178759563323,1.003039289895857,0.7216939030403172,0.2360228383786956,False,0.0,0.08822415933050581,,1.4277476867876404,1743,slippery,5052,0.1306635418670573,True,False,16.0,22.0,36.0,0.5219710318393633,4.903101107035168,4,1,dwa,slippery,5052,True,standard,4.118821299998672,288,0.16523235800344235,optimized,2.0
stall,False,36.20000000000006,26.538765333688218,0.7313130673635674,1.1806253170554752,0.3979922501810354,0.19407209151021534,False,0.0,0.14043806114530008,,0.7348601265335546,1810,slippery,5053,0.12112491333169412,False,True,16.0,22.0,36.0,0.5201465827227372,4.381330884174664,3,1,dwa,slippery,5053,True,standard,4.230011800005741,608,0.33591160220994476,optimized,2.0
goal,True,28.63999999999948,37.13838274233398,1.2661129926646253,1.5502884522806484,0.5672864029390753,0.17069308383322157,False,0.0,0.2560995290275332,,0.6919789425735199,1432,slippery,5054,0.10840892457049757,True,False,16.0,22.0,36.0,0.36017281153192726,4.113300036428866,2,1,dwa,slippery,5054,True,standard,2.9431505000029574,326,0.2276536312849162,optimized,2.0
goal,True,33.039999999999566,37.01121828634951,1.1150913033375838,1.5390587954359338,0.4781231919902317,0.25193622873243093,False,0.0,0.2993909355418084,,0.897251085330736,1652,slippery,5055,0.09580944017439189,True,False,16.0,22.0,36.0,0.5253239737026296,3.420582573190744,3,1,dwa,slippery,5055,True,standard,3.6811508999962825,293,0.17736077481840193,optimized,2.0
stall,False,54.90000000000298,32.54308392781007,0.5690553446669168,2.8442755200181127,0.8129593746819741,0.22481919978570442,False,0.0,0.03569126676996101,,1.455534943194043,2745,slippery,5056,0.14314511450547973,False,False,16.0,22.0,36.0,0.44949204346401794,3.5916894807551056,4,3,dwa,slippery,5056,True,standard,6.640217400003166,819,0.2983606557377049,optimized,2.0
stall,False,17.859999999999708,3.1737079602202205,0.17676598069471283,1.1872980068530075,0.04657462816315174,0.18829949654071865,False,0.0,0.2198198548660928,,0.24761164911522296,893,slippery,5057,0.1082113167106713,False,False,16.0,22.0,36.0,0.509796205813017,3.003224526127708,3,3,dwa,slippery,5057,True,standard,2.4437300999998115,777,0.8701007838745801,optimized,2.0
stall,False,28.63999999999948,4.585542215508926,0.15922313874994506,0.7879133866315104,0.03544961845242872,0.11540635032483573,False,0.0,0.16856402642319457,,0.2606187016177197,1432,slippery,5058,0.11184194310749679,False,False,16.0,22.0,36.0,0.49159706253495694,3.73068557622015,3,2,dwa,slippery,5058,True,standard,3.680139500000223,727,0.50768156424581,optimized,2.0
stall,False,33.17999999999959,22.73731006876028,0.6671298150676782,2.3675338673216673,0.5517100237766913,0.19358542929917738,False,0.0,0.2572272017963957,,1.0534258389146751,1659,slippery,5059,0.12322396409418393,False,False,16.0,22.0,36.0,0.3766985286862933,4.957237543027349,4,1,dwa,slippery,5059,True,standard,3.9348532000003615,122,0.07353827606992164,optimized,2.0
goal,True,35.339999999999925,36.089815525395245,1.021077587117824,0.9714554456875266,0.5122242102352044,0.2140216942379392,False,0.0,0.12231322243733123,,0.7507179906893449,1767,slippery,5060,0.09337821742015381,False,True,16.0,22.0,36.0,0.5600043960585193,3.7326058238479085,3,1,dwa,slippery,5060,True,standard,3.8629165000020294,138,0.07809847198641766,optimized,2.0
stall,False,38.020000000000344,24.171700712707693,0.5816625013395175,1.9023244982567715,0.7542276741376327,0.30132256478140546,False,0.0,0.26986810339689016,,2.033215218207522,1901,slippery,5061,0.13695448627719198,True,False,16.0,22.0,36.0,0.5852592441420562,3.3022139240992363,3,1,dwa,slippery,5061,True,standard,4.461256799993862,124,0.06522882693319305,optimized,2.0
goal,True,28.859999999999474,36.516867219889576,1.2569524791590239,1.84902969513807,0.4961753405012037,0.215666831623487,False,0.0,0.11211755348296609,,0.7448410156661652,1443,slippery,5062,0.0999320615330115,False,False,16.0,22.0,36.0,0.4653831952719196,4.2770388427792305,3,2,dwa,slippery,5062,True,standard,3.127019699997618,69,0.04781704781704782,optimized,2.0
stall,False,35.69999999999998,25.62562025365812,0.714730481673666,1.5047836702155073,0.6032901931336848,0.18550703334758026,False,0.0,0.06585951772162968,,0.6146096496664192,1785,slippery,5063,0.13080054112731646,False,False,16.0,22.0,36.0,0.5053576445646772,4.928957495797438,2,3,dwa,slippery,5063,True,standard,4.0009291999958805,775,0.4341736694677871,optimized,2.0
stall,False,30.659999999999435,22.700161349000993,0.7209791635686601,1.3871506195328172,0.6455359985331868,0.22140111456113312,False,0.0,0.35621836246738436,,1.2443565411654938,1533,slippery,5064,0.13444189604194567,False,False,16.0,22.0,36.0,0.5019408981306013,4.5863073577415205,4,1,dwa,slippery,5064,True,standard,3.566926200001035,207,0.1350293542074364,optimized,2.0
stall,False,19.09999999999968,4.9200108570285295,0.2566401753465504,0.882199964253704,0.0544926033956521,0.16043339887829378,False,0.0,0.05258267227531699,,0.29090026807182995,955,slippery,5065,0.1251690425208082,True,False,16.0,22.0,36.0,0.47398546230284355,4.8563894445347895,3,2,dwa,slippery,5065,True,standard,2.1665001999936067,761,0.7968586387434555,optimized,2.0
stall,False,20.61999999999965,4.602816516089348,0.22089471687930434,0.9315519332427246,0.03818508590526891,0.14736346031618686,False,0.0,0.2022494710089624,,0.3005026363843496,1031,slippery,5066,0.1266821206098644,False,False,16.0,22.0,36.0,0.372692250749266,3.9869918481657125,3,3,dwa,slippery,5066,True,standard,2.855359299996053,718,0.6964112512124151,optimized,2.0
stall,False,40.640000000000754,31.069437746072886,0.7584377419258432,2.2651384048157257,0.8176573367643942,0.22664899593098567,False,0.0,0.19183318104381908,,1.0029242480695384,2032,slippery,5067,0.107957664584021,False,False,16.0,22.0,36.0,0.5234743795081293,4.98601841338545,4,2,dwa,slippery,5067,True,standard,4.809273899998516,979,0.48179133858267714,optimized,2.0
stall,False,48.94000000000205,26.56950606692861,0.5416176281932954,1.0429727486678908,0.5031387856982145,0.1643816936038696,False,0.0,0.009689903772848896,,0.7170687474004374,2447,slippery,5068,0.09259308451131983,False,True,16.0,22.0,36.0,0.5044905586486175,3.68361918406922,3,2,dwa,slippery,5068,True,standard,5.6164672000013525,842,0.3440948099713935,optimized,2.0
collision,False,6.719999999999945,8.309265879168912,1.2359664978604974,0.7143161831913882,0.03560802565054827,0.23025975095851395,False,0.0,-0.0010449152703275733,obstacle,0.2291360167191283,336,slippery,5069,0.11185018390823433,False,False,16.0,22.0,36.0,0.37293751448488877,4.211614650645206,3,3,dwa,slippery,5069,True,standard,0.7605848999955924,30,0.08928571428571429,optimized,2.0
stall,False,42.440000000001035,29.161430125530597,0.6866258359822123,1.4881718467717038,0.875310933227913,0.19375938178723104,False,0.0,0.123949648251269,,0.7296327609659219,2122,slippery,5070,0.14646988327914132,False,True,16.0,22.0,36.0,0.4414788049685135,3.014792907872379,3,1,dwa,slippery,5070,True,standard,4.916533100004017,757,0.3567389255419416,optimized,2.0
stall,False,29.619999999999457,5.0288513165161755,0.1683795345312417,0.9429565171184184,0.026283414163139448,0.11665729633402337,False,0.0,0.28633436968970805,,0.297630363776873,1481,slippery,5071,0.10540263645169527,False,False,16.0,22.0,36.0,0.36896126124148154,4.164918454437569,4,3,dwa,slippery,5071,True,standard,4.00784620000195,482,0.32545577312626606,optimized,2.0
stall,False,37.54000000000027,22.0849416953948,0.5733679742850907,3.1840768920496196,0.42171813640350786,0.18826736232932553,True,0.0005327650506126798,0.3374263955182911,,1.5683266313287403,1877,slippery,5072,0.129473321823593,True,False,16.0,22.0,36.0,0.4873093832063128,4.727316696900118,4,2,dwa,slippery,5072,True,standard,4.878987500000221,166,0.08843899840170485,optimized,2.0
stall,False,34.35999999999977,9.928813328096242,0.28847558901085846,0.7222405877073389,0.03861045682802712,0.09908064405634073,False,0.0,0.13307587986192382,,0.3499642268178117,1718,slippery,5073,0.12157656077615875,False,False,16.0,22.0,36.0,0.36816425647264694,3.615451791111634,2,3,dwa,slippery,5073,True,standard,4.125618099998974,622,0.3620488940628638,optimized,2.0
stall,False,20.679999999999648,8.089956255098786,0.39015695159034885,0.8585155270700585,0.0645102881299958,0.1350982484245056,False,0.0,0.19471403574905072,,0.34215239337339914,1034,slippery,5074,0.13307392580312158,True,True,16.0,22.0,36.0,0.5563206852670345,4.87418254885662,2,3,dwa,slippery,5074,True,standard,2.705737500000396,881,0.8520309477756286,optimized,2.0
stall,False,24.719999999999562,3.9602334361969165,0.15932710530310099,0.716920059371173,0.03450032602733689,0.1179722078581117,False,0.0,0.010608079282700855,,0.25507362840379155,1236,slippery,5075,0.13511704529586524,False,True,16.0,22.0,36.0,0.40782461613592547,4.235974977511892,2,3,dwa,slippery,5075,True,standard,2.5745294999942416,757,0.6124595469255664,optimized,2.0
stall,False,37.36000000000024,23.198436296523308,0.5935229765473824,2.3086181411535445,0.35949480956592006,0.21311386616988404,False,0.0,0.3220618072890503,,1.5428121245752848,1868,slippery,5076,0.11253069342252543,False,False,16.0,22.0,36.0,0.5424414213028286,4.688945080828985,3,2,dwa,slippery,5076,True,standard,4.1986784000037005,284,0.15203426124197003,optimized,2.0
stall,False,19.779999999999667,4.903635521399347,0.2456692477354537,0.8188789960817631,0.05196248706913603,0.16370779706634028,False,0.0,0.13888952161014412,,0.29403436057937987,989,slippery,5077,0.14268386767121152,False,False,16.0,22.0,36.0,0.46181157749613333,4.683266037657667,2,2,dwa,slippery,5077,True,standard,2.7279868999976316,619,0.6258847320525783,optimized,2.0
collision,False,3.4200000000000026,5.599571787721441,1.6389163607878865,0.9644449058779323,0.06251488589267704,0.3041000955133969,False,0.0,-0.005478986380300588,obstacle,0.15627958203885461,171,slippery,5078,0.09319333880718476,False,False,16.0,22.0,36.0,0.5641143861559643,3.1100311875618685,4,3,dwa,slippery,5078,True,standard,0.4055863999965368,18,0.10526315789473684,optimized,2.0
goal,True,29.179999999999467,36.38995524516923,1.2468178558043306,1.1230608199381586,0.5577675138851154,0.23190615965912773,False,0.0,0.08434879704006948,,0.8198005685577718,1459,slippery,5079,0.10656495195563959,False,True,16.0,22.0,36.0,0.3798150528491909,4.056615073880624,4,1,dwa,slippery,5079,True,standard,3.2980561000003945,213,0.14599040438656613,optimized,2.0
goal,True,36.4800000000001,36.71301302109736,0.9983523899421629,1.9782772477338784,0.6810541508461381,0.247292828141388,False,0.0,0.24389192478687394,,0.9584856162530396,1824,slippery,5080,0.09303349148726354,False,False,16.0,22.0,36.0,0.5353632697161697,3.3399048040720363,3,1,dwa,slippery,5080,True,standard,3.889429700000619,228,0.125,optimized,2.0
stall,False,36.18000000000006,23.011160912879955,0.6145706260196914,2.2684474880139973,0.5254597626523014,0.19905450207318615,False,0.0,0.2746370061197795,,1.3764609483064694,1809,slippery,5081,0.11213266060630127,False,False,16.0,22.0,36.0,0.41262941894488775,4.654924338620467,4,3,dwa,slippery,5081,True,standard,4.884063600002264,318,0.175787728026534,optimized,2.0
collision,False,3.5200000000000027,5.044307953690782,1.4383052747690284,0.8877832522879,0.04970613281444415,0.23630955110581417,False,0.0,-0.0007611074254975092,obstacle,0.1127855920549549,176,slippery,5082,0.10870515465564147,False,False,16.0,22.0,36.0,0.5873708960303337,4.6545013175171706,4,2,dwa,slippery,5082,True,standard,0.4721609000043827,8,0.045454545454545456,optimized,2.0
goal,True,29.279999999999465,36.40205789014748,1.241890583525686,1.6890282911897905,0.4512375058308308,0.22818194859416294,False,0.0,0.09122286599508589,,0.7310916991110513,1464,slippery,5083,0.10054835161087051,False,False,16.0,22.0,36.0,0.5584603947048123,4.7793800012599625,4,3,dwa,slippery,5083,True,standard,3.4672894999966957,142,0.09699453551912568,optimized,2.0
stall,False,40.88000000000079,31.206954122723644,0.759715813461617,2.562713117226149,1.260013327806718,0.2535810129420858,False,0.0,0.23126660552556788,,0.9008554989040988,2044,slippery,5084,0.11698300490792289,False,False,16.0,22.0,36.0,0.5639262492900641,3.603905821938964,4,2,dwa,slippery,5084,True,standard,5.168116799999552,984,0.48140900195694714,optimized,2.0
collision,False,2.0400000000000014,3.519483543584999,1.7337413298155866,0.979137042281293,0.06997618780545213,0.29338094508114604,False,0.0,-0.01171872995109563,obstacle,0.08699537649520275,102,slippery,5085,0.09092898262982511,False,False,16.0,22.0,36.0,0.5923827914486263,3.4803602936247238,2,2,dwa,slippery,5085,True,standard,0.28460919999633916,0,0.0,optimized,2.0
stall,False,17.939999999999706,4.313603131848457,0.2397481356071735,0.7866284838292814,0.050166832168158315,0.08975731925197447,False,0.0,0.07192544553929214,,0.19824423851012374,897,slippery,5086,0.13565333662777856,False,False,16.0,22.0,36.0,0.43214338032415894,4.201848831134938,3,1,dwa,slippery,5086,True,standard,2.211783099999593,5,0.005574136008918618,optimized,2.0
stall,False,45.060000000001445,23.91235864897666,0.49265419350444056,1.8098731980814007,0.3821679580626559,0.14782941547813258,False,0.0,1.7200722459426419,,1.4830972420616,2253,slippery,5087,0.09825889682104214,False,False,16.0,22.0,36.0,0.4301522830887735,3.6178111164901976,4,1,dwa,slippery,5087,True,standard,4.782943800004432,111,0.0492676431424767,optimized,2.0
goal,True,23.979999999999578,36.1950149716312,1.5099848095998947,1.4672778121531875,0.883103793096231,0.2235985606514292,False,0.0,0.3108996449319572,,0.6182495547035005,1199,slippery,5088,0.14516399397423288,False,True,16.0,22.0,36.0,0.3912546707572413,3.076056513841886,4,1,dwa,slippery,5088,True,standard,3.0233068999950774,170,0.14178482068390325,optimized,2.0
stall,False,42.92000000000111,30.99509914501005,0.7113613602899708,1.3841496807261142,0.37397074574237654,0.18878840789952642,False,0.0,0.223738146549032,,0.8776958978073349,2146,slippery,5089,0.09429012646285188,True,False,16.0,22.0,36.0,0.4122533062612411,3.4746629759075462,4,2,dwa,slippery,5089,True,standard,6.178350100002717,1110,0.5172413793103449,optimized,2.0
goal,True,29.95999999999945,36.53203994622671,1.2191890225656246,1.3750151675670808,0.08904548725087813,0.19528185565994877,False,0.0,0.10496746478815544,,0.6378679794432923,1498,slippery,5090,0.10694230984683592,True,True,16.0,22.0,36.0,0.5016790307947641,3.0192451758830843,4,1,dwa,slippery,5090,True,standard,3.4225399999995716,38,0.025367156208277702,optimized,2.0
collision,False,7.779999999999922,10.725856554397348,1.378236186719128,0.9652534290666185,0.05670917718269631,0.32777001452650345,False,0.0,-0.0040436669156617144,obstacle,0.3356341029774155,389,slippery,5091,0.12595635124475552,False,False,16.0,22.0,36.0,0.5143228211325088,3.2140859613197943,4,2,dwa,slippery,5091,True,standard,0.9083997000052477,126,0.32390745501285345,optimized,2.0
stall,False,41.82000000000094,23.462617542345477,0.5307508632207474,1.749972000985136,0.5302086621126129,0.16042377092074278,False,0.0,0.27878494519061015,,1.428556605794097,2091,slippery,5092,0.09242072970107329,False,False,16.0,22.0,36.0,0.46437613170912007,3.6104146276233733,4,1,dwa,slippery,5092,True,standard,4.969166600007156,108,0.05164992826398852,optimized,2.0
stall,False,44.040000000001285,24.949983251226776,0.5660914518979359,1.4132715756487688,0.5297426196182797,0.1615469631307761,False,0.0,0.13452004087951824,,0.6865722841509333,2202,slippery,5093,0.131855067058124,False,True,16.0,22.0,36.0,0.5078599019526165,4.517424137019871,3,2,dwa,slippery,5093,True,standard,5.846022199999425,753,0.3419618528610354,optimized,2.0
goal,True,30.599999999999437,36.204064958034415,1.1832717974471845,1.0434889456245817,0.5457465670530997,0.21186206855176737,False,0.0,0.29617056111980933,,0.7191501220303533,1530,slippery,5094,0.12799374054937587,False,True,16.0,22.0,36.0,0.4727263758975164,4.534496637945709,4,2,dwa,slippery,5094,True,standard,3.6950250000008964,58,0.03790849673202614,optimized,2.0
stall,False,31.33999999999942,22.981493387466774,0.7085543995778807,1.4963992101672259,0.45554730325253207,0.19903363312578956,False,0.0,1.9877010584317418,,1.2563989837298826,1567,slippery,5095,0.11500065702869129,True,False,16.0,22.0,36.0,0.5470554956975995,4.7716698558317745,2,1,dwa,slippery,5095,True,standard,3.53359300000011,315,0.20102105934907466,optimized,2.0
stall,False,26.919999999999515,8.87933459262641,0.3285860620880637,0.8845032037215557,0.047373924960254464,0.17204615331310788,False,0.0,0.24270890948460683,,0.4527117928157664,1346,slippery,5096,0.1240763121473265,True,False,16.0,22.0,36.0,0.5061104672938141,4.332364566134115,4,1,dwa,slippery,5096,True,standard,3.928068799999892,935,0.6946508172362555,optimized,2.0
goal,True,29.319999999999464,36.65766286959161,1.2489944257023777,1.0199573209509805,0.4398270393264382,0.22574117477983519,False,0.0,0.29571343257457217,,0.8522146392970565,1466,slippery,5097,0.14602377237337144,True,True,16.0,22.0,36.0,0.3905374645110291,3.996850644935159,4,1,dwa,slippery,5097,True,standard,3.7747668999945745,329,0.22442019099590724,optimized,2.0
goal,True,32.85999999999954,36.103422293585865,1.0985075616788507,2.3977022796499368,1.0742350184760603,0.26118531740422307,False,0.0,0.0934798566457326,,0.7489106721660314,1643,slippery,5098,0.11086834856947003,False,False,16.0,22.0,36.0,0.5746813489756994,3.7814489751499796,2,1,dwa,slippery,5098,True,standard,3.789142900001025,8,0.004869141813755326,optimized,2.0
collision,False,3.920000000000003,4.403897411774828,1.1232615827527068,1.2047047577970729,0.03500824944096152,0.31022785518542634,False,0.0,-0.00200491805593489,obstacle,0.1309574685087517,196,slippery,5099,0.093374672767738,False,False,16.0,22.0,36.0,0.558970396149544,3.2102618071198448,2,3,dwa,slippery,5099,True,standard,0.5359058000030927,68,0.3469387755102041,optimized,2.0
goal,True,18.479999999999695,36.35432084192574,1.967716090730303,1.0582645429964255,0.07807318045253331,0.10728321757668469,False,0.0,,,0.2583204339637092,924,flat_clear,5000,0.0,False,False,1000.0,1000.0,36.0,0.8421893577539279,3.1106926377148136,0,0,ppo,flat_clear,5000,True,standard,1.4673814999987371,0,0.0,optimized,2.0
goal,True,18.479999999999695,36.35522185366002,1.9679465728600471,1.0796959885585633,0.07997322866404939,0.10119006154068755,False,0.0,,,0.2588924661503722,924,flat_clear,5001,0.0,False,False,1000.0,1000.0,36.0,1.0085497877150973,3.463029867560513,0,0,ppo,flat_clear,5001,True,standard,1.318852100004733,0,0.0,optimized,2.0
goal,True,18.479999999999695,36.35048441745734,1.9675452138734049,1.0376299208230206,0.08075202845040376,0.10547337834255158,False,0.0,,,0.2587063966526789,924,flat_clear,5002,0.0,False,False,1000.0,1000.0,36.0,1.006598628122048,3.903147756916806,0,0,ppo,flat_clear,5002,True,standard,2.0003340000039316,0,0.0,optimized,2.0
goal,True,18.479999999999695,36.3497191512769,1.9675751209404166,1.0260778942719102,0.07526068335431374,0.10123804508637796,False,0.0,,,0.25803286582043794,924,flat_clear,5003,0.0,False,False,1000.0,1000.0,36.0,0.7517930892575723,3.7871843554365645,0,0,ppo,flat_clear,5003,True,standard,1.890182700000878,0,0.0,optimized,2.0
goal,True,18.479999999999695,36.360814550066685,1.9682295006244899,1.0547419568066247,0.08290671812747209,0.09990110788256559,False,0.0,,,0.2565603855403608,924,flat_clear,5004,0.0,False,False,1000.0,1000.0,36.0,0.890305269851523,3.167338564992484,0,0,ppo,flat_clear,5004,True,standard,1.760911400000623,0,0.0,optimized,2.0
goal,True,18.479999999999695,36.35796322334249,1.9680775202518082,1.0422464416333557,0.07734620245772232,0.10012540978072257,False,0.0,,,0.2573581656672948,924,flat_clear,5005,0.0,False,False,1000.0,1000.0,36.0,0.9124810113829057,3.4541322103790937,0,0,ppo,flat_clear,5005,True,standard,1.6971932999949786,0,0.0,optimized,2.0
goal,True,18.479999999999695,36.35105696971116,1.9676702409135147,1.0011135524177037,0.08771046487651095,0.09939735106838282,False,0.0,,,0.25843756191528494,924,flat_clear,5006,0.0,False,False,1000.0,1000.0,36.0,0.878948645244961,4.724539790888749,0,0,ppo,flat_clear,5006,True,standard,1.5495516000009957,0,0.0,optimized,2.0
goal,True,18.479999999999695,36.34551048668798,1.9674119542276425,0.9830684768267288,0.0800023263416011,0.09553780500947577,False,0.0,,,0.25780066950872566,924,flat_clear,5007,0.0,False,False,1000.0,1000.0,36.0,0.7003099757032973,4.832701252556141,0,0,ppo,flat_clear,5007,True,standard,1.524362199997995,0,0.0,optimized,2.0
goal,True,18.479999999999695,36.35815524902746,1.9681092170762748,0.9923644968228027,0.08317818794572418,0.09766084033127402,False,0.0,,,0.25669003387442957,924,flat_clear,5008,0.0,False,False,1000.0,1000.0,36.0,0.7780156087365453,4.103977423040574,0,0,ppo,flat_clear,5008,True,standard,1.47218630000134,0,0.0,optimized,2.0
goal,True,18.479999999999695,36.35175171536372,1.9676891144876514,1.060207723628967,0.08155365890169344,0.10377448225318181,False,0.0,,,0.25750894978935046,924,flat_clear,5009,0.0,False,False,1000.0,1000.0,36.0,0.9689358374482765,3.4873356243580726,0,0,ppo,flat_clear,5009,True,standard,1.3437780999956885,0,0.0,optimized,2.0
goal,True,18.479999999999695,36.34570040780941,1.9672951344817442,1.0181706471164857,0.07295930614200825,0.10404393980004877,False,0.0,,,0.2585310537486003,924,flat_clear,5010,0.0,False,False,1000.0,1000.0,36.0,0.7051556442607216,3.7667485448765166,0,0,ppo,flat_clear,5010,True,standard,1.4785844000070938,0,0.0,optimized,2.0
goal,True,18.479999999999695,36.34982791040196,1.9675146970838415,1.0035642330847148,0.0766359965727355,0.1028126402703016,False,0.0,,,0.258061517632518,924,flat_clear,5011,0.0,False,False,1000.0,1000.0,36.0,0.8328891001551972,4.081364643336002,0,0,ppo,flat_clear,5011,True,standard,1.418652000000293,0,0.0,optimized,2.0
goal,True,18.479999999999695,36.34685816485127,1.967445684219238,1.0038275761645694,0.0910005286547643,0.10146231669219519,False,0.0,,,0.2600441754331513,924,flat_clear,5012,0.0,False,False,1000.0,1000.0,36.0,1.0932146650543806,4.746887235560902,0,0,ppo,flat_clear,5012,True,standard,1.346548099994834,0,0.0,optimized,2.0
goal,True,18.479999999999695,36.34762999659372,1.9674106851629212,1.0155227192566896,0.0878449548640727,0.10377629369178029,False,0.0,,,0.25977850129537555,924,flat_clear,5013,0.0,False,False,1000.0,1000.0,36.0,0.9965686471139685,4.558301693417866,0,0,ppo,flat_clear,5013,True,standard,1.3311291999998502,0,0.0,optimized,2.0
goal,True,18.479999999999695,36.35301966533729,1.9677880978283124,1.0253838112989655,0.08246946798477615,0.10030094599232058,False,0.0,,,0.2578210560367364,924,flat_clear,5014,0.0,False,False,1000.0,1000.0,36.0,1.0079404557952962,4.248689932953564,0,0,ppo,flat_clear,5014,True,standard,1.4242011000023922,0,0.0,optimized,2.0
goal,True,18.479999999999695,36.348825645784494,1.9675740628624978,0.9992180936779534,0.070851942752003,0.09946894413631897,False,0.0,,,0.2571095890283554,924,flat_clear,5015,0.0,False,False,1000.0,1000.0,36.0,0.7129585808151011,3.616554150795544,0,0,ppo,flat_clear,5015,True,standard,1.397933300002478,0,0.0,optimized,2.0
goal,True,18.479999999999695,36.352263848624425,1.9677706290410661,0.9977742760168213,0.0882908405809148,0.10028427794414509,False,0.0,,,0.2577984315481041,924,flat_clear,5016,0.0,False,False,1000.0,1000.0,36.0,1.0824496477512628,4.4970018275504655,0,0,ppo,flat_clear,5016,True,standard,1.3607738999999128,0,0.0,optimized,2.0
goal,True,18.479999999999695,36.35885911013241,1.9681543983478058,1.0570447194124146,0.08470664810825478,0.10194718812115176,False,0.0,,,0.2577635476653885,924,flat_clear,5017,0.0,False,False,1000.0,1000.0,36.0,1.0313683035167758,3.069327793573069,0,0,ppo,flat_clear,5017,True,standard,1.3187707000033697,0,0.0,optimized,2.0
goal,True,18.479999999999695,36.35362941507133,1.9677925389831472,1.0250001270745166,0.07677208197996006,0.1011910202247601,False,0.0,,,0.2575400827460881,924,flat_clear,5018,0.0,False,False,1000.0,1000.0,36.0,0.8519960097254107,3.741644975951466,0,0,ppo,flat_clear,5018,True,standard,1.444605299999239,0,0.0,optimized,2.0
goal,True,18.479999999999695,36.352811094500005,1.9678202025232172,0.9769515983443825,0.08401141636805715,0.09692105520020634,False,0.0,,,0.2580136597584467,924,flat_clear,5019,0.0,False,False,1000.0,1000.0,36.0,0.7749984328665865,4.6919924902412244,0,0,ppo,flat_clear,5019,True,standard,1.332264500000747,0,0.0,optimized,2.0
goal,True,18.479999999999695,36.34788247523951,1.9675197739725625,1.0044261912333674,0.07508305865457603,0.09795585414860841,False,0.0,,,0.2569218409192277,924,flat_clear,5020,0.0,False,False,1000.0,1000.0,36.0,0.7248282467948968,4.082261203094857,0,0,ppo,flat_clear,5020,True,standard,1.2744992999942042,0,0.0,optimized,2.0
goal,True,18.479999999999695,36.35917818861243,1.968169406012564,1.0291048756543195,0.08108489331035831,0.09934973330745919,False,0.0,,,0.25792217090243635,924,flat_clear,5021,0.0,False,False,1000.0,1000.0,36.0,0.9140104345757991,3.9670663971291336,0,0,ppo,flat_clear,5021,True,standard,1.385974000004353,0,0.0,optimized,2.0
goal,True,18.479999999999695,36.35170525684063,1.9676716868822255,1.0108770893933188,0.07766248725809495,0.1006544119952137,False,0.0,,,0.25761463393558154,924,flat_clear,5022,0.0,False,False,1000.0,1000.0,36.0,0.8496203871888334,4.16327064677573,0,0,ppo,flat_clear,5022,True,standard,1.421321000001626,0,0.0,optimized,2.0
goal,True,18.479999999999695,36.34828391348423,1.9675064867600573,0.9765473127271388,0.08418605331856918,0.09917509818839552,False,0.0,,,0.25869308285978043,924,flat_clear,5023,0.0,False,False,1000.0,1000.0,36.0,0.8171074644897484,4.845944573728948,0,0,ppo,flat_clear,5023,True,standard,1.3387027999997372,0,0.0,optimized,2.0
goal,True,18.479999999999695,36.348887620157505,1.9675183639660867,0.9859488513577944,0.07773522153678501,0.09992455698894082,False,0.0,,,0.25834542057152854,924,flat_clear,5024,0.0,False,False,1000.0,1000.0,36.0,0.8109383252924722,4.478913919082471,0,0,ppo,flat_clear,5024,True,standard,1.3241278000059538,0,0.0,optimized,2.0
goal,True,18.479999999999695,36.35213182593203,1.967737398083347,0.9941814344694829,0.08515180776516211,0.09901857821230461,False,0.0,,,0.25848202235192647,924,flat_clear,5025,0.0,False,False,1000.0,1000.0,36.0,0.9732104368642298,4.750233220361416,0,0,ppo,flat_clear,5025,True,standard,1.3927496999967843,0,0.0,optimized,2.0
goal,True,18.479999999999695,36.352164956232315,1.9678031654379364,1.020877158390761,0.07850193080125449,0.09674212529465828,False,0.0,,,0.2575210363743373,924,flat_clear,5026,0.0,False,False,1000.0,1000.0,36.0,0.7262499636679371,4.307968225800889,0,0,ppo,flat_clear,5026,True,standard,1.4071063000010327,0,0.0,optimized,2.0
goal,True,18.479999999999695,36.352065531566815,1.9676052015757435,1.0194676371066982,0.07598883378993115,0.10498880831681326,False,0.0,,,0.2582719258662721,924,flat_clear,5027,0.0,False,False,1000.0,1000.0,36.0,0.876142603073939,3.7904107308165678,0,0,ppo,flat_clear,5027,True,standard,1.356513200000336,0,0.0,optimized,2.0
goal,True,18.479999999999695,36.35237277207963,1.967781911532713,1.0066086048688057,0.08761486414238909,0.09967406864102982,False,0.0,,,0.25874278642562104,924,flat_clear,5028,0.0,False,False,1000.0,1000.0,36.0,1.0334928486032917,4.609884125974756,0,0,ppo,flat_clear,5028,True,standard,1.2809230999991996,0,0.0,optimized,2.0
goal,True,18.479999999999695,36.35479860728977,1.967871354489757,1.0570931058956026,0.07941499633784617,0.10127494278158666,False,0.0,,,0.2570460803394112,924,flat_clear,5029,0.0,False,False,1000.0,1000.0,36.0,0.8960683121439519,3.612757000380382,0,0,ppo,flat_clear,5029,True,standard,1.449991300003603,0,0.0,optimized,2.0
goal,True,18.479999999999695,36.35242103222841,1.9678401235161407,1.0242658732229777,0.07837469545233847,0.09703510364026138,False,0.0,,,0.2583479260778121,924,flat_clear,5030,0.0,False,False,1000.0,1000.0,36.0,0.702641268886089,3.5741138987672745,0,0,ppo,flat_clear,5030,True,standard,1.338468299996748,0,0.0,optimized,2.0
goal,True,18.479999999999695,36.35162284613855,1.9675902260393436,1.0592021450640345,0.08283344968591481,0.10684660484352765,False,0.0,,,0.2590570236327195,924,flat_clear,5031,0.0,False,False,1000.0,1000.0,36.0,1.0541886438268662,3.7270554480582403,0,0,ppo,flat_clear,5031,True,standard,1.373751600003743,0,0.0,optimized,2.0
goal,True,18.479999999999695,36.358493256543824,1.9681035678568852,0.9888492256995153,0.08369593890783145,0.0985998935897432,False,0.0,,,0.2572741518217161,924,flat_clear,5032,0.0,False,False,1000.0,1000.0,36.0,0.8808706052658889,4.3792262715010075,0,0,ppo,flat_clear,5032,True,standard,1.3492893000002368,0,0.0,optimized,2.0
goal,True,18.479999999999695,36.35070248429648,1.9675726780126916,1.0546051989680094,0.08104686904948255,0.10523000590274958,False,0.0,,,0.25779148302068644,924,flat_clear,5033,0.0,False,False,1000.0,1000.0,36.0,1.0836130709500158,3.666279579977531,0,0,ppo,flat_clear,5033,True,standard,1.4758320999972057,0,0.0,optimized,2.0
goal,True,18.479999999999695,36.35171606798699,1.967736767771278,1.0299015600520596,0.07622731571689739,0.0996309928188769,False,0.0,,,0.2579904959865715,924,flat_clear,5034,0.0,False,False,1000.0,1000.0,36.0,0.7665500295059827,3.804995479071652,0,0,ppo,flat_clear,5034,True,standard,1.4131599000029382,0,0.0,optimized,2.0
goal,True,18.479999999999695,36.35138473544265,1.9675800240056711,1.010914803129933,0.07873634820846097,0.10467524738527065,False,0.0,,,0.2593217608433877,924,flat_clear,5035,0.0,False,False,1000.0,1000.0,36.0,0.9199233332386492,4.156022809768874,0,0,ppo,flat_clear,5035,True,standard,1.4063461999976425,0,0.0,optimized,2.0
goal,True,18.479999999999695,36.354863525853304,1.9679177678490096,1.019277211533947,0.09018424662213324,0.10041851044136287,False,0.0,,,0.25807932694156127,924,flat_clear,5036,0.0,False,False,1000.0,1000.0,36.0,1.0648143012996332,4.3024889064133,0,0,ppo,flat_clear,5036,True,standard,1.3588939999972354,0,0.0,optimized,2.0
goal,True,18.479999999999695,36.34287641498468,1.9672770515290368,0.9420790666899164,0.08031375686987244,0.09746881602835136,False,0.0,,,0.2590198093459671,924,flat_clear,5037,0.0,False,False,1000.0,1000.0,36.0,0.7092210370314546,4.854865496269261,0,0,ppo,flat_clear,5037,True,standard,1.3497190999987652,0,0.0,optimized,2.0
goal,True,18.479999999999695,36.34667901093077,1.9673177480870827,1.008419797390376,0.0926347506094366,0.10493983939961106,False,0.0,,,0.2604729420451317,924,flat_clear,5038,0.0,False,False,1000.0,1000.0,36.0,1.0555417311834316,4.89287011986292,0,0,ppo,flat_clear,5038,True,standard,1.4866403999985778,0,0.0,optimized,2.0
goal,True,18.479999999999695,36.35150844590668,1.9675544992594665,1.0585121054101452,0.07776510798467647,0.10803371079676488,False,0.0,,,0.2593311292939694,924,flat_clear,5039,0.0,False,False,1000.0,1000.0,36.0,0.9402582229555535,3.6144856875598865,0,0,ppo,flat_clear,5039,True,standard,1.3385696000041207,0,0.0,optimized,2.0
goal,True,18.479999999999695,36.35787678003246,1.968062622772712,1.0735769702309632,0.0800774633403932,0.1009338779347684,False,0.0,,,0.2568439676414133,924,flat_clear,5040,0.0,False,False,1000.0,1000.0,36.0,0.9712075052113058,3.1920688461343363,0,0,ppo,flat_clear,5040,True,standard,1.3267377999945893,0,0.0,optimized,2.0
goal,True,18.479999999999695,36.35312376175384,1.9677450691388547,1.0694873818647535,0.07615136502232003,0.1037403034321375,False,0.0,,,0.25776563975169825,924,flat_clear,5041,0.0,False,False,1000.0,1000.0,36.0,0.7917534446414414,3.1247853346898227,0,0,ppo,flat_clear,5041,True,standard,1.3467705999937607,0,0.0,optimized,2.0
goal,True,18.479999999999695,36.36258645465572,1.968337286004051,1.0404307070431225,0.0847819247642637,0.10060035263824037,False,0.0,,,0.256688711333387,924,flat_clear,5042,0.0,False,False,1000.0,1000.0,36.0,0.9598932040906721,3.486030199242384,0,0,ppo,flat_clear,5042,True,standard,1.4846146999989287,0,0.0,optimized,2.0
goal,True,18.479999999999695,36.35529698050688,1.9679667209825444,0.9983062781463174,0.08575204309463623,0.10074991221838935,False,0.0,,,0.2585772443135484,924,flat_clear,5043,0.0,False,False,1000.0,1000.0,36.0,1.0898186350139498,4.0020376195110305,0,0,ppo,flat_clear,5043,True,standard,1.3017679000040516,0,0.0,optimized,2.0
goal,True,18.479999999999695,36.35518054111309,1.9679401314191065,1.0349672092160491,0.08309619359092346,0.10107761279388573,False,0.0,,,0.2575243524620688,924,flat_clear,5044,0.0,False,False,1000.0,1000.0,36.0,1.0178429474867148,3.6549452422762707,0,0,ppo,flat_clear,5044,True,standard,1.3640137000038521,0,0.0,optimized,2.0
goal,True,18.479999999999695,36.35809973388988,1.9681022294579074,1.0178717063179186,0.08249783736182696,0.0981273142801018,False,0.0,,,0.25687237122847534,924,flat_clear,5045,0.0,False,False,1000.0,1000.0,36.0,0.7659494631232381,3.545543304209088,0,0,ppo,flat_clear,5045,True,standard,1.3719787000009092,0,0.0,optimized,2.0
goal,True,18.479999999999695,36.35408702599487,1.9677304020924293,1.0606771010118636,0.07895813655780244,0.1051813001249141,False,0.0,,,0.2581239051088466,924,flat_clear,5046,0.0,False,False,1000.0,1000.0,36.0,0.9011545969108519,3.3327744218409308,0,0,ppo,flat_clear,5046,True,standard,1.4703921999971499,0,0.0,optimized,2.0
goal,True,18.479999999999695,36.357254934670635,1.9680325020610492,1.0674180789344383,0.0882860703841904,0.10159816883807667,False,0.0,,,0.25719075518155815,924,flat_clear,5047,0.0,False,False,1000.0,1000.0,36.0,0.9983218093282231,3.1410251815083683,0,0,ppo,flat_clear,5047,True,standard,1.3480146000001696,0,0.0,optimized,2.0
goal,True,18.479999999999695,36.35973461408104,1.9682086951950457,1.0279626186126638,0.08400641693376389,0.1012283138341984,False,0.0,,,0.2572612748160419,924,flat_clear,5048,0.0,False,False,1000.0,1000.0,36.0,1.0213876505575938,3.411304677538264,0,0,ppo,flat_clear,5048,True,standard,1.3361011000015424,0,0.0,optimized,2.0
goal,True,18.479999999999695,36.36024326091873,1.9682965965836567,1.0631731284227124,0.08631097104805237,0.09921398643417256,False,0.0,,,0.25804020118564047,924,flat_clear,5049,0.0,False,False,1000.0,1000.0,36.0,0.7517994105580714,3.1978602646371006,0,0,ppo,flat_clear,5049,True,standard,1.3587170000027982,0,0.0,optimized,2.0
goal,True,18.459999999999695,36.32460350142789,1.968482142702394,0.9990238285748527,0.08618859005722952,0.09824868516275584,False,0.0,,,0.2570083635922944,923,flat_clear,5050,0.0,False,False,1000.0,1000.0,36.0,0.8591909328138473,4.110811346493778,0,0,ppo,flat_clear,5050,True,standard,1.4014148999995086,0,0.0,optimized,2.0
goal,True,18.479999999999695,36.35315515163053,1.9676451580031984,1.0420304513064789,0.0765766308870021,0.10717722929501068,False,0.0,,,0.25861052521238104,924,flat_clear,5051,0.0,False,False,1000.0,1000.0,36.0,0.8470793717637798,3.4696736983662753,0,0,ppo,flat_clear,5051,True,standard,1.399807099995087,0,0.0,optimized,2.0
goal,True,18.479999999999695,36.352666317397414,1.967810344202838,0.9686184436860497,0.0876517661752749,0.09838493597080104,False,0.0,,,0.2594607520531519,924,flat_clear,5052,0.0,False,False,1000.0,1000.0,36.0,0.9377640601298551,4.903101107035168,0,0,ppo,flat_clear,5052,True,standard,1.440580399997998,0,0.0,optimized,2.0
goal,True,18.459999999999695,36.32336636767281,1.968397526982694,0.9977718358994601,0.08737906201270068,0.0976122071364606,False,0.0,,,0.25699243136993366,923,flat_clear,5053,0.0,False,False,1000.0,1000.0,36.0,0.8890868185879244,4.381330884174664,0,0,ppo,flat_clear,5053,True,standard,1.343131200002972,0,0.0,optimized,2.0
goal,True,18.479999999999695,36.351911194441705,1.9677216148964867,1.028434521801272,0.0817017777520705,0.10080160017272334,False,0.0,,,0.25889232660597106,924,flat_clear,5054,0.0,False,False,1000.0,1000.0,36.0,0.8256418136260787,4.113300036428866,0,0,ppo,flat_clear,5054,True,standard,1.3415021000037086,0,0.0,optimized,2.0
goal,True,18.479999999999695,36.35275793470447,1.9677438397611147,1.0687657368292283,0.07893782275278131,0.10346610772898582,False,0.0,,,0.257740398089446,924,flat_clear,5055,0.0,False,False,1000.0,1000.0,36.0,1.0471282526832821,3.420582573190744,0,0,ppo,flat_clear,5055,True,standard,1.2955646999980672,0,0.0,optimized,2.0
goal,True,18.479999999999695,36.35324146883713,1.9677035616934055,1.0273347970780367,0.08097736714170385,0.10500232802498147,False,0.0,,,0.25871212637604213,924,flat_clear,5056,0.0,False,False,1000.0,1000.0,36.0,0.891086723699156,3.5916894807551056,0,0,ppo,flat_clear,5056,True,standard,1.450622199998179,0,0.0,optimized,2.0
goal,True,18.479999999999695,36.356082838645975,1.9679470146209672,1.0482720698331205,0.0777331227180757,0.10017327550307079,False,0.0,,,0.25678864315069383,924,flat_clear,5057,0.0,False,False,1000.0,1000.0,36.0,0.7886726452745311,3.003224526127708,0,0,ppo,flat_clear,5057,True,standard,1.3569057999993674,0,0.0,optimized,2.0
goal,True,18.479999999999695,36.35274603698348,1.9676295447781407,1.0280700437688828,0.0772500546635286,0.10631477325519499,False,0.0,,,0.2591228482298285,924,flat_clear,5058,0.0,False,False,1000.0,1000.0,36.0,0.9098807370435502,3.73068557622015,0,0,ppo,flat_clear,5058,True,standard,1.7276076000052853,0,0.0,optimized,2.0
goal,True,18.459999999999695,36.320130738259195,1.9682287099935047,0.9665179141709649,0.09252606213456185,0.09690878378295865,False,0.0,,,0.25796140456132477,923,flat_clear,5059,0.0,False,False,1000.0,1000.0,36.0,0.9012639362358253,4.957237543027349,0,0,ppo,flat_clear,5059,True,standard,1.8583461999951396,0,0.0,optimized,2.0
goal,True,18.459999999999695,36.32592003574362,1.9685786055280627,1.0175912568680032,0.08482928398478058,0.09830979365719249,False,0.0,,,0.25734731224947033,923,flat_clear,5060,0.0,False,False,1000.0,1000.0,36.0,0.8376462876131555,3.7326058238479085,0,0,ppo,flat_clear,5060,True,standard,1.694633099999919,0,0.0,optimized,2.0
goal,True,18.479999999999695,36.36128245875201,1.9683134544888308,1.0183584691182859,0.08832902872573138,0.10231374372877855,False,0.0,,,0.2584670891056484,924,flat_clear,5061,0.0,False,False,1000.0,1000.0,36.0,1.0911674506139513,3.3022139240992363,0,0,ppo,flat_clear,5061,True,standard,1.7124906000026385,0,0.0,optimized,2.0
goal,True,18.479999999999695,36.36014124780414,1.9682452201521317,0.9669747649438539,0.08825074037003572,0.1000645589759077,False,0.0,,,0.2582570261603659,924,flat_clear,5062,0.0,False,False,1000.0,1000.0,36.0,0.9993468346705692,4.2770388427792305,0,0,ppo,flat_clear,5062,True,standard,1.4110041999956593,0,0.0,optimized,2.0
goal,True,18.479999999999695,36.34449507532185,1.9673121481469775,0.9585250574552724,0.08262201369899422,0.09842963295538869,False,0.0,,,0.2587918629460281,924,flat_clear,5063,0.0,False,False,1000.0,1000.0,36.0,0.7330288069420039,4.928957495797438,0,0,ppo,flat_clear,5063,True,standard,1.410361299997021,0,0.0,optimized,2.0
goal,True,18.479999999999695,36.34999556113702,1.9676977128263617,0.9624281403741922,0.076643374715065,0.09596668412900335,False,0.0,,,0.2581133364540152,924,flat_clear,5064,0.0,False,False,1000.0,1000.0,36.0,0.7150441580757758,4.5863073577415205,0,0,ppo,flat_clear,5064,True,standard,1.298744900006568,0,0.0,optimized,2.0
goal,True,18.479999999999695,36.34691342460233,1.967298871808866,0.9737895447120358,0.08294503110077968,0.10449386190762182,False,0.0,,,0.2593909512210892,924,flat_clear,5065,0.0,False,False,1000.0,1000.0,36.0,0.8035442786646663,4.8563894445347895,0,0,ppo,flat_clear,5065,True,standard,1.3219750999996904,0,0.0,optimized,2.0
goal,True,18.479999999999695,36.35087431742835,1.967531488534097,1.0359635981778101,0.08181466447779435,0.1059138801652869,False,0.0,,,0.2591447111765146,924,flat_clear,5066,0.0,False,False,1000.0,1000.0,36.0,0.937066294483499,3.9869918481657125,0,0,ppo,flat_clear,5066,True,standard,1.406622000002244,0,0.0,optimized,2.0
goal,True,18.479999999999695,36.353427115600255,1.9678483174430985,0.9799224113225947,0.09634961000244881,0.09881715428731479,False,0.0,,,0.2586122660869678,924,flat_clear,5067,0.0,False,False,1000.0,1000.0,36.0,1.0106291334825726,4.98601841338545,0,0,ppo,flat_clear,5067,True,standard,1.409140200004913,0,0.0,optimized,2.0
goal,True,18.479999999999695,36.360550239189855,1.9682244613482358,1.0287780618688815,0.08171433392565226,0.099498726357183,False,0.0,,,0.2570340110544418,924,flat_clear,5068,0.0,False,False,1000.0,1000.0,36.0,0.8970326161018014,3.68361918406922,0,0,ppo,flat_clear,5068,True,standard,1.2866900999943027,0,0.0,optimized,2.0
goal,True,18.479999999999695,36.35108196341427,1.9676960228219333,0.9895778737731818,0.07774551687333554,0.09708425790116423,False,0.0,,,0.2571277375228231,924,flat_clear,5069,0.0,False,False,1000.0,1000.0,36.0,0.7403470360296646,4.211614650645206,0,0,ppo,flat_clear,5069,True,standard,1.3445052000024589,0,0.0,optimized,2.0
goal,True,18.479999999999695,36.36729832902203,1.9686224134599588,1.061277614691643,0.08798456167013717,0.1010666045865298,False,0.0,,,0.2566950266747046,924,flat_clear,5070,0.0,False,False,1000.0,1000.0,36.0,0.8627394964655488,3.014792907872379,0,0,ppo,flat_clear,5070,True,standard,1.4723276999939117,0,0.0,optimized,2.0
goal,True,18.479999999999695,36.35480508276787,1.9679539885855792,1.0019697633465101,0.0782808189186484,0.09748441713111596,False,0.0,,,0.25810213645702473,924,flat_clear,5071,0.0,False,False,1000.0,1000.0,36.0,0.7508349199984138,4.164918454437569,0,0,ppo,flat_clear,5071,True,standard,1.3036786999946344,0,0.0,optimized,2.0
goal,True,18.479999999999695,36.3534447270195,1.9678936173003432,0.9831851079978403,0.09433532754864433,0.0999765446366435,False,0.0,,,0.25924248119657733,924,flat_clear,5072,0.0,False,False,1000.0,1000.0,36.0,1.0845422517924654,4.727316696900118,0,0,ppo,flat_clear,5072,True,standard,1.3584917999978643,0,0.0,optimized,2.0
goal,True,18.479999999999695,36.34948241319357,1.967527112595027,1.0340277962767934,0.07626384532029468,0.10111365158383259,False,0.0,,,0.2566180934620679,924,flat_clear,5073,0.0,False,False,1000.0,1000.0,36.0,0.7450583759123013,3.615451791111634,0,0,ppo,flat_clear,5073,True,standard,1.36888899999758,0,0.0,optimized,2.0
goal,True,18.479999999999695,36.34755186061598,1.9674149529394596,0.9691493847273187,0.08454705800906237,0.10171297593991367,False,0.0,,,0.2589583991748554,924,flat_clear,5074,0.0,False,False,1000.0,1000.0,36.0,0.847212170166827,4.87418254885662,0,0,ppo,flat_clear,5074,True,standard,1.423346199997468,0,0.0,optimized,2.0
goal,True,18.479999999999695,36.358829510466435,1.9681558485187576,0.9899919171317282,0.08511662072551932,0.1000093427102624,False,0.0,,,0.25803253455182384,924,flat_clear,5075,0.0,False,False,1000.0,1000.0,36.0,0.9218759880118024,4.235974977511892,0,0,ppo,flat_clear,5075,True,standard,1.2860082000042894,0,0.0,optimized,2.0
goal,True,18.479999999999695,36.35205107971791,1.9677180507760428,1.0018984674493832,0.08960127634064355,0.09964891522336251,False,0.0,,,0.2580698700340894,924,flat_clear,5076,0.0,False,False,1000.0,1000.0,36.0,1.0292612569337438,4.688945080828985,0,0,ppo,flat_clear,5076,True,standard,1.3329483999987133,0,0.0,optimized,2.0
goal,True,18.479999999999695,36.35124016624986,1.9677214986336211,0.9552055171533335,0.08525975482135735,0.0965333644327332,False,0.0,,,0.25800712081572125,924,flat_clear,5077,0.0,False,False,1000.0,1000.0,36.0,0.7481831815301382,4.683266037657667,0,0,ppo,flat_clear,5077,True,standard,1.3604743000032613,0,0.0,optimized,2.0
goal,True,18.479999999999695,36.35279583967373,1.9677235513696651,1.0767402313724321,0.0865820413924527,0.1046744692113168,False,0.0,,,0.2573083183615265,924,flat_clear,5078,0.0,False,False,1000.0,1000.0,36.0,1.052260869021958,3.1100311875618685,0,0,ppo,flat_clear,5078,True,standard,1.3994157999986783,0,0.0,optimized,2.0
goal,True,18.479999999999695,36.3498994656122,1.9675170924032155,1.0334476775047716,0.07821219185968203,0.10537235476757843,False,0.0,,,0.25943224650891256,924,flat_clear,5079,0.0,False,False,1000.0,1000.0,36.0,0.948921384405256,4.056615073880624,0,0,ppo,flat_clear,5079,True,standard,1.3403910999986692,0,0.0,optimized,2.0
goal,True,18.479999999999695,36.360417332705936,1.9682223066653683,1.0355933772548542,0.08054143923922494,0.09998373541788266,False,0.0,,,0.2570816511134493,924,flat_clear,5080,0.0,False,False,1000.0,1000.0,36.0,0.8413522982777953,3.3399048040720363,0,0,ppo,flat_clear,5080,True,standard,1.3795510999989347,0,0.0,optimized,2.0
goal,True,18.479999999999695,36.3506122575882,1.9676280457441688,0.9799279369889843,0.08053547069275246,0.0987557184255369,False,0.0,,,0.2580742112758967,924,flat_clear,5081,0.0,False,False,1000.0,1000.0,36.0,0.857903395921944,4.654924338620467,0,0,ppo,flat_clear,5081,True,standard,1.351064899994526,0,0.0,optimized,2.0
goal,True,18.479999999999695,36.35383357059398,1.9678440986065968,0.973864297494965,0.08227194905913215,0.09719429023283169,False,0.0,,,0.2576403640587978,924,flat_clear,5082,0.0,False,False,1000.0,1000.0,36.0,0.7955105971431277,4.6545013175171706,0,0,ppo,flat_clear,5082,True,standard,1.3667645000023185,0,0.0,optimized,2.0
goal,True,18.459999999999695,36.32108015491644,1.9683155891413493,0.9633669070208747,0.08809579236910811,0.09698465887332715,False,0.0,,,0.25823612427517717,923,flat_clear,5083,0.0,False,False,1000.0,1000.0,36.0,0.8508672632349321,4.7793800012599625,0,0,ppo,flat_clear,5083,True,standard,1.3454809000031673,0,0.0,optimized,2.0
goal,True,18.479999999999695,36.355749393358174,1.9679583936757798,1.0526373495279224,0.08893653507406993,0.10085214627294607,False,0.0,,,0.2572491026962409,924,flat_clear,5084,0.0,False,False,1000.0,1000.0,36.0,1.0530656978728266,3.603905821938964,0,0,ppo,flat_clear,5084,True,standard,1.3831688999998732,0,0.0,optimized,2.0
goal,True,18.479999999999695,36.351457387361506,1.9677519430971055,1.0417267318936003,0.0719635434911257,0.09893954228974547,False,0.0,,,0.2572390782014976,924,flat_clear,5085,0.0,False,False,1000.0,1000.0,36.0,0.718730957787409,3.4803602936247238,0,0,ppo,flat_clear,5085,True,standard,1.3604353000046103,0,0.0,optimized,2.0
goal,True,18.459999999999695,36.322651698275415,1.9683968514066232,0.9889011279594856,0.08433816170164328,0.09768779414224478,False,0.0,,,0.25766059986540873,923,flat_clear,5086,0.0,False,False,1000.0,1000.0,36.0,0.8461753811272056,4.201848831134938,0,0,ppo,flat_clear,5086,True,standard,1.3962979999996605,0,0.0,optimized,2.0
goal,True,18.479999999999695,36.34755690713381,1.9674220395138944,1.0225101928140181,0.074918533240146,0.10235019146128664,False,0.0,,,0.2582317789598164,924,flat_clear,5087,0.0,False,False,1000.0,1000.0,36.0,0.7297546609361127,3.6178111164901976,0,0,ppo,flat_clear,5087,True,standard,1.3958775999999489,0,0.0,optimized,2.0
goal,True,18.479999999999695,36.366249816407645,1.9685914325271623,1.0608597980026988,0.08582150307628268,0.1012272855267801,False,0.0,,,0.2576431486200592,924,flat_clear,5088,0.0,False,False,1000.0,1000.0,36.0,0.9086910672377201,3.076056513841886,0,0,ppo,flat_clear,5088,True,standard,1.3584432999996352,0,0.0,optimized,2.0
goal,True,18.479999999999695,36.361259281045925,1.9683165786469043,1.0378300044775717,0.08337444001383827,0.09959239125299192,False,0.0,,,0.25758662396004084,924,flat_clear,5089,0.0,False,False,1000.0,1000.0,36.0,0.7969012135678066,3.4746629759075462,0,0,ppo,flat_clear,5089,True,standard,1.3567288999984157,0,0.0,optimized,2.0
goal,True,18.479999999999695,36.354191265567714,1.967741913332064,1.062073988422056,0.07967785585458685,0.10582283355652525,False,0.0,,,0.2569730022664644,924,flat_clear,5090,0.0,False,False,1000.0,1000.0,36.0,0.812731185705469,3.0192451758830843,0,0,ppo,flat_clear,5090,True,standard,1.3574774000007892,0,0.0,optimized,2.0
goal,True,18.479999999999695,36.3572389990236,1.9680124051918397,1.0542345441320693,0.07862453183565245,0.10132890110334729,False,0.0,,,0.2573933619773072,924,flat_clear,5091,0.0,False,False,1000.0,1000.0,36.0,0.8747085205182346,3.2140859613197943,0,0,ppo,flat_clear,5091,True,standard,1.2981117999952403,0,0.0,optimized,2.0
goal,True,18.479999999999695,36.35603535053099,1.967948595649823,1.0167377689518031,0.07960335984441384,0.09986331519883634,False,0.0,,,0.2578568891888511,924,flat_clear,5092,0.0,False,False,1000.0,1000.0,36.0,0.8347057354303752,3.6104146276233733,0,0,ppo,flat_clear,5092,True,standard,1.3769768999991356,0,0.0,optimized,2.0
goal,True,18.479999999999695,36.34958282822829,1.9676867534932927,0.9915297024572346,0.07853415783810408,0.09597118642699518,False,0.0,,,0.2579817689213258,924,flat_clear,5093,0.0,False,False,1000.0,1000.0,36.0,0.7027821538503214,4.517424137019871,0,0,ppo,flat_clear,5093,True,standard,1.3825490000017453,0,0.0,optimized,2.0
goal,True,18.479999999999695,36.34665667209545,1.9673884629657563,0.9857497910034966,0.07775387991807639,0.09987946809254848,False,0.0,,,0.2578289683180864,924,flat_clear,5094,0.0,False,False,1000.0,1000.0,36.0,0.759548402527707,4.534496637945709,0,0,ppo,flat_clear,5094,True,standard,1.3468474000037531,0,0.0,optimized,2.0
goal,True,18.479999999999695,36.34564656194097,1.9674559147434032,0.9507898106132403,0.08238271384910295,0.09589308088433612,False,0.0,,,0.2589147038412972,924,flat_clear,5095,0.0,False,False,1000.0,1000.0,36.0,0.7038176926854574,4.7716698558317745,0,0,ppo,flat_clear,5095,True,standard,1.3501105000032112,0,0.0,optimized,2.0
goal,True,18.479999999999695,36.3479631536044,1.9673959471739142,1.023761770396408,0.08522972582858282,0.10641727026093832,False,0.0,,,0.25921694050311417,924,flat_clear,5096,0.0,False,False,1000.0,1000.0,36.0,1.0818708535353732,4.332364566134115,0,0,ppo,flat_clear,5096,True,standard,1.3642437999951653,0,0.0,optimized,2.0
goal,True,18.479999999999695,36.350806072580696,1.9675461931755627,1.0425279155641078,0.08368825788010108,0.10729911901288368,False,0.0,,,0.26026055643009094,924,flat_clear,5097,0.0,False,False,1000.0,1000.0,36.0,1.0513529123167236,3.996850644935159,0,0,ppo,flat_clear,5097,True,standard,1.3987383999992744,0,0.0,optimized,2.0
goal,True,18.479999999999695,36.35249083423451,1.9677331933403799,1.0448888363248132,0.07839144988721763,0.10216769880999947,False,0.0,,,0.2582295641785576,924,flat_clear,5098,0.0,False,False,1000.0,1000.0,36.0,1.071515063165253,3.7814489751499796,0,0,ppo,flat_clear,5098,True,standard,1.3874797000025865,0,0.0,optimized,2.0
goal,True,18.479999999999695,36.35348935194531,1.9677503410306558,1.071167277839854,0.07855171590004867,0.10543185534051785,False,0.0,,,0.25805378194360096,924,flat_clear,5099,0.0,False,False,1000.0,1000.0,36.0,0.9961736911557313,3.2102618071198448,0,0,ppo,flat_clear,5099,True,standard,1.3661658999990323,0,0.0,optimized,2.0
goal,True,18.479999999999695,36.28273050221328,1.9591857495298763,2.7751542954307387,1.0377278041835152,0.5140101171611386,False,0.0,,,1.0222621088445518,924,kerb,5000,0.10063859654556317,False,False,16.0,22.0,36.0,0.8421893577539279,3.1106926377148136,0,0,ppo,kerb,5000,True,standard,1.4627803999974276,0,0.0,optimized,2.0
goal,True,18.619999999999692,36.383370613007465,1.9484265499576767,2.878864641132382,1.2113066772432244,0.5182138111855511,False,0.0,,,0.9494140001486314,931,kerb,5001,0.1361326555543014,False,False,16.0,22.0,36.0,1.0085497877150973,3.463029867560513,0,0,ppo,kerb,5001,True,standard,1.471624800004065,0,0.0,optimized,2.0
goal,True,18.559999999999693,36.313164405509795,1.9521963493962888,2.729506921943832,0.9871258942531346,0.5007408750961653,False,0.0,,,0.943026804203509,928,kerb,5002,0.10779195637104258,False,False,16.0,22.0,36.0,1.006598628122048,3.903147756916806,0,0,ppo,kerb,5002,True,standard,1.4459643000009237,0,0.0,optimized,2.0
goal,True,18.519999999999694,36.325024502165476,1.9571519927628247,2.30718921606606,0.9305121178310275,0.4725120479235233,False,0.0,,,0.9808743922594721,926,kerb,5003,0.1152588703871631,False,False,16.0,22.0,36.0,0.7517930892575723,3.7871843554365645,0,0,ppo,kerb,5003,True,standard,1.4456063999969047,0,0.0,optimized,2.0
goal,True,18.499999999999694,36.301577950118705,1.9587557649133467,2.664743503738031,1.005805622119688,0.48368243682104095,False,0.0,,,0.8802426736719616,925,kerb,5004,0.09395417832217653,False,False,16.0,22.0,36.0,0.890305269851523,3.167338564992484,0,0,ppo,kerb,5004,True,standard,1.4700461000029463,0,0.0,optimized,2.0
goal,True,18.599999999999692,36.362735585560706,1.9494216856803561,2.5574444627353974,1.254106352628816,0.513658498356143,False,0.0,,,0.9621520583441534,930,kerb,5005,0.14452422563128192,False,False,16.0,22.0,36.0,0.9124810113829057,3.4541322103790937,0,0,ppo,kerb,5005,True,standard,1.4490065999998478,0,0.0,optimized,2.0
goal,True,18.579999999999693,36.34082466584301,1.951283158768697,2.2869315559381316,0.8825098576808532,0.48403740476321616,False,0.0,,,0.9800087846951095,929,kerb,5006,0.11823518779379621,False,False,16.0,22.0,36.0,0.878948645244961,4.724539790888749,0,0,ppo,kerb,5006,True,standard,1.4296361999950022,0,0.0,optimized,2.0
goal,True,18.499999999999694,36.264853835349044,1.958162845769902,1.8362808248989901,0.7616876312766998,0.36297710105556874,False,0.0,,,0.7957021543163343,925,kerb,5007,0.09332622163787102,True,False,16.0,22.0,36.0,0.7003099757032973,4.832701252556141,0,0,ppo,kerb,5007,True,standard,1.4384161999987555,0,0.0,optimized,2.0
goal,True,18.479999999999695,36.29448513307655,1.9606354665225905,2.1978737326037,0.8319372974440948,0.46472324274047266,False,0.0,,,0.9970895879697115,924,kerb,5008,0.090077259790111,False,False,16.0,22.0,36.0,0.7780156087365453,4.103977423040574,0,0,ppo,kerb,5008,True,standard,1.4159723999982816,0,0.0,optimized,2.0
goal,True,18.379999999999697,36.268484280893496,1.9707483358610904,1.1985394134434002,0.12494454418484831,0.4509339935801915,False,0.0,,,0.8830262378419311,919,kerb,5009,0.11325841109235353,True,True,16.0,22.0,36.0,0.9689358374482765,3.4873356243580726,0,0,ppo,kerb,5009,True,standard,1.4198928000041633,0,0.0,optimized,2.0
goal,True,18.579999999999693,36.33838160916385,1.950796504257359,1.928268216485244,1.1805136440807051,0.4765924466116149,False,0.0,,,1.0392315531980765,929,kerb,5010,0.14381243175444086,False,False,16.0,22.0,36.0,0.7051556442607216,3.7667485448765166,0,0,ppo,kerb,5010,True,standard,1.4509468999967794,0,0.0,optimized,2.0
goal,True,18.439999999999696,36.32068820169661,1.9672553433310183,1.0658070988992974,0.10963409298543894,0.39450759865399515,False,0.0,,,0.8489267441046598,922,kerb,5011,0.14971532004645052,True,True,16.0,22.0,36.0,0.8328891001551972,4.081364643336002,0,0,ppo,kerb,5011,True,standard,1.4747913999963203,0,0.0,optimized,2.0
goal,True,18.559999999999693,36.301494523878695,1.9519489256001799,2.6492050659069037,0.9724463244398638,0.45751552147655694,False,0.0,,,0.9316084109667621,928,kerb,5012,0.11599739438211938,False,False,16.0,22.0,36.0,1.0932146650543806,4.746887235560902,0,0,ppo,kerb,5012,True,standard,1.404920699998911,0,0.0,optimized,2.0
goal,True,18.559999999999693,36.28701810937053,1.9519275993211105,2.50778355607788,0.95027238084196,0.4440673152823621,False,0.0,,,0.845320376490234,928,kerb,5013,0.11438074496395545,True,False,16.0,22.0,36.0,0.9965686471139685,4.558301693417866,0,0,ppo,kerb,5013,True,standard,1.4327097999994294,0,0.0,optimized,2.0
goal,True,18.619999999999692,36.35484615139048,1.9470592706829692,2.7548941034198324,1.0687773973867316,0.5274856337947073,False,0.0,,,1.0446209724288733,931,kerb,5014,0.13211528278562787,False,False,16.0,22.0,36.0,1.0079404557952962,4.248689932953564,0,0,ppo,kerb,5014,True,standard,1.7772597999937716,0,0.0,optimized,2.0
goal,True,18.519999999999694,36.33567749088824,1.9582683462115515,2.343945233858149,0.9836810517366796,0.44636006858542066,False,0.0,,,0.9203740577255568,926,kerb,5015,0.11307428979546041,False,False,16.0,22.0,36.0,0.7129585808151011,3.616554150795544,0,0,ppo,kerb,5015,True,standard,1.8027737000011257,0,0.0,optimized,2.0
goal,True,18.599999999999692,36.361471742932515,1.950036498731732,2.757055522938958,1.050760371780305,0.49704010847680424,False,0.0,,,0.9711683583364384,930,kerb,5016,0.12328780373270565,False,False,16.0,22.0,36.0,1.0824496477512628,4.4970018275504655,0,0,ppo,kerb,5016,True,standard,1.7980271999986144,0,0.0,optimized,2.0
goal,True,18.579999999999693,36.35494065369746,1.9514258681429544,3.3165483416892507,1.2617665026310467,0.5501074847296613,True,0.000861141011840689,,,1.022241838751259,929,kerb,5017,0.12162928738333142,False,False,16.0,22.0,36.0,1.0313683035167758,3.069327793573069,0,0,ppo,kerb,5017,True,standard,1.7662084999974468,0,0.0,optimized,2.0
goal,True,18.479999999999695,36.281051998879285,1.9598944719756066,2.439585140555586,0.9112459500627587,0.47457640839227755,False,0.0,,,0.960657673355376,924,kerb,5018,0.1021966661181102,True,False,16.0,22.0,36.0,0.8519960097254107,3.741644975951466,0,0,ppo,kerb,5018,True,standard,1.4300100999971619,0,0.0,optimized,2.0
goal,True,18.499999999999694,36.2904090733041,1.9586321111246008,2.007466132360741,0.7630214348927119,0.42293025629755826,False,0.0,,,0.892977085770764,925,kerb,5019,0.09694607558591248,False,False,16.0,22.0,36.0,0.7749984328665865,4.6919924902412244,0,0,ppo,kerb,5019,True,standard,1.4766051999977208,0,0.0,optimized,2.0
goal,True,18.499999999999694,36.32454672643896,1.9593308511136216,2.217818505357984,0.9439644507809621,0.4798291999006095,False,0.0,,,1.048826439382862,925,kerb,5020,0.11812828874817456,False,False,16.0,22.0,36.0,0.7248282467948968,4.082261203094857,0,0,ppo,kerb,5020,True,standard,1.4397902999990038,0,0.0,optimized,2.0
goal,True,18.539999999999694,36.29344871232816,1.954657066574484,2.6249431992359895,1.0436330734218189,0.43916019625052855,False,0.0,,,0.8266813206436913,927,kerb,5021,0.11381894175763324,True,False,16.0,22.0,36.0,0.9140104345757991,3.9670663971291336,0,0,ppo,kerb,5021,True,standard,1.4616142000013497,0,0.0,optimized,2.0
goal,True,18.599999999999692,36.35936179124097,1.9502852146810254,2.3868140369255526,1.0050309810879494,0.4791141056975361,False,0.0,,,0.9489113619727133,930,kerb,5022,0.13140191257451567,False,False,16.0,22.0,36.0,0.8496203871888334,4.16327064677573,0,0,ppo,kerb,5022,True,standard,1.4205365999951027,0,0.0,optimized,2.0
goal,True,18.579999999999693,36.350755130143796,1.9525823737784456,2.156242798273973,0.8903386640746737,0.43790857728050975,False,0.0,,,0.8932158065289356,929,kerb,5023,0.12867756728465177,False,False,16.0,22.0,36.0,0.8171074644897484,4.845944573728948,0,0,ppo,kerb,5023,True,standard,1.468077400000766,0,0.0,optimized,2.0
goal,True,18.579999999999693,36.3343891651587,1.9510873679551088,2.091352799746379,0.954324949795549,0.4596935556417013,False,0.0,,,0.9387033454638872,929,kerb,5024,0.13928371679168416,False,False,16.0,22.0,36.0,0.8109383252924722,4.478913919082471,0,0,ppo,kerb,5024,True,standard,1.4785935999971116,0,0.0,optimized,2.0
goal,True,18.499999999999694,36.273638523900146,1.9568895155856731,2.130880170517246,0.8166199479677712,0.4902139075911554,False,0.0,,,1.0521864637578464,925,kerb,5025,0.09643074988431373,False,False,16.0,22.0,36.0,0.9732104368642298,4.750233220361416,0,0,ppo,kerb,5025,True,standard,1.491871500002162,0,0.0,optimized,2.0
goal,True,18.479999999999695,36.27962576917475,1.9595300239382967,2.086949285849664,0.8246460381512174,0.4674888120987255,False,0.0,,,1.0379991763879055,924,kerb,5026,0.09558762086488723,False,False,16.0,22.0,36.0,0.7262499636679371,4.307968225800889,0,0,ppo,kerb,5026,True,standard,1.4266152999989572,0,0.0,optimized,2.0
goal,True,18.379999999999697,36.28079981736287,1.9710852724851822,1.2605456381636169,0.7791462146147382,0.43969934693705104,False,0.0,,,0.8564877485163116,919,kerb,5027,0.11482123997562081,False,True,16.0,22.0,36.0,0.876142603073939,3.7904107308165678,0,0,ppo,kerb,5027,True,standard,1.4403942999997525,0,0.0,optimized,2.0
goal,True,18.519999999999694,36.292550270652114,1.9554387795891464,2.437337509073218,0.8799846000605159,0.5073482068073292,False,0.0,,,1.0476730134960628,926,kerb,5028,0.10116781223940692,False,False,16.0,22.0,36.0,1.0334928486032917,4.609884125974756,0,0,ppo,kerb,5028,True,standard,1.4241170000022976,0,0.0,optimized,2.0
goal,True,18.379999999999697,36.299317372039,1.9719436576572313,1.3540543110061751,0.8073007455196474,0.4614043500876782,False,0.0,,,0.926108632711839,919,kerb,5029,0.12404880975552002,False,True,16.0,22.0,36.0,0.8960683121439519,3.612757000380382,0,0,ppo,kerb,5029,True,standard,1.4510917000006884,0,0.0,optimized,2.0
goal,True,18.339999999999698,36.25219192426517,1.9739523467470852,1.3135460485323835,0.8409469668811103,0.44022306095679276,False,0.0,,,0.9653086281895361,917,kerb,5030,0.11541600076902528,False,True,16.0,22.0,36.0,0.702641268886089,3.5741138987672745,0,0,ppo,kerb,5030,True,standard,1.4419035000028089,0,0.0,optimized,2.0
goal,True,18.599999999999692,36.350783009090996,1.9494091999581526,2.788286158357127,1.2230186120139992,0.511945467782317,False,0.0,,,0.9954803105300039,930,kerb,5031,0.14561650478931443,True,False,16.0,22.0,36.0,1.0541886438268662,3.7270554480582403,0,0,ppo,kerb,5031,True,standard,1.4624794999981532,0,0.0,optimized,2.0
goal,True,18.559999999999693,36.33520619407727,1.953747569018535,2.441756325710261,0.8989294956572503,0.4717184633376519,False,0.0,,,0.9489445533846135,928,kerb,5032,0.1122245362773568,False,False,16.0,22.0,36.0,0.8808706052658889,4.3792262715010075,0,0,ppo,kerb,5032,True,standard,1.4259120999995503,0,0.0,optimized,2.0
goal,True,18.579999999999693,36.34420941708906,1.9515585502652062,3.0796749162077357,1.1234796685444606,0.49464983298404974,True,0.0004305705059203445,,,0.9310367178202619,929,kerb,5033,0.11672621005094068,False,False,16.0,22.0,36.0,1.0836130709500158,3.666279579977531,0,0,ppo,kerb,5033,True,standard,1.4453273000035551,0,0.0,optimized,2.0
goal,True,18.359999999999697,36.29326116722969,1.974438902706761,1.0278801922754186,0.11662254203631725,0.4302492343552024,False,0.0,,,0.9514289512975499,918,kerb,5034,0.12934267293598622,True,True,16.0,22.0,36.0,0.7665500295059827,3.804995479071652,0,0,ppo,kerb,5034,True,standard,1.4205928999945172,0,0.0,optimized,2.0
goal,True,18.519999999999694,36.27350625929977,1.9559941230987512,2.4984672623984556,0.9103692137844067,0.40920241391651985,False,0.0,,,0.7948837649277949,926,kerb,5035,0.10658169577161372,True,False,16.0,22.0,36.0,0.9199233332386492,4.156022809768874,0,0,ppo,kerb,5035,True,standard,1.4754373000032501,0,0.0,optimized,2.0
goal,True,18.579999999999693,36.32966299065346,1.9507446156719446,2.685060208462936,1.004201668922597,0.4926269517401288,False,0.0,,,0.9387854674573918,929,kerb,5036,0.1173697414789877,False,False,16.0,22.0,36.0,1.0648143012996332,4.3024889064133,0,0,ppo,kerb,5036,True,standard,1.4494696999972803,0,0.0,optimized,2.0
goal,True,18.559999999999693,36.31318290042518,1.9526611048644804,1.807209270639796,0.8777685201088582,0.43403664562374217,False,0.0,,,0.9741135645381838,928,kerb,5037,0.13679937064081266,False,False,16.0,22.0,36.0,0.7092210370314546,4.854865496269261,0,0,ppo,kerb,5037,True,standard,1.4812784000023385,0,0.0,optimized,2.0
goal,True,18.519999999999694,36.31197656594251,1.9566075772459468,2.2099900548423657,0.783127225259692,0.49217708382612096,False,0.0,,,1.0315065426375645,926,kerb,5038,0.09670644475941208,False,False,16.0,22.0,36.0,1.0555417311834316,4.89287011986292,0,0,ppo,kerb,5038,True,standard,1.4495788999993238,0,0.0,optimized,2.0
goal,True,18.579999999999693,36.34083348177128,1.9522151094492954,2.5818878590827152,1.2258125647145837,0.4403967519601755,False,0.0,,,0.8133774964452457,929,kerb,5039,0.13861797778812823,True,False,16.0,22.0,36.0,0.9402582229555535,3.6144856875598865,0,0,ppo,kerb,5039,True,standard,1.4640322999985074,0,0.0,optimized,2.0
goal,True,18.579999999999693,36.34960050182188,1.9514680089331866,2.8611398745186625,1.2245931239974608,0.501584168274831,False,0.0,,,0.9401294526982884,929,kerb,5040,0.13659141728402505,False,False,16.0,22.0,36.0,0.9712075052113058,3.1920688461343363,0,0,ppo,kerb,5040,True,standard,1.4687903999947594,0,0.0,optimized,2.0
goal,True,18.63999999999969,36.36334658131359,1.9450432214418676,2.328926489087075,1.3214033109474184,0.5188176661610511,False,0.0,,,1.0497816830398505,932,kerb,5041,0.14238089228448053,False,False,16.0,22.0,36.0,0.7917534446414414,3.1247853346898227,0,0,ppo,kerb,5041,True,standard,1.4446280999982264,0,0.0,optimized,2.0
goal,True,18.539999999999694,36.320338154575886,1.954190059520921,2.949609102821986,1.1351799897574777,0.5325043100195465,False,0.0,,,1.044402741129675,927,kerb,5042,0.11346964484423985,False,False,16.0,22.0,36.0,0.9598932040906721,3.486030199242384,0,0,ppo,kerb,5042,True,standard,1.4457491000066511,0,0.0,optimized,2.0
goal,True,18.439999999999696,36.327656156963215,1.9658942649703064,1.3825985876710833,0.7692928827231208,0.5089032116400303,False,0.0,,,1.0323932582129622,922,kerb,5043,0.1269385057241497,False,True,16.0,22.0,36.0,1.0898186350139498,4.0020376195110305,0,0,ppo,kerb,5043,True,standard,1.3955590000041411,0,0.0,optimized,2.0
goal,True,18.619999999999692,36.368057606927586,1.9476660885025254,2.837162973630321,1.2509334525048887,0.5229379864045918,False,0.0,,,0.9709617011873557,931,kerb,5044,0.13998739401869517,False,False,16.0,22.0,36.0,1.0178429474867148,3.6549452422762707,0,0,ppo,kerb,5044,True,standard,1.3977688000013586,0,0.0,optimized,2.0
goal,True,18.559999999999693,36.326330858903674,1.9521364437187854,2.255631564069266,1.1573041318840862,0.5025623336243645,False,0.0,,,1.0669762724059895,928,kerb,5045,0.13638592052525939,False,False,16.0,22.0,36.0,0.7659494631232381,3.545543304209088,0,0,ppo,kerb,5045,True,standard,1.437033700000029,0,0.0,optimized,2.0
goal,True,18.539999999999694,36.30129980923983,1.9547584326674725,2.9334014742987993,1.1356302634307618,0.4505354786359034,False,0.0,,,0.8289249691572314,927,kerb,5046,0.12227119309524864,True,False,16.0,22.0,36.0,0.9011545969108519,3.3327744218409308,0,0,ppo,kerb,5046,True,standard,1.4532652999987477,0,0.0,optimized,2.0
goal,True,18.479999999999695,36.272233424663206,1.9597759878374204,2.7953928704204025,0.9979660526421205,0.48043007103441365,False,0.0,,,0.8856678380742548,924,kerb,5047,0.0907107601460403,False,False,16.0,22.0,36.0,0.9983218093282231,3.1410251815083683,0,0,ppo,kerb,5047,True,standard,1.4588065999996616,0,0.0,optimized,2.0
goal,True,18.519999999999694,36.31444564877689,1.9569395697914629,2.6798226099561804,0.9838845267354737,0.5153341431729705,False,0.0,,,0.9657549667994024,926,kerb,5048,0.09534548510317571,False,False,16.0,22.0,36.0,1.0213876505575938,3.411304677538264,0,0,ppo,kerb,5048,True,standard,1.424694900000759,0,0.0,optimized,2.0
goal,True,18.599999999999692,36.359237635620076,1.95006144440664,2.165289156865278,1.221424482658857,0.4889751990189443,False,0.0,,,1.0090078531557622,930,kerb,5049,0.14394041403531896,False,False,16.0,22.0,36.0,0.7517994105580714,3.1978602646371006,0,0,ppo,kerb,5049,True,standard,1.4181127999981982,0,0.0,optimized,2.0
goal,True,18.499999999999694,36.28551122034914,1.9579501929385852,2.3486298223685877,0.8837333441248814,0.46720903407638764,False,0.0,,,0.9342532502364009,925,kerb,5050,0.0986083385191299,False,False,16.0,22.0,36.0,0.8591909328138473,4.110811346493778,0,0,ppo,kerb,5050,True,standard,1.4494048999986262,0,0.0,optimized,2.0
goal,True,18.359999999999697,36.252240033531294,1.9730974720891226,1.092316179534331,0.12965963648235257,0.3749448619627748,False,0.0,,,0.7553232137108975,918,kerb,5051,0.12233334430260395,True,True,16.0,22.0,36.0,0.8470793717637798,3.4696736983662753,0,0,ppo,kerb,5051,True,standard,1.4623534999991534,0,0.0,optimized,2.0
goal,True,18.579999999999693,36.3375222875475,1.9522999719745688,2.367368991607542,0.9318656954502726,0.4458589658651656,False,0.0,,,0.9309453826447649,929,kerb,5052,0.1306635418670573,True,False,16.0,22.0,36.0,0.9377640601298551,4.903101107035168,0,0,ppo,kerb,5052,True,standard,1.4305928999965545,0,0.0,optimized,2.0
goal,True,18.419999999999696,36.30903407746294,1.9673249952051772,1.3258547455721523,0.7402913792497846,0.49893204408814984,False,0.0,,,1.0768085636720517,921,kerb,5053,0.12112491333169412,False,True,16.0,22.0,36.0,0.8890868185879244,4.381330884174664,0,0,ppo,kerb,5053,True,standard,1.457121700004791,0,0.0,optimized,2.0
goal,True,18.539999999999694,36.30761605022686,1.9551134704055082,2.360210483908391,0.9438250699980117,0.4427910349413858,False,0.0,,,0.8872798568988176,927,kerb,5054,0.10840892457049757,True,False,16.0,22.0,36.0,0.8256418136260787,4.113300036428866,0,0,ppo,kerb,5054,True,standard,1.429532800000743,0,0.0,optimized,2.0
goal,True,18.499999999999694,36.291374031342016,1.9585577360070496,2.8156205487188486,0.9959386183319807,0.4881974668322482,False,0.0,,,0.9313899704050043,925,kerb,5055,0.09580944017439189,True,False,16.0,22.0,36.0,1.0471282526832821,3.420582573190744,0,0,ppo,kerb,5055,True,standard,1.4410921999951825,0,0.0,optimized,2.0
goal,True,18.619999999999692,36.35597310213496,1.9469530693091772,2.418739519153462,1.1918555143483527,0.5123707197817733,False,0.0,,,0.9951090841832422,931,kerb,5056,0.14314511450547973,False,False,16.0,22.0,36.0,0.891086723699156,3.5916894807551056,0,0,ppo,kerb,5056,True,standard,1.4422228000039468,0,0.0,optimized,2.0
goal,True,18.479999999999695,36.30388137264175,1.9603353313213434,2.7001575717913053,1.096661754930408,0.5171174681382956,False,0.0,,,1.0529925684018073,924,kerb,5057,0.1082113167106713,False,False,16.0,22.0,36.0,0.7886726452745311,3.003224526127708,0,0,ppo,kerb,5057,True,standard,1.3968015000064042,0,0.0,optimized,2.0
goal,True,18.539999999999694,36.31723709292892,1.954528170324136,2.5807323449829114,0.9659290857937045,0.48696040077334113,False,0.0,,,0.9343197515416845,927,kerb,5058,0.11184194310749679,False,False,16.0,22.0,36.0,0.9098807370435502,3.73068557622015,0,0,ppo,kerb,5058,True,standard,1.4078006000054302,0,0.0,optimized,2.0
goal,True,18.599999999999692,36.35435424853245,1.9495092138690289,2.3075258964881296,0.8666653493418409,0.49604618781562393,False,0.0,,,1.0407065934715753,930,kerb,5059,0.12322396409418393,False,False,16.0,22.0,36.0,0.9012639362358253,4.957237543027349,0,0,ppo,kerb,5059,True,standard,1.4690742999955546,0,0.0,optimized,2.0
goal,True,18.339999999999698,36.2825171794312,1.9755019781622936,1.1949683383669722,0.7307250042750523,0.4689241913458041,False,0.0,,,0.9725738945461917,917,kerb,5060,0.09337821742015381,False,True,16.0,22.0,36.0,0.8376462876131555,3.7326058238479085,0,0,ppo,kerb,5060,True,standard,1.4375446999983978,0,0.0,optimized,2.0
goal,True,18.579999999999693,36.33169715458343,1.9502615480018877,3.094923368105815,1.3047815490105106,0.5419089836008393,True,0.000861141011840689,,,1.0277232566853935,929,kerb,5061,0.13695448627719198,True,False,16.0,22.0,36.0,1.0911674506139513,3.3022139240992363,0,0,ppo,kerb,5061,True,standard,1.4795797000042512,0,0.0,optimized,2.0
goal,True,18.519999999999694,36.31479795453301,1.9572980770615231,2.5177428917778117,0.8916268546232147,0.48509885191288765,False,0.0,,,0.9857404446793466,926,kerb,5062,0.0999320615330115,False,False,16.0,22.0,36.0,0.9993468346705692,4.2770388427792305,0,0,ppo,kerb,5062,True,standard,1.4201231999977608,0,0.0,optimized,2.0
goal,True,18.579999999999693,36.333775504572266,1.9506838955257737,1.9196217838555407,0.854599065884232,0.47704407209260513,False,0.0,,,1.1050018697050317,929,kerb,5063,0.13080054112731646,False,False,16.0,22.0,36.0,0.7330288069420039,4.928957495797438,0,0,ppo,kerb,5063,True,standard,1.4618912000005366,0,0.0,optimized,2.0
goal,True,18.559999999999693,36.365397298196335,1.955550612883737,1.9123047517495433,0.9546652752896745,0.4184351079739905,False,0.0,,,0.8975110629732551,928,kerb,5064,0.13444189604194567,False,False,16.0,22.0,36.0,0.7150441580757758,4.5863073577415205,0,0,ppo,kerb,5064,True,standard,1.4908417999977246,0,0.0,optimized,2.0
goal,True,18.539999999999694,36.3098068837352,1.9551723471284475,2.158956209619491,0.8999154937739229,0.41856057492655,False,0.0,,,0.8660213234520614,927,kerb,5065,0.1251690425208082,True,False,16.0,22.0,36.0,0.8035442786646663,4.8563894445347895,0,0,ppo,kerb,5065,True,standard,1.473883200000273,0,0.0,optimized,2.0
goal,True,18.599999999999692,36.34738801607274,1.9489242246177565,2.6892339546591915,1.0694597786564757,0.5163785080521243,False,0.0,,,1.0260765287515219,930,kerb,5066,0.1266821206098644,False,False,16.0,22.0,36.0,0.937066294483499,3.9869918481657125,0,0,ppo,kerb,5066,True,standard,1.4252075999975204,0,0.0,optimized,2.0
goal,True,18.539999999999694,36.290616494701645,1.9543401891780943,2.3481308264723957,0.896997273823268,0.41335915791506,False,0.0,,,0.8521998185363979,927,kerb,5067,0.107957664584021,False,False,16.0,22.0,36.0,1.0106291334825726,4.98601841338545,0,0,ppo,kerb,5067,True,standard,1.4283045999982278,0,0.0,optimized,2.0
goal,True,18.359999999999697,36.2886107462128,1.9733741660516542,1.2345155636569523,0.7135852766145885,0.48559932223701885,False,0.0,,,1.0163494126468027,918,kerb,5068,0.09259308451131983,False,True,16.0,22.0,36.0,0.8970326161018014,3.68361918406922,0,0,ppo,kerb,5068,True,standard,1.3963364999945043,0,0.0,optimized,2.0
goal,True,18.499999999999694,36.3039127993947,1.9587893314835483,2.221292705231546,0.9137893653043547,0.4446824008601347,False,0.0,,,0.9617568318889057,925,kerb,5069,0.11185018390823433,False,False,16.0,22.0,36.0,0.7403470360296646,4.211614650645206,0,0,ppo,kerb,5069,True,standard,1.4197438999981387,0,0.0,optimized,2.0
goal,True,18.419999999999696,36.33797458674454,1.9695238418523522,1.5614321001169762,0.9856182195398204,0.4521617389329455,False,0.0,,,0.8791149857959638,921,kerb,5070,0.14646988327914132,False,True,16.0,22.0,36.0,0.8627394964655488,3.014792907872379,0,0,ppo,kerb,5070,True,standard,1.4521791999941343,0,0.0,optimized,2.0
goal,True,18.499999999999694,36.29671234632717,1.9585459590283312,2.1839587652748937,0.8968111701313908,0.4449371963922205,False,0.0,,,0.9343774287358451,925,kerb,5071,0.10540263645169527,False,False,16.0,22.0,36.0,0.7508349199984138,4.164918454437569,0,0,ppo,kerb,5071,True,standard,1.4663738000017474,0,0.0,optimized,2.0
goal,True,18.579999999999693,36.32443677266756,1.9511393284670653,2.6559929065471874,0.9789876829026982,0.4821413483752269,False,0.0,,,0.9862666502142357,929,kerb,5072,0.129473321823593,True,False,16.0,22.0,36.0,1.0845422517924654,4.727316696900118,0,0,ppo,kerb,5072,True,standard,1.4618341000023065,0,0.0,optimized,2.0
goal,True,18.519999999999694,36.343603094216526,1.958333540514395,2.3502452434290118,0.9905563410057077,0.4610975601903221,False,0.0,,,0.9461875207571732,926,kerb,5073,0.12157656077615875,False,False,16.0,22.0,36.0,0.7450583759123013,3.615451791111634,0,0,ppo,kerb,5073,True,standard,1.5028478000022005,0,0.0,optimized,2.0
goal,True,18.399999999999697,36.27863346753062,1.9698783443747272,1.0430822997770837,0.11270761910391272,0.3807790950938491,False,0.0,,,0.8375615666724464,920,kerb,5074,0.13307392580312158,True,True,16.0,22.0,36.0,0.847212170166827,4.87418254885662,0,0,ppo,kerb,5074,True,standard,1.444765300002473,0,0.0,optimized,2.0
goal,True,18.419999999999696,36.320047116788835,1.968801969759996,1.3979261917795602,0.7353931298800903,0.4364240519405429,False,0.0,,,0.8821674161208489,921,kerb,5075,0.13511704529586524,False,True,16.0,22.0,36.0,0.9218759880118024,4.235974977511892,0,0,ppo,kerb,5075,True,standard,1.4619572999945376,0,0.0,optimized,2.0
goal,True,18.579999999999693,36.31890134497095,1.9497622109135322,2.5533774838643026,0.9784516548252945,0.5223105033239994,False,0.0,,,1.0593519986219444,929,kerb,5076,0.11253069342252543,False,False,16.0,22.0,36.0,1.0292612569337438,4.688945080828985,0,0,ppo,kerb,5076,True,standard,1.4407690000007278,0,0.0,optimized,2.0
goal,True,18.559999999999693,36.32937839836452,1.9537196463684807,1.849329885885492,0.945305156648997,0.4196881875214261,False,0.0,,,0.8880764698804586,928,kerb,5077,0.14268386767121152,False,False,16.0,22.0,36.0,0.7481831815301382,4.683266037657667,0,0,ppo,kerb,5077,True,standard,1.3799522999979672,0,0.0,optimized,2.0
goal,True,18.519999999999694,36.31505296005463,1.957387352491082,2.812943692254774,1.0220475994759364,0.49478710327933706,False,0.0,,,0.8820075171914704,926,kerb,5078,0.09319333880718476,False,False,16.0,22.0,36.0,1.052260869021958,3.1100311875618685,0,0,ppo,kerb,5078,True,standard,1.443908500004909,0,0.0,optimized,2.0
goal,True,18.379999999999697,36.28177904338541,1.9714161203201512,1.3261044052217184,0.7242296929593083,0.4243694047984283,False,0.0,,,0.8722601793480853,919,kerb,5079,0.10656495195563959,False,True,16.0,22.0,36.0,0.948921384405256,4.056615073880624,0,0,ppo,kerb,5079,True,standard,1.419710900001519,0,0.0,optimized,2.0
goal,True,18.499999999999694,36.29880002053482,1.9588040050169373,2.5699865791835195,0.9726576879281267,0.4688848411127513,False,0.0,,,0.9152397101477162,925,kerb,5080,0.09303349148726354,False,False,16.0,22.0,36.0,0.8413522982777953,3.3399048040720363,0,0,ppo,kerb,5080,True,standard,1.3696831999986898,0,0.0,optimized,2.0
goal,True,18.559999999999693,36.33741775369414,1.953418638064239,2.339900247279875,0.8867975900567671,0.47703678343295225,False,0.0,,,0.9992437163923046,928,kerb,5081,0.11213266060630127,False,False,16.0,22.0,36.0,0.857903395921944,4.654924338620467,0,0,ppo,kerb,5081,True,standard,1.4453716999996686,0,0.0,optimized,2.0
goal,True,18.519999999999694,36.337906665516385,1.9576793992809358,2.2027818059880913,0.8580388904709195,0.482768409395237,False,0.0,,,1.064956582758799,926,kerb,5082,0.10870515465564147,False,False,16.0,22.0,36.0,0.7955105971431277,4.6545013175171706,0,0,ppo,kerb,5082,True,standard,1.4296863999989,0,0.0,optimized,2.0
goal,True,18.519999999999694,36.30127592858417,1.9565043585591821,2.0913371523441593,0.8131778787041072,0.46161887916268357,False,0.0,,,0.9789899492945059,926,kerb,5083,0.10054835161087051,False,False,16.0,22.0,36.0,0.8508672632349321,4.7793800012599625,0,0,ppo,kerb,5083,True,standard,1.4356833999991068,0,0.0,optimized,2.0
goal,True,18.579999999999693,36.35597120929198,1.9511925301849804,3.0756909825069503,1.1474312789393641,0.5646634641443674,True,0.0006458557588805167,,,1.1457738669260067,929,kerb,5084,0.11698300490792289,False,False,16.0,22.0,36.0,1.0530656978728266,3.603905821938964,0,0,ppo,kerb,5084,True,standard,1.4310196999940672,0,0.0,optimized,2.0
goal,True,18.479999999999695,36.29109694625065,1.9606971420200505,2.3574374109792444,0.9099486180844021,0.4490631356482976,False,0.0,,,0.9283286134128274,924,kerb,5085,0.09092898262982511,False,False,16.0,22.0,36.0,0.718730957787409,3.4803602936247238,0,0,ppo,kerb,5085,True,standard,1.4386975999950664,0,0.0,optimized,2.0
goal,True,18.579999999999693,36.33946804425147,1.9511954387307995,2.2654195907536554,1.0138524044218842,0.48402116474476964,False,0.0,,,0.9954269300102535,929,kerb,5086,0.13565333662777856,False,False,16.0,22.0,36.0,0.8461753811272056,4.201848831134938,0,0,ppo,kerb,5086,True,standard,1.4681648000041605,0,0.0,optimized,2.0
goal,True,18.499999999999694,36.295967235455585,1.9586600445558102,2.276071677572168,0.8935202712302738,0.4388265383571516,False,0.0,,,0.8880406052138852,925,kerb,5087,0.09825889682104214,False,False,16.0,22.0,36.0,0.7297546609361127,3.6178111164901976,0,0,ppo,kerb,5087,True,standard,1.450849200002267,0,0.0,optimized,2.0
goal,True,18.419999999999696,36.31033894707265,1.967713086666987,1.6742800956335115,0.9299677471961811,0.4827353353787122,False,0.0,,,0.9504979828399097,921,kerb,5088,0.14516399397423288,False,True,16.0,22.0,36.0,0.9086910672377201,3.076056513841886,0,0,ppo,kerb,5088,True,standard,1.4351395999983652,0,0.0,optimized,2.0
goal,True,18.459999999999695,36.27374925551031,1.961926792042676,2.506319912160357,0.9284746405846838,0.4637390218925808,False,0.0,,,0.9611380404802711,923,kerb,5089,0.09429012646285188,True,False,16.0,22.0,36.0,0.7969012135678066,3.4746629759075462,0,0,ppo,kerb,5089,True,standard,1.535280900003272,0,0.0,optimized,2.0
goal,True,18.339999999999698,36.25100533399173,1.974887418101542,1.152619245220319,0.14886175474685528,0.3989319823789899,False,0.0,,,0.8116256452816016,917,kerb,5090,0.10694230984683592,True,True,16.0,22.0,36.0,0.812731185705469,3.0192451758830843,0,0,ppo,kerb,5090,True,standard,1.8579048000028706,0,0.0,optimized,2.0
goal,True,18.559999999999693,36.33159734685928,1.9525149552064087,2.662819130551657,1.0935764402167594,0.5219842963913175,False,0.0,,,1.0134438050157784,928,kerb,5091,0.12595635124475552,False,False,16.0,22.0,36.0,0.8747085205182346,3.2140859613197943,0,0,ppo,kerb,5091,True,standard,1.8119555999946897,0,0.0,optimized,2.0
goal,True,18.459999999999695,36.30333945683216,1.9627232152334597,2.3883299616270794,0.8452919236996776,0.5040863257784489,False,0.0,,,1.0577248346400494,923,kerb,5092,0.09242072970107329,False,False,16.0,22.0,36.0,0.8347057354303752,3.6104146276233733,0,0,ppo,kerb,5092,True,standard,1.7852521000022534,0,0.0,optimized,2.0
goal,True,18.379999999999697,36.270611684057556,1.9711619755879866,1.3161745889381316,0.7416961601389541,0.3884048883194958,False,0.0,,,0.879825423604708,919,kerb,5093,0.131855067058124,False,True,16.0,22.0,36.0,0.7027821538503214,4.517424137019871,0,0,ppo,kerb,5093,True,standard,1.769461700001557,0,0.0,optimized,2.0
goal,True,18.379999999999697,36.290553742872326,1.9717221913437324,1.1488368241417506,0.7179225048987392,0.42514904568702994,False,0.0,,,0.9534319633332795,919,kerb,5094,0.12799374054937587,False,True,16.0,22.0,36.0,0.759548402527707,4.534496637945709,0,0,ppo,kerb,5094,True,standard,1.4669170999986818,0,0.0,optimized,2.0
goal,True,18.519999999999694,36.311393194702376,1.9582397089343717,1.9546576993843443,0.81882428145278,0.3730905927678234,False,0.0,,,0.8118013563752128,926,kerb,5095,0.11500065702869129,True,False,16.0,22.0,36.0,0.7038176926854574,4.7716698558317745,0,0,ppo,kerb,5095,True,standard,1.4361099999950966,0,0.0,optimized,2.0
goal,True,18.559999999999693,36.286153389705326,1.9518988614348938,2.89448337814714,1.1138695539701624,0.43315070365353064,False,0.0,,,0.8205353783803606,928,kerb,5096,0.1240763121473265,True,False,16.0,22.0,36.0,1.0818708535353732,4.332364566134115,0,0,ppo,kerb,5096,True,standard,1.4035595999957877,0,0.0,optimized,2.0
goal,True,18.439999999999696,36.314837775694954,1.9665392237003134,1.272203241786602,0.14708426396749907,0.4482433713053425,False,0.0,,,0.9155279294985479,922,kerb,5097,0.14602377237337144,True,True,16.0,22.0,36.0,1.0513529123167236,3.996850644935159,0,0,ppo,kerb,5097,True,standard,1.4519614999953774,0,0.0,optimized,2.0
goal,True,18.539999999999694,36.31134494910709,1.9543111032937,2.9051114519308627,1.0235387074241717,0.5027924770452992,False,0.0,,,0.9681654411174567,927,kerb,5098,0.11086834856947003,False,False,16.0,22.0,36.0,1.071515063165253,3.7814489751499796,0,0,ppo,kerb,5098,True,standard,1.441373299996485,0,0.0,optimized,2.0
goal,True,18.479999999999695,36.29851045425048,1.959966371879768,2.790919193623781,0.9385651250013078,0.5450064531556659,False,0.0,,,1.065930018799232,924,kerb,5099,0.093374672767738,False,False,16.0,22.0,36.0,0.9961736911557313,3.2102618071198448,0,0,ppo,kerb,5099,True,standard,1.4304944000032265,0,0.0,optimized,2.0
goal,True,19.739999999999668,37.51592115813432,1.8968636972895563,1.0848505199755398,0.08694823996875141,0.35795809018559244,False,0.0,1.7721430267231595,,1.0658622478715016,987,crowded,5000,0.0,False,False,1000.0,1000.0,36.0,0.8421893577539279,3.1106926377148136,6,1,ppo,crowded,5000,True,standard,2.0003395000021555,127,0.1286727456940223,optimized,2.0
goal,True,19.71999999999967,37.77270524636727,1.9112982785659551,1.1707255033690578,0.09476519535975263,0.4348126984633085,False,0.0,0.7525136227605239,,1.2496635111521843,986,crowded,5001,0.0,False,False,1000.0,1000.0,36.0,1.0085497877150973,3.463029867560513,5,2,ppo,crowded,5001,True,standard,1.9834258999981103,95,0.09634888438133875,optimized,2.0
goal,True,22.47999999999961,37.62463744742672,1.6640377684640213,1.2754145664329293,0.0887751372059566,0.5774298713804493,False,0.0,2.071886872865655,,1.7110193222610819,1124,crowded,5002,0.0,False,False,1000.0,1000.0,36.0,1.006598628122048,3.903147756916806,6,1,ppo,crowded,5002,True,standard,2.3674528999981703,121,0.10765124555160142,optimized,2.0
goal,True,19.979999999999663,37.41060045621349,1.867994554382034,1.0260778942719104,0.07526068335431466,0.3547905472881099,False,0.0,1.0420126384350883,,1.083744232436965,999,crowded,5003,0.0,False,False,1000.0,1000.0,36.0,0.7517930892575723,3.7871843554365645,6,1,ppo,crowded,5003,True,standard,2.012760100005835,139,0.13913913913913914,optimized,2.0
goal,True,23.779999999999582,38.748539560263666,1.622876768668713,1.2291184558388901,0.09206701707872392,0.4432951364084264,False,0.0,0.5937256476577825,,1.3128993711344583,1189,crowded,5004,0.0,False,False,1000.0,1000.0,36.0,0.890305269851523,3.167338564992484,5,1,ppo,crowded,5004,True,standard,2.376319800001511,498,0.4188393608074012,optimized,2.0
goal,True,20.65999999999965,37.92049106542654,1.8252075392622658,1.1140813273362589,0.0951584846578552,0.4747474384734838,False,0.0,0.7799707067281365,,1.3703952102463037,1033,crowded,5005,0.0,False,False,1000.0,1000.0,36.0,0.9124810113829057,3.4541322103790937,6,2,ppo,crowded,5005,True,standard,2.14050270000007,215,0.20813165537270087,optimized,2.0
goal,True,19.339999999999677,37.405837437406454,1.9306932909871104,1.0053948685686498,0.08391330075466837,0.37123504071390134,False,0.0,2.0849883175655948,,1.1730800615787011,967,crowded,5006,0.0,False,False,1000.0,1000.0,36.0,0.878948645244961,4.724539790888749,5,1,ppo,crowded,5006,True,standard,1.952347099999315,65,0.0672182006204757,optimized,2.0
goal,True,19.15999999999968,37.047861258079905,1.9315691432649462,0.9830684768267289,0.08000232634160113,0.27206814308054833,False,0.0,1.594275781046989,,0.8407943955818431,958,crowded,5007,0.0,False,False,1000.0,1000.0,36.0,0.7003099757032973,4.832701252556141,3,1,ppo,crowded,5007,True,standard,1.9469342999946093,67,0.06993736951983298,optimized,2.0
goal,True,19.359999999999676,37.13146865360428,1.915459588466953,1.0044833784424188,0.0743906387700298,0.332307337696083,False,0.0,1.130848950262238,,1.0187238041792483,968,crowded,5008,0.0,False,False,1000.0,1000.0,36.0,0.7780156087365453,4.103977423040574,3,1,ppo,crowded,5008,True,standard,1.9409509000033722,87,0.08987603305785125,optimized,2.0
goal,True,19.65999999999967,37.58006602449695,1.907507115065218,1.222378211698606,0.08826250336314932,0.3954381616069917,False,0.0,1.6431957973090303,,1.1811280289950603,983,crowded,5009,0.0,False,False,1000.0,1000.0,36.0,0.9689358374482765,3.4873356243580726,5,1,ppo,crowded,5009,True,standard,1.9422900999998092,102,0.10376398779247202,optimized,2.0
goal,True,21.819999999999624,37.46767422272002,1.7108678940742421,1.1285537460547554,0.076121112734242,0.39209942352957616,False,0.0,0.9813526689195975,,1.1911457764632427,1091,crowded,5010,0.0,False,False,1000.0,1000.0,36.0,0.7051556442607216,3.7667485448765166,4,2,ppo,crowded,5010,True,standard,2.287438800005475,420,0.384967919340055,optimized,2.0
goal,True,18.839999999999687,37.187197437575136,1.9712270159131413,1.009627320179905,0.07663852215033216,0.34651286846055784,False,0.0,1.3693188168140902,,0.9774006969900572,942,crowded,5011,0.0,False,False,1000.0,1000.0,36.0,0.8328891001551972,4.081364643336002,3,2,ppo,crowded,5011,True,standard,1.837233499994909,0,0.0,optimized,2.0
goal,True,20.219999999999658,37.70248140731727,1.859786109726608,1.2642541122220774,0.09086980646678067,0.3666205619177258,False,0.0,0.32413363202956624,,1.1174922244397094,1011,crowded,5012,0.0,False,False,1000.0,1000.0,36.0,1.0932146650543806,4.746887235560902,5,1,ppo,crowded,5012,True,standard,2.0154292000006535,163,0.16122650840751732,optimized,2.0
goal,True,20.479999999999652,37.784109091215754,1.8408008410316936,1.1568555601024153,0.08784495486407294,0.371352342392301,False,0.0,1.093137279862811,,1.2272228583273768,1024,crowded,5013,0.0,False,False,1000.0,1000.0,36.0,0.9965686471139685,4.558301693417866,5,1,ppo,crowded,5013,True,standard,2.106409600004554,224,0.21875,optimized,2.0
goal,True,22.159999999999616,38.152531334180175,1.715474904286431,1.2939285293676197,0.08572800319605471,0.402043654359197,False,0.0,0.16622870222654837,,1.152322027017978,1108,crowded,5014,0.0,False,False,1000.0,1000.0,36.0,1.0079404557952962,4.248689932953564,4,2,ppo,crowded,5014,True,standard,2.28735880000022,354,0.3194945848375451,optimized,2.0
goal,True,20.479999999999652,37.61522821117381,1.8317296047483451,1.0069781230270343,0.07379588899690252,0.3609798481757397,False,0.0,0.89613783358202,,1.1354098323021546,1024,crowded,5015,0.0,False,False,1000.0,1000.0,36.0,0.7129585808151011,3.616554150795544,6,1,ppo,crowded,5015,True,standard,2.0594262999948114,215,0.2099609375,optimized,2.0
goal,True,20.17999999999966,36.91729625260467,1.8247173475887717,1.1735938428648003,0.08966084382523751,0.36176395349537244,False,0.0,1.114605515512241,,1.144028657385611,1009,crowded,5016,0.0,False,False,1000.0,1000.0,36.0,1.0824496477512628,4.4970018275504655,4,2,ppo,crowded,5016,True,standard,2.060630100000708,245,0.24281466798810702,optimized,2.0
goal,True,20.259999999999657,37.73358464974714,1.858045392815074,1.3004749412542456,0.09377439056133959,0.4314365011817069,False,0.0,1.2666392839734806,,1.3296650658358067,1013,crowded,5017,0.0,False,False,1000.0,1000.0,36.0,1.0313683035167758,3.069327793573069,6,2,ppo,crowded,5017,True,standard,2.0589639999961946,179,0.17670286278381048,optimized,2.0
goal,True,19.57999999999967,37.32717931275978,1.9026485361261447,1.0782609480029928,0.07578898684626477,0.36103814133479323,False,0.0,0.9574226598165401,,1.1478982412144567,979,crowded,5018,0.0,False,False,1000.0,1000.0,36.0,0.8519960097254107,3.741644975951466,4,1,ppo,crowded,5018,True,standard,1.921716100005142,113,0.11542390194075587,optimized,2.0
goal,True,20.339999999999655,37.78884296336454,1.852867861188475,0.9842445106024892,0.07993148808598642,0.41035266901541256,False,0.0,1.1675419844213037,,1.3239652819886454,1017,crowded,5019,0.0,False,False,1000.0,1000.0,36.0,0.7749984328665865,4.6919924902412244,6,1,ppo,crowded,5019,True,standard,2.056514199997764,163,0.16027531956735497,optimized,2.0
goal,True,19.63999999999967,36.96488128961287,1.8788424141437483,0.9744067885382222,0.07966369680027971,0.32050666834474983,False,0.0,1.1866580832726201,,0.9817566059315624,982,crowded,5020,0.0,False,False,1000.0,1000.0,36.0,0.7248282467948968,4.082261203094857,6,1,ppo,crowded,5020,True,standard,2.004107300002943,146,0.14867617107942974,optimized,2.0
goal,True,20.499999999999652,37.46921636220928,1.824719355700695,1.0554951981438774,0.08108489331035829,0.3201432167462986,False,0.0,1.3819560287885888,,0.873577617468173,1025,crowded,5021,0.0,False,False,1000.0,1000.0,36.0,0.9140104345757991,3.9670663971291336,5,1,ppo,crowded,5021,True,standard,2.003115399995295,247,0.24097560975609755,optimized,2.0
goal,True,20.13999999999966,37.4468103751479,1.8558480719603538,1.0016851719535593,0.06335987194416678,0.3558710207808473,False,0.0,0.992039708047233,,1.0865396073659281,1007,crowded,5022,0.0,False,False,1000.0,1000.0,36.0,0.8496203871888334,4.16327064677573,5,2,ppo,crowded,5022,True,standard,2.0536972999980208,134,0.13306852035749753,optimized,2.0
goal,True,20.99999999999964,37.01367082274084,1.7554345195347532,1.0956046536156099,0.08107301350645087,0.5146318535826776,False,0.0,1.5836852488653452,,1.6105677735250215,1050,crowded,5023,0.0,False,False,1000.0,1000.0,36.0,0.8171074644897484,4.845944573728948,5,2,ppo,crowded,5023,True,standard,2.104189600002428,1,0.0009523809523809524,optimized,2.0
goal,True,19.539999999999672,37.305705786263474,1.9062030557511807,0.9809236066822722,0.07955878982231586,0.332968210602154,False,0.0,1.2137628642437905,,1.0649911396842129,977,crowded,5024,0.0,False,False,1000.0,1000.0,36.0,0.8109383252924722,4.478913919082471,3,2,ppo,crowded,5024,True,standard,1.9877956999989692,108,0.1105424769703173,optimized,2.0
goal,True,18.69999999999969,36.84813860618768,1.969818481685898,0.9941814344694833,0.08515180776516273,0.23597848599660978,False,0.0,1.36237834206017,,0.65445846627449,935,crowded,5025,0.0,False,False,1000.0,1000.0,36.0,0.9732104368642298,4.750233220361416,4,1,ppo,crowded,5025,True,standard,1.7509554999996908,0,0.0,optimized,2.0
goal,True,20.09999999999966,37.4709152625578,1.8602693799644727,1.0208909479990245,0.08303362861211716,0.34449042522521134,False,0.0,0.6489592364906432,,1.1659308307122807,1005,crowded,5026,0.0,False,False,1000.0,1000.0,36.0,0.7262499636679371,4.307968225800889,4,1,ppo,crowded,5026,True,standard,2.059563499999058,186,0.18507462686567164,optimized,2.0
goal,True,26.919999999999515,38.54665107142942,1.4242124471975646,1.2618182984740822,0.07532517831724715,0.4419452537105141,False,0.0,0.21442829224387186,,1.3487742110045804,1346,crowded,5027,0.0,False,False,1000.0,1000.0,36.0,0.876142603073939,3.7904107308165678,5,1,ppo,crowded,5027,True,standard,2.7103988000017125,720,0.5349182763744428,optimized,2.0
goal,True,19.419999999999675,37.23699539039839,1.9134252303524482,1.0732913823389654,0.08787674255887712,0.35930714920497564,False,0.0,1.4054681289226802,,1.121500105464444,971,crowded,5028,0.0,False,False,1000.0,1000.0,36.0,1.0334928486032917,4.609884125974756,6,1,ppo,crowded,5028,True,standard,1.914932100000442,93,0.09577754891864057,optimized,2.0
goal,True,19.379999999999676,37.00131268593853,1.9068359735143283,1.0570931058956021,0.0794149963378462,0.332453359657019,False,0.0,1.0121910639972247,,0.9735821567637156,969,crowded,5029,0.0,False,False,1000.0,1000.0,36.0,0.8960683121439519,3.612757000380382,4,2,ppo,crowded,5029,True,standard,1.8552133000048343,109,0.11248710010319918,optimized,2.0
goal,True,19.759999999999668,37.31190642484731,1.88568287153326,1.0242658732229777,0.07837469545233869,0.31143855850487895,False,0.0,1.3018370845773866,,1.054177250261754,988,crowded,5030,0.0,False,False,1000.0,1000.0,36.0,0.702641268886089,3.5741138987672745,5,1,ppo,crowded,5030,True,standard,2.0373183999981848,144,0.145748987854251,optimized,2.0
goal,True,21.279999999999635,37.635926291402214,1.7611559088836142,1.247823018117,0.09427642176268346,0.44195814813937695,False,0.0,0.5328712844716411,,1.3610002967633683,1064,crowded,5031,0.0,False,False,1000.0,1000.0,36.0,1.0541886438268662,3.7270554480582403,4,2,ppo,crowded,5031,True,standard,2.133190000000468,332,0.31203007518796994,optimized,2.0
goal,True,20.399999999999654,37.98425110977565,1.8575429624599653,1.0359958994043361,0.07886162774793681,0.3979176502905536,False,0.0,0.7705146141359599,,1.3289964895194903,1020,crowded,5032,0.0,False,False,1000.0,1000.0,36.0,0.8808706052658889,4.3792262715010075,5,1,ppo,crowded,5032,True,standard,2.054891799998586,165,0.16176470588235295,optimized,2.0
goal,True,19.459999999999674,37.65221911909967,1.932896982663205,1.309689279335733,0.08104686904948302,0.34768887205303295,False,0.0,1.9821635837416747,,1.0012185633342416,973,crowded,5033,0.0,False,False,1000.0,1000.0,36.0,1.0836130709500158,3.666279579977531,3,1,ppo,crowded,5033,True,standard,1.8280154999956721,58,0.05960945529290853,optimized,2.0
goal,True,19.859999999999665,36.94679875639876,1.8568978529840146,1.0299015587682832,0.07622965142369148,0.36838577306782155,False,0.0,1.4061209442269749,,1.1413087904072912,993,crowded,5034,0.0,False,False,1000.0,1000.0,36.0,0.7665500295059827,3.804995479071652,5,2,ppo,crowded,5034,True,standard,2.0804279999938444,198,0.19939577039274925,optimized,2.0
goal,True,20.939999999999642,37.79515023952988,1.7991342040457203,1.010914801066037,0.07912836527553496,0.39410212358261254,False,0.0,0.4087179150228827,,1.2293658924992092,1047,crowded,5035,0.0,False,False,1000.0,1000.0,36.0,0.9199233332386492,4.156022809768874,5,1,ppo,crowded,5035,True,standard,2.090323800002807,288,0.27507163323782235,optimized,2.0
goal,True,21.51999999999963,37.75553292910588,1.7495056553414499,1.1594760368893766,0.09026668444383776,0.3453269895330737,False,0.0,0.5567541885196438,,1.0167883780183136,1076,crowded,5036,0.0,False,False,1000.0,1000.0,36.0,1.0648143012996332,4.3024889064133,3,1,ppo,crowded,5036,True,standard,2.139157300000079,320,0.29739776951672864,optimized,2.0
goal,True,19.939999999999664,37.34380248335392,1.8684979897974061,0.9052681689419944,0.08461796716099314,0.3204459326253591,False,0.0,0.7828920300550728,,1.1599841255547507,997,crowded,5037,0.0,False,False,1000.0,1000.0,36.0,0.7092210370314546,4.854865496269261,5,2,ppo,crowded,5037,True,standard,1.951838000000862,168,0.16850551654964896,optimized,2.0
goal,True,19.779999999999667,36.98893761952396,1.8660246615072722,1.067785751505813,0.09263469415870863,0.3514014072101949,False,0.0,0.787226229122503,,1.1763182268180887,989,crowded,5038,0.0,False,False,1000.0,1000.0,36.0,1.0555417311834316,4.89287011986292,3,1,ppo,crowded,5038,True,standard,1.943153499996697,173,0.17492416582406473,optimized,2.0
goal,True,28.09999999999949,38.16497433435433,1.3442281904536961,1.2077445562884916,0.09161871275006911,0.48350934238822374,False,0.0,0.4597710765236377,,1.5314386892640808,1405,crowded,5039,0.0,False,False,1000.0,1000.0,36.0,0.9402582229555535,3.6144856875598865,6,2,ppo,crowded,5039,True,standard,2.976947900002415,652,0.46405693950177934,optimized,2.0
goal,True,19.539999999999672,37.84880022180982,1.9339083744878118,1.2282198552366472,0.09485077528135065,0.42533306039671254,False,0.0,1.921562642682386,,1.2121141064243812,977,crowded,5040,0.0,False,False,1000.0,1000.0,36.0,0.9712075052113058,3.1920688461343363,4,2,ppo,crowded,5040,True,standard,2.0178564000016195,55,0.05629477993858751,optimized,2.0
goal,True,20.419999999999654,38.078501964272675,1.8594473867592907,1.0879796081845876,0.07825865175800542,0.4613136798313357,False,0.0,0.6372442690046687,,1.3752957524215867,1021,crowded,5041,0.0,False,False,1000.0,1000.0,36.0,0.7917534446414414,3.1247853346898227,5,2,ppo,crowded,5041,True,standard,2.0465787000066484,188,0.1841332027424094,optimized,2.0
goal,True,19.999999999999662,37.42809413606748,1.868256735875441,1.086359264415559,0.0821818825472212,0.3343550297626769,False,0.0,1.1491220169154064,,0.9859531341597528,1000,crowded,5042,0.0,False,False,1000.0,1000.0,36.0,0.9598932040906721,3.486030199242384,5,1,ppo,crowded,5042,True,standard,2.0106587999980547,168,0.168,optimized,2.0
goal,True,20.19999999999966,37.5637880130849,1.8561574644545353,1.3127394293215564,0.08948641519251269,0.38375622305667273,False,0.0,1.9494835315853851,,1.1244789372876114,1010,crowded,5043,0.0,False,False,1000.0,1000.0,36.0,1.0898186350139498,4.0020376195110305,3,2,ppo,crowded,5043,True,standard,2.0245651000004727,183,0.18118811881188118,optimized,2.0
goal,True,19.69999999999967,37.045824900006124,1.8775432873578026,1.101457545615941,0.08276469105539708,0.33887086741073363,False,0.0,0.9116300536574535,,1.0256257070428616,985,crowded,5044,0.0,False,False,1000.0,1000.0,36.0,1.0178429474867148,3.6549452422762707,3,2,ppo,crowded,5044,True,standard,1.9464858999999706,147,0.14923857868020304,optimized,2.0
goal,True,19.879999999999665,37.3256823786027,1.8739406653958455,1.0351338591176613,0.07787399337745594,0.4037682290692443,False,0.0,1.0923889672779665,,1.2151186402993799,994,crowded,5045,0.0,False,False,1000.0,1000.0,36.0,0.7659494631232381,3.545543304209088,5,2,ppo,crowded,5045,True,standard,1.9845679999998538,166,0.16700201207243462,optimized,2.0
goal,True,20.17999999999966,37.36339373634263,1.8466299621241178,1.1580513361912228,0.09041503612848312,0.47191451267760737,False,0.0,0.6231890972126789,,1.3555041680286837,1009,crowded,5046,0.0,False,False,1000.0,1000.0,36.0,0.9011545969108519,3.3327744218409308,4,2,ppo,crowded,5046,True,standard,2.1518967999945744,151,0.14965312190287414,optimized,2.0
goal,True,19.57999999999967,37.27829111457308,1.9013645496628309,1.0674180789344376,0.0882860703841908,0.3154487921563017,False,0.0,1.1918495396382311,,0.8650092585727438,979,crowded,5047,0.0,False,False,1000.0,1000.0,36.0,0.9983218093282231,3.1410251815083683,3,1,ppo,crowded,5047,True,standard,1.851933400001144,111,0.11338100102145046,optimized,2.0
goal,True,19.439999999999674,37.08684285874526,1.9060658602490725,1.097709960579363,0.08883716601516588,0.30684864985062066,False,0.0,1.8389047263663316,,0.8154845582838856,972,crowded,5048,0.0,False,False,1000.0,1000.0,36.0,1.0213876505575938,3.411304677538264,4,1,ppo,crowded,5048,True,standard,1.9148916000049212,112,0.11522633744855967,optimized,2.0
goal,True,18.859999999999687,37.18509790449651,1.9692219164210862,1.0320333696460287,0.08397461745327074,0.32514161927850255,False,0.0,2.092134981245451,,0.9953549515271369,943,crowded,5049,0.0,False,False,1000.0,1000.0,36.0,0.7517994105580714,3.1978602646371006,6,2,ppo,crowded,5049,True,standard,1.8955828999969526,1,0.0010604453870625664,optimized,2.0
goal,True,20.09999999999966,37.274111879081396,1.8505958034043346,0.9830128212235446,0.0871136187561509,0.3373256217331659,False,0.0,1.170867240202276,,1.1136323179953531,1005,crowded,5050,0.0,False,False,1000.0,1000.0,36.0,0.8591909328138473,4.110811346493778,5,1,ppo,crowded,5050,True,standard,2.0710465000011027,200,0.19900497512437812,optimized,2.0
goal,True,19.779999999999667,37.690167058533525,1.9020013670107283,1.0835419872010468,0.07743782578533083,0.38940262939621684,False,0.0,1.8257578605610763,,1.204130472234721,989,crowded,5051,0.0,False,False,1000.0,1000.0,36.0,0.8470793717637798,3.4696736983662753,3,2,ppo,crowded,5051,True,standard,2.007778300001519,121,0.12234580384226491,optimized,2.0
goal,True,20.11999999999966,37.803197605305016,1.8739501772410048,1.0580960555993322,0.08871283666880815,0.3885756285888904,False,0.0,1.182129897539298,,1.298710398827321,1006,crowded,5052,0.0,False,False,1000.0,1000.0,36.0,0.9377640601298551,4.903101107035168,5,2,ppo,crowded,5052,True,standard,2.0569230999972206,164,0.16302186878727634,optimized,2.0
goal,True,19.879999999999665,37.886140470753425,1.902964919167328,1.0988492395746674,0.06942890187104395,0.4103435585740247,False,0.0,2.386311140783656,,1.2984553382919926,994,crowded,5053,0.0,False,False,1000.0,1000.0,36.0,0.8890868185879244,4.381330884174664,6,2,ppo,crowded,5053,True,standard,2.060802899999544,1,0.001006036217303823,optimized,2.0
goal,True,20.13999999999966,37.394504584341675,1.8537559948361417,1.0307467738680924,0.07518529933309072,0.35330407816940285,False,0.0,0.9638390016763958,,1.068789701226246,1007,crowded,5054,0.0,False,False,1000.0,1000.0,36.0,0.8256418136260787,4.113300036428866,5,1,ppo,crowded,5054,True,standard,2.3568298000027426,172,0.1708043694141013,optimized,2.0
goal,True,20.679999999999648,38.08935684981069,1.833107999990119,1.325222690495451,0.09669613360056392,0.5590421834315356,False,0.0,0.79782079802178,,1.6058039416109116,1034,crowded,5055,0.0,False,False,1000.0,1000.0,36.0,1.0471282526832821,3.420582573190744,6,1,ppo,crowded,5055,True,standard,2.527397199999541,13,0.012572533849129593,optimized,2.0
goal,True,21.379999999999633,37.780528825032576,1.7600019928791568,1.1105178551566555,0.07754250426548158,0.4270214281025032,False,0.0,0.577122871253743,,1.1524838450427708,1069,crowded,5056,0.0,False,False,1000.0,1000.0,36.0,0.891086723699156,3.5916894807551056,3,2,ppo,crowded,5056,True,standard,2.597165999999561,280,0.26192703461178674,optimized,2.0
goal,True,19.779999999999667,37.59983785758466,1.896912724736809,1.060672156258806,0.0925371057788176,0.41967285344816263,False,0.0,0.4918390476503586,,1.2410789702346232,989,crowded,5057,0.0,False,False,1000.0,1000.0,36.0,0.7886726452745311,3.003224526127708,3,1,ppo,crowded,5057,True,standard,2.4385576999993646,129,0.13043478260869565,optimized,2.0
goal,True,21.05999999999964,37.37026260375905,1.7710716911654083,1.1071443917468224,0.11328492820193022,0.34089730373955507,False,0.0,1.017251615913631,,1.0232758641952084,1053,crowded,5058,0.0,False,False,1000.0,1000.0,36.0,0.9098807370435502,3.73068557622015,6,1,ppo,crowded,5058,True,standard,2.188535799999954,218,0.2070275403608737,optimized,2.0
goal,True,19.919999999999664,37.04325875062845,1.8563819814647717,1.0436143854621607,0.09252606213456192,0.32208049072584294,False,0.0,1.0802174428972322,,1.097727353175148,996,crowded,5059,0.0,False,False,1000.0,1000.0,36.0,0.9012639362358253,4.957237543027349,3,2,ppo,crowded,5059,True,standard,1.9949196000015945,190,0.19076305220883535,optimized,2.0
goal,True,19.499999999999673,37.564465406194664,1.9224521954305385,1.0696396492019449,0.08231378548343776,0.42791153583679914,False,0.0,1.2182432487167887,,1.2961339187004655,975,crowded,5060,0.0,False,False,1000.0,1000.0,36.0,0.8376462876131555,3.7326058238479085,4,1,ppo,crowded,5060,True,standard,1.9368950999996741,86,0.0882051282051282,optimized,2.0
goal,True,20.05999999999966,37.522563520476965,1.8649951780185863,1.2821986942593164,0.09680831403292262,0.459208793662714,False,0.0,0.9505885282342359,,1.3058507258097274,1003,crowded,5061,0.0,False,False,1000.0,1000.0,36.0,1.0911674506139513,3.3022139240992363,4,2,ppo,crowded,5061,True,standard,2.1750954000017373,178,0.17746759720837488,optimized,2.0
goal,True,19.919999999999664,37.52826123764741,1.8783175901714242,1.0246136471048668,0.07392202513630107,0.36608319148630897,False,0.0,1.4769345439498414,,1.1075057569402926,996,crowded,5062,0.0,False,False,1000.0,1000.0,36.0,0.9993468346705692,4.2770388427792305,6,1,ppo,crowded,5062,True,standard,1.997355499996047,142,0.142570281124498,optimized,2.0
goal,True,19.799999999999667,37.536908419649606,1.8917744448586375,0.960259561510601,0.08452781263579763,0.39030728201946396,False,0.0,1.700279481327218,,1.1949159350365575,990,crowded,5063,0.0,False,False,1000.0,1000.0,36.0,0.7330288069420039,4.928957495797438,5,2,ppo,crowded,5063,True,standard,2.0398647999973036,77,0.07777777777777778,optimized,2.0
goal,True,22.119999999999617,37.9094354583932,1.7059308208574717,1.0444331286350073,0.08253839862692125,0.458113993480468,False,0.0,1.9580494276637423,,1.4833721896627834,1106,crowded,5064,0.0,False,False,1000.0,1000.0,36.0,0.7150441580757758,4.5863073577415205,5,2,ppo,crowded,5064,True,standard,2.351665399997728,151,0.13652802893309224,optimized,2.0
goal,True,27.13999999999951,38.71158643254657,1.416488864760751,1.069087425162656,0.08722879579000718,0.4169378536224053,False,0.0,0.23914839110507305,,1.438854857436882,1357,crowded,5065,0.0,False,False,1000.0,1000.0,36.0,0.8035442786646663,4.8563894445347895,4,2,ppo,crowded,5065,True,standard,2.8403140000009444,561,0.4134119380987472,optimized,2.0
goal,True,21.219999999999636,38.34154515850521,1.7976778350086653,1.1694525837220584,0.07968383802832245,0.5530078989014291,False,0.0,1.089189463737035,,1.5877133967036776,1061,crowded,5066,0.0,False,False,1000.0,1000.0,36.0,0.937066294483499,3.9869918481657125,6,2,ppo,crowded,5066,True,standard,2.1715356999993674,126,0.11875589066918002,optimized,2.0
goal,True,22.01999999999962,37.224913464361364,1.6815553601957685,1.212356663265852,0.08184534253480229,0.4840738215177843,False,0.0,0.9170840575414312,,1.436923836496501,1101,crowded,5067,0.0,False,False,1000.0,1000.0,36.0,1.0106291334825726,4.98601841338545,5,1,ppo,crowded,5067,True,standard,2.253451299999142,189,0.17166212534059946,optimized,2.0
goal,True,20.379999999999654,37.958435113117666,1.8590658367200101,1.0233981677980049,0.08730005014853448,0.3689850844427451,False,0.0,1.9093442298068555,,1.0775589579614047,1019,crowded,5068,0.0,False,False,1000.0,1000.0,36.0,0.8970326161018014,3.68361918406922,5,1,ppo,crowded,5068,True,standard,2.1152536000008695,82,0.08047105004906771,optimized,2.0
goal,True,20.019999999999662,37.19703954755147,1.8546917166409862,1.0085766136746648,0.07569708554770654,0.2912760278383906,False,0.0,0.7071468800787045,,0.7744264815468034,1001,crowded,5069,0.0,False,False,1000.0,1000.0,36.0,0.7403470360296646,4.211614650645206,4,1,ppo,crowded,5069,True,standard,2.0026397999972687,173,0.17282717282717283,optimized,2.0
goal,True,23.279999999999593,37.33218880313877,1.595772840871169,1.2369000561174022,0.0825315032312479,0.5239043591921035,False,0.0,1.6350504595878719,,1.4169587825716843,1164,crowded,5070,0.0,False,False,1000.0,1000.0,36.0,0.8627394964655488,3.014792907872379,3,2,ppo,crowded,5070,True,standard,2.302829300002486,413,0.3548109965635739,optimized,2.0
goal,True,19.739999999999668,37.41902274399868,1.892775445457419,1.001969763397698,0.07828078184141819,0.3331121555031116,False,0.0,0.6049265138824286,,1.0872990734948094,987,crowded,5071,0.0,False,False,1000.0,1000.0,36.0,0.7508349199984138,4.164918454437569,6,1,ppo,crowded,5071,True,standard,2.1414206999979797,109,0.11043566362715299,optimized,2.0
goal,True,19.69999999999967,37.52307559742831,1.900518107201905,1.0551632832132882,0.08974657214169487,0.3945781531942843,False,0.0,1.4436867578217027,,1.263695909771791,985,crowded,5072,0.0,False,False,1000.0,1000.0,36.0,1.0845422517924654,4.727316696900118,4,2,ppo,crowded,5072,True,standard,2.010113399999682,120,0.1218274111675127,optimized,2.0
goal,True,19.359999999999676,37.57073302697264,1.937226211596088,1.0340277967308855,0.07958231526619547,0.3851872293030857,False,0.0,2.1968030181007125,,1.1422543366139148,968,crowded,5073,0.0,False,False,1000.0,1000.0,36.0,0.7450583759123013,3.615451791111634,3,2,ppo,crowded,5073,True,standard,2.0320330999966245,63,0.06508264462809918,optimized,2.0
goal,True,21.53999999999963,37.935332672673006,1.7574704222178252,1.0258884082007087,0.08339941781427818,0.34866442610795206,False,0.0,0.7071062354265917,,1.2662611798649546,1077,crowded,5074,0.0,False,False,1000.0,1000.0,36.0,0.847212170166827,4.87418254885662,5,2,ppo,crowded,5074,True,standard,2.2052017000023625,144,0.13370473537604458,optimized,2.0
goal,True,24.619999999999564,37.35099414729879,1.509992105079609,1.1458587871591048,0.0805356874572899,0.4547352563293069,False,0.0,1.3203651029217223,,1.3760415238696957,1231,crowded,5075,0.0,False,False,1000.0,1000.0,36.0,0.9218759880118024,4.235974977511892,5,2,ppo,crowded,5075,True,standard,2.6639767000015127,771,0.6263200649878148,optimized,2.0
goal,True,20.07999999999966,37.28032501902564,1.8534555631152392,1.1089909649371923,0.08727505183203471,0.39594831010905657,False,0.0,1.4661949773365897,,1.1417310773214318,1004,crowded,5076,0.0,False,False,1000.0,1000.0,36.0,1.0292612569337438,4.688945080828985,6,1,ppo,crowded,5076,True,standard,2.0102418000024045,207,0.2061752988047809,optimized,2.0
goal,True,19.419999999999675,37.42385820834487,1.9243946307978275,0.9685350978881678,0.08225056227221939,0.33093781164463826,False,0.0,0.6425192792428068,,1.1145865430890993,971,crowded,5077,0.0,False,False,1000.0,1000.0,36.0,0.7481831815301382,4.683266037657667,5,2,ppo,crowded,5077,True,standard,1.9315531000029296,86,0.08856848609680741,optimized,2.0
goal,True,24.959999999999557,38.02586760823154,1.5138885779944273,1.299226118835792,0.08840432430986023,0.4800701875635628,False,0.0,0.7402314411396027,,1.3982597351627912,1248,crowded,5078,0.0,False,False,1000.0,1000.0,36.0,1.052260869021958,3.1100311875618685,5,1,ppo,crowded,5078,True,standard,2.6739587999982177,705,0.5649038461538461,optimized,2.0
goal,True,19.759999999999668,37.23688982626225,1.881165856303157,1.125567364768453,0.07825850343336153,0.39243281592331547,False,0.0,0.9076993724883511,,1.1954491997069736,988,crowded,5079,0.0,False,False,1000.0,1000.0,36.0,0.948921384405256,4.056615073880624,4,1,ppo,crowded,5079,True,standard,2.0380539000034332,149,0.1508097165991903,optimized,2.0
goal,True,20.899999999999643,37.96500138670525,1.8117360970740848,1.101809071599149,0.08118846313077549,0.4008852409398697,False,0.0,0.517341513547759,,1.173749839298673,1045,crowded,5080,0.0,False,False,1000.0,1000.0,36.0,0.8413522982777953,3.3399048040720363,6,1,ppo,crowded,5080,True,standard,2.1204126000011456,117,0.11196172248803828,optimized,2.0
goal,True,23.539999999999587,37.183398988184386,1.572102227759578,1.0363754726961585,0.08665606125042334,0.4138960888139585,False,0.0,0.6730919408396993,,1.3602556686327434,1177,crowded,5081,0.0,False,False,1000.0,1000.0,36.0,0.857903395921944,4.654924338620467,6,1,ppo,crowded,5081,True,standard,2.359048600003007,367,0.31180968564146133,optimized,2.0
goal,True,19.539999999999672,36.865118282023616,1.8843866230301471,0.9738642974949652,0.08227194905913239,0.2877877559913152,False,0.0,0.8283212333614165,,0.9418282515940601,977,crowded,5082,0.0,False,False,1000.0,1000.0,36.0,0.7955105971431277,4.6545013175171706,3,1,ppo,crowded,5082,True,standard,1.9155022999984794,145,0.14841351074718526,optimized,2.0
goal,True,19.399999999999675,37.10750180571229,1.9090597690880104,1.0228723948686147,0.08956109191917114,0.35383229235275043,False,0.0,0.8830422276138062,,1.1105762909741277,970,crowded,5083,0.0,False,False,1000.0,1000.0,36.0,0.8508672632349321,4.7793800012599625,6,1,ppo,crowded,5083,True,standard,2.065439600002719,92,0.09484536082474226,optimized,2.0
goal,True,19.799999999999667,36.99129035816392,1.865765143365139,1.0640982420855938,0.0889365350740685,0.33603605487446764,False,0.0,0.9885902494793275,,0.999218494778886,990,crowded,5084,0.0,False,False,1000.0,1000.0,36.0,1.0530656978728266,3.603905821938964,3,1,ppo,crowded,5084,True,standard,1.993756999996549,179,0.1808080808080808,optimized,2.0
goal,True,19.839999999999666,37.34971463205495,1.8791736028593464,1.098225521954171,0.055115523930416126,0.3422705909957489,False,0.0,0.9307754355653661,,1.035928153267708,992,crowded,5085,0.0,False,False,1000.0,1000.0,36.0,0.718730957787409,3.4803602936247238,6,1,ppo,crowded,5085,True,standard,1.943436900000961,134,0.1350806451612903,optimized,2.0
goal,True,19.439999999999674,37.13427822299217,1.9079034114246205,1.0144475488803038,0.08433816170164318,0.31439653996997824,False,0.0,1.3983775134308278,,0.8326659817430402,972,crowded,5086,0.0,False,False,1000.0,1000.0,36.0,0.8461753811272056,4.201848831134938,4,2,ppo,crowded,5086,True,standard,1.9282008000009228,101,0.10390946502057613,optimized,2.0
goal,True,20.319999999999656,36.9713298051943,1.8162047904441911,1.016073024751295,0.07052342933910011,0.31601107762242475,False,0.0,0.24813365466801315,,0.8782641303563862,1016,crowded,5087,0.0,False,False,1000.0,1000.0,36.0,0.7297546609361127,3.6178111164901976,4,1,ppo,crowded,5087,True,standard,2.0870406000030925,217,0.21358267716535434,optimized,2.0
goal,True,19.23999999999968,36.95801857658045,1.9179828332878048,1.111938236644062,0.09261430481374258,0.3810072187793863,False,0.0,0.9180993717362027,,1.0623516339939285,962,crowded,5088,0.0,False,False,1000.0,1000.0,36.0,0.9086910672377201,3.076056513841886,5,2,ppo,crowded,5088,True,standard,1.9227065000013681,87,0.09043659043659044,optimized,2.0
goal,True,20.61999999999965,36.97789019193955,1.7904666302054446,1.0829065176067865,0.08285702586495215,0.3256601555927368,False,0.0,0.5598584906044592,,0.963074876857168,1031,crowded,5089,0.0,False,False,1000.0,1000.0,36.0,0.7969012135678066,3.4746629759075462,3,1,ppo,crowded,5089,True,standard,2.0431552000009106,197,0.19107662463627545,optimized,2.0
goal,True,19.519999999999673,37.814522850568316,1.9331181960381647,1.095843853864191,0.07707703013759885,0.4435474566876709,False,0.0,2.258620113310665,,1.3079496948509817,976,crowded,5090,0.0,False,False,1000.0,1000.0,36.0,0.812731185705469,3.0192451758830843,5,1,ppo,crowded,5090,True,standard,2.176970099993923,0,0.0,optimized,2.0
goal,True,19.799999999999667,37.89880564850541,1.909996883634321,1.1409082298825883,0.08142169358677427,0.4579393610253158,False,0.0,1.0121769955677267,,1.4014359800653453,990,crowded,5091,0.0,False,False,1000.0,1000.0,36.0,0.8747085205182346,3.2140859613197943,6,2,ppo,crowded,5091,True,standard,2.0616089000031934,94,0.09494949494949495,optimized,2.0
goal,True,21.639999999999628,37.805321544764176,1.7402247682292828,1.3328278999230265,0.07856595599953267,0.39793909091888613,False,0.0,0.8223180106079484,,1.1341036947617875,1082,crowded,5092,0.0,False,False,1000.0,1000.0,36.0,0.8347057354303752,3.6104146276233733,5,1,ppo,crowded,5092,True,standard,2.2165050999974483,323,0.29852125693160814,optimized,2.0
goal,True,18.979999999999684,37.41609382265135,1.967898125354376,0.9612310613459607,0.07326618972282194,0.3974466207026908,False,0.0,1.3798135208939333,,1.234212067002165,949,crowded,5093,0.0,False,False,1000.0,1000.0,36.0,0.7027821538503214,4.517424137019871,3,2,ppo,crowded,5093,True,standard,1.9668141000001924,0,0.0,optimized,2.0
goal,True,18.519999999999694,36.53331725461273,1.9717443004135309,0.9857497910034972,0.07775387991807546,0.2593829006636082,False,0.0,2.330445427447806,,0.6994228120221971,926,crowded,5094,0.0,False,False,1000.0,1000.0,36.0,0.759548402527707,4.534496637945709,3,2,ppo,crowded,5094,True,standard,1.8476067000010516,0,0.0,optimized,2.0
goal,True,25.75999999999954,37.76186857050737,1.4583859772175967,1.1908164552142475,0.07285243843578926,0.4907441818201728,False,0.0,1.4279767598129163,,1.7136143041630496,1288,crowded,5095,0.0,False,False,1000.0,1000.0,36.0,0.7038176926854574,4.7716698558317745,5,1,ppo,crowded,5095,True,standard,2.6521509000012884,142,0.11024844720496894,optimized,2.0
goal,True,20.11999999999966,37.755075975831176,1.871782245654839,1.2103797576902129,0.08613773147422658,0.44747588444439335,False,0.0,0.8911785537170624,,1.349258400540175,1006,crowded,5096,0.0,False,False,1000.0,1000.0,36.0,1.0818708535353732,4.332364566134115,4,2,ppo,crowded,5096,True,standard,2.1482949999990524,148,0.147117296222664,optimized,2.0
goal,True,19.939999999999664,38.26889657482373,1.9151980289616453,1.285292709131429,0.08239168566705932,0.49729994404494804,False,0.0,1.941503063835756,,1.5240294591658923,997,crowded,5097,0.0,False,False,1000.0,1000.0,36.0,1.0513529123167236,3.996850644935159,5,2,ppo,crowded,5097,True,standard,2.0755262000020593,55,0.055165496489468405,optimized,2.0
goal,True,20.05999999999966,36.941774769198595,1.8370102896616713,1.2439995639473564,0.08675366055494457,0.35700928099170126,False,0.0,1.0637038521582673,,0.9258134630276672,1003,crowded,5098,0.0,False,False,1000.0,1000.0,36.0,1.071515063165253,3.7814489751499796,3,1,ppo,crowded,5098,True,standard,2.034049199995934,216,0.21535393818544366,optimized,2.0
goal,True,20.65999999999965,38.070006183349605,1.839894431819893,1.3415226353546497,0.08709271229120467,0.456311783875782,False,0.0,1.7794654151289269,,1.318474555644838,1033,crowded,5099,0.0,False,False,1000.0,1000.0,36.0,0.9961736911557313,3.2102618071198448,3,1,ppo,crowded,5099,True,standard,2.0077209000010043,0,0.0,optimized,2.0
goal,True,23.659999999999584,36.525005465760714,1.5366779417552079,2.172073979433715,0.9922587032989562,0.5248048556712849,False,0.0,0.677344199317661,,1.6039543248194945,1183,mixed,5000,0.10063859654556317,False,False,16.0,22.0,36.0,0.8421893577539279,3.1106926377148136,3,1,ppo,mixed,5000,True,standard,2.4380937999958405,499,0.42180896027049875,optimized,2.0
goal,True,21.699999999999626,36.653028359257085,1.6789127343971926,2.6507795732392716,1.4610827247093174,0.6043773731444086,False,0.0,0.43149381282420585,,1.4481001784972156,1085,mixed,5001,0.1361326555543014,False,False,16.0,22.0,36.0,1.0085497877150973,3.463029867560513,2,1,ppo,mixed,5001,True,standard,2.1699743999997736,318,0.29308755760368665,optimized,2.0
off_sidewalk,False,5.479999999999971,9.52375984071765,1.735892775042106,1.131717781596388,0.47150156321032766,0.49335001845519255,False,0.0,0.4099323221964901,,0.4597674027625946,274,mixed,5002,0.10779195637104258,False,False,16.0,22.0,36.0,1.006598628122048,3.903147756916806,4,2,ppo,mixed,5002,True,standard,0.604583399996045,34,0.12408759124087591,optimized,2.0
goal,True,21.399999999999633,36.43592336369391,1.69523572916306,2.140446760469399,0.9473320111502934,0.4974159538590372,False,0.0,0.13207004832976937,,1.7084463123443987,1070,mixed,5003,0.1152588703871631,False,False,16.0,22.0,36.0,0.7517930892575723,3.7871843554365645,3,2,ppo,mixed,5003,True,standard,2.372439899998426,300,0.2803738317757009,optimized,2.0
goal,True,18.839999999999687,36.48986813478417,1.9313174295832634,2.837581431355568,1.1243289754607204,0.5548402522398217,False,0.0,0.6679280415318778,,1.4133336628268187,942,mixed,5004,0.09395417832217653,False,False,16.0,22.0,36.0,0.890305269851523,3.167338564992484,2,2,ppo,mixed,5004,True,standard,1.8881665999942925,4,0.004246284501061571,optimized,2.0
goal,True,21.49999999999963,36.643045927436695,1.694401619316325,1.6860734777861313,1.5954029319337344,0.574544574163258,False,0.0,0.16095747345860406,,1.4473510694450888,1075,mixed,5005,0.14452422563128192,False,False,16.0,22.0,36.0,0.9124810113829057,3.4541322103790937,2,1,ppo,mixed,5005,True,standard,2.179756500001531,248,0.23069767441860464,optimized,2.0
stall,False,30.819999999999432,28.31755074659192,0.9121534624186826,2.2479288497280328,0.912548694411382,0.4296000985701843,False,0.0,0.03598559161883769,,1.3055534610181325,1541,mixed,5006,0.11823518779379621,False,False,16.0,22.0,36.0,0.878948645244961,4.724539790888749,3,2,ppo,mixed,5006,True,standard,3.147498900005303,127,0.08241401687216093,optimized,2.0
goal,True,22.079999999999618,36.9758925511222,1.668366585953633,1.789736542278265,0.8136176595365348,0.41650432675197285,False,0.0,0.3404267299892325,,1.56854327308543,1104,mixed,5007,0.09332622163787102,True,False,16.0,22.0,36.0,0.7003099757032973,4.832701252556141,3,3,ppo,mixed,5007,True,standard,2.3317779999997583,362,0.3278985507246377,optimized,2.0
goal,True,25.119999999999553,37.59481903651382,1.4876864144247524,1.3754685316338717,0.6780111719195445,0.4608053279470446,False,0.0,0.36678340320448133,,1.4518015860306228,1256,mixed,5008,0.090077259790111,False,False,16.0,22.0,36.0,0.7780156087365453,4.103977423040574,4,1,ppo,mixed,5008,True,standard,2.6215059000023757,351,0.27945859872611467,optimized,2.0
stall,False,33.539999999999644,30.052838904275543,0.8905365768898911,1.5438016441335622,0.4781126493497662,0.38781023078655086,False,0.0,0.30397981936524354,,1.7618890100824436,1677,mixed,5009,0.11325841109235353,True,True,16.0,22.0,36.0,0.9689358374482765,3.4873356243580726,3,3,ppo,mixed,5009,True,standard,3.496233799996844,129,0.07692307692307693,optimized,2.0
goal,True,20.299999999999656,36.58016553810043,1.7943911229312737,1.7649279762780725,1.1120996899497637,0.47620444805167284,False,0.0,0.5576097278456968,,1.180938761470517,1015,mixed,5010,0.14381243175444086,False,False,16.0,22.0,36.0,0.7051556442607216,3.7667485448765166,2,1,ppo,mixed,5010,True,standard,2.1566284999935306,146,0.1438423645320197,optimized,2.0
stall,False,22.619999999999607,8.016501738814018,0.34972777484393125,1.1132454769771085,0.08024657013871257,0.2727914669344018,False,0.0,0.47709690402387384,,0.5049432684301582,1131,mixed,5011,0.14971532004645052,True,True,16.0,22.0,36.0,0.8328891001551972,4.081364643336002,2,2,ppo,mixed,5011,True,standard,2.4746081000048434,84,0.07427055702917772,optimized,2.0
goal,True,20.53999999999965,36.597650197781626,1.7716611675392742,2.46624806809209,1.0175576286952708,0.6408356979161381,False,0.0,0.6604264116807178,,1.6233257054302959,1027,mixed,5012,0.11599739438211938,False,False,16.0,22.0,36.0,1.0932146650543806,4.746887235560902,4,1,ppo,mixed,5012,True,standard,2.1000849999982165,199,0.1937682570593963,optimized,2.0
goal,True,20.15999999999966,36.80990956761208,1.8185687672728583,1.671423064982436,0.7640038758373169,0.48848090576629705,False,0.0,0.7459026942038539,,1.30093202665957,1008,mixed,5013,0.11438074496395545,True,False,16.0,22.0,36.0,0.9965686471139685,4.558301693417866,3,1,ppo,mixed,5013,True,standard,2.081950500003586,149,0.14781746031746032,optimized,2.0
goal,True,22.119999999999617,36.46565499180533,1.639204480005152,1.486962896124433,0.9242778525964991,0.5711905166567709,False,0.0,0.45693681446363754,,1.9053766122356566,1106,mixed,5014,0.13211528278562787,False,False,16.0,22.0,36.0,1.0079404557952962,4.248689932953564,3,1,ppo,mixed,5014,True,standard,2.441925799997989,183,0.1654611211573237,optimized,2.0
goal,True,21.07999999999964,36.60674258577962,1.7276494906131812,2.0529253975792345,1.3049779736506095,0.5424669933108426,False,0.0,0.4750459421706653,,1.5458256435925684,1054,mixed,5015,0.11307428979546041,False,False,16.0,22.0,36.0,0.7129585808151011,3.616554150795544,3,2,ppo,mixed,5015,True,standard,2.2630558000018937,124,0.11764705882352941,optimized,2.0
off_sidewalk,False,9.519999999999886,9.047653810461306,0.9350624247955983,1.2754375610559705,0.3909853874494047,0.5207521896434684,False,0.0,0.3813884065232488,,0.526224375565029,476,mixed,5016,0.12328780373270565,False,False,16.0,22.0,36.0,1.0824496477512628,4.4970018275504655,4,2,ppo,mixed,5016,True,standard,1.0717760999978054,303,0.6365546218487395,optimized,2.0
goal,True,20.11999999999966,36.54672645860499,1.8073759509390035,2.311543588180835,0.9725385189760972,0.6307876307182828,False,0.0,0.6026314204525292,,1.4751736466712084,1006,mixed,5017,0.12162928738333142,False,False,16.0,22.0,36.0,1.0313683035167758,3.069327793573069,2,1,ppo,mixed,5017,True,standard,1.995421300001908,112,0.11133200795228629,optimized,2.0
goal,True,20.57999999999965,36.453053382430504,1.7663157552973623,2.5216321265349517,1.269846337992687,0.49999778917074045,False,0.0,0.1798900643286056,,1.4659344036606943,1029,mixed,5018,0.1021966661181102,True,False,16.0,22.0,36.0,0.8519960097254107,3.741644975951466,2,3,ppo,mixed,5018,True,standard,2.1896544999981415,187,0.18172983479105928,optimized,2.0
goal,True,20.419999999999654,36.88871704958142,1.7994463784100492,1.9989709295791815,0.6619624559138068,0.46384124520333575,False,0.0,0.4235516769482335,,1.3277036474768598,1021,mixed,5019,0.09694607558591248,False,False,16.0,22.0,36.0,0.7749984328665865,4.6919924902412244,3,3,ppo,mixed,5019,True,standard,2.12406120000378,164,0.16062683643486778,optimized,2.0
stall,False,22.319999999999613,6.949155787370196,0.2969723541179814,1.0047206641911806,0.5390417630522816,0.27934373294238823,False,0.0,0.15155879913866455,,0.48099060833618756,1116,mixed,5020,0.11812828874817456,False,False,16.0,22.0,36.0,0.7248282467948968,4.082261203094857,4,2,ppo,mixed,5020,True,standard,2.4534229000055348,881,0.7894265232974911,optimized,2.0
goal,True,24.75999999999956,36.96525544256699,1.4840657583543129,2.2801169062239324,0.9387343384733643,0.512884866731617,False,0.0,0.15781005175429663,,1.7306254419739195,1238,mixed,5021,0.11381894175763324,True,False,16.0,22.0,36.0,0.9140104345757991,3.9670663971291336,3,2,ppo,mixed,5021,True,standard,2.5567697000005865,454,0.3667205169628433,optimized,2.0
goal,True,21.279999999999635,36.614520023053224,1.7131366072803222,2.4541153876965534,1.005769591226846,0.5302147662210327,False,0.0,0.45140408923245556,,1.4365679504966018,1064,mixed,5022,0.13140191257451567,False,False,16.0,22.0,36.0,0.8496203871888334,4.16327064677573,2,1,ppo,mixed,5022,True,standard,2.291563999999198,155,0.14567669172932332,optimized,2.0
goal,True,23.019999999999598,36.95472448378914,1.5954437107376016,2.274069888165685,0.9514711397738693,0.5090852718982768,False,0.0,0.3043009346318435,,1.471828420713688,1151,mixed,5023,0.12867756728465177,False,False,16.0,22.0,36.0,0.8171074644897484,4.845944573728948,2,3,ppo,mixed,5023,True,standard,2.444384300004458,281,0.24413553431798435,optimized,2.0
goal,True,19.479999999999674,36.44904823839135,1.8643859169942434,2.0044102772248427,1.159248798927887,0.5349410371325213,False,0.0,0.4077801236899067,,1.3433777517373917,974,mixed,5024,0.13928371679168416,False,False,16.0,22.0,36.0,0.8109383252924722,4.478913919082471,2,1,ppo,mixed,5024,True,standard,2.0206352999957744,114,0.11704312114989733,optimized,2.0
goal,True,22.9599999999996,36.689636732713204,1.585193532167608,1.175201457684371,0.6301212562269282,0.4650217969200247,False,0.0,0.23649614105902939,,1.5639186481490912,1148,mixed,5025,0.09643074988431373,False,False,16.0,22.0,36.0,0.9732104368642298,4.750233220361416,4,2,ppo,mixed,5025,True,standard,2.3792150000008405,234,0.2038327526132404,optimized,2.0
stall,False,19.59999999999967,6.2422106200388905,0.3109283102315521,0.9790841435106518,0.362109226130194,0.2553972358156202,False,0.0,0.05518219809705338,,0.4533702657006973,980,mixed,5026,0.09558762086488723,False,False,16.0,22.0,36.0,0.7262499636679371,4.307968225800889,4,3,ppo,mixed,5026,True,standard,1.9931304000056116,812,0.8285714285714286,optimized,2.0
goal,True,26.839999999999517,36.835428592450334,1.3655227196320552,1.5751034660659533,0.7920748761102614,0.4741102061245184,False,0.0,0.24887910179504133,,1.5224662674571685,1342,mixed,5027,0.11482123997562081,False,True,16.0,22.0,36.0,0.876142603073939,3.7904107308165678,3,2,ppo,mixed,5027,True,standard,2.899816199998895,406,0.3025335320417288,optimized,2.0
goal,True,21.51999999999963,36.67364828936902,1.6972467206696158,1.301630920886172,0.871947945442862,0.540368226027256,False,0.0,0.35344023947203307,,1.6218769020173016,1076,mixed,5028,0.10116781223940692,False,False,16.0,22.0,36.0,1.0334928486032917,4.609884125974756,2,2,ppo,mixed,5028,True,standard,2.2258548000027076,285,0.2648698884758364,optimized,2.0
goal,True,22.259999999999614,36.97382322184538,1.6510797169092555,1.4956895935571615,0.8205170043666956,0.532873259520037,False,0.0,0.39545860664531807,,1.3910970988851326,1113,mixed,5029,0.12404880975552002,False,True,16.0,22.0,36.0,0.8960683121439519,3.612757000380382,3,2,ppo,mixed,5029,True,standard,2.3275014000028023,332,0.29829290206648695,optimized,2.0
goal,True,20.439999999999653,36.34325499355978,1.7725971040490138,1.1645577308080663,0.819052607380479,0.4598384894578207,False,0.0,0.46043234938100763,,1.6451545833070622,1022,mixed,5030,0.11541600076902528,False,True,16.0,22.0,36.0,0.702641268886089,3.5741138987672745,3,1,ppo,mixed,5030,True,standard,2.135469300003024,165,0.16144814090019569,optimized,2.0
goal,True,21.759999999999625,36.82623400577553,1.682501928900469,2.0940817100161238,0.8686286944178341,0.5551026371469613,False,0.0,0.36138174215488816,,1.3421520142971586,1088,mixed,5031,0.14561650478931443,True,False,16.0,22.0,36.0,1.0541886438268662,3.7270554480582403,3,1,ppo,mixed,5031,True,standard,2.317835100002412,230,0.2113970588235294,optimized,2.0
goal,True,23.779999999999582,36.751283124178535,1.527988684221275,2.3048827017543916,0.9901995965793638,0.5262206433079897,False,0.0,0.029174913840717104,,1.7690733562700616,1189,mixed,5032,0.1122245362773568,False,False,16.0,22.0,36.0,0.8808706052658889,4.3792262715010075,3,2,ppo,mixed,5032,True,standard,2.432451000000583,358,0.3010933557611438,optimized,2.0
goal,True,20.59999999999965,36.60394622163335,1.7685395190666766,2.7448382966986475,0.9580844343001967,0.5379667145539078,False,0.0,0.13954903478666825,,1.1808514380271429,1030,mixed,5033,0.11672621005094068,False,False,16.0,22.0,36.0,1.0836130709500158,3.666279579977531,3,2,ppo,mixed,5033,True,standard,2.047593199997209,130,0.1262135922330097,optimized,2.0
goal,True,19.439999999999674,36.57816497823386,1.8723329378087257,1.0306263165143046,0.15463005433595128,0.5142452955758414,False,0.0,0.6956765991315061,,1.3993131787052437,972,mixed,5034,0.12934267293598622,True,True,16.0,22.0,36.0,0.7665500295059827,3.804995479071652,2,3,ppo,mixed,5034,True,standard,2.0484463999964646,96,0.09876543209876543,optimized,2.0
goal,True,20.07999999999966,36.6041732003278,1.8145915680602567,2.367621409371403,1.0195522304397897,0.5645449800594384,False,0.0,0.5483536674590098,,1.4225581450249731,1004,mixed,5035,0.10658169577161372,True,False,16.0,22.0,36.0,0.9199233332386492,4.156022809768874,2,2,ppo,mixed,5035,True,standard,2.045232500000566,134,0.13346613545816732,optimized,2.0
stall,False,37.200000000000216,31.43798269049394,0.8348579549988602,1.6427423863176773,1.0943102837516283,0.47315248939657883,False,0.0,0.2985550650781652,,1.6032069800373332,1860,mixed,5036,0.1173697414789877,False,False,16.0,22.0,36.0,1.0648143012996332,4.3024889064133,4,1,ppo,mixed,5036,True,standard,3.888508500000171,447,0.2403225806451613,optimized,2.0
goal,True,24.899999999999558,36.471557275147916,1.4560075725324506,2.0585661825974704,0.9851073604857538,0.454519680184399,False,0.0,0.14448518796083826,,1.7824645543016935,1245,mixed,5037,0.13679937064081266,False,False,16.0,22.0,36.0,0.7092210370314546,4.854865496269261,3,2,ppo,mixed,5037,True,standard,2.5001514999967185,416,0.334136546184739,optimized,2.0
goal,True,19.359999999999676,36.703530953814635,1.8901930453894344,1.8800334630427757,0.6856705328438112,0.4761776512796504,False,0.0,0.6002382906258138,,1.3034908319416745,968,mixed,5038,0.09670644475941208,False,False,16.0,22.0,36.0,1.0555417311834316,4.89287011986292,3,1,ppo,mixed,5038,True,standard,1.9887021000031382,89,0.09194214876033058,optimized,2.0
goal,True,22.9599999999996,36.827498804921824,1.595725874153744,2.096429145319953,0.9916184789879655,0.5470301567546149,False,0.0,0.28797219945899766,,1.4514635953537043,1148,mixed,5039,0.13861797778812823,True,False,16.0,22.0,36.0,0.9402582229555535,3.6144856875598865,2,2,ppo,mixed,5039,True,standard,2.440711499999452,262,0.22822299651567945,optimized,2.0
goal,True,21.399999999999633,36.41615925393521,1.6953838346249654,2.261120205924191,1.5860297346837682,0.5271060775421111,False,0.0,0.34934886967880685,,1.7511811590804218,1070,mixed,5040,0.13659141728402505,False,False,16.0,22.0,36.0,0.9712075052113058,3.1920688461343363,2,3,ppo,mixed,5040,True,standard,2.1828211000029114,251,0.23457943925233646,optimized,2.0
off_sidewalk,False,13.439999999999802,22.499920978449133,1.6654962262765005,1.5603583653799231,1.0077757035289865,0.5846700584091262,False,0.0,0.7070171030529874,,0.9969519040230974,672,mixed,5041,0.14238089228448053,False,False,16.0,22.0,36.0,0.7917534446414414,3.1247853346898227,4,3,ppo,mixed,5041,True,standard,1.3912777999939863,158,0.23511904761904762,optimized,2.0
goal,True,25.939999999999536,36.468175210138604,1.4005983115393192,2.722572465943496,1.0253640285659327,0.5347567255020631,False,0.0,0.3973148866375229,,1.6805151577835533,1297,mixed,5042,0.11346964484423985,False,False,16.0,22.0,36.0,0.9598932040906721,3.486030199242384,2,3,ppo,mixed,5042,True,standard,2.6722200000003795,39,0.030069390902081727,optimized,2.0
goal,True,22.719999999999605,36.49542180570865,1.5992371557721348,1.765923139640029,0.7349853995890204,0.5335936294371172,False,0.0,0.5678066350630261,,1.7453174528692241,1136,mixed,5043,0.1269385057241497,False,True,16.0,22.0,36.0,1.0898186350139498,4.0020376195110305,3,2,ppo,mixed,5043,True,standard,2.4463323000018136,274,0.24119718309859156,optimized,2.0
goal,True,25.839999999999538,36.95712633854183,1.4192454734616688,2.202252073027594,1.2514750126324117,0.5580218429873092,False,0.0,0.23001398128557085,,1.9452620771374936,1292,mixed,5044,0.13998739401869517,False,False,16.0,22.0,36.0,1.0178429474867148,3.6549452422762707,4,3,ppo,mixed,5044,True,standard,2.727879199999734,309,0.23916408668730652,optimized,2.0
goal,True,22.03999999999962,36.981375381660975,1.6689481213492665,1.54165980128356,0.9752789270612585,0.549334767269712,False,0.0,0.1044956426136372,,1.5484033386428364,1102,mixed,5045,0.13638592052525939,False,False,16.0,22.0,36.0,0.7659494631232381,3.545543304209088,4,2,ppo,mixed,5045,True,standard,2.294116400000348,260,0.23593466424682397,optimized,2.0
goal,True,23.91999999999958,36.96855247563379,1.5355126353630582,1.6617641318177976,1.039654318947331,0.5143705726619225,False,0.0,0.40829215625535187,,1.3703112104614539,1196,mixed,5046,0.12227119309524864,True,False,16.0,22.0,36.0,0.9011545969108519,3.3327744218409308,4,1,ppo,mixed,5046,True,standard,2.49507569999696,456,0.38127090301003347,optimized,2.0
goal,True,22.259999999999614,36.60928248419334,1.6376930161347774,2.0912900630354763,0.772122174399037,0.5671993929237213,False,0.0,0.7637413578034713,,1.6466140449863904,1113,mixed,5047,0.0907107601460403,False,False,16.0,22.0,36.0,0.9983218093282231,3.1410251815083683,3,3,ppo,mixed,5047,True,standard,2.2471495999998297,305,0.27403414195867026,optimized,2.0
off_sidewalk,False,3.5000000000000027,4.945159153663222,1.4043528697982754,1.4215811871527306,0.43712465216217444,0.65264194949834,False,0.0,0.6288118549487475,,0.2656180841511137,175,mixed,5048,0.09534548510317571,False,False,16.0,22.0,36.0,1.0213876505575938,3.411304677538264,4,3,ppo,mixed,5048,True,standard,0.39214860000356566,76,0.4342857142857143,optimized,2.0
goal,True,23.159999999999595,36.53837790611168,1.5700986066643734,2.7822890592538725,1.2042538957445061,0.5402631130007604,False,0.0,0.06048276055161192,,1.4714206645476011,1158,mixed,5049,0.14394041403531896,False,False,16.0,22.0,36.0,0.7517994105580714,3.1978602646371006,2,2,ppo,mixed,5049,True,standard,2.2998931000038283,362,0.3126079447322971,optimized,2.0
goal,True,20.899999999999643,37.64665408947484,1.7903155742354908,2.3360572944399913,0.8703274741568628,0.5234100287736749,False,0.0,0.4397262284571142,,1.3932203006056776,1045,mixed,5050,0.0986083385191299,False,False,16.0,22.0,36.0,0.8591909328138473,4.110811346493778,3,2,ppo,mixed,5050,True,standard,2.212342399994668,110,0.10526315789473684,optimized,2.0
goal,True,22.159999999999616,36.29179826616352,1.6340443876641526,1.3241151643631714,0.7243472847510136,0.3890930499762416,False,0.0,0.359401208371925,,1.3331654484379314,1108,mixed,5051,0.12233334430260395,True,True,16.0,22.0,36.0,0.8470793717637798,3.4696736983662753,2,3,ppo,mixed,5051,True,standard,2.2639198000033502,174,0.15703971119133575,optimized,2.0
goal,True,23.119999999999596,37.05263169657305,1.5912038956263252,1.6810849525214595,0.8375908518117043,0.5122046801969712,False,0.0,0.30516448843068966,,1.3735381357239493,1156,mixed,5052,0.1306635418670573,True,False,16.0,22.0,36.0,0.9377640601298551,4.903101107035168,3,3,ppo,mixed,5052,True,standard,2.46084079999855,448,0.3875432525951557,optimized,2.0
collision,False,4.14,6.238521194758496,1.502434227030506,1.100626087044225,0.0909289290786433,0.49564527709299433,False,0.0,-0.009039274235747574,obstacle,0.26825962245022966,207,mixed,5053,0.12112491333169412,False,True,16.0,22.0,36.0,0.8890868185879244,4.381330884174664,2,3,ppo,mixed,5053,True,standard,0.42047679999814136,82,0.3961352657004831,optimized,2.0
goal,True,19.459999999999674,36.45580515674534,1.867795978963572,1.9294544631374202,0.9496887507117385,0.4890475510354368,False,0.0,0.7469805045310136,,1.638814062528903,973,mixed,5054,0.10840892457049757,True,False,16.0,22.0,36.0,0.8256418136260787,4.113300036428866,3,1,ppo,mixed,5054,True,standard,2.0385059000036563,47,0.048304213771839674,optimized,2.0
stall,False,19.419999999999675,7.727783308753965,0.3953698877473063,1.5222918541908905,0.3146204877443849,0.3264904112888729,False,0.0,0.8042016604516034,,0.5034559335995279,971,mixed,5055,0.09580944017439189,True,False,16.0,22.0,36.0,1.0471282526832821,3.420582573190744,2,3,ppo,mixed,5055,True,standard,2.0712017999976524,2,0.0020597322348094747,optimized,2.0
stall,False,24.77999999999956,7.730143295610256,0.3022926959268329,1.3911564826182679,0.48437670946255124,0.2896432892226249,False,0.0,0.14770085956656742,,0.515359918682856,1239,mixed,5056,0.14314511450547973,False,False,16.0,22.0,36.0,0.891086723699156,3.5916894807551056,3,2,ppo,mixed,5056,True,standard,2.6161237000051187,1057,0.8531073446327684,optimized,2.0
off_sidewalk,False,13.179999999999808,22.56860201741634,1.704250348969226,1.233896613027518,0.850912150201645,0.5774901002385698,False,0.0,0.6050259085576984,,0.9633022368541609,659,mixed,5057,0.1082113167106713,False,False,16.0,22.0,36.0,0.7886726452745311,3.003224526127708,4,2,ppo,mixed,5057,True,standard,1.3302699999985634,186,0.2822458270106222,optimized,2.0
goal,True,22.559999999999608,37.0078740538076,1.6312616667224509,2.8384662942629886,1.056981036103112,0.5419954036750718,False,0.0,0.35599309833003767,,1.4854226831675819,1128,mixed,5058,0.11184194310749679,False,False,16.0,22.0,36.0,0.9098807370435502,3.73068557622015,2,2,ppo,mixed,5058,True,standard,2.4274832000010065,399,0.3537234042553192,optimized,2.0
goal,True,20.379999999999654,36.61926796817245,1.7899176168086222,1.1097204302032055,0.7221637047678465,0.5076529353974161,False,0.0,0.6726187237899636,,1.3679250442238455,1019,mixed,5059,0.12322396409418393,False,False,16.0,22.0,36.0,0.9012639362358253,4.957237543027349,2,1,ppo,mixed,5059,True,standard,2.0888721000010264,169,0.16584887144259078,optimized,2.0
stall,False,30.139999999999446,25.722259840127986,0.8466652142800747,1.2789386409173698,0.7307860762692029,0.38847965644899035,False,0.0,0.1586512060340547,,1.185881823824796,1507,mixed,5060,0.09337821742015381,False,True,16.0,22.0,36.0,0.8376462876131555,3.7326058238479085,3,3,ppo,mixed,5060,True,standard,3.2972654000041075,939,0.6230922362309224,optimized,2.0
goal,True,23.499999999999588,36.76076486242907,1.552129145887409,2.951389236652925,1.12357010568961,0.6396959005454478,False,0.0,0.4048169033343789,,1.7107506955586922,1175,mixed,5061,0.13695448627719198,True,False,16.0,22.0,36.0,1.0911674506139513,3.3022139240992363,4,3,ppo,mixed,5061,True,standard,2.5186252999992575,448,0.38127659574468087,optimized,2.0
goal,True,24.899999999999558,37.0649179965431,1.4804414515185504,2.280189495652893,1.0424731373167098,0.5062673793687383,False,0.0,0.37672309099345624,,1.629447793157627,1245,mixed,5062,0.0999320615330115,False,False,16.0,22.0,36.0,0.9993468346705692,4.2770388427792305,4,2,ppo,mixed,5062,True,standard,2.6346581999969203,451,0.36224899598393573,optimized,2.0
goal,True,22.159999999999616,36.63110371765309,1.6440135651693837,1.8671908987308712,0.6978661799967607,0.4824911553829326,False,0.0,0.28844439683856404,,1.4748258084737573,1108,mixed,5063,0.13080054112731646,False,False,16.0,22.0,36.0,0.7330288069420039,4.928957495797438,3,2,ppo,mixed,5063,True,standard,2.3521919999984675,355,0.3203971119133574,optimized,2.0
goal,True,20.859999999999644,36.56963829705348,1.746291767318722,1.919072243667098,1.1027530908844094,0.46528210517599244,False,0.0,0.3369472108659889,,1.69590194229605,1043,mixed,5064,0.13444189604194567,False,False,16.0,22.0,36.0,0.7150441580757758,4.5863073577415205,3,2,ppo,mixed,5064,True,standard,2.1778159999958007,137,0.13135186960690318,optimized,2.0
goal,True,20.699999999999648,36.53859096542625,1.7593972006130805,1.9268912362377815,0.8742256693792895,0.4783565018616111,False,0.0,0.465471469329934,,1.6427652397315557,1035,mixed,5065,0.1251690425208082,True,False,16.0,22.0,36.0,0.8035442786646663,4.8563894445347895,2,2,ppo,mixed,5065,True,standard,2.084590600003139,223,0.21545893719806763,optimized,2.0
stall,False,29.379999999999463,27.92287055944387,0.9379948058912492,2.6097981791502596,1.1342345239697347,0.4774636283769029,False,0.0,3.400864578431636,,1.3739914082741804,1469,mixed,5066,0.1266821206098644,False,False,16.0,22.0,36.0,0.937066294483499,3.9869918481657125,3,1,ppo,mixed,5066,True,standard,3.084675899997819,0,0.0,optimized,2.0
stall,False,26.979999999999514,9.20389408512106,0.3355310136246207,1.1915557687286027,0.09697822670315275,0.3088115073352771,False,0.0,0.3847283560182584,,0.6677762022269305,1349,mixed,5067,0.107957664584021,False,False,16.0,22.0,36.0,1.0106291334825726,4.98601841338545,4,3,ppo,mixed,5067,True,standard,3.041852000002109,140,0.10378057820607858,optimized,2.0
goal,True,25.77999999999954,37.02370918317988,1.4259007732818725,1.2501298266414234,0.7723778993665948,0.5065404628313296,False,0.0,0.2302592268612886,,1.552319621172493,1289,mixed,5068,0.09259308451131983,False,True,16.0,22.0,36.0,0.8970326161018014,3.68361918406922,4,2,ppo,mixed,5068,True,standard,2.7089571000033175,501,0.3886733902249806,optimized,2.0
goal,True,21.03999999999964,36.72671534612612,1.738875138173331,2.499042276452738,0.7794342707281072,0.42966611666145565,False,0.0,0.44773885869604857,,1.081289669196346,1052,mixed,5069,0.11185018390823433,False,False,16.0,22.0,36.0,0.7403470360296646,4.211614650645206,2,1,ppo,mixed,5069,True,standard,2.038553899998078,173,0.1644486692015209,optimized,2.0
goal,True,21.51999999999963,36.69323463125312,1.694244483099054,1.5264600909882717,1.00376922864579,0.5804300293565879,False,0.0,0.25432236369135075,,1.4926590467992609,1076,mixed,5070,0.14646988327914132,False,True,16.0,22.0,36.0,0.8627394964655488,3.014792907872379,3,2,ppo,mixed,5070,True,standard,2.254491699997743,129,0.11988847583643122,optimized,2.0
off_sidewalk,False,18.139999999999702,30.37310676089906,1.6685640550696192,2.6990505438927457,0.9379131997996266,0.5325927763952014,False,0.0,0.6654352435676033,,1.3654532977213296,907,mixed,5071,0.10540263645169527,False,False,16.0,22.0,36.0,0.7508349199984138,4.164918454437569,4,1,ppo,mixed,5071,True,standard,1.9651774000012665,182,0.20066152149944874,optimized,2.0
goal,True,19.19999999999968,36.48335067343557,1.8931648649897694,2.513806429830068,0.8596723720995268,0.5610821493267221,False,0.0,0.07551120649968834,,1.4833103253225095,960,mixed,5072,0.129473321823593,True,False,16.0,22.0,36.0,1.0845422517924654,4.727316696900118,2,2,ppo,mixed,5072,True,standard,1.9562647999991896,30,0.03125,optimized,2.0
goal,True,21.259999999999636,36.616965160886544,1.7151304156320897,2.1976605985163866,0.935890484659906,0.4828015068498433,False,0.0,0.4838911183972864,,1.2534454039757414,1063,mixed,5073,0.12157656077615875,False,False,16.0,22.0,36.0,0.7450583759123013,3.615451791111634,2,1,ppo,mixed,5073,True,standard,2.0425986999980523,287,0.2699905926622766,optimized,2.0
goal,True,22.619999999999607,36.71664176067002,1.6158814136544168,1.2328133706382776,0.23611980002811167,0.4952536789723073,False,0.0,0.5774869071531202,,1.4699147167178528,1131,mixed,5074,0.13307392580312158,True,True,16.0,22.0,36.0,0.847212170166827,4.87418254885662,4,3,ppo,mixed,5074,True,standard,2.398731300003419,249,0.22015915119363394,optimized,2.0
stall,False,33.33999999999961,30.51332052618455,0.9081386792598661,1.3283299674364386,0.7283228514837261,0.44109782236964185,False,0.0,0.6199304147439353,,1.412261251051608,1667,mixed,5075,0.13511704529586524,False,True,16.0,22.0,36.0,0.9218759880118024,4.235974977511892,4,1,ppo,mixed,5075,True,standard,3.5725652999972226,401,0.24055188962207558,optimized,2.0
goal,True,22.9399999999996,36.46711034071138,1.5835072056189283,1.8143709950019224,0.8465743267636491,0.5117804736118081,False,0.0,0.29906183399127917,,1.7828086277417228,1147,mixed,5076,0.11253069342252543,False,False,16.0,22.0,36.0,1.0292612569337438,4.688945080828985,3,3,ppo,mixed,5076,True,standard,2.3037049999984447,165,0.14385353095030515,optimized,2.0
goal,True,21.55999999999963,36.45913947951866,1.685400574338535,1.4426000772361414,0.7190496680577253,0.4547841519830675,False,0.0,0.38587870025638316,,1.8451170053305395,1078,mixed,5077,0.14268386767121152,False,False,16.0,22.0,36.0,0.7481831815301382,4.683266037657667,3,2,ppo,mixed,5077,True,standard,2.178538499996648,204,0.18923933209647495,optimized,2.0
goal,True,20.07999999999966,36.64392209474703,1.8158816852448518,2.2384050113597813,1.0117348916314592,0.6020302899516261,False,0.0,0.29035907637721897,,1.5378098645488374,1004,mixed,5078,0.09319333880718476,False,False,16.0,22.0,36.0,1.052260869021958,3.1100311875618685,3,3,ppo,mixed,5078,True,standard,2.0637235999965924,157,0.15637450199203187,optimized,2.0
goal,True,21.779999999999625,37.13093717716,1.6942663327861667,1.1386363467737775,0.7324761671255299,0.5040735796457354,False,0.0,0.12630965556281856,,1.4631634255189885,1089,mixed,5079,0.10656495195563959,False,True,16.0,22.0,36.0,0.948921384405256,4.056615073880624,3,1,ppo,mixed,5079,True,standard,2.186022399997455,268,0.2460973370064279,optimized,2.0
off_sidewalk,False,3.4000000000000026,5.449177788661143,1.5992464925970915,1.265571327648549,0.31113085097366155,0.5588539510730244,False,0.0,0.7229359987398216,,0.2681251504434583,170,mixed,5080,0.09303349148726354,False,False,16.0,22.0,36.0,0.8413522982777953,3.3399048040720363,2,3,ppo,mixed,5080,True,standard,0.3802657999985968,48,0.2823529411764706,optimized,2.0
stall,False,31.87999999999941,29.39280824104699,0.9168925010868016,1.9862749657732375,0.9552449974895425,0.36017828205420105,False,0.0,0.20354552419796001,,1.1358112718107258,1594,mixed,5081,0.11213266060630127,False,False,16.0,22.0,36.0,0.857903395921944,4.654924338620467,3,1,ppo,mixed,5081,True,standard,3.116797899994708,86,0.053952321204516936,optimized,2.0
off_sidewalk,False,15.319999999999762,22.292949016226974,1.4506039650933915,1.2101847467972888,0.7778169669515239,0.40330808554754677,False,0.0,0.29691422750317986,,1.1376191981935715,766,mixed,5082,0.10870515465564147,False,False,16.0,22.0,36.0,0.7955105971431277,4.6545013175171706,4,3,ppo,mixed,5082,True,standard,1.6458035000032396,340,0.44386422976501305,optimized,2.0
off_sidewalk,False,11.539999999999843,22.36817206820727,1.9312614565606578,1.0928529227271844,0.6403785749425741,0.5573794067242767,False,0.0,0.7985090677822622,,0.9614949597792325,577,mixed,5083,0.10054835161087051,False,False,16.0,22.0,36.0,0.8508672632349321,4.7793800012599625,2,3,ppo,mixed,5083,True,standard,1.129340499996033,0,0.0,optimized,2.0
stall,False,21.359999999999634,10.995269274439497,0.5090259831521098,1.3614933505345543,0.3734149819993038,0.3322425019021219,False,0.0,0.20948094154753855,,0.6380775230793231,1068,mixed,5084,0.11698300490792289,False,False,16.0,22.0,36.0,1.0530656978728266,3.603905821938964,4,3,ppo,mixed,5084,True,standard,2.3411276999977417,618,0.5786516853932584,optimized,2.0
stall,False,33.619999999999656,30.41089862573087,0.900424490081484,1.8537983589961704,0.8201109030161847,0.35778438293811243,False,0.0,0.6214265282163293,,1.6404677113631987,1681,mixed,5085,0.09092898262982511,False,False,16.0,22.0,36.0,0.718730957787409,3.4803602936247238,3,3,ppo,mixed,5085,True,standard,3.411107899999479,79,0.046995835812016655,optimized,2.0
goal,True,20.219999999999658,36.596348207060565,1.800056234346287,2.3713145023653386,0.9913579431593124,0.5733793405924992,False,0.0,0.7234788021873001,,1.3645469826605914,1011,mixed,5086,0.13565333662777856,False,False,16.0,22.0,36.0,0.8461753811272056,4.201848831134938,2,1,ppo,mixed,5086,True,standard,1.9563351000033435,206,0.20375865479723046,optimized,2.0
goal,True,19.379999999999676,36.537136816835506,1.879480394394417,2.277977442550752,0.9166114642034487,0.48532130766365006,False,0.0,0.9175045120781179,,1.2217450943879942,969,mixed,5087,0.09825889682104214,False,False,16.0,22.0,36.0,0.7297546609361127,3.6178111164901976,2,1,ppo,mixed,5087,True,standard,1.8973735999970813,67,0.06914344685242518,optimized,2.0
goal,True,23.259999999999593,36.499514519906036,1.5636324325414053,1.2609164497734158,0.8593405844238682,0.4881482304331996,False,0.0,0.4800273792001247,,1.5204232115477463,1163,mixed,5088,0.14516399397423288,False,True,16.0,22.0,36.0,0.9086910672377201,3.076056513841886,4,1,ppo,mixed,5088,True,standard,2.3098405999990064,471,0.40498710232158214,optimized,2.0
goal,True,21.759999999999625,36.57592715223579,1.6745583804877977,1.8094610007793575,0.9724589199935103,0.4823568722340694,False,0.0,0.3078854145559793,,1.5103312072080213,1088,mixed,5089,0.09429012646285188,True,False,16.0,22.0,36.0,0.7969012135678066,3.4746629759075462,4,1,ppo,mixed,5089,True,standard,2.317569500002719,260,0.23897058823529413,optimized,2.0
stall,False,22.05999999999962,10.092521735867143,0.44900756659548247,1.6946593321178824,0.3883793574594426,0.353644364635042,False,0.0,0.1317600251866325,,0.6152246636868273,1103,mixed,5090,0.10694230984683592,True,True,16.0,22.0,36.0,0.812731185705469,3.0192451758830843,2,2,ppo,mixed,5090,True,standard,2.23367380000127,874,0.7923844061650045,optimized,2.0
collision,False,20.479999999999652,31.300053406568544,1.506758398790522,2.5047567508753388,1.0814845925739343,0.5802760402647416,False,0.0,-0.0001996017293315333,obstacle,1.337199534615538,1024,mixed,5091,0.12595635124475552,False,False,16.0,22.0,36.0,0.8747085205182346,3.2140859613197943,2,2,ppo,mixed,5091,True,standard,2.1020098000008147,390,0.380859375,optimized,2.0
stall,False,29.359999999999463,26.049548092914584,0.882167704406018,1.8630799235544429,0.765755278537922,0.41447243695668984,False,0.0,1.0513829541873914,,1.227839793132734,1468,mixed,5092,0.09242072970107329,False,False,16.0,22.0,36.0,0.8347057354303752,3.6104146276233733,3,2,ppo,mixed,5092,True,standard,3.045965999997861,94,0.06403269754768393,optimized,2.0
goal,True,23.959999999999578,37.27640159714289,1.549399255600765,1.0099137170025267,0.66586241548676,0.42981995486058305,False,0.0,0.0821707033477812,,1.6101017208909458,1198,mixed,5093,0.131855067058124,False,True,16.0,22.0,36.0,0.7027821538503214,4.517424137019871,4,2,ppo,mixed,5093,True,standard,2.538988199994492,433,0.3614357262103506,optimized,2.0
collision,False,7.139999999999936,10.913718586873522,1.5201554054232504,1.0628857133623095,0.2691610976909532,0.5230874905645243,False,0.0,-0.01635590207489923,obstacle,0.5547423261674675,357,mixed,5094,0.12799374054937587,False,True,16.0,22.0,36.0,0.759548402527707,4.534496637945709,3,2,ppo,mixed,5094,True,standard,0.7323064000011072,161,0.45098039215686275,optimized,2.0
goal,True,22.41999999999961,36.64379587828978,1.6267069670077532,2.073161952722967,0.7636667746330127,0.4870495958454752,False,0.0,0.36351178578197574,,1.4162500401107154,1121,mixed,5095,0.11500065702869129,True,False,16.0,22.0,36.0,0.7038176926854574,4.7716698558317745,2,3,ppo,mixed,5095,True,standard,2.2955277000000933,319,0.28456735057983945,optimized,2.0
goal,True,26.25999999999953,36.61215913844022,1.3874381637051123,2.6264970862139037,0.946023246737364,0.4587737281897157,False,0.0,0.33172794383624815,,1.3489281733271794,1313,mixed,5096,0.1240763121473265,True,False,16.0,22.0,36.0,1.0818708535353732,4.332364566134115,3,2,ppo,mixed,5096,True,standard,2.6929755000019213,282,0.21477532368621477,optimized,2.0
goal,True,22.319999999999613,36.98301536381324,1.6472146857072667,1.270916939123553,0.16658652991730877,0.5743314492202836,False,0.0,0.4713231217532473,,1.5531604520952356,1116,mixed,5097,0.14602377237337144,True,True,16.0,22.0,36.0,1.0513529123167236,3.996850644935159,3,1,ppo,mixed,5097,True,standard,2.3404853000029107,321,0.28763440860215056,optimized,2.0
stall,False,21.159999999999638,6.534406194146813,0.29333594498117493,1.3610360924691058,0.4110865879505301,0.313683731293469,False,0.0,0.04746817182743446,,0.4701523514421305,1058,mixed,5098,0.11086834856947003,False,False,16.0,22.0,36.0,1.071515063165253,3.7814489751499796,3,3,ppo,mixed,5098,True,standard,2.139575100001821,867,0.8194706994328923,optimized,2.0
stall,False,18.2999999999997,5.87505218903797,0.31861331657010933,1.2549758589604119,0.08934002820674912,0.273826171491104,False,0.0,1.4086232477765042,,0.41562134661969347,915,mixed,5099,0.093374672767738,False,False,16.0,22.0,36.0,0.9961736911557313,3.2102618071198448,2,3,ppo,mixed,5099,True,standard,1.8227963999961503,0,0.0,optimized,2.0
goal,True,22.599999999999607,36.475979180832915,1.6111130848167574,1.4869253610970417,1.0242181735816072,0.3319366718248505,False,0.0,0.5009174995097802,,1.2248030491852313,1130,slippery,5000,0.10063859654556317,False,False,16.0,22.0,36.0,0.3711416723079709,3.1106926377148136,4,2,ppo,slippery,5000,True,standard,2.3350466000047163,184,0.16283185840707964,optimized,2.0
goal,True,21.299999999999635,36.899359832617286,1.727756509377287,1.4055713865138528,0.871400489711598,0.3479751958484106,False,0.0,0.5051499089995198,,1.0828547546443636,1065,slippery,5001,0.1361326555543014,False,False,16.0,22.0,36.0,0.42577495352777783,3.463029867560513,3,1,ppo,slippery,5001,True,standard,2.361731500001042,113,0.10610328638497653,optimized,2.0
goal,True,22.119999999999617,36.55034808900927,1.649030007029733,1.8509084842788353,0.7972102239205683,0.37217028878020914,False,0.0,0.26214834331990594,,1.5198531736145295,1106,slippery,5002,0.10779195637104258,False,False,16.0,22.0,36.0,0.442368936743345,3.903147756916806,4,3,ppo,slippery,5002,True,standard,2.375459000002593,162,0.14647377938517178,optimized,2.0
goal,True,20.879999999999644,36.73867300874586,1.7548320105297661,1.6667861264992743,0.890154124504988,0.353562314360718,False,0.0,0.3307613072297537,,1.4302827821228863,1044,slippery,5003,0.1152588703871631,False,False,16.0,22.0,36.0,0.511013095907909,3.7871843554365645,3,3,ppo,slippery,5003,True,standard,2.2116147999986424,263,0.25191570881226055,optimized,2.0
stall,False,20.09999999999966,8.108366627404875,0.3970834267718257,0.9765078547325604,0.4038272148421781,0.20576746673184126,False,0.0,0.8299029802999149,,0.42700389662696187,1005,slippery,5004,0.09395417832217653,False,False,16.0,22.0,36.0,0.45925003211437904,3.167338564992484,3,1,ppo,slippery,5004,True,standard,2.160974800004624,84,0.08358208955223881,optimized,2.0
goal,True,20.379999999999654,36.30895917567984,1.780127807916205,1.5995294810588498,0.9041573931959427,0.30645796537432485,False,0.0,0.39371798619249765,,1.042172568321325,1019,slippery,5005,0.14452422563128192,False,False,16.0,22.0,36.0,0.379941629172024,3.4541322103790937,2,1,ppo,slippery,5005,True,standard,2.032019600002968,98,0.09617271835132483,optimized,2.0
goal,True,23.45999999999959,36.40348493987596,1.5478234179941752,1.3786401714199499,0.8464417350360699,0.3357103029265014,False,0.0,0.31200191582236203,,1.4294007149272503,1173,slippery,5006,0.11823518779379621,False,False,16.0,22.0,36.0,0.4724620549165879,4.724539790888749,2,2,ppo,slippery,5006,True,standard,2.423411199997645,423,0.36061381074168797,optimized,2.0
off_sidewalk,False,18.71999999999969,29.473400560135538,1.5683308083184,1.3393743134927272,0.5351240620508653,0.372853302322087,False,0.0,0.1672823891436672,,1.1213949375429517,936,slippery,5007,0.09332622163787102,True,False,16.0,22.0,36.0,0.5707734763782737,4.832701252556141,4,3,ppo,slippery,5007,True,standard,1.9240712999962852,232,0.24786324786324787,optimized,2.0
goal,True,21.139999999999638,37.19465391208135,1.7549348235296434,1.1524122463930844,0.7048314556991578,0.3362711230550487,False,0.0,0.760574224084949,,1.2587326029008548,1057,slippery,5008,0.090077259790111,False,False,16.0,22.0,36.0,0.41858945969017547,4.103977423040574,4,1,ppo,slippery,5008,True,standard,2.2883603000009316,270,0.2554399243140965,optimized,2.0
goal,True,20.459999999999653,36.51238989119824,1.7829560245623441,1.3644972955784807,0.36628336598833,0.29626392931316864,False,0.0,0.6556665801247659,,1.0707866473273628,1023,slippery,5009,0.11325841109235353,True,True,16.0,22.0,36.0,0.5637117705704066,3.4873356243580726,3,3,ppo,slippery,5009,True,standard,2.0513632000001962,110,0.10752688172043011,optimized,2.0
goal,True,20.11999999999966,36.581340330038856,1.813792445813353,1.6311328951067385,1.0491787899636025,0.37908226950737983,False,0.0,0.42054229248445163,,1.197152871559493,1006,slippery,5010,0.14381243175444086,False,False,16.0,22.0,36.0,0.42717752382064567,3.7667485448765166,2,3,ppo,slippery,5010,True,standard,2.0899127000011504,151,0.15009940357852883,optimized,2.0
goal,True,20.019999999999662,36.62716492755471,1.8253759878055564,1.0490412959870878,0.11269774919717986,0.35782010700828704,False,0.0,0.5662758086754675,,1.2534686867207125,1001,slippery,5011,0.14971532004645052,True,True,16.0,22.0,36.0,0.5026425178166009,4.081364643336002,3,1,ppo,slippery,5011,True,standard,2.074171499996737,165,0.16483516483516483,optimized,2.0
goal,True,22.9399999999996,36.42950536843652,1.5856539656329325,1.6048440682278795,0.7976430392872816,0.29179881478528547,False,0.0,0.3239108627179651,,1.2275353022654671,1147,slippery,5012,0.11599739438211938,False,False,16.0,22.0,36.0,0.39398276911903374,4.746887235560902,2,3,ppo,slippery,5012,True,standard,2.4969093000036082,464,0.4045335658238884,optimized,2.0
off_sidewalk,False,13.5799999999998,22.81082800380206,1.6761879484899485,1.727190996870436,0.40600754561234875,0.33889806195536787,False,0.0,0.5282482507891547,,0.8008855900010903,679,slippery,5013,0.11438074496395545,True,False,16.0,22.0,36.0,0.39658147398497556,4.558301693417866,4,3,ppo,slippery,5013,True,standard,1.4905675999980303,103,0.15169366715758467,optimized,2.0
goal,True,22.47999999999961,36.46085966729584,1.617347617288001,1.509734776157376,0.8534199320070299,0.3127174538607268,False,0.0,0.1957778220021391,,1.369120301685092,1124,slippery,5014,0.13211528278562787,False,False,16.0,22.0,36.0,0.39538286405034423,4.248689932953564,4,3,ppo,slippery,5014,True,standard,2.3345509999999194,282,0.2508896797153025,optimized,2.0
off_sidewalk,False,3.660000000000003,5.9649348758247775,1.6277790379772035,1.0408238355553818,0.4498986866036557,0.4255366587318236,False,0.0,0.47829577160648495,,0.23911873181561624,183,slippery,5015,0.11307428979546041,False,False,16.0,22.0,36.0,0.47884043584313024,3.616554150795544,3,2,ppo,slippery,5015,True,standard,0.4059569999953965,47,0.2568306010928962,optimized,2.0
goal,True,21.159999999999638,36.525963891527475,1.7217497858284045,1.080257144623822,0.8355622238261777,0.358068022179906,False,0.0,0.7562383832557447,,1.4825071172394053,1058,slippery,5016,0.12328780373270565,False,False,16.0,22.0,36.0,0.47418012459549047,4.4970018275504655,3,1,ppo,slippery,5016,True,standard,2.092595699999947,222,0.20982986767485823,optimized,2.0
stall,False,16.41999999999974,1.5719847242478113,0.09479169817733121,1.0587838580416098,0.04567746836856065,0.1434408792315262,False,0.0,2.216573350293536,,0.19387357349613354,821,slippery,5017,0.12162928738333142,False,False,16.0,22.0,36.0,0.37136828990468335,3.069327793573069,3,3,ppo,slippery,5017,True,standard,1.697778699999617,0,0.0,optimized,2.0
goal,True,18.899999999999686,36.352320035206795,1.9192952930540967,1.827960153594773,0.9979721422090682,0.43032126398485265,False,0.0,1.1220066385140433,,1.2525832710662352,945,slippery,5018,0.1021966661181102,True,False,16.0,22.0,36.0,0.5946026326547758,3.741644975951466,2,1,ppo,slippery,5018,True,standard,1.914456300000893,17,0.01798941798941799,optimized,2.0
goal,True,20.15999999999966,36.64952916458248,1.812782865786332,2.0772465720187117,0.770191354265477,0.40188901007561945,False,0.0,0.5740762523790538,,1.3623031174822482,1008,slippery,5019,0.09694607558591248,False,False,16.0,22.0,36.0,0.5750831592553017,4.6919924902412244,2,3,ppo,slippery,5019,True,standard,2.1014106000002357,158,0.15674603174603174,optimized,2.0
goal,True,21.01999999999964,36.42572667635103,1.7279905085578597,1.3642099203524567,0.9061275954371286,0.37640247512348834,False,0.0,0.2620740847099773,,1.216320237372932,1051,slippery,5020,0.11812828874817456,False,False,16.0,22.0,36.0,0.46818953800906005,4.082261203094857,2,1,ppo,slippery,5020,True,standard,2.210259599996789,188,0.17887725975261656,optimized,2.0
stall,False,28.719999999999477,24.6017242168466,0.8537475961558476,1.2114354298782604,0.8155956464587211,0.28262765672541895,False,0.0,0.6859624343089631,,0.999871411596664,1436,slippery,5021,0.11381894175763324,True,False,16.0,22.0,36.0,0.5095335460492123,3.9670663971291336,4,3,ppo,slippery,5021,True,standard,3.1202045000027283,116,0.0807799442896936,optimized,2.0
goal,True,23.83999999999958,36.500700588885095,1.5272316865733215,1.919900012357078,0.8653949116047281,0.3391642518480389,False,0.0,0.19362616700597157,,1.4269766858841912,1192,slippery,5022,0.13140191257451567,False,False,16.0,22.0,36.0,0.3803967251227852,4.16327064677573,3,2,ppo,slippery,5022,True,standard,2.4642129999992903,333,0.27936241610738255,optimized,2.0
goal,True,20.959999999999642,36.595824656129075,1.7406295985470237,1.4774235599335201,0.8296988845179618,0.3956799083927993,False,0.0,0.5200717087712629,,1.1955230210477552,1048,slippery,5023,0.12867756728465177,False,False,16.0,22.0,36.0,0.5232861663456629,4.845944573728948,3,2,ppo,slippery,5023,True,standard,2.266932900005486,261,0.24904580152671757,optimized,2.0
goal,True,23.41999999999959,36.388792850386295,1.5499997648627524,1.9779687279824547,0.8973241821756085,0.34817070251236665,False,0.0,0.6038665050405171,,1.3781695938635636,1171,slippery,5024,0.13928371679168416,False,False,16.0,22.0,36.0,0.3684939481590379,4.478913919082471,4,1,ppo,slippery,5024,True,standard,2.461214499999187,447,0.3817250213492741,optimized,2.0
goal,True,23.079999999999597,36.31685464182466,1.5702880593962378,1.1160373359186038,0.5967455455375967,0.32535073700045586,False,0.0,0.25365302596263783,,1.5980574216679855,1154,slippery,5025,0.09643074988431373,False,False,16.0,22.0,36.0,0.4484040919513414,4.750233220361416,4,2,ppo,slippery,5025,True,standard,2.458424800002831,349,0.3024263431542461,optimized,2.0
collision,False,7.919999999999919,11.869840797556229,1.4942767122187086,1.1866476960906196,0.2717889935913516,0.41699832701390566,False,0.0,-0.01167376759863703,obstacle,0.5668453961915588,396,slippery,5026,0.09558762086488723,False,False,16.0,22.0,36.0,0.5864049169030267,4.307968225800889,4,3,ppo,slippery,5026,True,standard,0.8487680000034743,161,0.4065656565656566,optimized,2.0
goal,True,20.97999999999964,37.22770368971,1.769481881996154,1.2099396640734925,0.8472871225156544,0.3582865255775438,False,0.0,0.4449100348529217,,1.187948344419429,1049,slippery,5027,0.11482123997562081,False,True,16.0,22.0,36.0,0.4715029365058271,3.7904107308165678,2,3,ppo,slippery,5027,True,standard,2.227072900001076,160,0.15252621544327932,optimized,2.0
off_sidewalk,False,11.519999999999843,22.440382897363428,1.9452230837597757,0.9464034984097556,0.699543448571692,0.3630644656768952,False,0.0,3.5323768795512747,,0.7831807612107148,576,slippery,5028,0.10116781223940692,False,False,16.0,22.0,36.0,0.49418247482784017,4.609884125974756,3,2,ppo,slippery,5028,True,standard,1.2239807000005385,0,0.0,optimized,2.0
goal,True,20.419999999999654,36.31299110927387,1.7751057676960502,1.4714987938716741,0.8402680705814438,0.3401547672313414,False,0.0,0.7722343555499439,,1.3591706158094818,1021,slippery,5029,0.12404880975552002,False,True,16.0,22.0,36.0,0.45588863535587365,3.612757000380382,3,1,ppo,slippery,5029,True,standard,2.1359642000024905,197,0.1929480901077375,optimized,2.0
goal,True,21.179999999999637,36.43154392597345,1.7170661105086567,0.8884015611712855,0.4807923956850556,0.262174831932406,False,0.0,0.538050613811294,,1.186159466672647,1059,slippery,5030,0.11541600076902528,False,True,16.0,22.0,36.0,0.3668454217850029,3.5741138987672745,3,2,ppo,slippery,5030,True,standard,2.2188338000050862,305,0.28800755429650615,optimized,2.0
goal,True,21.859999999999623,36.332666745367575,1.6596958492598024,2.1796072760836203,0.8701395371465671,0.3121081091332283,False,0.0,0.15207973881631998,,1.2836468255995739,1093,slippery,5031,0.14561650478931443,True,False,16.0,22.0,36.0,0.3923066625044509,3.7270554480582403,2,3,ppo,slippery,5031,True,standard,2.400910299998941,328,0.3000914913083257,optimized,2.0
goal,True,20.61999999999965,36.6000250530987,1.7705863771148425,1.3439076133797696,0.8414211837970155,0.3840718646960797,False,0.0,0.3582260168100396,,1.141128530384796,1031,slippery,5032,0.1122245362773568,False,False,16.0,22.0,36.0,0.5123534896384638,4.3792262715010075,2,1,ppo,slippery,5032,True,standard,2.045906500003184,183,0.17749757516973813,optimized,2.0
goal,True,21.299999999999635,36.48556282621354,1.7099187219511662,1.6221436847012316,0.892821886853869,0.3516016641466479,False,0.0,0.24677656512576918,,1.2860204388118985,1065,slippery,5033,0.11672621005094068,False,False,16.0,22.0,36.0,0.4929923951210895,3.666279579977531,2,2,ppo,slippery,5033,True,standard,2.2011243000015384,351,0.3295774647887324,optimized,2.0
goal,True,21.45999999999963,36.82808490745649,1.7103133799840469,1.183356088556618,0.37724123716521474,0.405065626387521,False,0.0,1.2498865725157384,,1.3271970836864015,1073,slippery,5034,0.12934267293598622,True,True,16.0,22.0,36.0,0.556755319673636,3.804995479071652,3,1,ppo,slippery,5034,True,standard,2.234870000000228,377,0.35135135135135137,optimized,2.0
goal,True,21.779999999999625,36.957820026096556,1.6923721306130386,1.408791850024292,0.7377422851116623,0.3229440425752819,False,0.0,0.2879603050424657,,1.1254117853249364,1089,slippery,5035,0.10658169577161372,True,False,16.0,22.0,36.0,0.4457365742711606,4.156022809768874,2,3,ppo,slippery,5035,True,standard,2.3571361000067554,277,0.25436179981634527,optimized,2.0
goal,True,19.63999999999967,36.43926944161748,1.8526715161048313,1.044127683791619,0.7927968004619861,0.29447691590289804,False,0.0,0.23686477390058758,,1.1794169037596094,982,slippery,5036,0.1173697414789877,False,False,16.0,22.0,36.0,0.37723532017625244,4.3024889064133,3,1,ppo,slippery,5036,True,standard,2.065250100000412,137,0.1395112016293279,optimized,2.0
goal,True,22.47999999999961,36.56176356286732,1.6230901268087283,1.3322336758614808,0.7651051284178166,0.33523699151828606,False,0.0,0.2913570482232365,,1.49297764890861,1124,slippery,5037,0.13679937064081266,False,False,16.0,22.0,36.0,0.4523577783787623,4.854865496269261,4,3,ppo,slippery,5037,True,standard,2.4352858000056585,297,0.26423487544483987,optimized,2.0
off_sidewalk,False,4.2399999999999975,6.836514401606566,1.607813060679513,0.7707359632787818,0.3157003978336934,0.2971930747942627,False,0.0,0.937477579544169,,0.2656859909009347,212,slippery,5038,0.09670644475941208,False,False,16.0,22.0,36.0,0.35783740592728097,4.89287011986292,4,2,ppo,slippery,5038,True,standard,0.4623917999997502,58,0.27358490566037735,optimized,2.0
goal,True,20.259999999999657,36.39711447375006,1.7932290383314429,1.5315498601640243,1.0607480509493854,0.3675004030102051,False,0.0,0.3213472628848548,,1.4484147236771643,1013,slippery,5039,0.13861797778812823,True,False,16.0,22.0,36.0,0.4923603953627235,3.6144856875598865,2,2,ppo,slippery,5039,True,standard,2.0949021999986144,133,0.13129318854886476,optimized,2.0
goal,True,22.39999999999961,36.587684641252345,1.6273860939610882,2.851049481910787,1.0463559469755346,0.4436655267025231,False,0.0,0.4810305189754277,,1.293435945678762,1120,slippery,5040,0.13659141728402505,False,False,16.0,22.0,36.0,0.5217942425267601,3.1920688461343363,4,1,ppo,slippery,5040,True,standard,2.385030099998403,345,0.3080357142857143,optimized,2.0
goal,True,21.91999999999962,36.456782200239154,1.6577231139331057,1.8660407924959335,1.4924308228108385,0.42244446120122997,False,0.0,0.1605587334214511,,1.5314977582296814,1096,slippery,5041,0.14238089228448053,False,False,16.0,22.0,36.0,0.5872125373702828,3.1247853346898227,2,1,ppo,slippery,5041,True,standard,2.23684250000224,188,0.17153284671532848,optimized,2.0
stall,False,20.65999999999965,9.400283725774095,0.45301791126836394,0.8900526230450395,0.603226254886412,0.21396506617497688,False,0.0,0.5557153807929754,,0.4602396158125658,1033,slippery,5042,0.11346964484423985,False,False,16.0,22.0,36.0,0.5295349278405915,3.486030199242384,3,3,ppo,slippery,5042,True,standard,2.190447299995867,103,0.09970958373668926,optimized,2.0
goal,True,21.51999999999963,36.415025021060934,1.6891046512738925,1.1367262479791596,0.60393001198929,0.32045408100226286,False,0.0,0.8091840808213457,,1.2265511541140468,1076,slippery,5043,0.1269385057241497,False,True,16.0,22.0,36.0,0.4860029626216278,4.0020376195110305,2,2,ppo,slippery,5043,True,standard,2.2418523999949684,349,0.3243494423791822,optimized,2.0
off_sidewalk,False,3.900000000000003,4.441919114147701,1.1133303410869024,1.2934468462641413,0.3870828721911,0.5149833617184173,False,0.0,0.14429685838393974,,0.23912636606766044,195,slippery,5044,0.13998739401869517,False,False,16.0,22.0,36.0,0.5924876623535076,3.6549452422762707,3,3,ppo,slippery,5044,True,standard,0.4456879999997909,95,0.48717948717948717,optimized,2.0
goal,True,22.679999999999605,36.7055819027521,1.6140017675005176,1.4148881610501225,0.9095587676205277,0.3821179200524667,False,0.0,0.07255602677822404,,1.2338099719119167,1134,slippery,5045,0.13638592052525939,False,False,16.0,22.0,36.0,0.4884693449298265,3.545543304209088,2,3,ppo,slippery,5045,True,standard,2.4087090999964857,136,0.11992945326278659,optimized,2.0
off_sidewalk,False,16.279999999999742,25.66544813760853,1.5688854674413157,1.6433103717321433,1.0462988662622883,0.3584310230222718,False,0.0,0.6718212258212192,,0.9382518594436047,814,slippery,5046,0.12227119309524864,True,False,16.0,22.0,36.0,0.40528830228894586,3.3327744218409308,2,2,ppo,slippery,5046,True,standard,1.7062775000013062,19,0.02334152334152334,optimized,2.0
off_sidewalk,False,11.459999999999845,22.51860992157575,1.962346554696664,1.1352802852467432,0.8198733433752085,0.40967731071625724,False,0.0,0.595580028986041,,0.811328841470095,573,slippery,5047,0.0907107601460403,False,False,16.0,22.0,36.0,0.5191630247196433,3.1410251815083683,3,3,ppo,slippery,5047,True,standard,1.1578876999992644,1,0.0017452006980802793,optimized,2.0
stall,False,30.339999999999442,28.284078876836567,0.9269940354982102,1.6057321357122618,0.8244383229662392,0.33571876262228184,False,0.0,2.095193027488025,,1.1480729921399295,1517,slippery,5048,0.09534548510317571,False,False,16.0,22.0,36.0,0.5998205959961552,3.411304677538264,4,1,ppo,slippery,5048,True,standard,3.212341899998137,133,0.08767303889255108,optimized,2.0
off_sidewalk,False,12.039999999999832,22.469227678450252,1.8619057102861494,1.6869132154037205,0.9076240571213469,0.41580047414808013,False,0.0,1.3383780746515104,,0.8208001324047371,602,slippery,5049,0.14394041403531896,False,False,16.0,22.0,36.0,0.5073623658710646,3.1978602646371006,3,2,ppo,slippery,5049,True,standard,1.1848523000007845,88,0.1461794019933555,optimized,2.0
off_sidewalk,False,13.07999999999981,22.35235416363591,1.7061897991603763,0.97372188123805,0.5092274852817469,0.3421174456383995,False,0.0,0.12260873938619232,,0.8808808274490398,654,slippery,5050,0.0986083385191299,False,False,16.0,22.0,36.0,0.5121748885753438,4.110811346493778,3,2,ppo,slippery,5050,True,standard,1.3853037999942899,124,0.18960244648318042,optimized,2.0
goal,True,21.439999999999632,36.34518393731272,1.6914902704423955,1.2666072467680523,0.4986510559163253,0.3824952249878549,False,0.0,0.145019724124258,,1.5015880043418155,1072,slippery,5051,0.12233334430260395,True,True,16.0,22.0,36.0,0.5324330909943643,3.4696736983662753,4,3,ppo,slippery,5051,True,standard,2.3896377999990364,239,0.22294776119402984,optimized,2.0
goal,True,27.339999999999506,36.70877521373948,1.3367649086582993,1.3319274613899386,0.4910167869695971,0.35750265358936745,False,0.0,0.34425610849133514,,1.5472289793049614,1367,slippery,5052,0.1306635418670573,True,False,16.0,22.0,36.0,0.5219710318393633,4.903101107035168,4,1,ppo,slippery,5052,True,standard,2.777101399995445,649,0.4747622531089978,optimized,2.0
goal,True,22.239999999999615,36.31496065735748,1.6278616238555077,1.21261725790578,0.7310919630571233,0.3724978784256251,False,0.0,0.3731271626774535,,1.6201953361581867,1112,slippery,5053,0.12112491333169412,False,True,16.0,22.0,36.0,0.5201465827227372,4.381330884174664,3,1,ppo,slippery,5053,True,standard,2.0769496000066283,300,0.2697841726618705,optimized,2.0
goal,True,21.419999999999632,36.62412269757157,1.7056637596113478,1.2341046860198501,0.8263248362412005,0.2755768974665708,False,0.0,0.6026436502783957,,0.9694362801379409,1071,slippery,5054,0.10840892457049757,True,False,16.0,22.0,36.0,0.36017281153192726,4.113300036428866,2,1,ppo,slippery,5054,True,standard,2.1615634999980102,326,0.30438842203548083,optimized,2.0
goal,True,23.159999999999595,36.32710839384611,1.5641036400993729,2.4954775890144165,0.943153447062793,0.40587421259141104,False,0.0,0.4899634563680011,,1.5271925931598644,1158,slippery,5055,0.09580944017439189,True,False,16.0,22.0,36.0,0.5253239737026296,3.420582573190744,3,1,ppo,slippery,5055,True,standard,2.4476968000017223,350,0.3022452504317789,optimized,2.0
goal,True,25.559999999999544,36.710367400816736,1.430754057649684,1.508717030273709,0.9532055516107582,0.40371654198604406,False,0.0,0.2369931908773411,,1.4030230732243014,1278,slippery,5056,0.14314511450547973,False,False,16.0,22.0,36.0,0.44949204346401794,3.5916894807551056,4,3,ppo,slippery,5056,True,standard,2.623429200000828,327,0.25586854460093894,optimized,2.0
goal,True,21.379999999999633,36.380701103194376,1.698279427598709,1.3762176896427716,1.1433889239246915,0.3839289632300647,False,0.0,0.5627001088786455,,1.4040138304378116,1069,slippery,5057,0.1082113167106713,False,False,16.0,22.0,36.0,0.509796205813017,3.003224526127708,3,3,ppo,slippery,5057,True,standard,2.0401655999958166,111,0.1038353601496726,optimized,2.0
goal,True,21.95999999999962,36.736000629949636,1.667773237766111,1.3864104109929114,0.8330720121302819,0.37536122044816034,False,0.0,0.18947137818752324,,1.1493313978887731,1098,slippery,5058,0.11184194310749679,False,False,16.0,22.0,36.0,0.49159706253495694,3.73068557622015,3,2,ppo,slippery,5058,True,standard,2.22905009999522,411,0.3743169398907104,optimized,2.0
goal,True,22.139999999999617,36.276498719910215,1.635195333035141,1.4918140717493589,0.7829012670873989,0.3061193394221401,False,0.0,0.6498846653172727,,1.4259293626752416,1107,slippery,5059,0.12322396409418393,False,False,16.0,22.0,36.0,0.3766985286862933,4.957237543027349,4,1,ppo,slippery,5059,True,standard,2.3321069000012358,323,0.2917795844625113,optimized,2.0
goal,True,20.13999999999966,36.41294390748694,1.8041972197982354,1.1773538455545318,0.734199037545961,0.36937650562713387,False,0.0,0.19990702665186444,,1.436979812829371,1007,slippery,5060,0.09337821742015381,False,True,16.0,22.0,36.0,0.5600043960585193,3.7326058238479085,3,1,ppo,slippery,5060,True,standard,1.949487500001851,155,0.15392254220456802,optimized,2.0
goal,True,20.319999999999656,36.409432242166716,1.7855376844720952,2.2617883222015918,1.2653153757323194,0.44887827862318036,False,0.0,0.36778317798991367,,1.26885371337329,1016,slippery,5061,0.13695448627719198,True,False,16.0,22.0,36.0,0.5852592441420562,3.3022139240992363,3,1,ppo,slippery,5061,True,standard,1.862888200004818,227,0.2234251968503937,optimized,2.0
off_sidewalk,False,11.419999999999845,22.274000361474535,1.9484191402418267,0.9587665047539363,0.7122493597760241,0.35180860594429053,False,0.0,2.5979784711138816,,0.7756984703057965,571,slippery,5062,0.0999320615330115,False,False,16.0,22.0,36.0,0.4653831952719196,4.2770388427792305,3,2,ppo,slippery,5062,True,standard,1.2005938999936916,0,0.0,optimized,2.0
goal,True,20.13999999999966,36.19773020305015,1.7945246345722914,1.6322209301416601,0.8515981521018162,0.3708234514489641,False,0.0,0.5825641845956803,,1.526815037161434,1007,slippery,5063,0.13080054112731646,False,False,16.0,22.0,36.0,0.5053576445646772,4.928957495797438,2,3,ppo,slippery,5063,True,standard,2.1166147999974783,98,0.09731876861966236,optimized,2.0
goal,True,22.43999999999961,36.78173551699584,1.633008514812772,3.888708401563151,0.9204277013441999,0.43642930854740974,True,0.0012477718360071302,0.31468155926068286,,1.4110158117673277,1122,slippery,5064,0.13444189604194567,False,False,16.0,22.0,36.0,0.5019408981306013,4.5863073577415205,4,1,ppo,slippery,5064,True,standard,2.2330449000000954,360,0.32085561497326204,optimized,2.0
stall,False,18.439999999999696,5.110271328547556,0.27561474676907594,0.9077698231757364,0.06625911344726336,0.18727528332221322,False,0.0,0.12586827403529136,,0.3603901783045731,922,slippery,5065,0.1251690425208082,True,False,16.0,22.0,36.0,0.47398546230284355,4.8563894445347895,3,2,ppo,slippery,5065,True,standard,1.739021800000046,24,0.026030368763557483,optimized,2.0
off_sidewalk,False,3.800000000000003,5.769575331712907,1.5178306543112599,0.9817507329233617,0.29819988775868633,0.3352525998336336,False,0.0,0.7531767057681692,,0.24346864323053388,190,slippery,5066,0.1266821206098644,False,False,16.0,22.0,36.0,0.372692250749266,3.9869918481657125,3,3,ppo,slippery,5066,True,standard,0.4282747000033851,50,0.2631578947368421,optimized,2.0
goal,True,22.47999999999961,36.91137342453531,1.6366442300094588,1.2437922055724717,0.8122412544976588,0.35687989578997836,False,0.0,0.3479815263230258,,1.5109554097403946,1124,slippery,5067,0.107957664584021,False,False,16.0,22.0,36.0,0.5234743795081293,4.98601841338545,4,2,ppo,slippery,5067,True,standard,2.4057457000017166,347,0.3087188612099644,optimized,2.0
goal,True,19.67999999999967,36.43531345492118,1.846530462032888,1.044372962066895,0.759908502919674,0.3704878985449023,False,0.0,0.3871981141727505,,1.2150627149888595,984,slippery,5068,0.09259308451131983,False,True,16.0,22.0,36.0,0.5044905586486175,3.68361918406922,3,2,ppo,slippery,5068,True,standard,2.0190693000040483,112,0.11382113821138211,optimized,2.0
goal,True,26.71999999999952,36.3347945535868,1.3549194603957264,1.6147711387900943,0.853469169423512,0.28069565639742683,False,0.0,0.10931894485990959,,1.4927596649604593,1336,slippery,5069,0.11185018390823433,False,False,16.0,22.0,36.0,0.37293751448488877,4.211614650645206,3,3,ppo,slippery,5069,True,standard,2.6093462999997428,283,0.2118263473053892,optimized,2.0
goal,True,19.319999999999677,36.463562566746326,1.8845817168051169,1.4302220149917368,0.9474095672566235,0.35259536980885536,False,0.0,0.4848085334331521,,1.1678007777905608,966,slippery,5070,0.14646988327914132,False,True,16.0,22.0,36.0,0.4414788049685135,3.014792907872379,3,1,ppo,slippery,5070,True,standard,2.0230047999939416,32,0.033126293995859216,optimized,2.0
stall,False,35.84,29.72232127437528,0.8263904834402348,1.4367553578199246,0.7970575843099215,0.23931424187100342,False,0.0,0.7014497247199742,,1.2567403033563762,1792,slippery,5071,0.10540263645169527,False,False,16.0,22.0,36.0,0.36896126124148154,4.164918454437569,4,3,ppo,slippery,5071,True,standard,3.637208300002385,185,0.10323660714285714,optimized,2.0
stall,False,26.979999999999514,11.894799660393751,0.43033525664497496,1.4299150412349466,0.5020340462358048,0.23749828306597115,False,0.0,0.06367038075729542,,0.6503994920848665,1349,slippery,5072,0.129473321823593,True,False,16.0,22.0,36.0,0.4873093832063128,4.727316696900118,4,2,ppo,slippery,5072,True,standard,2.5850591999987955,941,0.6975537435137139,optimized,2.0
stall,False,30.679999999999435,29.710400030565335,0.9658903920380417,1.4269548319824281,0.8928059034195889,0.2577296221990018,False,0.0,0.414416557119496,,1.0409861311567792,1534,slippery,5073,0.12157656077615875,False,False,16.0,22.0,36.0,0.36816425647264694,3.615451791111634,2,3,ppo,slippery,5073,True,standard,2.5455561999988277,14,0.009126466753585397,optimized,2.0
goal,True,21.59999999999963,36.45348129100661,1.6835094509471051,0.9466041687602328,0.47225092796914403,0.3575466244938194,False,0.0,0.4023739814140542,,1.5531042865227478,1080,slippery,5074,0.13307392580312158,True,True,16.0,22.0,36.0,0.5563206852670345,4.87418254885662,2,3,ppo,slippery,5074,True,standard,2.236528300003556,267,0.24722222222222223,optimized,2.0
stall,False,34.5199999999998,28.693111408666535,0.8267029664452178,1.1745915346434856,0.7849843161023751,0.24784310979865742,False,0.0,0.0556123998742426,,1.1248447205130094,1726,slippery,5075,0.13511704529586524,False,True,16.0,22.0,36.0,0.40782461613592547,4.235974977511892,2,3,ppo,slippery,5075,True,standard,3.3734245999949053,872,0.5052143684820394,optimized,2.0
goal,True,24.999999999999556,36.33362056037231,1.448547802615675,1.8897676149762934,1.034127197863334,0.39223149406013724,False,0.0,0.5359032817488004,,1.6495822155487803,1250,slippery,5076,0.11253069342252543,False,False,16.0,22.0,36.0,0.5424414213028286,4.688945080828985,3,2,ppo,slippery,5076,True,standard,2.339153199995053,379,0.3032,optimized,2.0
goal,True,21.719999999999626,36.672246592147964,1.6821090638488632,1.772159537906687,0.8602543768329493,0.3707893978877349,False,0.0,0.34815305938607277,,1.2547363142676617,1086,slippery,5077,0.14268386767121152,False,False,16.0,22.0,36.0,0.46181157749613333,4.683266037657667,2,2,ppo,slippery,5077,True,standard,1.8178450999985216,287,0.26427255985267034,optimized,2.0
off_sidewalk,False,18.399999999999697,31.51310852911215,1.7053491926643767,1.6030426955236818,0.5755454508580449,0.42590066900778817,False,0.0,0.33728853541319026,,1.399114550131592,920,slippery,5078,0.09319333880718476,False,False,16.0,22.0,36.0,0.5641143861559643,3.1100311875618685,4,3,ppo,slippery,5078,True,standard,2.004440800003067,53,0.057608695652173914,optimized,2.0
goal,True,21.97999999999962,36.41903532234127,1.6525402274270269,1.1342537125414593,0.7543703805707488,0.2950986252061392,False,0.0,0.12678709528131385,,1.353100860002888,1099,slippery,5079,0.10656495195563959,False,True,16.0,22.0,36.0,0.3798150528491909,4.056615073880624,4,1,ppo,slippery,5079,True,standard,2.3236130000004778,300,0.272975432211101,optimized,2.0
goal,True,23.299999999999592,36.61793846110047,1.5659942544599317,1.9474429742810544,0.9012051373141414,0.4163171062566293,False,0.0,0.4567028178658812,,1.327775149426386,1165,slippery,5080,0.09303349148726354,False,False,16.0,22.0,36.0,0.5353632697161697,3.3399048040720363,3,1,ppo,slippery,5080,True,standard,2.178338999998232,398,0.34163090128755363,optimized,2.0
goal,True,23.979999999999578,36.697226331772185,1.5257941705638538,1.4809253631491686,0.7410037656532245,0.316078139284623,False,0.0,0.3292891604107485,,1.4424850500460233,1199,slippery,5081,0.11213266060630127,False,False,16.0,22.0,36.0,0.41262941894488775,4.654924338620467,4,3,ppo,slippery,5081,True,standard,2.165919399994891,413,0.34445371142618847,optimized,2.0
goal,True,24.159999999999574,36.54588944869901,1.5072327394282496,2.145973116849906,0.8185368123991392,0.39677186544372345,False,0.0,0.005890301742096482,,1.605244771889513,1208,slippery,5082,0.10870515465564147,False,False,16.0,22.0,36.0,0.5873708960303337,4.6545013175171706,4,2,ppo,slippery,5082,True,standard,2.6022298999960185,262,0.21688741721854304,optimized,2.0
off_sidewalk,False,12.959999999999813,22.408432823703492,1.7256228469045418,1.2332335852885585,0.3778418408896203,0.4018472942377273,False,0.0,0.3277565921484781,,0.9475734600985556,648,slippery,5083,0.10054835161087051,False,False,16.0,22.0,36.0,0.5584603947048123,4.7793800012599625,4,3,ppo,slippery,5083,True,standard,1.3060060999996495,82,0.12654320987654322,optimized,2.0
stall,False,33.539999999999644,28.75058927831593,0.8510868815305411,1.8650779480282662,1.0777653951474613,0.3735100555178639,False,0.0,0.5368283847191396,,1.3391576627206958,1677,slippery,5084,0.11698300490792289,False,False,16.0,22.0,36.0,0.5639262492900641,3.603905821938964,4,2,ppo,slippery,5084,True,standard,3.206883500002732,360,0.2146690518783542,optimized,2.0
goal,True,21.179999999999637,36.531893656714104,1.7190840804711691,2.082088754298641,0.8616914405393764,0.43854936969049746,False,0.0,0.07273944830884549,,1.555975970416097,1059,slippery,5085,0.09092898262982511,False,False,16.0,22.0,36.0,0.5923827914486263,3.4803602936247238,2,2,ppo,slippery,5085,True,standard,1.7239131999958772,171,0.16147308781869688,optimized,2.0
stall,False,17.439999999999717,4.218139600563777,0.24037244892895998,0.9681728674506737,0.04793217959112866,0.1760469951770995,False,0.0,0.05791441118469831,,0.30219363138346245,872,slippery,5086,0.13565333662777856,False,False,16.0,22.0,36.0,0.43214338032415894,4.201848831134938,3,1,ppo,slippery,5086,True,standard,1.7710933999987901,764,0.8761467889908257,optimized,2.0
off_sidewalk,False,18.1799999999997,29.983673220511427,1.6463822699970279,1.1542659728161984,0.7349195316742682,0.3863383427875683,False,0.0,1.489000567560538,,1.1092916384479041,909,slippery,5087,0.09825889682104214,False,False,16.0,22.0,36.0,0.4301522830887735,3.6178111164901976,4,1,ppo,slippery,5087,True,standard,1.8352992000000086,153,0.16831683168316833,optimized,2.0
stall,False,33.11999999999958,31.043348859632186,0.934508400899554,1.319829085554433,0.7446512135922937,0.2405033758801587,False,0.0,0.49033407212711366,,1.2871202789356124,1656,slippery,5088,0.14516399397423288,False,True,16.0,22.0,36.0,0.3912546707572413,3.076056513841886,4,1,ppo,slippery,5088,True,standard,3.0379260999980033,201,0.1213768115942029,optimized,2.0
goal,True,22.139999999999617,36.27043329209161,1.6344949374657358,1.2961493965113418,0.838798229643321,0.30342931518706573,False,0.0,0.49899856097518047,,1.4080691796433655,1107,slippery,5089,0.09429012646285188,True,False,16.0,22.0,36.0,0.4122533062612411,3.4746629759075462,4,2,ppo,slippery,5089,True,standard,1.9480718999984674,326,0.2944896115627823,optimized,2.0
goal,True,21.91999999999962,36.31789868722167,1.6532477468646463,1.2830587518270813,0.525830092148013,0.34942428944191156,False,0.0,0.897824920666445,,1.5344895588464016,1096,slippery,5090,0.10694230984683592,True,True,16.0,22.0,36.0,0.5016790307947641,3.0192451758830843,4,1,ppo,slippery,5090,True,standard,2.2629704999999376,361,0.3293795620437956,optimized,2.0
goal,True,25.879999999999537,36.68283361950908,1.4108249601617786,1.3190859484326825,0.9097721279999341,0.3785887877363417,False,0.0,0.2865896285203152,,1.49471767225335,1294,slippery,5091,0.12595635124475552,False,False,16.0,22.0,36.0,0.5143228211325088,3.2140859613197943,4,2,ppo,slippery,5091,True,standard,2.587286600006337,298,0.2302936630602782,optimized,2.0
off_sidewalk,False,12.039999999999832,22.23420256203309,1.8434879013877066,1.0478246677449443,0.7808286168436102,0.36390542219498256,False,0.0,0.8811181518779938,,0.7883550536447788,602,slippery,5092,0.09242072970107329,False,False,16.0,22.0,36.0,0.46437613170912007,3.6104146276233733,4,1,ppo,slippery,5092,True,standard,1.079401199996937,90,0.14950166112956811,optimized,2.0
goal,True,19.379999999999676,36.40894593645959,1.8747762562536276,1.3908747487124389,0.7287876259467612,0.37213699340278966,False,0.0,0.5254296931681186,,1.3045718209883173,969,slippery,5093,0.131855067058124,False,True,16.0,22.0,36.0,0.5078599019526165,4.517424137019871,3,2,ppo,slippery,5093,True,standard,1.6177422999971895,125,0.12899896800825594,optimized,2.0
goal,True,23.559999999999587,36.48369172903695,1.5439391122660076,1.1139234309068167,0.8038407013384581,0.33053855240144714,False,0.0,0.09966151296702852,,1.4159079999030606,1178,slippery,5094,0.12799374054937587,False,True,16.0,22.0,36.0,0.4727263758975164,4.534496637945709,4,2,ppo,slippery,5094,True,standard,2.413510700003826,203,0.17232597623089982,optimized,2.0
goal,True,21.379999999999633,36.51687503639012,1.7036238558316366,1.5065589590017958,0.8736352246464412,0.3720136540241887,False,0.0,0.18342117934947683,,1.224466844807215,1069,slippery,5095,0.11500065702869129,True,False,16.0,22.0,36.0,0.5470554956975995,4.7716698558317745,2,1,ppo,slippery,5095,True,standard,2.008143700004439,424,0.39663236669784846,optimized,2.0
stall,False,35.399999999999935,29.686490561605027,0.8334150759863563,1.553697944323056,0.8728730310177929,0.29209394963496016,False,0.0,0.38552237573175996,,1.10888704201259,1770,slippery,5096,0.1240763121473265,True,False,16.0,22.0,36.0,0.5061104672938141,4.332364566134115,4,1,ppo,slippery,5096,True,standard,3.231252500001574,452,0.25536723163841807,optimized,2.0
goal,True,22.8799999999996,36.64564281209908,1.5983989373162435,0.9317055406310821,0.10017320256117869,0.2760435995258657,False,0.0,0.4903187818854554,,1.1326306024690433,1144,slippery,5097,0.14602377237337144,True,True,16.0,22.0,36.0,0.3905374645110291,3.996850644935159,4,1,ppo,slippery,5097,True,standard,1.8575213000003714,356,0.3111888111888112,optimized,2.0
goal,True,19.439999999999674,36.50263414202147,1.87211416530716,1.706777972335253,0.9103694504599061,0.4462676015597798,False,0.0,0.2771374764232327,,1.3369478405694162,972,slippery,5098,0.11086834856947003,False,False,16.0,22.0,36.0,0.5746813489756994,3.7814489751499796,2,1,ppo,slippery,5098,True,standard,1.8763375999988057,107,0.11008230452674897,optimized,2.0
goal,True,24.439999999999568,36.774023874909304,1.4983810621205247,1.471838767797887,0.8269177501130566,0.42804520924554784,False,0.0,0.304256781379569,,1.2867985590486812,1222,slippery,5099,0.093374672767738,False,False,16.0,22.0,36.0,0.558970396149544,3.2102618071198448,2,3,ppo,slippery,5099,True,standard,2.255376699999033,419,0.34288052373158756,optimized,2.0
