outcome,success,time_s,path_m,mean_speed,peak_shock_g,peak_shock_vertical_g,shock_rms_g,shock_over_budget,frac_time_over_budget,min_clearance_m,collision_kind,energy_wh,steps,sc_family,sc_seed,sc_kerb_h,sc_ramp_down,sc_ramp_up,sc_x_down,sc_x_up,sc_x_goal,sc_tyre_mu,sc_payload_mass,sc_n_ped,sc_n_obstacle,controller,family,seed,shield,tag,wall_s,interventions,intervention_frac,vehicle
goal,True,26.019999999999534,36.02608825803173,1.3850996522326238,0.9832724762153359,0.06288372561179517,0.06573525678950581,False,0.0,,,0.25719149121506457,1301,flat_clear,1000,0.0,False,False,1000.0,1000.0,36.0,0.9415367388025319,4.042771475950126,0,0,pure_pursuit,flat_clear,1000,True,smoke_opt,1.1470171999999366,0,0.0,optimized
goal,True,26.019999999999534,36.028053679299006,1.3851824580070542,0.9402736315903787,0.05982000445257723,0.06420494692719536,False,0.0,,,0.2576405304414829,1301,flat_clear,1001,0.0,False,False,1000.0,1000.0,36.0,0.7062801871281326,4.225189857139902,0,0,pure_pursuit,flat_clear,1001,True,smoke_opt,1.0722662999996828,0,0.0,optimized
goal,True,26.019999999999534,36.02808800766101,1.3851717018246374,0.9757271095248543,0.06025912710162451,0.0653186466850398,False,0.0,,,0.2572417268730668,1301,flat_clear,1002,0.0,False,False,1000.0,1000.0,36.0,0.8428757350683788,3.761642318966232,0,0,pure_pursuit,flat_clear,1002,True,smoke_opt,1.0384152000005997,0,0.0,optimized
goal,True,25.999999999999535,36.00416099595155,1.3853371784786779,0.987490081884566,0.0606858576323671,0.0656550527125711,False,0.0,,,0.2565818639934247,1300,flat_clear,1003,0.0,False,False,1000.0,1000.0,36.0,0.8026823240875288,3.3755147365372666,0,0,pure_pursuit,flat_clear,1003,True,smoke_opt,1.0667159000004176,0,0.0,optimized
goal,True,26.019999999999534,36.02495709709013,1.3850135888167852,0.9708647009827667,0.06209425315617932,0.06529872221839926,False,0.0,,,0.2578663288447032,1301,flat_clear,1004,0.0,False,False,1000.0,1000.0,36.0,0.7520605248510526,3.0017609054814303,0,0,pure_pursuit,flat_clear,1004,True,smoke_opt,1.1409410999995089,0,0.0,optimized
goal,True,26.019999999999534,36.02247056908247,1.384941170591093,1.0307019654106155,0.06333142593913808,0.06726008014963467,False,0.0,,,0.2566762492029435,1301,flat_clear,1005,0.0,False,False,1000.0,1000.0,36.0,1.0722248169554416,3.1644383461357872,0,0,pure_pursuit,flat_clear,1005,True,smoke_opt,1.0721689000001788,0,0.0,optimized
goal,True,26.019999999999534,36.0229772479306,1.3849519570416193,0.968150168827134,0.06087500058286655,0.06588600677473452,False,0.0,,,0.2574167005305381,1301,flat_clear,1006,0.0,False,False,1000.0,1000.0,36.0,0.940342777519862,3.673842867145649,0,0,pure_pursuit,flat_clear,1006,True,smoke_opt,1.054198499999984,0,0.0,optimized
goal,True,26.019999999999534,36.02627820498397,1.385115837550792,1.0265831224966169,0.06252322856198067,0.06718636386195752,False,0.0,,,0.25679036843783093,1301,flat_clear,1007,0.0,False,False,1000.0,1000.0,36.0,1.0263921380711774,3.1424498749217715,0,0,pure_pursuit,flat_clear,1007,True,smoke_opt,1.0851044000000911,0,0.0,optimized
goal,True,26.019999999999534,36.02473992072689,1.3850470262626544,1.01711333913273,0.060818322286046375,0.06688452273446996,False,0.0,,,0.2570954115232773,1301,flat_clear,1008,0.0,False,False,1000.0,1000.0,36.0,1.0252202990915118,3.3345054981092375,0,0,pure_pursuit,flat_clear,1008,True,smoke_opt,1.1626243000000613,0,0.0,optimized
goal,True,26.019999999999534,36.020149273385215,1.384787152306089,0.9679480210424648,0.06122940736959016,0.06538224098214435,False,0.0,,,0.2587417852558734,1301,flat_clear,1009,0.0,False,False,1000.0,1000.0,36.0,0.8307662350691447,3.1130009241068786,0,0,pure_pursuit,flat_clear,1009,True,smoke_opt,1.0673193000002357,0,0.0,optimized
goal,True,26.019999999999534,36.01647598562877,1.3846235932389603,0.9726888147575606,0.06230994783614003,0.06576311122767785,False,0.0,,,0.25936893983443243,1301,flat_clear,1010,0.0,False,False,1000.0,1000.0,36.0,0.9143222924947375,3.1899845659231447,0,0,pure_pursuit,flat_clear,1010,True,smoke_opt,1.090121100000033,0,0.0,optimized
goal,True,26.019999999999534,36.019769938756,1.3847924475001991,0.9639207579138483,0.06134247701643842,0.06560066502778489,False,0.0,,,0.25815977993295763,1301,flat_clear,1011,0.0,False,False,1000.0,1000.0,36.0,0.9253294142037582,3.5682496807008732,0,0,pure_pursuit,flat_clear,1011,True,smoke_opt,1.0976958000001105,0,0.0,optimized
goal,True,26.019999999999534,36.02436891408072,1.3850349508122157,1.0042956875703943,0.06260356044556538,0.06645824394833394,False,0.0,,,0.25724612577034517,1301,flat_clear,1012,0.0,False,False,1000.0,1000.0,36.0,1.012258673751197,3.612640966541278,0,0,pure_pursuit,flat_clear,1012,True,smoke_opt,1.1488258999997925,0,0.0,optimized
goal,True,26.019999999999534,36.02840257659163,1.3851842236818097,0.9263258645224696,0.06418918644496377,0.06401910979215439,False,0.0,,,0.257507194262018,1301,flat_clear,1013,0.0,False,False,1000.0,1000.0,36.0,0.7315917886297024,4.588985830612375,0,0,pure_pursuit,flat_clear,1013,True,smoke_opt,1.091784799999914,0,0.0,optimized
goal,True,26.019999999999534,36.015252095803106,1.3845739185115744,0.9370915270639908,0.060739243387429094,0.06510248901669702,False,0.0,,,0.2591828596654693,1301,flat_clear,1014,0.0,False,False,1000.0,1000.0,36.0,0.9342809221201659,3.8710480032456,0,0,pure_pursuit,flat_clear,1014,True,smoke_opt,1.0145350000002509,0,0.0,optimized
goal,True,26.019999999999534,36.02801789090579,1.385182316739562,0.9891200321101934,0.060128172337463384,0.06614434855221424,False,0.0,,,0.25702815227504094,1301,flat_clear,1015,0.0,False,False,1000.0,1000.0,36.0,0.9428271314429462,3.7198058704681163,0,0,pure_pursuit,flat_clear,1015,True,smoke_opt,1.0377303000004758,0,0.0,optimized
goal,True,25.999999999999535,36.00185925593516,1.3852315586223825,0.9879547904210031,0.0618288612565009,0.06599085404158704,False,0.0,,,0.25624544488413525,1300,flat_clear,1016,0.0,False,False,1000.0,1000.0,36.0,0.8770775964377245,3.4559831934243705,0,0,pure_pursuit,flat_clear,1016,True,smoke_opt,1.1407773999999336,0,0.0,optimized
goal,True,26.039999999999534,36.039050984748734,1.3844491177410292,0.9136368586896146,0.07277593982325599,0.06481276870374746,False,0.0,,,0.2595006571944656,1302,flat_clear,1017,0.0,False,False,1000.0,1000.0,36.0,1.028532749453526,4.836703508620552,0,0,pure_pursuit,flat_clear,1017,True,smoke_opt,1.0554291000007652,0,0.0,optimized
goal,True,26.019999999999534,36.01869040075762,1.3847557354921478,0.9267460969110336,0.06338026166235138,0.06457794866569293,False,0.0,,,0.2590234261891371,1301,flat_clear,1018,0.0,False,False,1000.0,1000.0,36.0,0.8819836302780435,4.1879508983773786,0,0,pure_pursuit,flat_clear,1018,True,smoke_opt,1.019637899999907,0,0.0,optimized
goal,True,25.999999999999535,36.00269520779568,1.385271561199094,0.9980879993161743,0.05979690831596413,0.06594199760792159,False,0.0,,,0.25646115852186313,1300,flat_clear,1019,0.0,False,False,1000.0,1000.0,36.0,0.8583980191574891,3.433853717213183,0,0,pure_pursuit,flat_clear,1019,True,smoke_opt,1.0030643000000055,0,0.0,optimized
goal,True,26.019999999999534,36.02393891571589,1.3849897353239757,0.9363463835907955,0.06123806402521418,0.06437931780893617,False,0.0,,,0.2580819929326237,1301,flat_clear,1020,0.0,False,False,1000.0,1000.0,36.0,0.8134701125152806,4.1574004859917215,0,0,pure_pursuit,flat_clear,1020,True,smoke_opt,1.1221085999995921,0,0.0,optimized
goal,True,26.019999999999534,36.024835722174565,1.385023848296696,0.948795572844381,0.0599070268229216,0.06448826275477358,False,0.0,,,0.2582124301078292,1301,flat_clear,1021,0.0,False,False,1000.0,1000.0,36.0,0.7323405650889366,3.748776285058246,0,0,pure_pursuit,flat_clear,1021,True,smoke_opt,1.0975352999994357,0,0.0,optimized
goal,True,26.019999999999534,36.023388736732485,1.3850013139577169,1.0315742181447383,0.06356863923741438,0.06747044635864911,False,0.0,,,0.2569147580893684,1301,flat_clear,1022,0.0,False,False,1000.0,1000.0,36.0,1.067366702422499,3.001053290848632,0,0,pure_pursuit,flat_clear,1022,True,smoke_opt,1.0490405999998984,0,0.0,optimized
goal,True,26.039999999999534,36.04022026270655,1.3844933890426394,0.9602432154616135,0.06419173309692784,0.06620372867796258,False,0.0,,,0.25904903417115893,1302,flat_clear,1023,0.0,False,False,1000.0,1000.0,36.0,1.0623594940330707,3.6777381600170527,0,0,pure_pursuit,flat_clear,1023,True,smoke_opt,1.0409839999992982,0,0.0,optimized
goal,True,25.999999999999535,36.00317530472276,1.3852926486709065,0.9827435133783596,0.05934271558307809,0.06552114842503709,False,0.0,,,0.2567467211164022,1300,flat_clear,1024,0.0,False,False,1000.0,1000.0,36.0,0.8033411240091805,3.6449239382331395,0,0,pure_pursuit,flat_clear,1024,True,smoke_opt,1.1340947999997297,0,0.0,optimized
goal,True,26.019999999999534,36.01710011896895,1.3846954136447571,0.9360239094652023,0.06970951495348615,0.0647712785343753,False,0.0,,,0.25862238678470256,1301,flat_clear,1025,0.0,False,False,1000.0,1000.0,36.0,0.9516029979700883,4.642234733205431,0,0,pure_pursuit,flat_clear,1025,True,smoke_opt,1.107811099999708,0,0.0,optimized
goal,True,26.019999999999534,36.01881249475022,1.3847347925763023,0.9817623247555878,0.06188838098465287,0.06585865869678004,False,0.0,,,0.2582384544294041,1301,flat_clear,1026,0.0,False,False,1000.0,1000.0,36.0,0.9380469058269284,3.3414743918087773,0,0,pure_pursuit,flat_clear,1026,True,smoke_opt,0.9842502000001332,0,0.0,optimized
goal,True,26.019999999999534,36.028594825833686,1.385196403343531,1.016943928976602,0.062325384891483725,0.06669337379398159,False,0.0,,,0.256432792939413,1301,flat_clear,1027,0.0,False,False,1000.0,1000.0,36.0,0.9248582573641619,3.0559491122222395,0,0,pure_pursuit,flat_clear,1027,True,smoke_opt,1.0029437999992297,0,0.0,optimized
goal,True,26.019999999999534,36.028237135394214,1.3851884848596445,0.9463924864724226,0.0664967677131372,0.06465706542492902,False,0.0,,,0.2573073692732835,1301,flat_clear,1028,0.0,False,False,1000.0,1000.0,36.0,0.8544065774331859,4.632342157225378,0,0,pure_pursuit,flat_clear,1028,True,smoke_opt,1.1507595000002766,0,0.0,optimized
goal,True,26.039999999999534,36.03822484015295,1.3843826383267654,0.9090328968459528,0.07094024003948333,0.06501142145449029,False,0.0,,,0.2596483626270155,1302,flat_clear,1029,0.0,False,False,1000.0,1000.0,36.0,1.0291744489336718,4.673554672652967,0,0,pure_pursuit,flat_clear,1029,True,smoke_opt,1.0841250000003129,0,0.0,optimized
goal,True,26.019999999999534,36.026093578001124,1.3850776531585016,0.9595761526366752,0.059330651499237934,0.06464700738177465,False,0.0,,,0.2576274291671215,1301,flat_clear,1030,0.0,False,False,1000.0,1000.0,36.0,0.7100748391554423,3.473729495597242,0,0,pure_pursuit,flat_clear,1030,True,smoke_opt,1.0182541000003766,0,0.0,optimized
goal,True,26.019999999999534,36.01799195627848,1.3847754065996767,0.966641256920976,0.06649247339560141,0.06599534485471963,False,0.0,,,0.25772912241334417,1301,flat_clear,1031,0.0,False,False,1000.0,1000.0,36.0,1.0801960908688777,4.385133828919447,0,0,pure_pursuit,flat_clear,1031,True,smoke_opt,1.0812104000006002,0,0.0,optimized
goal,True,26.039999999999534,36.04384505528558,1.3846205756367342,0.8919654887990116,0.06744337284745877,0.06332159841613742,False,0.0,,,0.25960577211571156,1302,flat_clear,1032,0.0,False,False,1000.0,1000.0,36.0,0.7938761728460942,4.755480012589579,0,0,pure_pursuit,flat_clear,1032,True,smoke_opt,1.1674583000003622,0,0.0,optimized
goal,True,26.039999999999534,36.03981293848961,1.3844869162662632,0.9277378005557229,0.07089582710441791,0.0651587942109888,False,0.0,,,0.25908903712312464,1302,flat_clear,1033,0.0,False,False,1000.0,1000.0,36.0,1.049199002087901,4.65627625426184,0,0,pure_pursuit,flat_clear,1033,True,smoke_opt,1.0851683000000776,0,0.0,optimized
goal,True,26.019999999999534,36.02493122428021,1.3850451398539791,0.9072430272386907,0.07161804922697483,0.06348492667901096,False,0.0,,,0.2579621251659439,1301,flat_clear,1034,0.0,False,False,1000.0,1000.0,36.0,0.7644419100897226,4.960522680359679,0,0,pure_pursuit,flat_clear,1034,True,smoke_opt,1.062181899999814,0,0.0,optimized
goal,True,26.019999999999534,36.02067456006495,1.3848277902132131,0.9592871390838611,0.06080605257009093,0.06515346816449412,False,0.0,,,0.2584939208772102,1301,flat_clear,1035,0.0,False,False,1000.0,1000.0,36.0,0.852053507214412,3.639780951755606,0,0,pure_pursuit,flat_clear,1035,True,smoke_opt,0.9864008000004105,0,0.0,optimized
goal,True,26.019999999999534,36.02312491917529,1.3849577625329017,1.0009578997343542,0.06300565492129945,0.06662502420670877,False,0.0,,,0.25676433609055216,1301,flat_clear,1036,0.0,False,False,1000.0,1000.0,36.0,1.0203688012438894,3.5881162897568393,0,0,pure_pursuit,flat_clear,1036,True,smoke_opt,1.160683500000232,0,0.0,optimized
goal,True,25.999999999999535,36.003055671589046,1.3852844097774815,0.9894056233853921,0.06061526389715364,0.06549769338234573,False,0.0,,,0.2564221134460343,1300,flat_clear,1037,0.0,False,False,1000.0,1000.0,36.0,0.8236235544048465,3.6446668456292,0,0,pure_pursuit,flat_clear,1037,True,smoke_opt,1.0705293000000893,0,0.0,optimized
goal,True,25.999999999999535,36.00255166491287,1.3852534161536827,0.9707623875535106,0.05923783515925868,0.06511001278655916,False,0.0,,,0.2567653138584584,1300,flat_clear,1038,0.0,False,False,1000.0,1000.0,36.0,0.7394084515409659,3.6535129386218568,0,0,pure_pursuit,flat_clear,1038,True,smoke_opt,1.033004500000061,0,0.0,optimized
goal,True,26.019999999999534,36.02603037924924,1.3851025907274757,0.9432919303744568,0.0709101038841511,0.06473595593977693,False,0.0,,,0.25734153745985333,1301,flat_clear,1039,0.0,False,False,1000.0,1000.0,36.0,0.8922484377491442,4.738645777348411,0,0,pure_pursuit,flat_clear,1039,True,smoke_opt,1.0891117000001032,0,0.0,optimized
goal,True,26.23999999999953,36.02256255732532,1.3735012886387001,2.5471996015229266,0.7323238840636704,0.15580707514487008,False,0.0,,,0.30811267358982286,1312,kerb,1000,0.12172554153720315,True,False,16.0,22.0,36.0,0.9415367388025319,4.042771475950126,0,0,pure_pursuit,kerb,1000,True,smoke_opt,1.2842964999999822,0,0.0,optimized
goal,True,26.17999999999953,36.01907256692515,1.3765156005176233,1.9045223324907152,0.5415146156785063,0.1299535468915016,False,0.0,,,0.3054654170090193,1309,kerb,1001,0.09457191805606885,True,False,16.0,22.0,36.0,0.7062801871281326,4.225189857139902,0,0,pure_pursuit,kerb,1001,True,smoke_opt,1.1497426000005362,0,0.0,optimized
goal,True,26.059999999999533,36.02515475532491,1.3830141142449288,1.0130026324037993,0.7006857494688379,0.1285106521828174,False,0.0,,,0.29086565578591894,1303,kerb,1002,0.1102278712079722,False,True,16.0,22.0,36.0,0.8428757350683788,3.761642318966232,0,0,pure_pursuit,kerb,1002,True,smoke_opt,1.17051309999988,0,0.0,optimized
goal,True,26.359999999999527,36.01287662376696,1.3667522419911766,3.0769087614931414,0.8833480243684597,0.22990827240732553,True,0.0004552352048558422,,,0.3298237327749885,1318,kerb,1003,0.1351267717005646,False,False,16.0,22.0,36.0,0.8026823240875288,3.3755147365372666,0,0,pure_pursuit,kerb,1003,True,smoke_opt,1.1414194999997562,0,0.0,optimized
goal,True,26.059999999999533,36.012628960190696,1.3825172874293954,1.318846288270163,0.9040823503672633,0.14467446909437892,False,0.0,,,0.295188097757875,1303,kerb,1004,0.12724042829147925,False,True,16.0,22.0,36.0,0.7520605248510526,3.0017609054814303,0,0,pure_pursuit,kerb,1004,True,smoke_opt,1.1955920000000333,0,0.0,optimized
goal,True,26.079999999999533,36.02406601675892,1.3819365009159985,1.40602016987244,0.9195765017284467,0.15147580038432323,False,0.0,,,0.29778873447176313,1304,kerb,1005,0.14008756347264517,False,True,16.0,22.0,36.0,1.0722248169554416,3.1644383461357872,0,0,pure_pursuit,kerb,1005,True,smoke_opt,1.1178465000002689,0,0.0,optimized
goal,True,26.359999999999527,36.02824396584026,1.3672039165099399,3.061646104185916,0.8315492097666148,0.220594335339161,True,0.0004552352048558422,,,0.3294663205790577,1318,kerb,1006,0.13798619136994436,False,False,16.0,22.0,36.0,0.940342777519862,3.673842867145649,0,0,pure_pursuit,kerb,1006,True,smoke_opt,1.1333019000003333,0,0.0,optimized
goal,True,26.27999999999953,36.022243571423154,1.37118708194575,2.919499933661397,0.8720321287110879,0.20711011432281135,False,0.0,,,0.3191539222820782,1314,kerb,1007,0.12532912761100018,False,False,16.0,22.0,36.0,1.0263921380711774,3.1424498749217715,0,0,pure_pursuit,kerb,1007,True,smoke_opt,1.1498040000005858,0,0.0,optimized
goal,True,26.399999999999526,36.02218082027109,1.3649848499370396,3.416605454154326,0.9364436358279609,0.23676882580685227,True,0.0007575757575757576,,,0.3353464825065454,1320,kerb,1008,0.14899129644859244,False,False,16.0,22.0,36.0,1.0252202990915118,3.3345054981092375,0,0,pure_pursuit,kerb,1008,True,smoke_opt,1.2728551000000152,0,0.0,optimized
goal,True,26.399999999999526,36.02514320059914,1.3651229414025063,3.2919202802976537,0.994730280900255,0.2399400827930154,True,0.0007575757575757576,,,0.33414976725355905,1320,kerb,1009,0.13955075234864514,False,False,16.0,22.0,36.0,0.8307662350691447,3.1130009241068786,0,0,pure_pursuit,kerb,1009,True,smoke_opt,1.1350025000001551,0,0.0,optimized
goal,True,26.379999999999526,36.01470613661866,1.365726282107317,3.309986997299515,0.9317536145482797,0.23403515482250017,True,0.000758150113722517,,,0.3326820148443339,1319,kerb,1010,0.14092917234874167,False,False,16.0,22.0,36.0,0.9143222924947375,3.1899845659231447,0,0,pure_pursuit,kerb,1010,True,smoke_opt,1.149620899999718,0,0.0,optimized
goal,True,26.17999999999953,36.01353985233884,1.3760072719383902,2.0651415871915466,0.672757513021712,0.16454373647127402,False,0.0,,,0.3089564785814781,1309,kerb,1011,0.09616849981633248,False,False,16.0,22.0,36.0,0.9253294142037582,3.5682496807008732,0,0,pure_pursuit,kerb,1011,True,smoke_opt,1.185997700000371,0,0.0,optimized
goal,True,26.25999999999953,36.02596783478547,1.372339812564851,2.6293314871625797,0.7710537884072558,0.19381726004731542,False,0.0,,,0.31690683249866325,1313,kerb,1012,0.11962358480705315,False,False,16.0,22.0,36.0,1.012258673751197,3.612640966541278,0,0,pure_pursuit,kerb,1012,True,smoke_opt,1.2394100999999864,0,0.0,optimized
goal,True,26.339999999999527,36.01992349366383,1.3681533464028621,2.6286130542449024,0.6814934650019162,0.17848115250321966,False,0.0,,,0.32122922737467685,1317,kerb,1013,0.1327268096242555,True,False,16.0,22.0,36.0,0.7315917886297024,4.588985830612375,0,0,pure_pursuit,kerb,1013,True,smoke_opt,1.158601200000703,0,0.0,optimized
goal,True,26.23999999999953,36.01646476303005,1.3731060810207179,2.5584757399301417,0.7367515762551913,0.15583087677145516,False,0.0,,,0.30984456053212994,1312,kerb,1014,0.12068362344298314,True,False,16.0,22.0,36.0,0.9342809221201659,3.8710480032456,0,0,pure_pursuit,kerb,1014,True,smoke_opt,1.1844527999992351,0,0.0,optimized
goal,True,26.13999999999953,36.01238486456687,1.378288449441473,1.9372116002515003,0.6161960865505531,0.12585765434285848,False,0.0,,,0.29609195817100886,1307,kerb,1015,0.09182936909865673,True,False,16.0,22.0,36.0,0.9428271314429462,3.7198058704681163,0,0,pure_pursuit,kerb,1015,True,smoke_opt,1.1728655000006256,0,0.0,optimized
goal,True,26.23999999999953,36.0106669330248,1.3728112654045728,2.568057980928551,0.7707016660280368,0.19283816548069074,False,0.0,,,0.3157736502971454,1312,kerb,1016,0.11489768201833152,False,False,16.0,22.0,36.0,0.8770775964377245,3.4559831934243705,0,0,pure_pursuit,kerb,1016,True,smoke_opt,1.2278244999997696,0,0.0,optimized
goal,True,26.19999999999953,36.04355462135926,1.3761203447815669,1.7439240690732598,0.6636996269421561,0.1489372775180971,False,0.0,,,0.3088916668151434,1310,kerb,1017,0.09411696722856595,False,False,16.0,22.0,36.0,1.028532749453526,4.836703508620552,0,0,pure_pursuit,kerb,1017,True,smoke_opt,1.1259553999998388,0,0.0,optimized
goal,True,26.27999999999953,36.01555785636867,1.3709070769777543,2.5041555252823184,0.7247405201094513,0.19220839942509377,False,0.0,,,0.32269707798833236,1314,kerb,1018,0.12169451101191565,False,False,16.0,22.0,36.0,0.8819836302780435,4.1879508983773786,0,0,pure_pursuit,kerb,1018,True,smoke_opt,1.146424499999739,0,0.0,optimized
goal,True,26.19999999999953,36.01430037478604,1.375036069225961,2.272335806836673,0.7163038120289925,0.17598548167991407,False,0.0,,,0.3108901513544227,1310,kerb,1019,0.10273590026971928,False,False,16.0,22.0,36.0,0.8583980191574891,3.433853717213183,0,0,pure_pursuit,kerb,1019,True,smoke_opt,1.1984397000005629,0,0.0,optimized
goal,True,26.19999999999953,36.03318518135477,1.3757930958123303,1.917866493181805,0.679879342546314,0.15881445480409961,False,0.0,,,0.3117439762534364,1310,kerb,1020,0.09532620733151166,False,False,16.0,22.0,36.0,0.8134701125152806,4.1574004859917215,0,0,pure_pursuit,kerb,1020,True,smoke_opt,1.2329672000005303,0,0.0,optimized
goal,True,26.21999999999953,36.026341393637075,1.3744316498637204,2.133554099565302,0.6874996003565493,0.17249595836483284,False,0.0,,,0.31570587013802837,1311,kerb,1021,0.10047913896395426,False,False,16.0,22.0,36.0,0.7323405650889366,3.748776285058246,0,0,pure_pursuit,kerb,1021,True,smoke_opt,1.1483209000007264,0,0.0,optimized
goal,True,26.25999999999953,36.021849023805956,1.3721914832269453,2.8833097360429325,0.8726060356353276,0.20284168278585057,False,0.0,,,0.3164665356541568,1313,kerb,1022,0.1208464795392327,False,False,16.0,22.0,36.0,1.067366702422499,3.001053290848632,0,0,pure_pursuit,kerb,1022,True,smoke_opt,1.0709349999997357,0,0.0,optimized
goal,True,26.079999999999533,36.018710070896,1.3816629552844473,1.2983452154405095,0.8332709362680206,0.14622593200664288,False,0.0,,,0.2999883421948423,1304,kerb,1023,0.13938613930373125,False,True,16.0,22.0,36.0,1.0623594940330707,3.6777381600170527,0,0,pure_pursuit,kerb,1023,True,smoke_opt,1.1318139000004521,0,0.0,optimized
goal,True,26.27999999999953,36.018933173507726,1.371214877213844,2.8147706596697866,0.7685886854009528,0.17411062571990776,False,0.0,,,0.3128582466527957,1314,kerb,1024,0.12742371124749005,True,False,16.0,22.0,36.0,0.8033411240091805,3.6449239382331395,0,0,pure_pursuit,kerb,1024,True,smoke_opt,1.2176500000005035,0,0.0,optimized
goal,True,26.21999999999953,36.019915941859715,1.3742000056064707,2.0394950543731363,0.7015290136414203,0.16523584491085147,False,0.0,,,0.31466471866246604,1311,kerb,1025,0.10611796749506633,False,False,16.0,22.0,36.0,0.9516029979700883,4.642234733205431,0,0,pure_pursuit,kerb,1025,True,smoke_opt,1.1470597999996244,0,0.0,optimized
goal,True,26.27999999999953,36.010152782426864,1.370677022262724,2.8261204709632977,0.8311742109534024,0.2048623750487649,False,0.0,,,0.3208417273790261,1314,kerb,1026,0.12420554728644553,False,False,16.0,22.0,36.0,0.9380469058269284,3.3414743918087773,0,0,pure_pursuit,kerb,1026,True,smoke_opt,1.1425198000006276,0,0.0,optimized
goal,True,26.399999999999526,36.02274994326548,1.3650025294534194,3.4597673016568744,0.970199581379579,0.24184544912657008,True,0.0009090909090909091,,,0.3338055035868745,1320,kerb,1027,0.14434928086839663,False,False,16.0,22.0,36.0,0.9248582573641619,3.0559491122222395,0,0,pure_pursuit,kerb,1027,True,smoke_opt,1.1797397999998793,0,0.0,optimized
goal,True,26.379999999999526,36.007237728430894,1.3654284915933008,2.7746374690815254,0.7594056011718506,0.21475637214250767,False,0.0,,,0.3346360216316811,1319,kerb,1028,0.1402814546945802,False,False,16.0,22.0,36.0,0.8544065774331859,4.632342157225378,0,0,pure_pursuit,kerb,1028,True,smoke_opt,1.16561559999991,0,0.0,optimized
goal,True,26.23999999999953,36.02367444357268,1.3732212155909265,2.161696707364335,0.7091825701541149,0.17189942726894958,False,0.0,,,0.31665994884956644,1312,kerb,1029,0.1121120985381486,False,False,16.0,22.0,36.0,1.0291744489336718,4.673554672652967,0,0,pure_pursuit,kerb,1029,True,smoke_opt,1.1108997999999701,0,0.0,optimized
goal,True,26.75999999999952,36.028484542997305,1.3468960518723152,3.3592179667100037,1.2204179283452594,0.27293795475992516,True,0.0007473841554559044,,,0.36964075556099957,1338,kerb,1030,0.14944884071670828,False,False,16.0,22.0,36.0,0.7100748391554423,3.473729495597242,0,0,pure_pursuit,kerb,1030,True,smoke_opt,1.185273000000052,0,0.0,optimized
goal,True,26.059999999999533,36.02065901550425,1.38281881613382,0.966523343098357,0.6849430870591956,0.11934441198266836,False,0.0,,,0.28911733162189523,1303,kerb,1031,0.1019077208437179,False,True,16.0,22.0,36.0,1.0801960908688777,4.385133828919447,0,0,pure_pursuit,kerb,1031,True,smoke_opt,1.1292903000003207,0,0.0,optimized
goal,True,26.079999999999533,36.02721285198342,1.381968865375691,0.9920071943766351,0.7449999238411521,0.129381676103472,False,0.0,,,0.29864064538293483,1304,kerb,1032,0.12608738559358684,False,True,16.0,22.0,36.0,0.7938761728460942,4.755480012589579,0,0,pure_pursuit,kerb,1032,True,smoke_opt,1.2083007999999609,0,0.0,optimized
goal,True,26.27999999999953,36.02305827471919,1.3711123167643362,2.4011257844845604,0.727804119900233,0.18519481284069855,False,0.0,,,0.3217664129209763,1314,kerb,1033,0.12331852362634443,False,False,16.0,22.0,36.0,1.049199002087901,4.65627625426184,0,0,pure_pursuit,kerb,1033,True,smoke_opt,1.151724600000307,0,0.0,optimized
goal,True,26.039999999999534,36.026372530792116,1.3843592851738484,0.9072424243276975,0.07337554314359954,0.06700808875515518,False,0.0,,,0.2886322356175683,1302,kerb,1034,0.14061918078359328,True,True,16.0,22.0,36.0,0.7644419100897226,4.960522680359679,0,0,pure_pursuit,kerb,1034,True,smoke_opt,1.1442876999999498,0,0.0,optimized
goal,True,26.25999999999953,36.0344358317803,1.3727865663319432,2.6454000068004517,0.7536453631921424,0.16202621076767873,False,0.0,,,0.31007658486269807,1313,kerb,1035,0.12122831836586792,True,False,16.0,22.0,36.0,0.852053507214412,3.639780951755606,0,0,pure_pursuit,kerb,1035,True,smoke_opt,1.1854739000000336,0,0.0,optimized
goal,True,26.059999999999533,36.02367248338785,1.382931232805654,1.0009576416544947,0.7176948882121676,0.12779091346109459,False,0.0,,,0.28889277295896393,1303,kerb,1036,0.10618865016239329,False,True,16.0,22.0,36.0,1.0203688012438894,3.5881162897568393,0,0,pure_pursuit,kerb,1036,True,smoke_opt,1.2217129999999088,0,0.0,optimized
goal,True,26.299999999999528,36.02370737833368,1.3701973572512043,2.7389702813600056,0.7802948367744669,0.2064927366965598,False,0.0,,,0.32231443285902456,1315,kerb,1037,0.12476034235885287,False,False,16.0,22.0,36.0,0.8236235544048465,3.6446668456292,0,0,pure_pursuit,kerb,1037,True,smoke_opt,1.1370262999998886,0,0.0,optimized
goal,True,26.299999999999528,36.00162607557608,1.369329566892071,2.722150910015898,0.7772954422811432,0.21016180041736904,False,0.0,,,0.3247290724238859,1315,kerb,1038,0.12343474614295463,False,False,16.0,22.0,36.0,0.7394084515409659,3.6535129386218568,0,0,pure_pursuit,kerb,1038,True,smoke_opt,1.1492864000001646,0,0.0,optimized
goal,True,26.319999999999528,36.01130106554309,1.3686590382888906,2.5606690884316885,0.7488279412279334,0.1986004345839875,False,0.0,,,0.32715337307490866,1316,kerb,1039,0.1319220647052896,False,False,16.0,22.0,36.0,0.8922484377491442,4.738645777348411,0,0,pure_pursuit,kerb,1039,True,smoke_opt,1.1750931999995373,0,0.0,optimized
goal,True,43.720000000001235,36.07776450154756,0.8241242990984595,1.1268332302448096,0.06288372561179517,0.17326646303922139,False,0.0,0.16262302279684213,,0.6656864545374844,2186,crowded,1000,0.0,False,False,1000.0,1000.0,36.0,0.9415367388025319,4.042771475950126,5,2,pure_pursuit,crowded,1000,True,smoke_opt,2.9267033999994965,974,0.4455626715462031,optimized
goal,True,31.599999999999415,36.02903652611126,1.1399455286494244,0.9402736315903787,0.05982000445257723,0.113428617061347,False,0.0,0.14279590535567518,,0.3745063974769785,1580,crowded,1001,0.0,False,False,1000.0,1000.0,36.0,0.7062801871281326,4.225189857139902,3,1,pure_pursuit,crowded,1001,True,smoke_opt,1.8861638999997012,299,0.18924050632911393,optimized
stall,False,37.40000000000025,23.1289474747975,0.6171829260964422,0.9757271095248543,0.06104652377067445,0.12766980013122972,False,0.0,0.1427135500507134,,0.4401209008330409,1870,crowded,1002,0.0,False,False,1000.0,1000.0,36.0,0.8428757350683788,3.761642318966232,6,1,pure_pursuit,crowded,1002,True,smoke_opt,2.5855153000002247,1172,0.6267379679144385,optimized
stall,False,24.25999999999957,4.611401014384009,0.18829557425248966,1.0883808616283348,0.0606858576323671,0.1322330826830762,False,0.0,0.05272320255615662,,0.2657404273274054,1213,crowded,1003,0.0,False,False,1000.0,1000.0,36.0,0.8026823240875288,3.3755147365372666,6,2,pure_pursuit,crowded,1003,True,smoke_opt,1.7403451000000132,1086,0.8953009068425392,optimized
stall,False,31.89999999999941,20.357489313681967,0.637749845758869,0.9708647009827667,0.06209425315617932,0.10463778954710037,False,0.0,0.0027858746206819995,,0.3539115017752216,1595,crowded,1004,0.0,False,False,1000.0,1000.0,36.0,0.7520605248510526,3.0017609054814303,4,2,pure_pursuit,crowded,1004,True,smoke_opt,2.238530300000093,945,0.5924764890282131,optimized
stall,False,23.619999999999585,9.258677083367003,0.39086760758080974,1.0307019654106155,0.06333142593913808,0.12310454637761997,False,0.0,0.00184658992813172,,0.2447784213757695,1181,crowded,1005,0.0,False,False,1000.0,1000.0,36.0,1.0722248169554416,3.1644383461357872,6,2,pure_pursuit,crowded,1005,True,smoke_opt,1.665384400000221,859,0.7273497036409822,optimized
collision,False,17.999999999999705,24.5771113879389,1.3654661269247026,0.968150168827134,0.06087500058286655,0.08678062050517982,False,0.0,-0.00497668705000931,obstacle,0.19323813726996994,900,crowded,1006,0.0,False,False,1000.0,1000.0,36.0,0.940342777519862,3.673842867145649,5,2,pure_pursuit,crowded,1006,True,smoke_opt,1.1576224000000366,33,0.03666666666666667,optimized
collision,False,6.01999999999996,6.488303920584342,1.0744549774179397,1.0265831224966169,0.06252322856198067,0.17478597940120566,False,0.0,-0.006511045868865223,pedestrian,0.08053159902738315,301,crowded,1007,0.0,False,False,1000.0,1000.0,36.0,1.0263921380711774,3.1424498749217715,4,2,pure_pursuit,crowded,1007,True,smoke_opt,0.41770200000064506,75,0.24916943521594684,optimized
stall,False,43.38000000000118,27.681492364085116,0.637051519451701,1.184395985413096,0.060818322286046375,0.11287999824429329,False,0.0,0.062118078053767234,,0.4604167587216031,2169,crowded,1008,0.0,False,False,1000.0,1000.0,36.0,1.0252202990915118,3.3345054981092375,4,2,pure_pursuit,crowded,1008,True,smoke_opt,2.8845547999999326,1213,0.5592438911940987,optimized
collision,False,4.999999999999981,5.25424654917723,1.0479594991813213,0.9679480210424648,0.06122940736959016,0.23846867266513455,False,0.0,-0.0037166688659465708,obstacle,0.10319037547768192,250,crowded,1009,0.0,False,False,1000.0,1000.0,36.0,0.8307662350691447,3.1130009241068786,6,2,pure_pursuit,crowded,1009,True,smoke_opt,0.3565317000002324,87,0.348,optimized
collision,False,36.76000000000015,15.710891673188392,0.425783832169036,0.9726888147575606,0.06230994783614003,0.16161008938140878,False,0.0,-0.0008452894347919515,obstacle,0.4933955251736269,1838,crowded,1010,0.0,False,False,1000.0,1000.0,36.0,0.9143222924947375,3.1899845659231447,6,2,pure_pursuit,crowded,1010,True,smoke_opt,2.6369124000002557,1437,0.7818280739934712,optimized
stall,False,21.199999999999637,6.193956644163233,0.29150918895816547,0.9639207579138483,0.06134247701643842,0.11785895869843831,False,0.0,0.13736909567009392,,0.2219522019604996,1060,crowded,1011,0.0,False,False,1000.0,1000.0,36.0,0.9253294142037582,3.5682496807008732,4,1,pure_pursuit,crowded,1011,True,smoke_opt,1.3415045000001555,885,0.8349056603773585,optimized
stall,False,30.85999999999943,6.108925962856155,0.19661467590839937,1.038531465333866,0.0655486605078887,0.12813765519874845,False,0.0,0.021131170506937552,,0.31488445505546186,1543,crowded,1012,0.0,False,False,1000.0,1000.0,36.0,1.012258673751197,3.612640966541278,6,1,pure_pursuit,crowded,1012,True,smoke_opt,2.131857200000013,1362,0.8826960466623461,optimized
stall,False,28.97999999999947,3.124368138219483,0.1070543193872736,0.9263258645224696,0.06418918644496377,0.08301762202124016,False,0.0,0.06625181232504149,,0.24695145269118426,1449,crowded,1013,0.0,False,False,1000.0,1000.0,36.0,0.7315917886297024,4.588985830612375,5,2,pure_pursuit,crowded,1013,True,smoke_opt,2.0134515999998257,1355,0.935127674258109,optimized
stall,False,17.37999999999972,3.521309514269704,0.2017732426640482,0.9370915270639908,0.060739243387429094,0.09192532495971746,False,0.0,0.11473333515715434,,0.1572861933429774,869,crowded,1014,0.0,False,False,1000.0,1000.0,36.0,0.9342809221201659,3.8710480032456,3,2,pure_pursuit,crowded,1014,True,smoke_opt,1.1313030000001163,759,0.8734177215189873,optimized
collision,False,11.459999999999845,11.008205913154073,0.9587996264947315,0.9891200321101934,0.060128172337463384,0.13092722113112826,False,0.0,-0.005116498057082197,pedestrian,0.1254634920719655,573,crowded,1015,0.0,False,False,1000.0,1000.0,36.0,0.9428271314429462,3.7198058704681163,6,1,pure_pursuit,crowded,1015,True,smoke_opt,0.7109380000001693,184,0.32111692844677137,optimized
stall,False,60.44000000000385,30.9939409079945,0.5105728588521624,1.1764582072996965,0.0618288612565009,0.15773702035381282,False,0.0,0.1316483029444758,,0.7984857666053697,3022,crowded,1016,0.0,False,False,1000.0,1000.0,36.0,0.8770775964377245,3.4559831934243705,3,1,pure_pursuit,crowded,1016,True,smoke_opt,3.768904399999883,2028,0.671078755790867,optimized
stall,False,30.599999999999437,14.33239677649246,0.4671334880514517,0.9136368586896146,0.07277593982325599,0.09755848956827871,False,0.0,0.11538303891553867,,0.3057394881804699,1530,crowded,1017,0.0,False,False,1000.0,1000.0,36.0,1.028532749453526,4.836703508620552,4,1,pure_pursuit,crowded,1017,True,smoke_opt,2.111967900000309,1043,0.6816993464052288,optimized
stall,False,25.159999999999553,8.522013409965664,0.336990731877201,0.9267460969110336,0.06338026166235138,0.13273234888899987,False,0.0,0.0463059942019686,,0.30008984817799395,1258,crowded,1018,0.0,False,False,1000.0,1000.0,36.0,0.8819836302780435,4.1879508983773786,6,2,pure_pursuit,crowded,1018,True,smoke_opt,1.7534148999993704,1008,0.8012718600953895,optimized
stall,False,33.13999999999958,22.535888758724113,0.6791959592869955,0.9980879993161743,0.05979690831596413,0.09444959265821704,False,0.0,0.13541409771861196,,0.3309516257375165,1657,crowded,1019,0.0,False,False,1000.0,1000.0,36.0,0.8583980191574891,3.433853717213183,4,1,pure_pursuit,crowded,1019,True,smoke_opt,2.173271999999997,879,0.5304767652383826,optimized
collision,False,6.5399999999999485,7.283531116189314,1.110430149039129,0.9363463835907955,0.06123806402521418,0.16982397468741953,False,0.0,-0.0015502124803524753,pedestrian,0.08650699401362097,327,crowded,1020,0.0,False,False,1000.0,1000.0,36.0,0.8134701125152806,4.1574004859917215,5,1,pure_pursuit,crowded,1020,True,smoke_opt,0.4330116999999518,70,0.21406727828746178,optimized
goal,True,39.440000000000566,36.074365459474734,0.913633249568796,0.948795572844381,0.0599070268229216,0.12287505760237481,False,0.0,0.2217583528261168,,0.4556313684878599,1972,crowded,1021,0.0,False,False,1000.0,1000.0,36.0,0.7323405650889366,3.748776285058246,5,1,pure_pursuit,crowded,1021,True,smoke_opt,2.502310800000487,702,0.35598377281947263,optimized
stall,False,31.239999999999423,14.839965886302233,0.47427369541420344,1.0937506988146597,0.06356863923741438,0.10631040658664268,False,0.0,0.1273514939516924,,0.31625876654911583,1562,crowded,1022,0.0,False,False,1000.0,1000.0,36.0,1.067366702422499,3.001053290848632,5,2,pure_pursuit,crowded,1022,True,smoke_opt,1.990343400000711,1052,0.6734955185659411,optimized
collision,False,10.499999999999865,14.395647065850612,1.371915890746594,0.9602432154616135,0.06419173309692784,0.10855120200184526,False,0.0,-0.009514777153037557,obstacle,0.12448881448589047,525,crowded,1023,0.0,False,False,1000.0,1000.0,36.0,1.0623594940330707,3.6777381600170527,3,2,pure_pursuit,crowded,1023,True,smoke_opt,0.6775544000001901,7,0.013333333333333334,optimized
collision,False,36.58000000000012,26.539769094530886,0.7231534440824186,1.0507245579400062,0.05934271558307809,0.17080135364106175,False,0.0,-0.005827556239570486,obstacle,0.5193822329211334,1829,crowded,1024,0.0,False,False,1000.0,1000.0,36.0,0.8033411240091805,3.6449239382331395,4,2,pure_pursuit,crowded,1024,True,smoke_opt,2.397195599999577,956,0.5226899945325314,optimized
goal,True,56.700000000003264,36.101181678420474,0.6353088871515131,0.9928806541211173,0.06970951495348615,0.1497286335312919,False,0.0,0.013733235782594944,,0.7594244572087674,2835,crowded,1025,0.0,False,False,1000.0,1000.0,36.0,0.9516029979700883,4.642234733205431,4,1,pure_pursuit,crowded,1025,True,smoke_opt,3.6621101000000635,1638,0.5777777777777777,optimized
stall,False,38.540000000000425,31.067568922174374,0.8055963437851587,0.9817623247555878,0.06188838098465287,0.09512191760424406,False,0.0,0.10310110079645049,,0.3895271798803327,1927,crowded,1026,0.0,False,False,1000.0,1000.0,36.0,0.9380469058269284,3.3414743918087773,6,2,pure_pursuit,crowded,1026,True,smoke_opt,2.608949300000859,832,0.43175921120913335,optimized
collision,False,42.120000000000985,24.685241100001797,0.5842026360861433,1.2477150209291372,0.062325384891483725,0.15073692427093976,False,0.0,-0.0025235548334235913,obstacle,0.5125217590974864,2106,crowded,1027,0.0,False,False,1000.0,1000.0,36.0,0.9248582573641619,3.0559491122222395,6,2,pure_pursuit,crowded,1027,True,smoke_opt,2.8757775000003676,1299,0.6168091168091168,optimized
stall,False,51.020000000002376,27.6839305550415,0.5410794040069878,0.9564452498186348,0.0664967677131372,0.1209796347831059,False,0.0,0.14221662163267795,,0.5991542069054547,2551,crowded,1028,0.0,False,False,1000.0,1000.0,36.0,0.8544065774331859,4.632342157225378,3,2,pure_pursuit,crowded,1028,True,smoke_opt,3.3165023999999903,1657,0.6495491963935711,optimized
stall,False,62.200000000004124,20.434121682785854,0.32573818270984917,1.0680985576714794,0.07094024003948333,0.15429618316508328,False,0.0,0.08148485290622229,,0.7951924733237483,3110,crowded,1029,0.0,False,False,1000.0,1000.0,36.0,1.0291744489336718,4.673554672652967,6,1,pure_pursuit,crowded,1029,True,smoke_opt,4.145721500000036,2466,0.7929260450160772,optimized
stall,False,24.079999999999576,9.802677892846834,0.40595569646793783,0.9595761526366752,0.059330651499237934,0.10979468472815358,False,0.0,0.13503390773777313,,0.24966484179479193,1204,crowded,1030,0.0,False,False,1000.0,1000.0,36.0,0.7100748391554423,3.473729495597242,5,2,pure_pursuit,crowded,1030,True,smoke_opt,1.5920102000000043,886,0.7358803986710963,optimized
stall,False,73.70000000000248,26.94974843430914,0.3641729749310487,1.0507283853039777,0.06649247339560141,0.1373446351584332,False,0.0,0.07622916541817634,,0.955441266778381,3685,crowded,1031,0.0,False,False,1000.0,1000.0,36.0,1.0801960908688777,4.385133828919447,6,1,pure_pursuit,crowded,1031,True,smoke_opt,4.902315499999531,2921,0.7926729986431479,optimized
collision,False,5.099999999999979,6.6344107390642195,1.3007683985811713,0.8919654887990122,0.06744337284745859,0.15762966291677177,False,0.0,-0.0026602574685216096,obstacle,0.07700586786451218,255,crowded,1032,0.0,False,False,1000.0,1000.0,36.0,0.7938761728460942,4.755480012589579,3,2,pure_pursuit,crowded,1032,True,smoke_opt,0.30568849999963277,32,0.12549019607843137,optimized
collision,False,11.299999999999848,11.307454631125163,0.9990707260928112,0.9277378005557224,0.07089582710441852,0.18569815319952573,False,0.0,-0.006235693673312892,obstacle,0.18613518427626108,565,crowded,1033,0.0,False,False,1000.0,1000.0,36.0,1.049199002087901,4.65627625426184,3,2,pure_pursuit,crowded,1033,True,smoke_opt,0.7426236000001154,218,0.3858407079646018,optimized
collision,False,12.15999999999983,9.04631351060827,0.7416382537583094,0.90724302723869,0.0716180492269741,0.1262403681252256,False,0.0,-0.001988002571556541,pedestrian,0.13410217850120254,608,crowded,1034,0.0,False,False,1000.0,1000.0,36.0,0.7644419100897226,4.960522680359679,4,2,pure_pursuit,crowded,1034,True,smoke_opt,0.8063818999999057,300,0.4934210526315789,optimized
collision,False,28.819999999999474,18.11354675602181,0.625247799663396,1.1366474243554172,0.060806052570091085,0.19807196819980066,False,0.0,-0.004491314677397051,obstacle,0.4749513920949197,1441,crowded,1035,0.0,False,False,1000.0,1000.0,36.0,0.852053507214412,3.639780951755606,5,2,pure_pursuit,crowded,1035,True,smoke_opt,1.952385200000208,854,0.5926439972241498,optimized
stall,False,39.6400000000006,23.733034279301314,0.5980097611367231,1.0009578997343538,0.06300565492129963,0.10202188160693222,False,0.0,0.13207486652778186,,0.3888062881234663,1982,crowded,1036,0.0,False,False,1000.0,1000.0,36.0,1.0203688012438894,3.5881162897568393,6,1,pure_pursuit,crowded,1036,True,smoke_opt,2.6952893999996377,1152,0.5812310797174571,optimized
stall,False,33.2599999999996,13.058766531516412,0.3911315965803382,0.9894056233853923,0.06061526389715375,0.12654714486295937,False,0.0,0.06403447167572371,,0.35514616861817044,1663,crowded,1037,0.0,False,False,1000.0,1000.0,36.0,0.8236235544048465,3.6446668456292,3,2,pure_pursuit,crowded,1037,True,smoke_opt,2.2451804000002085,1257,0.7558628983764282,optimized
stall,False,19.319999999999677,3.676924927205905,0.18908545612128316,0.9707623875535103,0.05923783515925869,0.1042991730673127,False,0.0,0.13071430041937127,,0.1733153312898511,966,crowded,1038,0.0,False,False,1000.0,1000.0,36.0,0.7394084515409659,3.6535129386218568,6,2,pure_pursuit,crowded,1038,True,smoke_opt,1.3188039000006029,852,0.8819875776397516,optimized
collision,False,38.58000000000043,22.775407587388365,0.5872706632299022,0.9759714197160007,0.07091010388415132,0.1527657418928545,False,0.0,-0.005677091952290297,pedestrian,0.5261919763501904,1929,crowded,1039,0.0,False,False,1000.0,1000.0,36.0,0.8922484377491442,4.738645777348411,5,2,pure_pursuit,crowded,1039,True,smoke_opt,2.6753458000002865,1218,0.6314152410575428,optimized
collision,False,22.01999999999962,26.614536220312694,1.2080978591266356,2.534952711256447,0.7285717463658761,0.20233121265784507,False,0.0,-0.005538286091087863,obstacle,0.32612455658367223,1101,mixed,1000,0.12172554153720315,True,False,16.0,22.0,36.0,0.9415367388025319,4.042771475950126,2,3,pure_pursuit,mixed,1000,True,smoke_opt,1.4993817000004128,169,0.15349682107175294,optimized
goal,True,26.17999999999953,36.02093829504043,1.3766053846245672,1.8984458551196814,0.538199838433114,0.12960473541866288,False,0.0,0.22063312379699085,,0.3049162415699971,1309,mixed,1001,0.09457191805606885,True,False,16.0,22.0,36.0,0.7062801871281326,4.225189857139902,2,1,pure_pursuit,mixed,1001,True,smoke_opt,1.7383958999998868,0,0.0,optimized
stall,False,38.00000000000034,29.5979312102859,0.7784646163329173,1.0313091702426558,0.7021633557985103,0.14893905218407946,False,0.0,0.14089728672871538,,0.5132973719356463,1900,mixed,1002,0.1102278712079722,False,True,16.0,22.0,36.0,0.8428757350683788,3.761642318966232,4,1,pure_pursuit,mixed,1002,True,smoke_opt,2.6162672999998904,965,0.5078947368421053,optimized
stall,False,24.719999999999562,6.260798804617227,0.25160073808792494,1.1743622955630837,0.06024482027020154,0.1170672959232371,False,0.0,0.06355802826140663,,0.2453855937434708,1236,mixed,1003,0.1351267717005646,False,False,16.0,22.0,36.0,0.8026823240875288,3.3755147365372666,3,2,pure_pursuit,mixed,1003,True,smoke_opt,1.7427763999994568,1040,0.8414239482200647,optimized
collision,False,3.2200000000000024,4.0408579825625175,1.255402505064452,0.970865059603432,0.062094789846457644,0.2022139536545642,False,0.0,-0.004588862237732916,obstacle,0.05758982234288415,161,mixed,1004,0.12724042829147925,False,True,16.0,22.0,36.0,0.7520605248510526,3.0017609054814303,4,2,pure_pursuit,mixed,1004,True,smoke_opt,0.21629029999985505,32,0.19875776397515527,optimized
stall,False,21.219999999999636,6.89488362563687,0.3236756403703603,1.0306991378305246,0.06332459998329366,0.12482188126553603,False,0.0,0.14161664425418985,,0.2141402011588931,1061,mixed,1005,0.14008756347264517,False,True,16.0,22.0,36.0,1.0722248169554416,3.1644383461357872,4,2,pure_pursuit,mixed,1005,True,smoke_opt,1.516717299999982,838,0.7898209236569275,optimized
stall,False,20.219999999999658,7.451096075702335,0.367405655994389,0.9681550956657053,0.060874236515526856,0.08552766925771466,False,0.0,0.14075146970236097,,0.1815326085884706,1011,mixed,1006,0.13798619136994436,False,False,16.0,22.0,36.0,0.940342777519862,3.673842867145649,2,2,pure_pursuit,mixed,1006,True,smoke_opt,1.4155554999997548,760,0.751730959446093,optimized
collision,False,12.099999999999831,11.12939115960951,0.9186439971731573,1.026583053577594,0.06252322201469673,0.11259519888160972,False,0.0,-0.0024634561058244075,pedestrian,0.13037114907664982,605,mixed,1007,0.12532912761100018,False,False,16.0,22.0,36.0,1.0263921380711774,3.1424498749217715,4,1,pure_pursuit,mixed,1007,True,smoke_opt,0.8056274000000485,222,0.3669421487603306,optimized
goal,True,26.73999999999952,36.032823620751984,1.3480730089449513,3.441555609904853,0.9307700657272201,0.23892524272279447,True,0.0007479431563201197,0.21571583917522674,,0.3639747475887226,1337,mixed,1008,0.14899129644859244,False,False,16.0,22.0,36.0,1.0252202990915118,3.3345054981092375,3,1,pure_pursuit,mixed,1008,True,smoke_opt,1.8462972999996055,46,0.0344053851907255,optimized
collision,False,24.37999999999957,30.813396810178883,1.2639052268614075,3.3278442553388263,0.9968361700830436,0.26384854718439965,True,0.0006562756357670221,-0.004010904117078218,obstacle,0.36136105833058557,1219,mixed,1009,0.13955075234864514,False,False,16.0,22.0,36.0,0.8307662350691447,3.1130009241068786,2,2,pure_pursuit,mixed,1009,True,smoke_opt,1.691460700000789,149,0.12223133716160788,optimized
collision,False,6.579999999999948,6.600719980931896,1.0007039279043128,1.0166384697911168,0.062344119853133775,0.22025715879191296,False,0.0,-0.001704413786306147,obstacle,0.11557726488668113,329,mixed,1010,0.14092917234874167,False,False,16.0,22.0,36.0,0.9143222924947375,3.1899845659231447,3,2,pure_pursuit,mixed,1010,True,smoke_opt,0.47734309999941615,116,0.3525835866261398,optimized
stall,False,39.440000000000566,26.9830968166701,0.6830152835212412,2.0679553894209475,0.6762808016150955,0.16830854636659928,False,0.0,0.06985194419865526,,0.4915142203945352,1972,mixed,1011,0.09616849981633248,False,False,16.0,22.0,36.0,0.9253294142037582,3.5682496807008732,3,3,pure_pursuit,mixed,1011,True,smoke_opt,2.7966440999998667,1063,0.5390466531440162,optimized
stall,False,17.69999999999971,3.880359216021961,0.21809930094192614,1.0042954763566563,0.062603076514577,0.09190522144147843,False,0.0,0.1356669810443336,,0.15799048648868916,885,mixed,1012,0.11962358480705315,False,False,16.0,22.0,36.0,1.012258673751197,3.612640966541278,4,1,pure_pursuit,mixed,1012,True,smoke_opt,1.1923686000000089,763,0.8621468926553673,optimized
collision,False,7.6199999999999255,10.165293789316136,1.3343671551080314,0.9337267289413884,0.06388648030435606,0.1292248348721401,False,0.0,-0.003974669557999522,obstacle,0.09804315372604828,381,mixed,1013,0.1327268096242555,True,False,16.0,22.0,36.0,0.7315917886297024,4.588985830612375,4,2,pure_pursuit,mixed,1013,True,smoke_opt,0.5085103000001254,32,0.08398950131233596,optimized
goal,True,36.040000000000035,36.06529765240836,0.9996691144848401,2.5736623277563746,0.7401509287540469,0.19707838022034463,False,0.0,0.24215535934078655,,0.5779028178827003,1802,mixed,1014,0.12068362344298314,True,False,16.0,22.0,36.0,0.9342809221201659,3.8710480032456,2,2,pure_pursuit,mixed,1014,True,smoke_opt,2.422222099999999,706,0.39178690344062156,optimized
collision,False,19.979999999999663,26.415363342270254,1.3216244982755447,1.934568059478897,0.6152247487881172,0.17491654378622742,False,0.0,-0.004201323276145308,obstacle,0.2768183679215719,999,mixed,1015,0.09182936909865673,True,False,16.0,22.0,36.0,0.9428271314429462,3.7198058704681163,2,3,pure_pursuit,mixed,1015,True,smoke_opt,1.3176675000004252,67,0.06706706706706707,optimized
stall,False,17.679999999999712,3.8555635179189203,0.2169155045110941,0.9875987061048584,0.06059950085484458,0.09150375831687761,False,0.0,0.13290162614576306,,0.15699812323948678,884,mixed,1016,0.11489768201833152,False,False,16.0,22.0,36.0,0.8770775964377245,3.4559831934243705,2,2,pure_pursuit,mixed,1016,True,smoke_opt,1.0733676999998352,763,0.8631221719457014,optimized
collision,False,13.319999999999805,9.31213736398783,0.6945117463448258,1.002722188948105,0.07251883590031878,0.24434709232609797,False,0.0,-0.006364917238964929,obstacle,0.24866760753274664,666,mixed,1017,0.09411696722856595,False,False,16.0,22.0,36.0,1.028532749453526,4.836703508620552,4,2,pure_pursuit,mixed,1017,True,smoke_opt,0.95437419999962,379,0.5690690690690691,optimized
collision,False,3.0600000000000023,3.7963877079066335,1.2408137771052796,0.9267500295880031,0.06338637734071835,0.20688209371139543,False,0.0,-0.005400052055648308,obstacle,0.05818269066415708,153,mixed,1018,0.12169451101191565,False,False,16.0,22.0,36.0,0.8819836302780435,4.1879508983773786,4,2,pure_pursuit,mixed,1018,True,smoke_opt,0.24649529999987863,34,0.2222222222222222,optimized
stall,False,18.059999999999704,2.9552368679976255,0.1611583219666876,1.012464351932007,0.061910059399344616,0.14089495175830036,False,0.0,0.1331850522231404,,0.18749714535814996,903,mixed,1019,0.10273590026971928,False,False,16.0,22.0,36.0,0.8583980191574891,3.433853717213183,4,1,pure_pursuit,mixed,1019,True,smoke_opt,1.3029967000002216,812,0.8992248062015504,optimized
stall,False,34.439999999999785,24.721998590734362,0.7167606730035878,1.9121791430404949,0.6837033177676414,0.1628830451525013,False,0.0,0.1964790718885641,,0.40431520210965816,1722,mixed,1020,0.09532620733151166,False,False,16.0,22.0,36.0,0.8134701125152806,4.1574004859917215,4,2,pure_pursuit,mixed,1020,True,smoke_opt,2.420464899999388,853,0.49535423925667826,optimized
stall,False,19.959999999999663,5.226320803797279,0.259875706526082,0.9487956882159696,0.059907060184099754,0.12136386300149223,False,0.0,0.12587773296134536,,0.2077258496419591,998,mixed,1021,0.10047913896395426,False,False,16.0,22.0,36.0,0.7323405650889366,3.748776285058246,2,2,pure_pursuit,mixed,1021,True,smoke_opt,1.418452900000375,834,0.8356713426853707,optimized
collision,False,24.519999999999566,25.204191435331573,1.0264722909342565,2.870508480459852,0.8663976237044314,0.23533002377935613,False,0.0,-0.0011962812170335235,obstacle,0.3347754665381887,1226,mixed,1022,0.1208464795392327,False,False,16.0,22.0,36.0,1.067366702422499,3.001053290848632,4,2,pure_pursuit,mixed,1022,True,smoke_opt,1.6431673999995837,335,0.2732463295269168,optimized
goal,True,33.099999999999575,36.03198768125304,1.0889333778138335,1.280228022530303,0.8322832479357416,0.18180474130687527,False,0.0,0.28870950266594386,,0.500450875015336,1655,mixed,1023,0.13938613930373125,False,True,16.0,22.0,36.0,1.0623594940330707,3.6777381600170527,4,1,pure_pursuit,mixed,1023,True,smoke_opt,2.256823499999882,547,0.33051359516616313,optimized
collision,False,7.41999999999993,7.205830476805897,0.9696635313319977,1.0125424213426204,0.05934198218070272,0.19349575620119758,False,0.0,-0.003223599877011929,obstacle,0.12667484770487827,371,mixed,1024,0.12742371124749005,True,False,16.0,22.0,36.0,0.8033411240091805,3.6449239382331395,3,3,pure_pursuit,mixed,1024,True,smoke_opt,0.5116983999996592,140,0.37735849056603776,optimized
goal,True,29.01999999999947,36.07051955269356,1.2419544814577577,2.0319599529737777,0.7023669416664684,0.19214708686742124,False,0.0,0.19059762151811568,,0.39417565320658593,1451,mixed,1025,0.10611796749506633,False,False,16.0,22.0,36.0,0.9516029979700883,4.642234733205431,2,1,pure_pursuit,mixed,1025,True,smoke_opt,1.9104456000004575,154,0.10613370089593384,optimized
stall,False,37.16000000000021,30.395798276413025,0.8175725756596551,2.8281169846746472,0.8355336241627165,0.17514776891134223,False,0.0,0.13665642417738588,,0.3977838677622277,1858,mixed,1026,0.12420554728644553,False,False,16.0,22.0,36.0,0.9380469058269284,3.3414743918087773,4,1,pure_pursuit,mixed,1026,True,smoke_opt,2.544924599999831,769,0.41388589881593113,optimized
goal,True,35.96000000000002,36.06129616585456,1.0016710209213446,3.442500750567626,0.9659637286423776,0.2526629476679986,True,0.0005561735261401557,0.14035940793421953,,0.5720670095261302,1798,mixed,1027,0.14434928086839663,False,False,16.0,22.0,36.0,0.9248582573641619,3.0559491122222395,4,1,pure_pursuit,mixed,1027,True,smoke_opt,2.5907375999995566,515,0.2864293659621802,optimized
stall,False,24.459999999999567,10.115113082921145,0.41187937072122394,0.9463924595671331,0.06649674999531263,0.11449045692573377,False,0.0,0.1336186457786166,,0.25981106056647635,1223,mixed,1028,0.1402814546945802,False,False,16.0,22.0,36.0,0.8544065774331859,4.632342157225378,3,2,pure_pursuit,mixed,1028,True,smoke_opt,1.6549796999997852,900,0.7358953393295176,optimized
stall,False,38.44000000000041,27.73120993248854,0.7204578756328531,2.1570144658155446,0.7058859974578445,0.15753138721660317,False,0.0,0.09205414431761225,,0.44544044850964293,1922,mixed,1029,0.1121120985381486,False,False,16.0,22.0,36.0,1.0291744489336718,4.673554672652967,2,1,pure_pursuit,mixed,1029,True,smoke_opt,2.5647170000002006,945,0.4916753381893861,optimized
collision,False,24.539999999999566,26.219417843410508,1.0674385191465872,3.384837087784377,1.1926142339743735,0.31033511392490454,True,0.0008149959250203749,-0.0004497298815706041,pedestrian,0.4200859295845222,1227,mixed,1030,0.14944884071670828,False,False,16.0,22.0,36.0,0.7100748391554423,3.473729495597242,4,1,pure_pursuit,mixed,1030,True,smoke_opt,1.653271400000449,293,0.23879380603096984,optimized
goal,True,28.49999999999948,36.036325827928835,1.2639367732774693,0.966523343098357,0.6850351392314045,0.15561400776378906,False,0.0,0.2020179636978836,,0.3670748762690518,1425,mixed,1031,0.1019077208437179,False,True,16.0,22.0,36.0,1.0801960908688777,4.385133828919447,3,1,pure_pursuit,mixed,1031,True,smoke_opt,1.9156628999999157,138,0.0968421052631579,optimized
goal,True,36.28000000000007,36.07536792741926,0.9935564749807398,1.0184307419173781,0.7409946091551732,0.17562397698278887,False,0.0,0.10416781991965993,,0.5519735859084257,1814,mixed,1032,0.12608738559358684,False,True,16.0,22.0,36.0,0.7938761728460942,4.755480012589579,4,1,pure_pursuit,mixed,1032,True,smoke_opt,2.5211661000003005,591,0.32579933847850057,optimized
goal,True,28.419999999999483,36.03928194721162,1.267864451025217,2.399705100317588,0.727663688487605,0.19108866570215557,False,0.0,0.23973797796555005,,0.37824712056611615,1421,mixed,1033,0.12331852362634443,False,False,16.0,22.0,36.0,1.049199002087901,4.65627625426184,3,1,pure_pursuit,mixed,1033,True,smoke_opt,1.8716841000004933,121,0.08515130190007038,optimized
goal,True,37.04000000000019,36.12793057975164,0.9729909174425013,0.9450120908546599,0.07411465368044631,0.19931649103879642,False,0.0,0.012565102991435623,,0.6183458849269288,1852,mixed,1034,0.14061918078359328,True,True,16.0,22.0,36.0,0.7644419100897226,4.960522680359679,4,1,pure_pursuit,mixed,1034,True,smoke_opt,2.5285413000001427,627,0.3385529157667387,optimized
collision,False,11.379999999999846,8.59121740314036,0.753317136181173,1.0434338625211599,0.06087104784598787,0.17563426870464546,False,0.0,-0.0023689229519353594,obstacle,0.1810812965911102,569,mixed,1035,0.12122831836586792,True,False,16.0,22.0,36.0,0.852053507214412,3.639780951755606,4,2,pure_pursuit,mixed,1035,True,smoke_opt,0.8177625999996962,305,0.5360281195079086,optimized
stall,False,41.38000000000087,28.069530274571772,0.6776022095974371,1.0912843575503341,0.7184877722132665,0.1557427962346262,False,0.0,0.15759243836081,,0.5072649663733124,2069,mixed,1036,0.10618865016239329,False,True,16.0,22.0,36.0,1.0203688012438894,3.5881162897568393,3,3,pure_pursuit,mixed,1036,True,smoke_opt,2.86317390000022,1189,0.5746737554374094,optimized
collision,False,18.799999999999688,25.34609923120324,1.348284603338788,2.7330524392955007,0.7818444241991973,0.24717981183534088,False,0.0,-0.0031323731286322376,obstacle,0.2643100356728544,940,mixed,1037,0.12476034235885287,False,False,16.0,22.0,36.0,0.8236235544048465,3.6446668456292,3,3,pure_pursuit,mixed,1037,True,smoke_opt,1.3196060999998735,30,0.031914893617021274,optimized
collision,False,15.119999999999767,9.864101006333499,0.6466367825099276,0.9831852012087275,0.06156068519835045,0.2535890872318747,False,0.0,-0.004217931876932812,obstacle,0.2959233271449357,756,mixed,1038,0.12343474614295463,False,False,16.0,22.0,36.0,0.7394084515409659,3.6535129386218568,3,3,pure_pursuit,mixed,1038,True,smoke_opt,1.0540834000003088,440,0.582010582010582,optimized
stall,False,20.57999999999965,7.7474370662921865,0.3753633069571455,0.9433010955087514,0.07090928775293491,0.08380483915859441,False,0.0,0.05692190754037496,,0.1846258050043155,1029,mixed,1039,0.1319220647052896,False,False,16.0,22.0,36.0,0.8922484377491442,4.738645777348411,3,2,pure_pursuit,mixed,1039,True,smoke_opt,1.4995289999997112,768,0.7463556851311953,optimized
collision,False,4.999999999999981,6.442137609298875,1.2887056262258572,0.826363196929306,0.05191322088903112,0.1545020936248382,False,0.0,-0.0014001493051782887,obstacle,0.07527336014028452,250,slippery,1000,0.12172554153720315,True,False,16.0,22.0,36.0,0.5384203880478985,4.042771475950126,2,2,pure_pursuit,slippery,1000,True,smoke_opt,0.3456040999999459,33,0.132,optimized
stall,False,23.659999999999584,6.667992951804369,0.2803457235986335,0.7248451415879029,0.030531687182902625,0.12111496140845548,False,0.0,0.05649103412027598,,0.2566531480796771,1183,slippery,1001,0.09457191805606885,True,False,16.0,22.0,36.0,0.37464053338024356,4.225189857139902,4,1,pure_pursuit,slippery,1001,True,smoke_opt,1.8624952000000121,979,0.8275570583262891,optimized
stall,False,40.460000000000726,27.43732792663596,0.6775488272666099,1.0195328523815286,0.7192913934466362,0.14794872629721684,False,0.0,0.1330872721511266,,0.5287814219375253,2023,slippery,1002,0.1102278712079722,False,True,16.0,22.0,36.0,0.37991309475921964,3.761642318966232,4,3,pure_pursuit,slippery,1002,True,smoke_opt,2.8832539000004545,1122,0.5546218487394958,optimized
stall,False,38.20000000000037,23.323090926655954,0.5781607730628255,3.099300354420675,0.8786091573072848,0.2385063441113265,True,0.00031413612565445024,0.08719872925112993,,1.6154200042560924,1910,slippery,1003,0.1351267717005646,False,False,16.0,22.0,36.0,0.499385147124539,3.3755147365372666,3,3,pure_pursuit,slippery,1003,True,smoke_opt,2.631509100000585,95,0.049738219895287955,optimized
stall,False,34.39999999999978,25.069546736300076,0.7279464118145802,1.3185551313833257,0.9070840420847649,0.14804774590140551,False,0.0,0.12006317128959423,,0.38059332553072495,1720,slippery,1004,0.12724042829147925,False,True,16.0,22.0,36.0,0.49011916685961054,3.0017609054814303,2,1,pure_pursuit,slippery,1004,True,smoke_opt,2.289531100000204,840,0.4883720930232558,optimized
goal,True,34.07999999999973,36.04406211173131,1.0571726277661493,1.3768196753626798,0.9372439321986146,0.1708117136878024,False,0.0,0.06827892570330274,,0.45008999925718796,1704,slippery,1005,0.14008756347264517,False,True,16.0,22.0,36.0,0.4742011636946779,3.1644383461357872,4,3,pure_pursuit,slippery,1005,True,smoke_opt,2.4597861000002013,421,0.24706572769953053,optimized
stall,False,53.02000000000269,23.196496458837075,0.41638202451076095,3.0406884376639334,0.8301738583745263,0.22257189865766028,True,0.00015088645794039985,0.00588312609394423,,1.959766945900552,2651,slippery,1006,0.13798619136994436,False,False,16.0,22.0,36.0,0.4391089205427108,3.673842867145649,4,3,pure_pursuit,slippery,1006,True,smoke_opt,3.8687135000000126,734,0.27687665032063374,optimized
collision,False,7.739999999999923,6.906244034432328,0.8885586825341893,0.6921745195726415,0.0323698650323952,0.18239861263221394,False,0.0,-0.00875801304946236,pedestrian,0.1251847201841587,387,slippery,1007,0.12532912761100018,False,False,16.0,22.0,36.0,0.399404643399999,3.1424498749217715,2,2,pure_pursuit,slippery,1007,True,smoke_opt,0.5689591999998811,147,0.3798449612403101,optimized
goal,True,34.71999999999983,36.335010301055966,1.0388251583065224,3.397800823090308,1.371541281672015,0.2541998203948584,True,0.000576036866359447,0.23682455053398588,,0.80768186173328,1736,slippery,1008,0.14899129644859244,False,False,16.0,22.0,36.0,0.3556841550753821,3.3345054981092375,4,1,pure_pursuit,slippery,1008,True,smoke_opt,2.3991831000003003,0,0.0,optimized
stall,False,40.2800000000007,23.177942964015212,0.5484627819490192,3.2956570050923064,1.0422103356463364,0.25631782906075073,True,0.00039721946375372393,0.27314396765557647,,1.711532992137514,2014,slippery,1009,0.13955075234864514,False,False,16.0,22.0,36.0,0.47449155423222633,3.1130009241068786,2,1,pure_pursuit,slippery,1009,True,smoke_opt,2.7170650999996724,196,0.09731876861966236,optimized
stall,False,35.53999999999996,23.259622789849832,0.6215671804109457,3.320930177164844,0.9307524988306438,0.24921789743943584,True,0.0005627462014631402,1.0043600749788322,,1.5138424388827922,1777,slippery,1010,0.14092917234874167,False,False,16.0,22.0,36.0,0.4912287330300027,3.1899845659231447,3,1,pure_pursuit,slippery,1010,True,smoke_opt,2.32470099999955,0,0.0,optimized
collision,False,3.2800000000000025,4.107694656995214,1.2527953991792173,0.8841667066620907,0.05199757319224708,0.19308534392043006,False,0.0,-0.00431579917167646,obstacle,0.05962835734044352,164,slippery,1011,0.09616849981633248,False,False,16.0,22.0,36.0,0.5956037005958101,3.5682496807008732,3,3,pure_pursuit,slippery,1011,True,smoke_opt,0.25146270000004733,32,0.1951219512195122,optimized
collision,False,11.67999999999984,5.369067758058222,0.45849498517499954,0.756668735856917,0.03173902243208353,0.15418720750388884,False,0.0,-0.005839741413074084,obstacle,0.17961378089876617,584,slippery,1012,0.11962358480705315,False,False,16.0,22.0,36.0,0.38300050587228296,3.612640966541278,4,3,pure_pursuit,slippery,1012,True,smoke_opt,0.9797620999997889,417,0.714041095890411,optimized
collision,False,8.959999999999898,9.147309013394414,1.0196430723124719,0.7654767039270961,0.054623305889582856,0.16636686343069512,False,0.0,-0.0026390925319719205,obstacle,0.14402062062522222,448,slippery,1013,0.1327268096242555,True,False,16.0,22.0,36.0,0.49246417865788417,4.588985830612375,3,3,pure_pursuit,slippery,1013,True,smoke_opt,0.7181644000002052,148,0.33035714285714285,optimized
stall,False,71.70000000000287,29.602085603419425,0.40679381061674186,2.6480571849053725,1.1755755268860597,0.1703305690485933,False,0.0,0.10297181042848155,,1.3365991852596155,3585,slippery,1014,0.12068362344298314,True,False,16.0,22.0,36.0,0.511869578367051,3.8710480032456,4,2,pure_pursuit,slippery,1014,True,smoke_opt,5.167575800000122,2174,0.6064156206415621,optimized
stall,False,32.579999999999494,24.145000768376924,0.7407817683957759,1.8610358802500837,0.6700353743206702,0.14497796958156897,False,0.0,0.21057501463111364,,0.36807869756198963,1629,slippery,1015,0.09182936909865673,True,False,16.0,22.0,36.0,0.5234665124152689,3.7198058704681163,4,1,pure_pursuit,slippery,1015,True,smoke_opt,2.317897300000368,744,0.4567219152854512,optimized
collision,False,10.019999999999875,11.597493725610468,1.1577059686338433,0.9095770656462898,0.050197475417786554,0.16174188341183884,False,0.0,-0.004276750247271033,obstacle,0.16088511829158642,501,slippery,1016,0.11489768201833152,False,False,16.0,22.0,36.0,0.4944618671110713,3.4559831934243705,2,3,pure_pursuit,slippery,1016,True,smoke_opt,0.7123228999998901,128,0.2554890219560878,optimized
stall,False,20.699999999999648,7.917072092202545,0.38133024906696594,0.7263452470704372,0.05239923339277676,0.0745946366892388,False,0.0,0.13874065155140414,,0.18967649198494255,1035,slippery,1017,0.09411696722856595,False,False,16.0,22.0,36.0,0.46762232291672157,4.836703508620552,2,1,pure_pursuit,slippery,1017,True,smoke_opt,1.4403724000003422,765,0.7391304347826086,optimized
stall,False,22.559999999999608,10.19082791942079,0.45068873948067434,0.7935180137656842,0.04831213236136422,0.0738814651533491,False,0.0,0.12239823002061498,,0.2056848302912765,1128,slippery,1018,0.12169451101191565,False,False,16.0,22.0,36.0,0.4998113069018674,4.1879508983773786,3,2,pure_pursuit,slippery,1018,True,smoke_opt,1.5339505000001736,777,0.6888297872340425,optimized
stall,False,24.27999999999957,9.950079579133662,0.4084234681898649,0.6475875570801515,0.029343738771831364,0.09495664341831812,False,0.0,0.13878338914809635,,0.24662803149577794,1214,slippery,1019,0.10273590026971928,False,False,16.0,22.0,36.0,0.375129147795055,3.433853717213183,2,2,pure_pursuit,slippery,1019,True,smoke_opt,1.703665699999874,878,0.7232289950576606,optimized
collision,False,9.259999999999891,10.165066377115282,1.0963270856332172,0.909102113548182,0.04663265605095728,0.1595255339314825,False,0.0,-0.0019020550994892638,obstacle,0.1435518397052985,463,slippery,1020,0.09532620733151166,False,False,16.0,22.0,36.0,0.48582736153101935,4.1574004859917215,4,3,pure_pursuit,slippery,1020,True,smoke_opt,0.6510310000003301,120,0.2591792656587473,optimized
collision,False,4.939999999999983,6.367055410642419,1.2892177875528643,0.7877033344435024,0.041679061826123874,0.14945135813547036,False,0.0,-0.00457971921649214,obstacle,0.07583124427944424,247,slippery,1021,0.10047913896395426,False,False,16.0,22.0,36.0,0.49393382380576967,3.748776285058246,2,2,pure_pursuit,slippery,1021,True,smoke_opt,0.3081942999997409,32,0.12955465587044535,optimized
stall,False,30.339999999999442,21.635354337752197,0.7085008553136168,2.81610885055897,0.8915829803086089,0.16752894385442704,False,0.0,6.1832210963992695,,0.9608975806449283,1517,slippery,1022,0.1208464795392327,False,False,16.0,22.0,36.0,0.444981517111935,3.001053290848632,3,1,pure_pursuit,slippery,1022,True,smoke_opt,2.0112632999998823,0,0.0,optimized
collision,False,24.079999999999576,26.889278401883555,1.1162781725057027,1.268622436434253,0.8438171400885239,0.16331410547427727,False,0.0,-0.0031611782853719905,obstacle,0.29536250413116033,1204,slippery,1023,0.13938613930373125,False,True,16.0,22.0,36.0,0.4168299030361967,3.6777381600170527,4,3,pure_pursuit,slippery,1023,True,smoke_opt,1.7044429999996282,252,0.20930232558139536,optimized
stall,False,21.11999999999964,6.964162290834035,0.32812768088398536,0.8831669880422051,0.04991986358349253,0.11235663904929002,False,0.0,0.1370694504714266,,0.22119127610172,1056,slippery,1024,0.12742371124749005,True,False,16.0,22.0,36.0,0.5530909249073461,3.6449239382331395,3,3,pure_pursuit,slippery,1024,True,smoke_opt,1.4924252000000706,831,0.7869318181818182,optimized
collision,False,8.079999999999917,8.743655566693699,1.0822498932451001,0.7534389328264137,0.03580301451233268,0.14640645691576457,False,0.0,-0.018859073481864275,obstacle,0.13083168466266082,404,slippery,1025,0.10611796749506633,False,False,16.0,22.0,36.0,0.35145263110173586,4.642234733205431,4,2,pure_pursuit,slippery,1025,True,smoke_opt,0.611209400000007,95,0.23514851485148514,optimized
stall,False,37.50000000000026,21.643911868638398,0.5734726660027374,2.6945486158444196,0.8400067259675523,0.1900536426012904,False,0.0,0.2488407545005796,,1.094296666724247,1875,slippery,1026,0.12420554728644553,False,False,16.0,22.0,36.0,0.3931736821771624,3.3414743918087773,4,3,pure_pursuit,slippery,1026,True,smoke_opt,2.670651899999939,378,0.2016,optimized
stall,False,30.37999999999944,21.673170253634634,0.7071001935994623,3.429500789161954,0.9849802688250304,0.18981272665054633,True,0.0006583278472679394,2.8056454338441075,,1.0406097671559598,1519,slippery,1027,0.14434928086839663,False,False,16.0,22.0,36.0,0.37767344324701835,3.0559491122222395,3,1,pure_pursuit,slippery,1027,True,smoke_opt,2.196707900000547,0,0.0,optimized
stall,False,36.54000000000011,23.136653415041152,0.6040973596634058,2.804448437130358,0.7818678946120762,0.21426027144294255,False,0.0,3.265450004857298,,1.5653767128055998,1827,slippery,1028,0.1402814546945802,False,False,16.0,22.0,36.0,0.46077403955257046,4.632342157225378,3,2,pure_pursuit,slippery,1028,True,smoke_opt,2.6113618999997925,0,0.0,optimized
stall,False,29.659999999999457,9.461007864918834,0.31678845252580706,0.6894222140042414,0.04043689600299309,0.12799879440389142,False,0.0,0.11793301287411959,,0.36311862001459877,1483,slippery,1029,0.1121120985381486,False,False,16.0,22.0,36.0,0.40932212108987814,4.673554672652967,4,3,pure_pursuit,slippery,1029,True,smoke_opt,2.278736199999912,1169,0.7882670262980445,optimized
stall,False,50.48000000000229,26.94087244775459,0.5277746201104334,3.368952025570714,0.9219105407060189,0.208319883900248,True,0.0003961965134706815,0.1301805213456405,,0.965957472885743,2524,slippery,1030,0.14944884071670828,False,False,16.0,22.0,36.0,0.36035647716511543,3.473729495597242,2,1,pure_pursuit,slippery,1030,True,smoke_opt,3.2344562999996924,1319,0.5225832012678289,optimized
collision,False,4.279999999999997,5.429365812487119,1.2691524501948506,0.6907144135005769,0.041426787362395724,0.1498413788979395,False,0.0,-0.0005794803845265983,obstacle,0.07063064604145503,214,slippery,1031,0.1019077208437179,False,True,16.0,22.0,36.0,0.42340330889096556,4.385133828919447,3,3,pure_pursuit,slippery,1031,True,smoke_opt,0.31769010000061826,32,0.14953271028037382,optimized
collision,False,9.679999999999882,10.42569073809711,1.0756247513684043,0.6534532318664067,0.04302539761048441,0.14788755754544883,False,0.0,-0.005715715403792676,obstacle,0.14985727830877424,484,slippery,1032,0.12608738559358684,False,True,16.0,22.0,36.0,0.4120721793777167,4.755480012589579,4,3,pure_pursuit,slippery,1032,True,smoke_opt,0.6876548999998704,125,0.25826446280991733,optimized
stall,False,33.59999999999965,8.914302912719746,0.2636921637875698,0.7488511823293567,0.04337395877715246,0.10467134832955231,False,0.0,0.13682265143617034,,0.37095051880101576,1680,slippery,1033,0.12331852362634443,False,False,16.0,22.0,36.0,0.42201863834824094,4.65627625426184,4,2,pure_pursuit,slippery,1033,True,smoke_opt,2.358916799999861,1418,0.844047619047619,optimized
stall,False,23.219999999999594,11.602427629523858,0.4987453915713585,0.6282089343175923,0.04503025830054448,0.06583791665861438,False,0.0,0.05286634031246629,,0.21373080205944453,1161,slippery,1034,0.14061918078359328,True,True,16.0,22.0,36.0,0.389141839887363,4.960522680359679,4,2,pure_pursuit,slippery,1034,True,smoke_opt,1.5916040000001885,757,0.6520241171403962,optimized
collision,False,51.88000000000251,29.888397751324465,0.5700997246957682,2.6489844926225485,1.2041737747269217,0.19473640253069302,False,0.0,-0.003759014569202246,obstacle,1.3866996007439392,2594,slippery,1035,0.12122831836586792,True,False,16.0,22.0,36.0,0.47214297077837475,3.639780951755606,4,3,pure_pursuit,slippery,1035,True,smoke_opt,3.925760999999511,945,0.3643022359290671,optimized
stall,False,23.139999999999596,9.289729024571049,0.3998020714865113,0.8463091899460096,0.05176700912711423,0.1144152795630626,False,0.0,0.14346377704667057,,0.24085007783223988,1157,slippery,1036,0.10618865016239329,False,True,16.0,22.0,36.0,0.5495179620369496,3.5881162897568393,3,3,pure_pursuit,slippery,1036,True,smoke_opt,1.6167183999996269,844,0.7294727744165946,optimized
goal,True,34.319999999999766,36.049360118307334,1.0497995332770398,2.8202404519542026,1.397838982492552,0.2494037373824798,False,0.0,0.028925184459167336,,0.4881294771047654,1716,slippery,1037,0.12476034235885287,False,False,16.0,22.0,36.0,0.5620186115719132,3.6446668456292,3,1,pure_pursuit,slippery,1037,True,smoke_opt,2.21715469999981,407,0.23717948717948717,optimized
stall,False,20.799999999999645,5.704374297401793,0.2731696923079053,0.9089245216068194,0.05088634971649263,0.12165306421985339,False,0.0,0.1374078567619954,,0.2212786604172421,1040,slippery,1038,0.12343474614295463,False,False,16.0,22.0,36.0,0.5850572993951388,3.6535129386218568,4,3,pure_pursuit,slippery,1038,True,smoke_opt,1.4147358000000168,871,0.8375,optimized
stall,False,18.799999999999688,5.463267376505047,0.2894557407824468,0.7941254141976296,0.055613571107180744,0.08090829015814675,False,0.0,0.06252829534438897,,0.17025005569873122,940,slippery,1039,0.1319220647052896,False,False,16.0,22.0,36.0,0.515623960455422,4.738645777348411,2,3,pure_pursuit,slippery,1039,True,smoke_opt,1.3869857999998203,760,0.8085106382978723,optimized
goal,True,22.819999999999602,36.02032109482167,1.5791681186089914,0.9983254365947385,0.06847227039279978,0.07400367330467722,False,0.0,,,0.2468245853628383,1141,flat_clear,1000,0.0,False,False,1000.0,1000.0,36.0,0.9415367388025319,4.042771475950126,0,0,apf,flat_clear,1000,True,smoke_opt,0.9726169999994454,0,0.0,optimized
goal,True,22.819999999999602,36.02558417935078,1.5794011529120378,0.9790149017269125,0.06564730321387587,0.07413010116703297,False,0.0,,,0.24809145523269646,1141,flat_clear,1001,0.0,False,False,1000.0,1000.0,36.0,0.7062801871281326,4.225189857139902,0,0,apf,flat_clear,1001,True,smoke_opt,1.030478900000162,0,0.0,optimized
goal,True,22.799999999999603,36.003548994433096,1.5798334301350185,1.003160432653585,0.06809148832142901,0.07468975135185667,False,0.0,,,0.24734636156589204,1140,flat_clear,1002,0.0,False,False,1000.0,1000.0,36.0,0.8428757350683788,3.761642318966232,0,0,apf,flat_clear,1002,True,smoke_opt,0.9598066000007748,0,0.0,optimized
goal,True,22.799999999999603,36.017590400245986,1.5804529649800338,1.0111550798793376,0.06837529751434701,0.07478833262159103,False,0.0,,,0.24704730378445533,1140,flat_clear,1003,0.0,False,False,1000.0,1000.0,36.0,0.8026823240875288,3.3755147365372666,0,0,apf,flat_clear,1003,True,smoke_opt,1.0510717999995904,0,0.0,optimized
goal,True,22.839999999999602,36.022499722463245,1.57788796763648,1.0358438007341897,0.06688109663318566,0.0731762132255819,False,0.0,,,0.24649526285525647,1142,flat_clear,1004,0.0,False,False,1000.0,1000.0,36.0,0.7520605248510526,3.0017609054814303,0,0,apf,flat_clear,1004,True,smoke_opt,1.0041320999998788,0,0.0,optimized
goal,True,22.799999999999603,36.007605370767315,1.5800074856804225,1.052529927677609,0.07129387700627102,0.07709724832371638,False,0.0,,,0.24702366186786204,1140,flat_clear,1005,0.0,False,False,1000.0,1000.0,36.0,1.0722248169554416,3.1644383461357872,0,0,apf,flat_clear,1005,True,smoke_opt,1.001712199999929,0,0.0,optimized
goal,True,22.839999999999602,36.0294553905352,1.5781636532675156,1.0116661501105093,0.06632652675361832,0.0734949996400225,False,0.0,,,0.24639149304311328,1142,flat_clear,1006,0.0,False,False,1000.0,1000.0,36.0,0.940342777519862,3.673842867145649,0,0,apf,flat_clear,1006,True,smoke_opt,1.0298354999995354,0,0.0,optimized
goal,True,22.819999999999602,36.03164685398583,1.5796635244009543,1.0540493612121762,0.07159354058793753,0.0765142466354977,False,0.0,,,0.24707239596697594,1141,flat_clear,1007,0.0,False,False,1000.0,1000.0,36.0,1.0263921380711774,3.1424498749217715,0,0,apf,flat_clear,1007,True,smoke_opt,1.00643669999954,0,0.0,optimized
goal,True,22.819999999999602,36.00878646961932,1.5786988457305822,1.0379567121379571,0.07014112043140228,0.07603554206668339,False,0.0,,,0.24787257754362876,1141,flat_clear,1008,0.0,False,False,1000.0,1000.0,36.0,1.0252202990915118,3.3345054981092375,0,0,apf,flat_clear,1008,True,smoke_opt,0.9887939999998707,0,0.0,optimized
goal,True,22.8599999999996,36.02441186274349,1.5765787031235996,0.994905985744836,0.06432718424913002,0.07187088146103793,False,0.0,,,0.24645139178339967,1143,flat_clear,1009,0.0,False,False,1000.0,1000.0,36.0,0.8307662350691447,3.1130009241068786,0,0,apf,flat_clear,1009,True,smoke_opt,0.9920679999995627,0,0.0,optimized
goal,True,22.8799999999996,36.023655271472556,1.575133280331977,1.0009504522015982,0.061604930138202715,0.07064800577719699,False,0.0,,,0.24627212251250216,1144,flat_clear,1010,0.0,False,False,1000.0,1000.0,36.0,0.9143222924947375,3.1899845659231447,0,0,apf,flat_clear,1010,True,smoke_opt,0.9954535999995642,0,0.0,optimized
goal,True,22.8599999999996,36.02425749131759,1.5765467064111445,0.9944494065595441,0.06382326982349151,0.07177165612552007,False,0.0,,,0.24623839451168,1143,flat_clear,1011,0.0,False,False,1000.0,1000.0,36.0,0.9253294142037582,3.5682496807008732,0,0,apf,flat_clear,1011,True,smoke_opt,1.0041018000001714,0,0.0,optimized
goal,True,22.819999999999602,36.023637364059695,1.5793246032498753,1.0307072131970367,0.070007228768933,0.07622525401675384,False,0.0,,,0.24788009109158426,1141,flat_clear,1012,0.0,False,False,1000.0,1000.0,36.0,1.012258673751197,3.612640966541278,0,0,apf,flat_clear,1012,True,smoke_opt,1.0216583999999784,0,0.0,optimized
goal,True,22.799999999999603,36.0101942227415,1.5801173562517314,0.9666221145294314,0.07289552869548749,0.07335702062144096,False,0.0,,,0.24762910572540547,1140,flat_clear,1013,0.0,False,False,1000.0,1000.0,36.0,0.7315917886297024,4.588985830612375,0,0,apf,flat_clear,1013,True,smoke_opt,0.9418559999994613,0,0.0,optimized
goal,True,22.8799999999996,36.02394849730795,1.5751411820227526,0.9632764676510922,0.061787395988532855,0.0701424114096478,False,0.0,,,0.24632743978697072,1144,flat_clear,1014,0.0,False,False,1000.0,1000.0,36.0,0.9342809221201659,3.8710480032456,0,0,apf,flat_clear,1014,True,smoke_opt,0.9926014000002397,0,0.0,optimized
goal,True,22.819999999999602,36.019900754888106,1.5791565872446753,1.0389941057959216,0.06873794901342306,0.07477436609411016,False,0.0,,,0.24724676341226992,1141,flat_clear,1015,0.0,False,False,1000.0,1000.0,36.0,0.9428271314429462,3.7198058704681163,0,0,apf,flat_clear,1015,True,smoke_opt,0.995059300000321,0,0.0,optimized
goal,True,22.799999999999603,36.01966105897453,1.5805308101170872,1.0254849620239341,0.06890059460370156,0.07567251637769884,False,0.0,,,0.24703689554642919,1140,flat_clear,1016,0.0,False,False,1000.0,1000.0,36.0,0.8770775964377245,3.4559831934243705,0,0,apf,flat_clear,1016,True,smoke_opt,0.999539299999924,0,0.0,optimized
goal,True,22.8599999999996,36.027024365795576,1.5766875902685256,0.9578575657128657,0.07659673800286212,0.07184929733791487,False,0.0,,,0.24713157576288872,1143,flat_clear,1017,0.0,False,False,1000.0,1000.0,36.0,1.028532749453526,4.836703508620552,0,0,apf,flat_clear,1017,True,smoke_opt,1.0168499000001248,0,0.0,optimized
goal,True,22.8599999999996,36.02272841137863,1.5764996765096368,0.966641435399343,0.06574781658555295,0.07090165199873404,False,0.0,,,0.24683245354866498,1143,flat_clear,1018,0.0,False,False,1000.0,1000.0,36.0,0.8819836302780435,4.1879508983773786,0,0,apf,flat_clear,1018,True,smoke_opt,1.0525139999999737,0,0.0,optimized
goal,True,22.819999999999602,36.02688838388776,1.5794593899177114,1.0186188948091626,0.06797908388385786,0.07434169092005878,False,0.0,,,0.2466976464620534,1141,flat_clear,1019,0.0,False,False,1000.0,1000.0,36.0,0.8583980191574891,3.433853717213183,0,0,apf,flat_clear,1019,True,smoke_opt,0.9932282999998279,0,0.0,optimized
goal,True,22.819999999999602,36.01021024342273,1.578734243038696,0.9798788193015755,0.06882819964439259,0.07348346952071395,False,0.0,,,0.2470458275976409,1141,flat_clear,1020,0.0,False,False,1000.0,1000.0,36.0,0.8134701125152806,4.1574004859917215,0,0,apf,flat_clear,1020,True,smoke_opt,1.010082599999805,0,0.0,optimized
goal,True,22.839999999999602,36.04104089717271,1.578697661044007,0.9884058157666341,0.058934240149094125,0.07410330854433028,False,0.0,,,0.24736964563468947,1142,flat_clear,1021,0.0,False,False,1000.0,1000.0,36.0,0.7323405650889366,3.748776285058246,0,0,apf,flat_clear,1021,True,smoke_opt,0.9613428000002386,0,0.0,optimized
goal,True,22.819999999999602,36.03151842154421,1.5796740952471817,1.0616951680774551,0.07244304123645047,0.07638449953122121,False,0.0,,,0.24690182991257872,1141,flat_clear,1022,0.0,False,False,1000.0,1000.0,36.0,1.067366702422499,3.001053290848632,0,0,apf,flat_clear,1022,True,smoke_opt,0.9971004999997604,0,0.0,optimized
goal,True,22.8599999999996,36.02155915634097,1.5764401280743947,1.005202817779897,0.06592180469118038,0.07272383950025323,False,0.0,,,0.24663541682450052,1143,flat_clear,1023,0.0,False,False,1000.0,1000.0,36.0,1.0623594940330707,3.6777381600170527,0,0,apf,flat_clear,1023,True,smoke_opt,1.0000505999996676,0,0.0,optimized
goal,True,22.819999999999602,36.024755797057274,1.5793619192052404,1.0066656453221852,0.06624186218894212,0.07420693347349736,False,0.0,,,0.24687877033673397,1141,flat_clear,1024,0.0,False,False,1000.0,1000.0,36.0,0.8033411240091805,3.6449239382331395,0,0,apf,flat_clear,1024,True,smoke_opt,1.0559825000000274,0,0.0,optimized
goal,True,22.839999999999602,36.004648853207,1.5770911266348633,0.9632900880383003,0.07272373382796984,0.07164308754394699,False,0.0,,,0.24680509898065028,1142,flat_clear,1025,0.0,False,False,1000.0,1000.0,36.0,0.9516029979700883,4.642234733205431,0,0,apf,flat_clear,1025,True,smoke_opt,1.0097429000006741,0,0.0,optimized
goal,True,22.8599999999996,36.01458071887376,1.5761282304695838,0.9994053093200748,0.06312152378925395,0.07168981263368517,False,0.0,,,0.24633535987882127,1143,flat_clear,1026,0.0,False,False,1000.0,1000.0,36.0,0.9380469058269284,3.3414743918087773,0,0,apf,flat_clear,1026,True,smoke_opt,0.969779600000038,0,0.0,optimized
goal,True,22.819999999999602,36.00557690844501,1.5785034292700828,1.0448672866798,0.06982805132275571,0.0744467712387672,False,0.0,,,0.24593626298550317,1141,flat_clear,1027,0.0,False,False,1000.0,1000.0,36.0,0.9248582573641619,3.0559491122222395,0,0,apf,flat_clear,1027,True,smoke_opt,1.0237331999996968,0,0.0,optimized
goal,True,22.819999999999602,36.030260421660834,1.5796105947804489,0.9652228097609147,0.07457542857970453,0.0739198111935416,False,0.0,,,0.2482042604403906,1141,flat_clear,1028,0.0,False,False,1000.0,1000.0,36.0,0.8544065774331859,4.632342157225378,0,0,apf,flat_clear,1028,True,smoke_opt,1.0013086000008116,0,0.0,optimized
goal,True,22.8799999999996,36.03479748456975,1.5756262262541594,0.9549754815023036,0.07233755543317807,0.07067276977944263,False,0.0,,,0.2469906074119114,1144,flat_clear,1029,0.0,False,False,1000.0,1000.0,36.0,1.0291744489336718,4.673554672652967,0,0,apf,flat_clear,1029,True,smoke_opt,0.9782672999999704,0,0.0,optimized
goal,True,22.819999999999602,36.003790047034826,1.5784689990510308,0.9915026238486411,0.05967149075380585,0.07288861017514157,False,0.0,,,0.246875154297592,1141,flat_clear,1030,0.0,False,False,1000.0,1000.0,36.0,0.7100748391554423,3.473729495597242,0,0,apf,flat_clear,1030,True,smoke_opt,0.9835401999998794,0,0.0,optimized
goal,True,22.819999999999602,36.01049002157942,1.5787402950675193,0.9953859914248352,0.07372640563014825,0.07429292014262068,False,0.0,,,0.24724935859408875,1141,flat_clear,1031,0.0,False,False,1000.0,1000.0,36.0,1.0801960908688777,4.385133828919447,0,0,apf,flat_clear,1031,True,smoke_opt,1.0414420999995855,0,0.0,optimized
goal,True,22.8599999999996,36.01223805848656,1.5760467265739206,0.9282370811244998,0.07047272890619631,0.06947729370193183,False,0.0,,,0.24729048087416408,1143,flat_clear,1032,0.0,False,False,1000.0,1000.0,36.0,0.7938761728460942,4.755480012589579,0,0,apf,flat_clear,1032,True,smoke_opt,1.0112325000000055,0,0.0,optimized
goal,True,22.8599999999996,36.033289626157675,1.5769537257305435,0.977291784415605,0.07477105155476589,0.07234819964454234,False,0.0,,,0.24714677467284887,1143,flat_clear,1033,0.0,False,False,1000.0,1000.0,36.0,1.049199002087901,4.65627625426184,0,0,apf,flat_clear,1033,True,smoke_opt,0.9714334999998755,0,0.0,optimized
goal,True,22.819999999999602,36.01536097246105,1.5789492616921186,0.9469911762533315,0.08072355405851518,0.07361170925234439,False,0.0,,,0.24880188920299443,1141,flat_clear,1034,0.0,False,False,1000.0,1000.0,36.0,0.7644419100897226,4.960522680359679,0,0,apf,flat_clear,1034,True,smoke_opt,0.9892032999996445,0,0.0,optimized
goal,True,22.8599999999996,36.02161510875871,1.576443344794461,0.9797912268688553,0.062350884191155705,0.07101880301766547,False,0.0,,,0.24648381543051093,1143,flat_clear,1035,0.0,False,False,1000.0,1000.0,36.0,0.852053507214412,3.639780951755606,0,0,apf,flat_clear,1035,True,smoke_opt,1.0448512000002665,0,0.0,optimized
goal,True,22.839999999999602,36.03034187446052,1.578222454598698,1.0197001078448225,0.06733301270915804,0.07414337869124328,False,0.0,,,0.24669924686092448,1142,flat_clear,1036,0.0,False,False,1000.0,1000.0,36.0,1.0203688012438894,3.5881162897568393,0,0,apf,flat_clear,1036,True,smoke_opt,0.9868664000005083,0,0.0,optimized
goal,True,22.799999999999603,36.02397190841259,1.5807271823186508,1.0041919506113626,0.0697287909395807,0.07508965048329615,False,0.0,,,0.24720973892554424,1140,flat_clear,1037,0.0,False,False,1000.0,1000.0,36.0,0.8236235544048465,3.6446668456292,0,0,apf,flat_clear,1037,True,smoke_opt,1.0258057000000917,0,0.0,optimized
goal,True,22.799999999999603,36.00473066168344,1.5798838008735765,0.9992907156069504,0.06582326945750182,0.07391976004638995,False,0.0,,,0.24677397901767625,1140,flat_clear,1038,0.0,False,False,1000.0,1000.0,36.0,0.7394084515409659,3.6535129386218568,0,0,apf,flat_clear,1038,True,smoke_opt,1.0411486000002697,0,0.0,optimized
goal,True,22.819999999999602,36.02119985186173,1.5792115395109168,0.9634674956556548,0.07528439914791549,0.07304817110943294,False,0.0,,,0.2473627632920112,1141,flat_clear,1039,0.0,False,False,1000.0,1000.0,36.0,0.8922484377491442,4.738645777348411,0,0,apf,flat_clear,1039,True,smoke_opt,1.0401279999996405,0,0.0,optimized
goal,True,25.119999999999553,36.02201855143419,1.4346945333857226,2.809964428702392,0.7194803716185797,0.17605158072075117,False,0.0,,,0.3389708271424131,1256,kerb,1000,0.12172554153720315,True,False,16.0,22.0,36.0,0.9415367388025319,4.042771475950126,0,0,apf,kerb,1000,True,smoke_opt,1.1906261000003724,0,0.0,optimized
goal,True,25.479999999999546,36.00631539997117,1.413874274455456,2.0012668381897147,0.7964358205228513,0.171046309591032,False,0.0,,,0.3497407758484439,1274,kerb,1001,0.09457191805606885,True,False,16.0,22.0,36.0,0.7062801871281326,4.225189857139902,0,0,apf,kerb,1001,True,smoke_opt,1.2176323000003322,0,0.0,optimized
goal,True,24.959999999999557,36.01394836522504,1.4436513817502332,1.017062810715685,0.5362218470208721,0.1262588491574246,False,0.0,,,0.32067843568188725,1248,kerb,1002,0.1102278712079722,False,True,16.0,22.0,36.0,0.8428757350683788,3.761642318966232,0,0,apf,kerb,1002,True,smoke_opt,1.2515779999994265,0,0.0,optimized
goal,True,24.83999999999956,36.01052002397364,1.4503089544581032,3.4390445212235257,0.8968279641311419,0.23032614355482978,True,0.000966183574879227,,,0.35002633549774587,1242,kerb,1003,0.1351267717005646,False,False,16.0,22.0,36.0,0.8026823240875288,3.3755147365372666,0,0,apf,kerb,1003,True,smoke_opt,1.1824900999999954,0,0.0,optimized
goal,True,24.719999999999562,36.009052759065405,1.4574118094898638,1.250049819079953,0.6943575401852372,0.13385608527932422,False,0.0,,,0.31546040270611286,1236,kerb,1004,0.12724042829147925,False,True,16.0,22.0,36.0,0.7520605248510526,3.0017609054814303,0,0,apf,kerb,1004,True,smoke_opt,1.1403425999997125,0,0.0,optimized
goal,True,24.539999999999566,36.013416593161196,1.4683806644897521,1.364522242983122,0.7553311427001157,0.140339053829683,False,0.0,,,0.31462399497954624,1227,kerb,1005,0.14008756347264517,False,True,16.0,22.0,36.0,1.0722248169554416,3.1644383461357872,0,0,apf,kerb,1005,True,smoke_opt,1.214224400000603,0,0.0,optimized
goal,True,24.81999999999956,36.01172719908444,1.4514825300193213,3.383951962025538,0.9360977377408728,0.2240260650561558,True,0.0008058017727639,,,0.3471127308690146,1241,kerb,1006,0.13798619136994436,False,False,16.0,22.0,36.0,0.940342777519862,3.673842867145649,0,0,apf,kerb,1006,True,smoke_opt,1.2321191000000908,0,0.0,optimized
goal,True,24.919999999999558,36.01451570981789,1.4457761620093486,3.267578629210905,0.8464063868175256,0.2123886403822051,True,0.0006420545746388443,,,0.3427470087094089,1246,kerb,1007,0.12532912761100018,False,False,16.0,22.0,36.0,1.0263921380711774,3.1424498749217715,0,0,apf,kerb,1007,True,smoke_opt,1.1975812000000587,0,0.0,optimized
goal,True,24.81999999999956,36.03183708616338,1.4523080002846531,3.8254883102490913,1.070998201162218,0.2432678964571401,True,0.0011281224818694602,,,0.35396131093754574,1241,kerb,1008,0.14899129644859244,False,False,16.0,22.0,36.0,1.0252202990915118,3.3345054981092375,0,0,apf,kerb,1008,True,smoke_opt,1.178359300000011,0,0.0,optimized
goal,True,24.85999999999956,36.02363303692352,1.4496903296599573,3.6678432569999933,0.9858434034039404,0.23801917350982468,True,0.0011263073209975866,,,0.34948503960076116,1243,kerb,1009,0.13955075234864514,False,False,16.0,22.0,36.0,0.8307662350691447,3.1130009241068786,0,0,apf,kerb,1009,True,smoke_opt,1.2007341999997152,0,0.0,optimized
goal,True,24.85999999999956,36.009768806678,1.449016348412272,3.668935041760463,1.0078434501133813,0.23455822771171303,True,0.0011263073209975866,,,0.34776312382493524,1243,kerb,1010,0.14092917234874167,False,False,16.0,22.0,36.0,0.9143222924947375,3.1899845659231447,0,0,apf,kerb,1010,True,smoke_opt,1.2354262999997445,0,0.0,optimized
goal,True,25.439999999999547,36.031633767532234,1.4169784574228224,2.2177786460414466,0.5406256107371374,0.17602225793965437,False,0.0,,,0.3424078728697937,1272,kerb,1011,0.09616849981633248,False,False,16.0,22.0,36.0,0.9253294142037582,3.5682496807008732,0,0,apf,kerb,1011,True,smoke_opt,1.2630808000003526,0,0.0,optimized
goal,True,24.999999999999556,36.030655876399564,1.441848362986192,2.91427282686201,0.7427682390742625,0.19956579243796,False,0.0,,,0.3435756382397644,1250,kerb,1012,0.11962358480705315,False,False,16.0,22.0,36.0,1.012258673751197,3.612640966541278,0,0,apf,kerb,1012,True,smoke_opt,1.132670799999687,0,0.0,optimized
goal,True,25.099999999999554,36.01999113044998,1.4357784165677583,2.9296573946725375,0.7460027103940734,0.19313203593501985,False,0.0,,,0.3482847677996391,1255,kerb,1013,0.1327268096242555,True,False,16.0,22.0,36.0,0.7315917886297024,4.588985830612375,0,0,apf,kerb,1013,True,smoke_opt,1.293223599999692,0,0.0,optimized
goal,True,25.19999999999955,36.030602802631606,1.4304942392484183,2.8465753775628797,0.7190635892139685,0.17530811203697416,False,0.0,,,0.337614199135668,1260,kerb,1014,0.12068362344298314,True,False,16.0,22.0,36.0,0.9342809221201659,3.8710480032456,0,0,apf,kerb,1014,True,smoke_opt,1.2444026999992275,0,0.0,optimized
goal,True,25.439999999999547,36.019810702926115,1.4165638970232617,2.017311100306134,0.49593464278499405,0.15195054602228766,False,0.0,,,0.3369508763681415,1272,kerb,1015,0.09182936909865673,True,False,16.0,22.0,36.0,0.9428271314429462,3.7198058704681163,0,0,apf,kerb,1015,True,smoke_opt,1.2458583999996335,0,0.0,optimized
goal,True,25.059999999999555,36.01087517568439,1.4375979418435252,2.8244440247023195,0.6983869844707624,0.20017405889069184,False,0.0,,,0.34370265838977054,1253,kerb,1016,0.11489768201833152,False,False,16.0,22.0,36.0,0.8770775964377245,3.4559831934243705,0,0,apf,kerb,1016,True,smoke_opt,1.2228249999998297,0,0.0,optimized
goal,True,25.439999999999547,36.012783446828635,1.4160917270864901,1.8735516698391894,0.4902022865700475,0.16023881812898083,False,0.0,,,0.34218006802934076,1272,kerb,1017,0.09411696722856595,False,False,16.0,22.0,36.0,1.028532749453526,4.836703508620552,0,0,apf,kerb,1017,True,smoke_opt,1.2768400000004476,0,0.0,optimized
goal,True,25.019999999999555,36.0278663129465,1.4405023371931474,2.7922679422153376,0.704463474617508,0.1977640342213388,False,0.0,,,0.3465986649631743,1251,kerb,1018,0.12169451101191565,False,False,16.0,22.0,36.0,0.8819836302780435,4.1879508983773786,0,0,apf,kerb,1018,True,smoke_opt,1.2051480999998603,0,0.0,optimized
goal,True,25.23999999999955,36.001626566754474,1.4270168804241339,2.4570937355829043,0.6029812280913006,0.18700768910908092,False,0.0,,,0.3419917635364157,1262,kerb,1019,0.10273590026971928,False,False,16.0,22.0,36.0,0.8583980191574891,3.433853717213183,0,0,apf,kerb,1019,True,smoke_opt,1.155879200000527,0,0.0,optimized
goal,True,25.439999999999547,36.02058051710831,1.4165304473827702,2.0609576707572237,0.5541574947927929,0.17610659907982806,False,0.0,,,0.347707447573411,1272,kerb,1020,0.09532620733151166,False,False,16.0,22.0,36.0,0.8134701125152806,4.1574004859917215,0,0,apf,kerb,1020,True,smoke_opt,1.2931253000006109,0,0.0,optimized
goal,True,25.33999999999955,36.018648866755235,1.4219705497382271,2.345955274349707,0.76211811038562,0.19292664067791218,False,0.0,,,0.3506122753769413,1267,kerb,1021,0.10047913896395426,False,False,16.0,22.0,36.0,0.7323405650889366,3.748776285058246,0,0,apf,kerb,1021,True,smoke_opt,1.2548294000007445,0,0.0,optimized
goal,True,24.979999999999556,36.01956226225675,1.4426569746500681,3.209193146532856,0.82589761026899,0.20746410945666705,True,0.0006405124099279424,,,0.3398423925644891,1249,kerb,1022,0.1208464795392327,False,False,16.0,22.0,36.0,1.067366702422499,3.001053290848632,0,0,apf,kerb,1022,True,smoke_opt,1.2926712999997108,0,0.0,optimized
goal,True,24.599999999999564,36.01891999991985,1.4649659992857516,1.2708141296429531,0.6818757837078298,0.134408883207657,False,0.0,,,0.31453918829698757,1230,kerb,1023,0.13938613930373125,False,True,16.0,22.0,36.0,1.0623594940330707,3.6777381600170527,0,0,apf,kerb,1023,True,smoke_opt,1.218297800000073,0,0.0,optimized
goal,True,25.119999999999553,36.0033935952835,1.4340679919327197,3.106731579573174,0.7837789564957828,0.1930637042728924,True,0.00047770700636942675,,,0.34199113014610877,1256,kerb,1024,0.12742371124749005,True,False,16.0,22.0,36.0,0.8033411240091805,3.6449239382331395,0,0,apf,kerb,1024,True,smoke_opt,1.24621340000067,0,0.0,optimized
goal,True,25.19999999999955,36.004386924151646,1.4293247757797618,2.312124982960921,0.554988572147786,0.17547477641333004,False,0.0,,,0.34238895386682133,1260,kerb,1025,0.10611796749506633,False,False,16.0,22.0,36.0,0.9516029979700883,4.642234733205431,0,0,apf,kerb,1025,True,smoke_opt,1.2720478000001094,0,0.0,optimized
goal,True,24.979999999999556,36.02586375515648,1.4427020371118857,3.139557655414733,0.8065701941810163,0.20853754879680625,True,0.0006405124099279424,,,0.34359930490798535,1249,kerb,1026,0.12420554728644553,False,False,16.0,22.0,36.0,0.9380469058269284,3.3414743918087773,0,0,apf,kerb,1026,True,smoke_opt,1.1735834000000978,0,0.0,optimized
goal,True,24.79999999999956,36.03316718579414,1.4535514272872059,3.822702515020393,1.0636606105302189,0.24261203965883343,True,0.0011290322580645162,,,0.35050710638858484,1240,kerb,1027,0.14434928086839663,False,False,16.0,22.0,36.0,0.9248582573641619,3.0559491122222395,0,0,apf,kerb,1027,True,smoke_opt,1.2362185000001773,0,0.0,optimized
goal,True,24.77999999999956,36.02684369961234,1.4544648511905185,3.084027027430088,0.8719417255002196,0.21773837508398275,True,0.0003228410008071025,,,0.35417235999730357,1239,kerb,1028,0.1402814546945802,False,False,16.0,22.0,36.0,0.8544065774331859,4.632342157225378,0,0,apf,kerb,1028,True,smoke_opt,1.2003577000004952,0,0.0,optimized
goal,True,25.139999999999553,36.01741522677138,1.4332451941111264,2.4076316968448275,0.6071509402408564,0.17745718534332255,False,0.0,,,0.3399458585426857,1257,kerb,1029,0.1121120985381486,False,False,16.0,22.0,36.0,1.0291744489336718,4.673554672652967,0,0,apf,kerb,1029,True,smoke_opt,1.212387999999919,0,0.0,optimized
goal,True,24.85999999999956,36.02710718263106,1.4498849301025565,3.786381572274698,0.9772845184277028,0.25917983336109285,True,0.0011263073209975866,,,0.36100311377642547,1243,kerb,1030,0.14944884071670828,False,False,16.0,22.0,36.0,0.7100748391554423,3.473729495597242,0,0,apf,kerb,1030,True,smoke_opt,1.2197921999995742,0,0.0,optimized
goal,True,25.139999999999553,36.00630769324874,1.432913192637053,1.0092456377650216,0.4610226545316467,0.12257204190481377,False,0.0,,,0.32142413254344276,1257,kerb,1031,0.1019077208437179,False,True,16.0,22.0,36.0,1.0801960908688777,4.385133828919447,0,0,apf,kerb,1031,True,smoke_opt,1.1767804000000979,0,0.0,optimized
goal,True,24.73999999999956,36.02218465146153,1.4567757224397577,1.0114279037221836,0.525245643743409,0.12249561037577301,False,0.0,,,0.3187887457655016,1237,kerb,1032,0.12608738559358684,False,True,16.0,22.0,36.0,0.7938761728460942,4.755480012589579,0,0,apf,kerb,1032,True,smoke_opt,1.1893706000000748,0,0.0,optimized
goal,True,24.959999999999557,36.02105566974548,1.4436674864136803,2.680234922411182,0.7227517349190039,0.19083518028026725,False,0.0,,,0.34385708409275123,1248,kerb,1033,0.12331852362634443,False,False,16.0,22.0,36.0,1.049199002087901,4.65627625426184,0,0,apf,kerb,1033,True,smoke_opt,1.2749346000000514,0,0.0,optimized
goal,True,24.639999999999564,36.03455222718582,1.463431380634077,0.9469924469419688,0.08072249630550177,0.08864120056592098,False,0.0,,,0.3122767138641429,1232,kerb,1034,0.14061918078359328,True,True,16.0,22.0,36.0,0.7644419100897226,4.960522680359679,0,0,apf,kerb,1034,True,smoke_opt,1.2086352999995142,0,0.0,optimized
goal,True,25.19999999999955,36.02854649726229,1.4304314803386797,2.950189409431585,0.7353559075654021,0.18290144489595192,False,0.0,,,0.33877627869111626,1260,kerb,1035,0.12122831836586792,True,False,16.0,22.0,36.0,0.852053507214412,3.639780951755606,0,0,apf,kerb,1035,True,smoke_opt,1.2005136999996466,0,0.0,optimized
goal,True,25.079999999999554,36.01986205653063,1.4369248387048525,1.0873330617692012,0.5476256269919757,0.1276856872693789,False,0.0,,,0.32039058515416435,1254,kerb,1036,0.10618865016239329,False,True,16.0,22.0,36.0,1.0203688012438894,3.5881162897568393,0,0,apf,kerb,1036,True,smoke_opt,1.2638686000000234,0,0.0,optimized
goal,True,24.939999999999557,36.011182246105825,1.444330640733005,3.0285605327807685,0.7650360293198384,0.2127625334908865,True,0.00016038492381716118,,,0.347166782178211,1247,kerb,1037,0.12476034235885287,False,False,16.0,22.0,36.0,0.8236235544048465,3.6446668456292,0,0,apf,kerb,1037,True,smoke_opt,1.2163136999997732,0,0.0,optimized
goal,True,24.979999999999556,36.020139126717794,1.442554064741884,3.0047254810048796,0.7267810688294607,0.2152743889866955,True,0.0001601281024819856,,,0.3503756235225181,1249,kerb,1038,0.12343474614295463,False,False,16.0,22.0,36.0,0.7394084515409659,3.6535129386218568,0,0,apf,kerb,1038,True,smoke_opt,1.2218007999999827,0,0.0,optimized
goal,True,24.83999999999956,36.00776086502845,1.450038521042581,2.8538118386663487,0.7884210717702741,0.204454690830943,False,0.0,,,0.349897895130863,1242,kerb,1039,0.1319220647052896,False,False,16.0,22.0,36.0,0.8922484377491442,4.738645777348411,0,0,apf,kerb,1039,True,smoke_opt,1.1769623000000138,0,0.0,optimized
goal,True,40.76000000000077,36.96491215983181,0.9005695111982188,0.9983254365947382,0.06847227039279995,0.1627119904138133,False,0.0,0.2873273572439802,,0.6629952637215784,2038,crowded,1000,0.0,False,False,1000.0,1000.0,36.0,0.9415367388025319,4.042771475950126,5,2,apf,crowded,1000,True,smoke_opt,3.0780711000006704,704,0.34543670264965654,optimized
goal,True,33.37999999999962,36.69092394422514,1.095355751451262,0.979014901726913,0.06564730321387563,0.11756609689168482,False,0.0,0.13829749051661513,,0.4296497949060663,1669,crowded,1001,0.0,False,False,1000.0,1000.0,36.0,0.7062801871281326,4.225189857139902,3,1,apf,crowded,1001,True,smoke_opt,2.1564194000002317,776,0.46494907130017976,optimized
goal,True,34.03999999999972,36.830626785327546,1.0777302784834413,1.0031604326535846,0.06809148832142942,0.18261624692246037,False,0.0,0.3335123195919244,,0.7051420474242394,1702,crowded,1002,0.0,False,False,1000.0,1000.0,36.0,0.8428757350683788,3.761642318966232,6,1,apf,crowded,1002,True,smoke_opt,2.710793900000681,1225,0.7197414806110458,optimized
goal,True,72.0600000000028,37.87524831414001,0.5197465123100998,1.1668209828558094,0.068375297514347,0.14538249668544134,False,0.0,0.04590422788865342,,0.9457218206029442,3603,crowded,1003,0.0,False,False,1000.0,1000.0,36.0,0.8026823240875288,3.3755147365372666,6,2,apf,crowded,1003,True,smoke_opt,5.596541199999592,2219,0.6158756591729114,optimized
goal,True,39.240000000000535,37.20193749398495,0.9435625461400253,1.0358438007341897,0.0668810966331857,0.1342393251671509,False,0.0,0.15902136826734822,,0.5749707472427451,1962,crowded,1004,0.0,False,False,1000.0,1000.0,36.0,0.7520605248510526,3.0017609054814303,4,2,apf,crowded,1004,True,smoke_opt,3.012305400000514,661,0.33690112130479105,optimized
goal,True,48.76000000000202,37.49002877696811,0.7612419813713572,1.0697038633031024,0.07129387700627138,0.17313036643477736,False,0.0,0.0049319048510095,,0.7357077780272423,2438,crowded,1005,0.0,False,False,1000.0,1000.0,36.0,1.0722248169554416,3.1644383461357872,6,2,apf,crowded,1005,True,smoke_opt,3.80716559999928,990,0.40607054963084493,optimized
collision,False,17.059999999999725,24.77466948973621,1.4499373537065738,1.0116661501105093,0.06632652675361803,0.11822614236831319,False,0.0,-0.003937238851874525,obstacle,0.22936124658303841,853,crowded,1006,0.0,False,False,1000.0,1000.0,36.0,0.940342777519862,3.673842867145649,5,2,apf,crowded,1006,True,smoke_opt,1.4050861999994595,3,0.0035169988276670576,optimized
collision,False,5.679999999999967,6.928251018225408,1.214947769493986,1.0540493612121762,0.07159354058793746,0.21800870429295788,False,0.0,-0.006158889162212355,pedestrian,0.09087003988965663,284,crowded,1007,0.0,False,False,1000.0,1000.0,36.0,1.0263921380711774,3.1424498749217715,4,2,apf,crowded,1007,True,smoke_opt,0.4595236000004661,71,0.25,optimized
goal,True,38.220000000000375,36.8942319615023,0.9612045734810836,1.0379567121379571,0.07014112043140236,0.13401878901524975,False,0.0,0.3228236857983291,,0.5088251914391502,1911,crowded,1008,0.0,False,False,1000.0,1000.0,36.0,1.0252202990915118,3.3345054981092375,4,2,apf,crowded,1008,True,smoke_opt,2.8401526000006925,647,0.33856619570905283,optimized
collision,False,5.299999999999975,5.271927240719368,0.9872654913340632,0.9949059857448366,0.06432718424912982,0.27109267731099074,False,0.0,-0.0010406116373685714,obstacle,0.11888214179055195,265,crowded,1009,0.0,False,False,1000.0,1000.0,36.0,0.8307662350691447,3.1130009241068786,6,2,apf,crowded,1009,True,smoke_opt,0.4028448000008211,43,0.16226415094339622,optimized
collision,False,22.37999999999961,16.107372843360036,0.7123446474843141,1.0309072878428698,0.061604930138202646,0.19175965576212964,False,0.0,-0.003803011760275199,obstacle,0.3699434010006063,1119,crowded,1010,0.0,False,False,1000.0,1000.0,36.0,0.9143222924947375,3.1899845659231447,6,2,apf,crowded,1010,True,smoke_opt,1.6737302000001364,446,0.39857015192135836,optimized
goal,True,36.880000000000166,37.501975411519716,1.0123802196624785,0.9944494065595446,0.06382326982349147,0.10995201642204036,False,0.0,0.327318220792316,,0.45666446840640973,1844,crowded,1011,0.0,False,False,1000.0,1000.0,36.0,0.9253294142037582,3.5682496807008732,4,1,apf,crowded,1011,True,smoke_opt,2.712240500000007,299,0.1621475054229935,optimized
stall,False,18.019999999999705,4.0076238363974195,0.2183974583529788,1.039976891033347,0.07514408084358715,0.16406875171696197,False,0.0,0.14365205626665942,,0.21373870127507832,901,crowded,1012,0.0,False,False,1000.0,1000.0,36.0,1.012258673751197,3.612640966541278,6,1,apf,crowded,1012,True,smoke_opt,1.4554456000005302,797,0.8845726970033296,optimized
goal,True,60.480000000003855,37.88542258253239,0.619662365702946,0.9666221145294313,0.07289552869548763,0.15039202968311544,False,0.0,0.03662102202498704,,0.8400353493444599,3024,crowded,1013,0.0,False,False,1000.0,1000.0,36.0,0.7315917886297024,4.588985830612375,5,2,apf,crowded,1013,True,smoke_opt,4.557643699999971,1409,0.46593915343915343,optimized
goal,True,50.34000000000227,37.706046220914764,0.7413869725734447,0.9632764676510923,0.06178739598853266,0.17552277360035176,False,0.0,0.2277901199701068,,0.7359273453787037,2517,crowded,1014,0.0,False,False,1000.0,1000.0,36.0,0.9342809221201659,3.8710480032456,3,2,apf,crowded,1014,True,smoke_opt,3.867558800000552,924,0.367103694874851,optimized
collision,False,10.959999999999855,11.514083884636378,1.0485015330026304,1.0389941057959216,0.06873794901342314,0.13733983080471826,False,0.0,-0.013634060900522105,pedestrian,0.1334145052424943,548,crowded,1015,0.0,False,False,1000.0,1000.0,36.0,0.9428271314429462,3.7198058704681163,6,1,apf,crowded,1015,True,smoke_opt,0.7754469000001336,191,0.34854014598540145,optimized
goal,True,44.38000000000134,37.56358273026879,0.8381354575242408,1.1327713082366575,0.06890059460370176,0.18539470967733981,False,0.0,0.13410973270746826,,0.7315950359242763,2219,crowded,1016,0.0,False,False,1000.0,1000.0,36.0,0.8770775964377245,3.4559831934243705,3,1,apf,crowded,1016,True,smoke_opt,3.2232771999997567,845,0.380802163136548,optimized
goal,True,34.379999999999775,36.90532544189876,1.0680440005693477,0.957857565712866,0.07659673800286186,0.15622177675350127,False,0.0,0.10621856203605093,,0.4968093102046424,1719,crowded,1017,0.0,False,False,1000.0,1000.0,36.0,1.028532749453526,4.836703508620552,4,1,apf,crowded,1017,True,smoke_opt,2.433430699999917,307,0.17859220477021523,optimized
stall,False,27.09999999999951,8.989340650358384,0.3267445877499159,0.9666414353993432,0.06574781658555282,0.13526846638896253,False,0.0,0.04578931799986943,,0.32670422745785777,1355,crowded,1018,0.0,False,False,1000.0,1000.0,36.0,0.8819836302780435,4.1879508983773786,6,2,apf,crowded,1018,True,smoke_opt,2.251118099999985,1003,0.7402214022140221,optimized
stall,False,39.360000000000554,22.89998936375305,0.5784559758716771,1.0186188948091626,0.06797908388385825,0.1096577010312424,False,0.0,0.13998035765039263,,0.4138420660603704,1968,crowded,1019,0.0,False,False,1000.0,1000.0,36.0,0.8583980191574891,3.433853717213183,4,1,apf,crowded,1019,True,smoke_opt,3.0094374000000244,1122,0.5701219512195121,optimized
collision,False,6.2599999999999545,7.72338012919135,1.230264799890804,0.9798788193015755,0.06882819964439249,0.17761734538995175,False,0.0,-0.004338259950509127,pedestrian,0.0937288956271853,313,crowded,1020,0.0,False,False,1000.0,1000.0,36.0,0.8134701125152806,4.1574004859917215,5,1,apf,crowded,1020,True,smoke_opt,0.42469290000008186,76,0.24281150159744408,optimized
goal,True,37.960000000000335,36.66998272539471,0.9621597446384273,0.9884058157666342,0.058934240149094194,0.13174023280588826,False,0.0,0.18416194250358017,,0.48596438119131014,1898,crowded,1021,0.0,False,False,1000.0,1000.0,36.0,0.7323405650889366,3.748776285058246,5,1,apf,crowded,1021,True,smoke_opt,2.737032199999703,1018,0.5363540569020021,optimized
goal,True,42.180000000000994,37.24471987761955,0.8786748867318582,1.061695168077455,0.07244304123645137,0.143611059528964,False,0.0,0.12089593763386694,,0.5530179609965514,2109,crowded,1022,0.0,False,False,1000.0,1000.0,36.0,1.067366702422499,3.001053290848632,5,2,apf,crowded,1022,True,smoke_opt,3.198626299999887,944,0.4476055002370792,optimized
stall,False,25.919999999999536,15.556443090427447,0.5980163389626248,1.0052028177798968,0.06592180469118036,0.10295763493320147,False,0.0,0.14277073849417843,,0.263772701259876,1296,crowded,1023,0.0,False,False,1000.0,1000.0,36.0,1.0623594940330707,3.6777381600170527,3,2,apf,crowded,1023,True,smoke_opt,1.8985677000000578,759,0.5856481481481481,optimized
goal,True,48.620000000002,37.09801050561283,0.7574679756693947,1.0066656453221845,0.06624186218894138,0.148314997986863,False,0.0,0.22146637525865645,,0.6642142130876358,2431,crowded,1024,0.0,False,False,1000.0,1000.0,36.0,0.8033411240091805,3.6449239382331395,4,2,apf,crowded,1024,True,smoke_opt,3.7450410000001284,1184,0.4870423693953106,optimized
goal,True,47.44000000000182,37.134502180456174,0.7774521500050806,1.0497344073799242,0.07272373382796855,0.1493497337910148,False,0.0,0.09941047633335007,,0.6780355262441452,2372,crowded,1025,0.0,False,False,1000.0,1000.0,36.0,0.9516029979700883,4.642234733205431,4,1,apf,crowded,1025,True,smoke_opt,3.679859900000338,905,0.3815345699831366,optimized
goal,True,28.63999999999948,37.26502796534308,1.2956727597950801,0.9994053093200743,0.06312152378925409,0.1306277809473955,False,0.0,0.30335253683636126,,0.43468812490056236,1432,crowded,1026,0.0,False,False,1000.0,1000.0,36.0,0.9380469058269284,3.3414743918087773,6,2,apf,crowded,1026,True,smoke_opt,2.07520999999997,163,0.1138268156424581,optimized
goal,True,55.46000000000307,37.42675526569166,0.6689715070415697,1.1057801107207932,0.0698280513227564,0.15211678161818828,False,0.0,0.11708797257711254,,0.7596898034532575,2773,crowded,1027,0.0,False,False,1000.0,1000.0,36.0,0.9248582573641619,3.0559491122222395,6,2,apf,crowded,1027,True,smoke_opt,4.406633700000384,1313,0.4734944103858637,optimized
goal,True,46.30000000000164,37.58046212107817,0.8044798081834399,0.9652228097609149,0.0745754285797046,0.1472940430135167,False,0.0,0.24658310877433856,,0.6990853583880494,2315,crowded,1028,0.0,False,False,1000.0,1000.0,36.0,0.8544065774331859,4.632342157225378,3,2,apf,crowded,1028,True,smoke_opt,3.4823918000001868,808,0.3490280777537797,optimized
goal,True,63.9800000000044,38.49272802846664,0.5922737885103053,1.022957896227248,0.07233755543317796,0.2010902996377982,False,0.0,0.0704561138420334,,1.0590048688387173,3199,crowded,1029,0.0,False,False,1000.0,1000.0,36.0,1.0291744489336718,4.673554672652967,6,1,apf,crowded,1029,True,smoke_opt,4.919200700000147,1722,0.5382932166301969,optimized
goal,True,44.86000000000141,37.31440981657628,0.8256585996492088,0.9915026238486411,0.059671490753805546,0.13906042993298715,False,0.0,0.22147921021710015,,0.6176656807514477,2243,crowded,1030,0.0,False,False,1000.0,1000.0,36.0,0.7100748391554423,3.473729495597242,5,2,apf,crowded,1030,True,smoke_opt,3.5039513000001534,1153,0.5140436914846188,optimized
goal,True,39.52000000000058,37.89282843521809,0.9504360636502732,0.9953859914248355,0.07372640563014841,0.18769508431319512,False,0.0,0.056592714415087536,,0.7212111535869047,1976,crowded,1031,0.0,False,False,1000.0,1000.0,36.0,1.0801960908688777,4.385133828919447,6,1,apf,crowded,1031,True,smoke_opt,3.011259500000051,685,0.3466599190283401,optimized
goal,True,27.519999999999502,37.080852223278995,1.342725512018468,0.9282370811244995,0.07047272890619563,0.11707648186635691,False,0.0,0.22308555011683018,,0.37619122626640156,1376,crowded,1032,0.0,False,False,1000.0,1000.0,36.0,0.7938761728460942,4.755480012589579,3,2,apf,crowded,1032,True,smoke_opt,1.900369399999363,0,0.0,optimized
stall,False,39.6600000000006,22.29894655709077,0.5561016445903663,0.9772917844156049,0.07477105155476539,0.12993063936817148,False,0.0,0.146426925303055,,0.5071835961667033,1983,crowded,1033,0.0,False,False,1000.0,1000.0,36.0,1.049199002087901,4.65627625426184,3,2,apf,crowded,1033,True,smoke_opt,2.872033999999985,1047,0.5279878971255674,optimized
collision,False,10.019999999999875,9.36599600451735,0.9328546211394129,0.9469911762533314,0.08072355405851547,0.13975908807616397,False,0.0,-0.004272787082975765,pedestrian,0.12556375772200043,501,crowded,1034,0.0,False,False,1000.0,1000.0,36.0,0.7644419100897226,4.960522680359679,4,2,apf,crowded,1034,True,smoke_opt,0.8451256999996986,213,0.4251497005988024,optimized
goal,True,62.020000000004096,38.168330118678945,0.606656170576893,0.9871859158798507,0.062350884191155656,0.1732883061477777,False,0.0,0.0356429611110439,,0.867321960715491,3101,crowded,1035,0.0,False,False,1000.0,1000.0,36.0,0.852053507214412,3.639780951755606,5,2,apf,crowded,1035,True,smoke_opt,4.995271400000092,1021,0.3292486294743631,optimized
goal,True,33.45999999999963,37.05121250872695,1.10195598617066,1.0197001078448225,0.06733301270915791,0.13479655434019044,False,0.0,0.37011318091288536,,0.4836111775185308,1673,crowded,1036,0.0,False,False,1000.0,1000.0,36.0,1.0203688012438894,3.5881162897568393,6,1,apf,crowded,1036,True,smoke_opt,2.427201999999852,812,0.48535564853556484,optimized
goal,True,50.5400000000023,37.449362820864955,0.7337468453950231,1.0041919506113626,0.06972879093958008,0.14591683266055283,False,0.0,0.030507542207118293,,0.693722918587608,2527,crowded,1037,0.0,False,False,1000.0,1000.0,36.0,0.8236235544048465,3.6446668456292,3,2,apf,crowded,1037,True,smoke_opt,3.9473050999995394,636,0.2516818361693708,optimized
stall,False,17.539999999999715,3.651567491346269,0.2073782629967204,0.9992907156069504,0.06582326945750205,0.09929184801347907,False,0.0,0.1356570743857507,,0.1641023348840919,877,crowded,1038,0.0,False,False,1000.0,1000.0,36.0,0.7394084515409659,3.6535129386218568,6,2,apf,crowded,1038,True,smoke_opt,1.3703953000003821,778,0.887115165336374,optimized
collision,False,36.040000000000035,28.203684360820965,0.77480637957117,0.9634674956556555,0.07528439914791601,0.14717624767241863,False,0.0,-0.0011688809681736634,pedestrian,0.5183527642115368,1802,crowded,1039,0.0,False,False,1000.0,1000.0,36.0,0.8922484377491442,4.738645777348411,5,2,apf,crowded,1039,True,smoke_opt,2.901321899999857,753,0.4178690344062153,optimized
goal,True,36.98000000000018,37.84272934009804,1.016783670659381,2.808727865862046,0.7209690978356132,0.2038673021254093,False,0.0,0.022614089897552758,,0.6273078249116365,1849,mixed,1000,0.12172554153720315,True,False,16.0,22.0,36.0,0.9415367388025319,4.042771475950126,2,3,apf,mixed,1000,True,smoke_opt,2.7484527999995407,164,0.08869659275283938,optimized
goal,True,29.45999999999946,36.36287141816537,1.2334352980431866,2.0066321922261827,0.8045792301032914,0.17802879977955638,False,0.0,0.574043114741063,,0.4641300066046783,1473,mixed,1001,0.09457191805606885,True,False,16.0,22.0,36.0,0.7062801871281326,4.225189857139902,2,1,apf,mixed,1001,True,smoke_opt,2.023927100000037,0,0.0,optimized
goal,True,35.61999999999997,37.118188875877216,1.03669769328134,1.003098643307899,0.5460362638906472,0.15800424664657794,False,0.0,0.20777687830440078,,0.5506771994019938,1781,mixed,1002,0.1102278712079722,False,True,16.0,22.0,36.0,0.8428757350683788,3.761642318966232,4,1,apf,mixed,1002,True,smoke_opt,2.932509499999469,220,0.12352610892756878,optimized
goal,True,38.720000000000454,36.69276259097042,0.9438847832095382,3.4610778570799656,0.898919724015352,0.20947722258611368,True,0.0006198347107438017,0.16553509560919064,,0.5740149440231129,1936,mixed,1003,0.1351267717005646,False,False,16.0,22.0,36.0,0.8026823240875288,3.3755147365372666,3,2,apf,mixed,1003,True,smoke_opt,3.0009342000003016,382,0.19731404958677687,optimized
collision,False,3.3000000000000025,3.9900087674113234,1.2060657619093569,1.0358196071177233,0.0659764947470009,0.2397394965477072,False,0.0,-0.00028017374786204474,obstacle,0.06286274174270066,165,mixed,1004,0.12724042829147925,False,True,16.0,22.0,36.0,0.7520605248510526,3.0017609054814303,4,2,apf,mixed,1004,True,smoke_opt,0.27632209999956103,0,0.0,optimized
goal,True,45.98000000000159,37.81926883382859,0.8155932427401305,1.2691253568126821,0.7055200899751146,0.18181460887856843,False,0.0,0.23575429533193895,,0.74349482925099,2299,mixed,1005,0.14008756347264517,False,True,16.0,22.0,36.0,1.0722248169554416,3.1644383461357872,4,2,apf,mixed,1005,True,smoke_opt,3.59375,449,0.19530230535015225,optimized
stall,False,19.69999999999967,7.4364865671182265,0.37686233496525134,1.0116659649307094,0.06632207678886044,0.09165723190328783,False,0.0,0.14918174631936854,,0.18523989555433082,985,mixed,1006,0.13798619136994436,False,False,16.0,22.0,36.0,0.940342777519862,3.673842867145649,2,2,apf,mixed,1006,True,smoke_opt,1.645630500000152,756,0.76751269035533,optimized
goal,True,32.11999999999942,36.79176283960025,1.141626658597036,3.2395233465017954,0.8468841499748868,0.21511046106478107,True,0.00049813200498132,0.26702204048739964,,0.491192153053278,1606,mixed,1007,0.12532912761100018,False,False,16.0,22.0,36.0,1.0263921380711774,3.1424498749217715,4,1,apf,mixed,1007,True,smoke_opt,2.58943249999993,137,0.08530510585305105,optimized
goal,True,27.279999999999507,36.35549447925874,1.331453668747106,3.830507409053667,1.0649314766247566,0.2443590110100325,True,0.0011730205278592375,0.5719538396743723,,0.44283047676642795,1364,mixed,1008,0.14899129644859244,False,False,16.0,22.0,36.0,1.0252202990915118,3.3345054981092375,3,1,apf,mixed,1008,True,smoke_opt,1.9493990999999369,328,0.2404692082111437,optimized
goal,True,31.679999999999414,36.95827532259438,1.162260580341895,3.6891104133407984,0.9902400102880845,0.23581060989066002,True,0.0008838383838383839,0.19704299234463574,,0.5131745278340831,1584,mixed,1009,0.13955075234864514,False,False,16.0,22.0,36.0,0.8307662350691447,3.1130009241068786,2,2,apf,mixed,1009,True,smoke_opt,2.342481900000166,113,0.07133838383838384,optimized
collision,False,5.859999999999963,6.590070843303493,1.1198417433762917,1.0009437239142256,0.06155235635313326,0.21785233963958386,False,0.0,-0.005853307400014551,obstacle,0.09822356688148867,293,mixed,1010,0.14092917234874167,False,False,16.0,22.0,36.0,0.9143222924947375,3.1899845659231447,3,2,apf,mixed,1010,True,smoke_opt,0.5149805999999444,80,0.27303754266211605,optimized
goal,True,39.48000000000057,36.8699563908384,0.9297251637111463,2.184788496162285,0.540979170523629,0.1898654519165419,False,0.0,0.05270827768178088,,0.6119533332202612,1974,mixed,1011,0.09616849981633248,False,False,16.0,22.0,36.0,0.9253294142037582,3.5682496807008732,3,3,apf,mixed,1011,True,smoke_opt,3.210610400000405,420,0.2127659574468085,optimized
goal,True,38.800000000000466,36.88930121230255,0.9463179590644941,2.9062013214857463,0.7412567316489183,0.19466499985229932,False,0.0,0.03651349686366498,,0.5710572184148058,1940,mixed,1012,0.11962358480705315,False,False,16.0,22.0,36.0,1.012258673751197,3.612640966541278,4,1,apf,mixed,1012,True,smoke_opt,2.937920899999881,216,0.11134020618556702,optimized
off_sidewalk,False,13.07999999999981,12.345479196299786,0.9349413578753322,0.9744708866613822,0.21853217634968347,0.16182671633329002,False,0.0,0.01770136118890364,,0.20428630102394113,654,mixed,1013,0.1327268096242555,True,False,16.0,22.0,36.0,0.7315917886297024,4.588985830612375,4,2,apf,mixed,1013,True,smoke_opt,0.9775007999996888,0,0.0,optimized
collision,False,27.979999999999492,29.626907613258727,1.0526186946121918,2.827092759009654,0.8771077323906908,0.21571480715007427,False,0.0,-0.0037260216681317404,obstacle,0.48351683145859914,1399,mixed,1014,0.12068362344298314,True,False,16.0,22.0,36.0,0.9342809221201659,3.8710480032456,2,2,apf,mixed,1014,True,smoke_opt,2.2918970999999146,215,0.15368120085775555,optimized
goal,True,34.27999999999976,37.07075238824922,1.07690107375969,1.9725305444167618,0.496561260549306,0.15379820544174952,False,0.0,0.1337070352432057,,0.5006858901914525,1714,mixed,1015,0.09182936909865673,True,False,16.0,22.0,36.0,0.9428271314429462,3.7198058704681163,2,3,apf,mixed,1015,True,smoke_opt,2.719208499999695,8,0.004667444574095682,optimized
collision,False,23.93999999999958,10.800418350662259,0.4480358551926243,1.0254665043502367,0.27964155903224946,0.12908427595859615,False,0.0,-0.002694054740848384,obstacle,0.3935965390388839,1197,mixed,1016,0.11489768201833152,False,False,16.0,22.0,36.0,0.8770775964377245,3.4559831934243705,2,2,apf,mixed,1016,True,smoke_opt,1.6823681999994733,11,0.009189640768588136,optimized
goal,True,34.499999999999794,37.1518652651548,1.0705324946855421,1.8992864616795158,0.4918827892828691,0.22231054220024354,False,0.0,0.22486189415045768,,0.6576477689491872,1725,mixed,1017,0.09411696722856595,False,False,16.0,22.0,36.0,1.028532749453526,4.836703508620552,4,2,apf,mixed,1017,True,smoke_opt,2.5835104999996474,134,0.07768115942028986,optimized
collision,False,3.1000000000000023,3.7387765492261855,1.2024970454000474,0.9666488919969423,0.06582419695143611,0.24667877545166245,False,0.0,-0.0019507677973597537,obstacle,0.06672148601581955,155,mixed,1018,0.12169451101191565,False,False,16.0,22.0,36.0,0.8819836302780435,4.1879508983773786,4,2,apf,mixed,1018,True,smoke_opt,0.3196194000001924,30,0.1935483870967742,optimized
off_sidewalk,False,9.979999999999876,5.153302135380969,0.5074351714503048,1.0289610255866348,0.22437036747494069,0.2541306968161674,False,0.0,0.1556141569855116,,0.1925005355288337,499,mixed,1019,0.10273590026971928,False,False,16.0,22.0,36.0,0.8583980191574891,3.433853717213183,4,1,apf,mixed,1019,True,smoke_opt,0.9496400999996695,270,0.5410821643286573,optimized
collision,False,34.5599999999998,31.64876551921372,0.9089395703216878,2.0517662434383284,0.541720941930166,0.20620266587013628,False,0.0,-0.0012196490441289676,obstacle,0.5837942435894471,1728,mixed,1020,0.09532620733151166,False,False,16.0,22.0,36.0,0.8134701125152806,4.1574004859917215,4,2,apf,mixed,1020,True,smoke_opt,2.6672999000002164,346,0.20023148148148148,optimized
goal,True,51.96000000000252,37.44289967909143,0.7157918087672589,2.324337617930725,0.8060400769226205,0.1964475154289699,False,0.0,0.1165456122345786,,0.9406002382431229,2598,mixed,1021,0.10047913896395426,False,False,16.0,22.0,36.0,0.7323405650889366,3.748776285058246,2,2,apf,mixed,1021,True,smoke_opt,3.8121611999995366,210,0.08083140877598152,optimized
off_sidewalk,False,33.479999999999634,29.32136152484471,0.8712464125612163,3.15343843308761,0.8258305349039267,0.23523322555909576,True,0.00035842293906810036,0.14036239666011618,,0.6095645919664543,1674,mixed,1022,0.1208464795392327,False,False,16.0,22.0,36.0,1.067366702422499,3.001053290848632,4,2,apf,mixed,1022,True,smoke_opt,2.5203184000001784,258,0.15412186379928317,optimized
goal,True,35.61999999999997,37.447248602620846,1.0455250435077037,1.2207201462514918,0.6600969404824969,0.16360501221825785,False,0.0,0.3509057424390757,,0.5979371724452754,1781,mixed,1023,0.13938613930373125,False,True,16.0,22.0,36.0,1.0623594940330707,3.6777381600170527,4,1,apf,mixed,1023,True,smoke_opt,2.790137699999832,307,0.17237507018528916,optimized
off_sidewalk,False,11.079999999999853,8.541295815669708,0.7645997513083768,1.0066740402464973,0.18661953141038712,0.15896473838386385,False,0.0,0.19898544559657588,,0.13658676036420175,554,mixed,1024,0.12742371124749005,True,False,16.0,22.0,36.0,0.8033411240091805,3.6449239382331395,3,3,apf,mixed,1024,True,smoke_opt,0.9045108000000255,106,0.19133574007220217,optimized
goal,True,48.24000000000194,36.488655618750656,0.7548389462496583,2.3284542637328025,0.5532730116640828,0.15397577903746584,False,0.0,0.3268110084809561,,0.8313208589409989,2412,mixed,1025,0.10611796749506633,False,False,16.0,22.0,36.0,0.9516029979700883,4.642234733205431,2,1,apf,mixed,1025,True,smoke_opt,3.448366700000406,192,0.07960199004975124,optimized
stall,False,37.80000000000031,30.373671122697335,0.8031373750063356,3.1613548696203364,0.8082366702792514,0.17983870500710888,True,0.00031746031746031746,0.14903397999221868,,0.47137183838036,1890,mixed,1026,0.12420554728644553,False,False,16.0,22.0,36.0,0.9380469058269284,3.3414743918087773,4,1,apf,mixed,1026,True,smoke_opt,3.0165217000003395,756,0.4,optimized
stall,False,20.879999999999644,4.778984579047313,0.22403742884621936,1.0448669990950508,0.06982788412589586,0.1313671381225313,False,0.0,0.13457117038569288,,0.2159940178932958,1044,mixed,1027,0.14434928086839663,False,False,16.0,22.0,36.0,0.9248582573641619,3.0559491122222395,4,1,apf,mixed,1027,True,smoke_opt,1.8176602000003186,832,0.7969348659003831,optimized
collision,False,27.279999999999507,28.40238504940811,1.0335969766856947,3.067986153732117,0.8690615061949596,0.2618825380662978,True,0.0004398826979472141,-0.002812251327610815,pedestrian,0.5150800675486471,1364,mixed,1028,0.1402814546945802,False,False,16.0,22.0,36.0,0.8544065774331859,4.632342157225378,3,2,apf,mixed,1028,True,smoke_opt,2.0154500999997254,235,0.17228739002932553,optimized
goal,True,35.47999999999995,36.89577968752256,1.036092268804998,2.3892380354504223,0.6065720276040326,0.18683857669354664,False,0.0,0.09466936304229998,,0.5329607285368546,1774,mixed,1029,0.1121120985381486,False,False,16.0,22.0,36.0,1.0291744489336718,4.673554672652967,2,1,apf,mixed,1029,True,smoke_opt,2.7311470999993617,211,0.1189402480270575,optimized
off_sidewalk,False,24.499999999999567,27.96877743181319,1.1371496948329836,3.8010295018169287,0.9788746064721331,0.3187083338337584,True,0.001142857142857143,0.14298065092858614,,0.5020088976638,1225,mixed,1030,0.14944884071670828,False,False,16.0,22.0,36.0,0.7100748391554423,3.473729495597242,4,1,apf,mixed,1030,True,smoke_opt,1.9467892000002394,109,0.08897959183673469,optimized
goal,True,27.5599999999995,36.35039695226692,1.317699169677094,0.9954545191103215,0.4619529217520875,0.16891578974046337,False,0.0,0.44752959013228333,,0.45631891447357065,1378,mixed,1031,0.1019077208437179,False,True,16.0,22.0,36.0,1.0801960908688777,4.385133828919447,3,1,apf,mixed,1031,True,smoke_opt,2.0720399000001635,119,0.08635703918722787,optimized
goal,True,52.100000000002545,36.91286746134908,0.7056490976087526,1.0385226858891194,0.5151458070506472,0.15128396829713497,False,0.0,0.21536191690353293,,0.9457588998795534,2605,mixed,1032,0.12608738559358684,False,True,16.0,22.0,36.0,0.7938761728460942,4.755480012589579,4,1,apf,mixed,1032,True,smoke_opt,4.039076000000023,215,0.08253358925143954,optimized
goal,True,33.479999999999634,36.60367075363691,1.0899975370046122,2.657662725731231,0.7181165186035902,0.2007805293712899,False,0.0,0.2288756159096825,,0.5351511498412552,1674,mixed,1033,0.12331852362634443,False,False,16.0,22.0,36.0,1.049199002087901,4.65627625426184,3,1,apf,mixed,1033,True,smoke_opt,2.5330997999999454,202,0.12066905615292713,optimized
goal,True,37.16000000000021,36.92130285045957,0.9878001678161891,0.9507026765719528,0.08072249630550177,0.18298724296386307,False,0.0,0.0017953311379390602,,0.6622107915485257,1858,mixed,1034,0.14061918078359328,True,True,16.0,22.0,36.0,0.7644419100897226,4.960522680359679,4,1,apf,mixed,1034,True,smoke_opt,2.9265144999999393,412,0.2217438105489774,optimized
goal,True,31.79999999999941,36.48928753833158,1.1445707121808864,2.9119853074558817,0.7308019141540609,0.19020828968757034,False,0.0,0.20366641087229317,,0.4964837781153158,1590,mixed,1035,0.12122831836586792,True,False,16.0,22.0,36.0,0.852053507214412,3.639780951755606,4,2,apf,mixed,1035,True,smoke_opt,2.542369900000267,247,0.15534591194968553,optimized
stall,False,48.40000000000197,30.532921777016288,0.6255839017220597,1.0341499144186008,0.5465706273744559,0.15625946444529562,False,0.0,0.12835723154160306,,0.6671735404261628,2420,mixed,1036,0.10618865016239329,False,True,16.0,22.0,36.0,1.0203688012438894,3.5881162897568393,3,3,apf,mixed,1036,True,smoke_opt,3.9499387999994724,1157,0.478099173553719,optimized
goal,True,32.339999999999456,36.99244550093524,1.139731199619201,3.0514755622787066,0.7618723342641951,0.2130670380245773,True,0.0002473716759431045,0.293504078746494,,0.5458119759412711,1617,mixed,1037,0.12476034235885287,False,False,16.0,22.0,36.0,0.8236235544048465,3.6446668456292,3,3,apf,mixed,1037,True,smoke_opt,2.534541199999694,0,0.0,optimized
goal,True,41.50000000000089,37.16060470517971,0.8880676845018802,3.024355301051867,0.7314446464695853,0.25006701282854105,True,0.0001927710843373494,0.07718846409400418,,0.7476111222118972,2075,mixed,1038,0.12343474614295463,False,False,16.0,22.0,36.0,0.7394084515409659,3.6535129386218568,3,3,apf,mixed,1038,True,smoke_opt,3.440259999999398,281,0.13542168674698796,optimized
goal,True,29.639999999999457,37.35889143223962,1.2559837288654996,2.8563689809046284,0.7849774526402892,0.21210242605957247,False,0.0,0.2555483425344467,,0.48684447231432443,1482,mixed,1039,0.1319220647052896,False,False,16.0,22.0,36.0,0.8922484377491442,4.738645777348411,3,2,apf,mixed,1039,True,smoke_opt,2.25723730000027,45,0.030364372469635626,optimized
goal,True,52.50000000000261,38.15411575638852,0.7128806792153566,2.5858280008641175,0.7710850069145054,0.18305767568172338,False,0.0,0.18089212460485132,,1.1179023306200224,2625,slippery,1000,0.12172554153720315,True,False,16.0,22.0,36.0,0.5384203880478985,4.042771475950126,2,2,apf,slippery,1000,True,smoke_opt,4.146243900000627,87,0.03314285714285714,optimized
off_sidewalk,False,11.65999999999984,8.332431001672852,0.7099169229528637,0.7870681619562645,0.27496288001533226,0.2140220840528274,False,0.0,0.03140369650557992,,0.22332490785679104,583,slippery,1001,0.09457191805606885,True,False,16.0,22.0,36.0,0.37464053338024356,4.225189857139902,4,1,apf,slippery,1001,True,smoke_opt,1.02060370000072,291,0.49914236706689535,optimized
goal,True,36.82000000000016,36.768983116776056,0.9949558069251807,1.155973937779126,0.6030124623625389,0.174593967014986,False,0.0,0.24348354396499575,,0.6124775982961709,1841,slippery,1002,0.1102278712079722,False,True,16.0,22.0,36.0,0.37991309475921964,3.761642318966232,4,3,apf,slippery,1002,True,smoke_opt,3.0482608000002074,307,0.16675719717544812,optimized
stall,False,23.699999999999584,8.831116976528886,0.3686539714854967,0.8271014511089164,0.04868326049432789,0.10922979545123623,False,0.0,0.06310394517562296,,0.24844646640302054,1185,slippery,1003,0.1351267717005646,False,False,16.0,22.0,36.0,0.499385147124539,3.3755147365372666,3,3,apf,slippery,1003,True,smoke_opt,1.9242966000001616,842,0.7105485232067511,optimized
goal,True,32.259999999999444,36.648016084343446,1.1326663120130378,1.2983931485359155,0.7690614069537187,0.1787301340650199,False,0.0,0.09694824724346943,,0.4971125979950038,1613,slippery,1004,0.12724042829147925,False,True,16.0,22.0,36.0,0.49011916685961054,3.0017609054814303,2,1,apf,slippery,1004,True,smoke_opt,2.3658009999999194,179,0.11097334159950403,optimized
collision,False,6.839999999999942,4.573921125038179,0.6616841758655975,0.8219272669391674,0.04724510194133638,0.1863629512878352,False,0.0,-0.006549859073378128,obstacle,0.11157934538656852,342,slippery,1005,0.14008756347264517,False,True,16.0,22.0,36.0,0.4742011636946779,3.1644383461357872,4,3,apf,slippery,1005,True,smoke_opt,0.6440978000000541,164,0.47953216374269003,optimized
stall,False,30.89999999999943,6.30173190052808,0.200455119169133,0.8278133836469593,0.03776304555371712,0.1335936835578874,False,0.0,0.001984018243429808,,0.3552712436758636,1545,slippery,1006,0.13798619136994436,False,False,16.0,22.0,36.0,0.4391089205427108,3.673842867145649,4,3,apf,slippery,1006,True,smoke_opt,2.7053766999997606,1209,0.7825242718446602,optimized
collision,False,7.87999999999992,7.367778725283921,0.930852685925586,0.7255995582077229,0.034837810750053044,0.18433840956704972,False,0.0,-0.009240652875679461,pedestrian,0.138244044927866,394,slippery,1007,0.12532912761100018,False,False,16.0,22.0,36.0,0.399404643399999,3.1424498749217715,2,2,apf,slippery,1007,True,smoke_opt,0.656339800000751,164,0.41624365482233505,optimized
stall,False,32.49999999999948,22.242523572437882,0.6697643494782809,3.807327775503739,0.8785507113900894,0.2028704845012453,True,0.0008615384615384615,0.5845273975521189,,1.2709032017808497,1625,slippery,1008,0.14899129644859244,False,False,16.0,22.0,36.0,0.3556841550753821,3.3345054981092375,4,1,apf,slippery,1008,True,smoke_opt,2.650664400000096,0,0.0,optimized
stall,False,33.099999999999575,22.357772670032798,0.6578790355622887,3.7255646827706075,0.8157557669104083,0.23248092541448634,True,0.0007250755287009063,0.4884052907146411,,1.5169831532916074,1655,slippery,1009,0.13955075234864514,False,False,16.0,22.0,36.0,0.47449155423222633,3.1130009241068786,2,1,apf,slippery,1009,True,smoke_opt,2.5504102999993847,99,0.05981873111782477,optimized
stall,False,32.05999999999941,21.962894757484847,0.6702772007181094,3.722561896279452,0.821828902511302,0.21722781296384328,True,0.0007485963817841547,1.5875643608413224,,1.4252940081761178,1603,slippery,1010,0.14092917234874167,False,False,16.0,22.0,36.0,0.4912287330300027,3.1899845659231447,3,1,apf,slippery,1010,True,smoke_opt,2.379321699999309,126,0.07860262008733625,optimized
off_sidewalk,False,36.680000000000135,32.659411210754065,0.8861608871176877,2.2200851105427635,1.0009354935889645,0.19497845016999388,False,0.0,0.14598646994210285,,0.5939518852741765,1834,slippery,1011,0.09616849981633248,False,False,16.0,22.0,36.0,0.5956037005958101,3.5682496807008732,3,3,apf,slippery,1011,True,smoke_opt,2.936512700000094,13,0.007088331515812432,optimized
stall,False,52.26000000000257,22.620080276827917,0.42598209539002774,2.723493559576285,0.6629085119519892,0.15450769038670084,False,0.0,0.28684956025376085,,1.1817549787252084,2613,slippery,1012,0.11962358480705315,False,False,16.0,22.0,36.0,0.38300050587228296,3.612640966541278,4,3,apf,slippery,1012,True,smoke_opt,4.709497400000146,833,0.31879066207424417,optimized
stall,False,46.7000000000017,24.884487140776606,0.4983094749680652,2.5679902044986296,0.6149663551592839,0.1975609826800063,False,0.0,0.12579503110146223,,1.8654598445726063,2335,slippery,1013,0.1327268096242555,True,False,16.0,22.0,36.0,0.49246417865788417,4.588985830612375,3,3,apf,slippery,1013,True,smoke_opt,3.812947399999757,146,0.06252676659528908,optimized
stall,False,41.040000000000816,22.649835965015125,0.5364799070559686,2.8924519963760558,0.4448718319980342,0.17338526409564678,False,0.0,0.11050436853518972,,1.3392687149745128,2052,slippery,1014,0.12068362344298314,True,False,16.0,22.0,36.0,0.511869578367051,3.8710480032456,4,2,apf,slippery,1014,True,smoke_opt,3.3223385999999664,289,0.14083820662768032,optimized
collision,False,30.199999999999445,28.515426576168455,0.9393098260797067,1.9036629825178608,0.6513983257055921,0.17390174504303246,False,0.0,-0.00550380653159202,pedestrian,0.5258003606012818,1510,slippery,1015,0.09182936909865673,True,False,16.0,22.0,36.0,0.5234665124152689,3.7198058704681163,4,1,apf,slippery,1015,True,smoke_opt,2.551669100000254,292,0.19337748344370861,optimized
stall,False,55.12000000000302,24.220582607938383,0.4184141995946937,2.7537211888892825,0.7424215152243984,0.15593563464615856,False,0.0,0.07150994256527055,,1.9487002211617572,2756,slippery,1016,0.11489768201833152,False,False,16.0,22.0,36.0,0.4944618671110713,3.4559831934243705,2,3,apf,slippery,1016,True,smoke_opt,4.529574800000773,99,0.035921625544267054,optimized
stall,False,44.7600000000014,22.716706903254696,0.4969997819557789,1.7035352161552542,0.26926028182720707,0.11092909879448373,False,0.0,0.22563814156207818,,1.0598984853828484,2238,slippery,1017,0.09411696722856595,False,False,16.0,22.0,36.0,0.46762232291672157,4.836703508620552,2,1,apf,slippery,1017,True,smoke_opt,3.5032203999999183,0,0.0,optimized
stall,False,46.860000000001726,23.823335632737532,0.4794079706082358,2.811986225091361,0.591296930096642,0.17928836203849546,False,0.0,0.4988345482844956,,1.964092676161061,2343,slippery,1018,0.12169451101191565,False,False,16.0,22.0,36.0,0.4998113069018674,4.1879508983773786,3,2,apf,slippery,1018,True,smoke_opt,3.7308837000000494,10,0.004268032437046522,optimized
stall,False,42.68000000000107,23.271067490850456,0.5310625389449886,2.062963873124396,0.4396925560617305,0.14386481802755566,False,0.0,0.21565295951961602,,0.9853749036086582,2134,slippery,1019,0.10273590026971928,False,False,16.0,22.0,36.0,0.375129147795055,3.433853717213183,2,2,apf,slippery,1019,True,smoke_opt,3.6219590000000608,120,0.056232427366447985,optimized
collision,False,9.79999999999988,10.37160983341557,1.0520452083155918,0.7900997471974871,0.048524469211040595,0.17008973116385434,False,0.0,-0.0028018811561094648,obstacle,0.16687965297565818,490,slippery,1020,0.09532620733151166,False,False,16.0,22.0,36.0,0.48582736153101935,4.1574004859917215,4,3,apf,slippery,1020,True,smoke_opt,0.7616369999996095,101,0.20612244897959184,optimized
collision,False,4.699999999999988,6.310553942739938,1.3408158785524766,0.8174550012891397,0.04718635148564165,0.17962129975428548,False,0.0,-0.0006870116272117976,obstacle,0.08158672936627999,235,slippery,1021,0.10047913896395426,False,False,16.0,22.0,36.0,0.49393382380576967,3.748776285058246,2,2,apf,slippery,1021,True,smoke_opt,0.35782860000017536,2,0.00851063829787234,optimized
stall,False,30.239999999999444,21.643889010899272,0.7110746714091587,3.1132136916041744,0.7475484191173408,0.17188451267484947,True,0.0003968253968253968,6.180640357567474,,1.0265482046720016,1512,slippery,1022,0.1208464795392327,False,False,16.0,22.0,36.0,0.444981517111935,3.001053290848632,3,1,apf,slippery,1022,True,smoke_opt,2.3366503999995984,0,0.0,optimized
off_sidewalk,False,27.019999999999513,27.729485580718823,1.0244202670357347,1.342364288817527,0.7636154232923416,0.1641448752642625,False,0.0,0.13038109134575313,,0.38209112479294094,1351,slippery,1023,0.13938613930373125,False,True,16.0,22.0,36.0,0.4168299030361967,3.6777381600170527,4,3,apf,slippery,1023,True,smoke_opt,2.097853999999643,276,0.20429311621021465,optimized
goal,True,50.04000000000222,37.71901350627668,0.7383514699031124,2.8391587989607507,1.3452760757193853,0.2096785210124959,False,0.0,0.15207803812316556,,1.0689640355545855,2502,slippery,1024,0.12742371124749005,True,False,16.0,22.0,36.0,0.5530909249073461,3.6449239382331395,3,3,apf,slippery,1024,True,smoke_opt,4.153243799999473,153,0.06115107913669065,optimized
stall,False,42.30000000000101,23.118486136513763,0.5330257390665409,1.9534797627953977,0.39078444035574367,0.145806457732266,False,0.0,0.22775357711808886,,1.047708745749108,2115,slippery,1025,0.10611796749506633,False,False,16.0,22.0,36.0,0.35145263110173586,4.642234733205431,4,2,apf,slippery,1025,True,smoke_opt,3.575366699999904,113,0.05342789598108747,optimized
off_sidewalk,False,10.079999999999874,8.363096202801268,0.8224072311952969,0.7279863637695545,0.4175176278657348,0.2346769507284212,False,0.0,0.21947798518303654,,0.2034722145084465,504,slippery,1026,0.12420554728644553,False,False,16.0,22.0,36.0,0.3931736821771624,3.3414743918087773,4,3,apf,slippery,1026,True,smoke_opt,0.8337629000006928,163,0.32341269841269843,optimized
stall,False,31.77999999999941,21.916783147162167,0.6758340209583322,3.833643247218058,0.8967441705477996,0.19923713663457718,True,0.000881057268722467,2.8075405404484424,,1.234230497047797,1589,slippery,1027,0.14434928086839663,False,False,16.0,22.0,36.0,0.37767344324701835,3.0559491122222395,3,1,apf,slippery,1027,True,smoke_opt,2.5143676000006963,0,0.0,optimized
stall,False,30.219999999999445,22.042049751043297,0.7106790907891954,3.1067307515784837,0.6529589636532802,0.19115485068325008,True,0.0003970880211780278,3.267883240085094,,1.3904352668282445,1511,slippery,1028,0.1402814546945802,False,False,16.0,22.0,36.0,0.46077403955257046,4.632342157225378,3,2,apf,slippery,1028,True,smoke_opt,2.3833637000007,0,0.0,optimized
goal,True,66.48000000000391,37.45703160280392,0.5536554064068453,2.239796931684735,0.47879510818667387,0.15134285191540334,False,0.0,0.26308912170526033,,1.5627573747005976,3324,slippery,1029,0.1121120985381486,False,False,16.0,22.0,36.0,0.40932212108987814,4.673554672652967,4,3,apf,slippery,1029,True,smoke_opt,5.6404702999998335,379,0.11401925391095066,optimized
stall,False,38.74000000000046,22.375252595984346,0.5622640181132824,3.7517463469595693,0.8590332490135729,0.2182548609373343,True,0.0007227671657201859,0.35211350622812787,,1.4180988214453898,1937,slippery,1030,0.14944884071670828,False,False,16.0,22.0,36.0,0.36035647716511543,3.473729495597242,2,1,apf,slippery,1030,True,smoke_opt,3.0207165000001623,203,0.10480123902942695,optimized
goal,True,32.339999999999456,37.171157045703566,1.1450512573195322,0.9434596903319191,0.5052751471000337,0.14821488115442016,False,0.0,0.2232074286666999,,0.49125505985777745,1617,slippery,1031,0.1019077208437179,False,True,16.0,22.0,36.0,0.42340330889096556,4.385133828919447,3,3,apf,slippery,1031,True,smoke_opt,2.681254600000102,43,0.026592455163883734,optimized
collision,False,9.959999999999877,10.552444018689611,1.0541326623153833,0.664183043623021,0.0433325657324225,0.15224086477699847,False,0.0,-0.007686254100134682,obstacle,0.16504564145668366,498,slippery,1032,0.12608738559358684,False,True,16.0,22.0,36.0,0.4120721793777167,4.755480012589579,4,3,apf,slippery,1032,True,smoke_opt,0.8242193999994925,135,0.2710843373493976,optimized
collision,False,16.179999999999744,9.817408540128945,0.5974313521208376,0.6819133532946224,0.04342578602815246,0.17906215451280444,False,0.0,-0.0035467933702450494,obstacle,0.27317118523804523,809,slippery,1033,0.12331852362634443,False,False,16.0,22.0,36.0,0.42201863834824094,4.65627625426184,4,2,apf,slippery,1033,True,smoke_opt,1.373750900000232,299,0.3695920889987639,optimized
off_sidewalk,False,13.179999999999808,13.604636110060325,1.024771688981127,0.6530873636069298,0.23023371822226535,0.1396771169014709,False,0.0,0.26176875398928506,,0.21114780990554197,659,slippery,1034,0.14061918078359328,True,True,16.0,22.0,36.0,0.389141839887363,4.960522680359679,4,2,apf,slippery,1034,True,smoke_opt,0.8921974000004411,0,0.0,optimized
stall,False,28.57999999999948,8.981529288085694,0.30996760300123644,0.7787883903714787,0.04213817733051434,0.11422162590072503,False,0.0,0.1554413558784693,,0.3201893785939528,1429,slippery,1035,0.12122831836586792,True,False,16.0,22.0,36.0,0.47214297077837475,3.639780951755606,4,3,apf,slippery,1035,True,smoke_opt,2.462012699999832,1091,0.7634709587123862,optimized
off_sidewalk,False,33.739999999999675,32.58893470014327,0.9594101950702443,1.1301444925548787,0.5689636353042697,0.17709969030999922,False,0.0,0.15768074312107672,,0.5387862547301949,1687,slippery,1036,0.10618865016239329,False,True,16.0,22.0,36.0,0.5495179620369496,3.5881162897568393,3,3,apf,slippery,1036,True,smoke_opt,2.7306157000002713,138,0.08180201541197392,optimized
goal,True,34.699999999999825,36.51282339481041,1.0490991607748097,3.0573304260174314,1.319796304956322,0.24596584522507406,True,0.00023054755043227666,0.03376210605617,,0.5515774279821734,1735,slippery,1037,0.12476034235885287,False,False,16.0,22.0,36.0,0.5620186115719132,3.6446668456292,3,1,apf,slippery,1037,True,smoke_opt,2.6591840999999476,265,0.15273775216138327,optimized
goal,True,51.92000000000252,37.556875546298365,0.7188815628006475,2.9353112662495136,1.212867186621291,0.20437761669827725,False,0.0,0.3182618463657819,,0.9397376570156889,2596,slippery,1038,0.12343474614295463,False,False,16.0,22.0,36.0,0.5850572993951388,3.6535129386218568,4,3,apf,slippery,1038,True,smoke_opt,4.367156100000102,222,0.08551617873651772,optimized
stall,False,18.479999999999695,5.41228541402017,0.2918817547199187,0.7972883895352251,0.0582880153734306,0.09274297844024808,False,0.0,0.13317873108615286,,0.17588209143821398,924,slippery,1039,0.1319220647052896,False,False,16.0,22.0,36.0,0.515623960455422,4.738645777348411,2,3,apf,slippery,1039,True,smoke_opt,1.7047803000004933,720,0.7792207792207793,optimized
goal,True,20.299999999999656,36.04456588958826,1.7764821213437594,1.0171032493865948,0.07578989575318441,0.08528747615792827,False,0.0,,,0.2495976083458792,1015,flat_clear,1000,0.0,False,False,1000.0,1000.0,36.0,0.9415367388025319,4.042771475950126,0,0,dwa,flat_clear,1000,True,smoke_opt,1.2405025999996724,0,0.0,optimized
goal,True,20.299999999999656,36.04403469911592,1.7764513149751477,0.9922088515266322,0.07030973977753877,0.08370153625930686,False,0.0,,,0.2499449528468563,1015,flat_clear,1001,0.0,False,False,1000.0,1000.0,36.0,0.7062801871281326,4.225189857139902,0,0,dwa,flat_clear,1001,True,smoke_opt,1.2705157000000327,0,0.0,optimized
goal,True,20.279999999999657,36.011007457437685,1.7766146779306804,1.010179024699836,0.07386915591721667,0.0845202406934584,False,0.0,,,0.2455258597650612,1014,flat_clear,1002,0.0,False,False,1000.0,1000.0,36.0,0.8428757350683788,3.761642318966232,0,0,dwa,flat_clear,1002,True,smoke_opt,1.2464224000004833,0,0.0,optimized
goal,True,20.279999999999657,36.01253361730616,1.7766849408422976,1.0277743018366081,0.07432002218510983,0.08485368793989699,False,0.0,,,0.24689285099813796,1014,flat_clear,1003,0.0,False,False,1000.0,1000.0,36.0,0.8026823240875288,3.3755147365372666,0,0,dwa,flat_clear,1003,True,smoke_opt,1.248639199999161,0,0.0,optimized
goal,True,20.279999999999657,36.01305703694504,1.776720307776737,1.0493643107676713,0.07618557003688614,0.08514583122319397,False,0.0,,,0.2460785025640219,1014,flat_clear,1004,0.0,False,False,1000.0,1000.0,36.0,0.7520605248510526,3.0017609054814303,0,0,dwa,flat_clear,1004,True,smoke_opt,1.2346764000003532,0,0.0,optimized
goal,True,20.299999999999656,36.04489040640963,1.776518209716617,1.0757127430432167,0.07776361007024357,0.08689498182343885,False,0.0,,,0.2467922395734026,1015,flat_clear,1005,0.0,False,False,1000.0,1000.0,36.0,1.0722248169554416,3.1644383461357872,0,0,dwa,flat_clear,1005,True,smoke_opt,1.2535940999996456,0,0.0,optimized
goal,True,20.279999999999657,36.01003901408858,1.7765517291955133,1.0284053524108439,0.07622885398878256,0.08569064193647272,False,0.0,,,0.2487177425001739,1014,flat_clear,1006,0.0,False,False,1000.0,1000.0,36.0,0.940342777519862,3.673842867145649,0,0,dwa,flat_clear,1006,True,smoke_opt,1.2396926999999778,0,0.0,optimized
goal,True,20.299999999999656,36.04572544791696,1.7765638766891925,1.0674565603447772,0.0788617664818782,0.08679004732405136,False,0.0,,,0.24906637877874582,1015,flat_clear,1007,0.0,False,False,1000.0,1000.0,36.0,1.0263921380711774,3.1424498749217715,0,0,dwa,flat_clear,1007,True,smoke_opt,1.2609564000003957,0,0.0,optimized
goal,True,20.299999999999656,36.04436057152933,1.7764599400481496,1.0631910151842319,0.07779647414033193,0.08688092418415896,False,0.0,,,0.2514307199345877,1015,flat_clear,1008,0.0,False,False,1000.0,1000.0,36.0,1.0252202990915118,3.3345054981092375,0,0,dwa,flat_clear,1008,True,smoke_opt,1.2902429999994638,0,0.0,optimized
goal,True,20.279999999999657,36.01339453022204,1.7767506235055945,1.041889647531294,0.07501107451894796,0.08554990391123331,False,0.0,,,0.2476205818649148,1014,flat_clear,1009,0.0,False,False,1000.0,1000.0,36.0,0.8307662350691447,3.1130009241068786,0,0,dwa,flat_clear,1009,True,smoke_opt,1.2871839999997974,0,0.0,optimized
goal,True,20.279999999999657,36.01134398647064,1.7766276937807886,1.0444465246641523,0.07738486115464008,0.08614407810938414,False,0.0,,,0.2487068457954132,1014,flat_clear,1010,0.0,False,False,1000.0,1000.0,36.0,0.9143222924947375,3.1899845659231447,0,0,dwa,flat_clear,1010,True,smoke_opt,1.2640701999998782,0,0.0,optimized
goal,True,20.279999999999657,36.01009864135477,1.7765383815293865,1.0361025524628211,0.07559015128781724,0.08599222779012045,False,0.0,,,0.2493002151540102,1014,flat_clear,1011,0.0,False,False,1000.0,1000.0,36.0,0.9253294142037582,3.5682496807008732,0,0,dwa,flat_clear,1011,True,smoke_opt,1.2403143999999884,0,0.0,optimized
goal,True,20.299999999999656,36.04430403024693,1.7764645243446484,1.0516352023432838,0.07725584481202638,0.08628028160558682,False,0.0,,,0.24959381721891727,1015,flat_clear,1012,0.0,False,False,1000.0,1000.0,36.0,1.012258673751197,3.612640966541278,0,0,dwa,flat_clear,1012,True,smoke_opt,1.2817881000000853,0,0.0,optimized
goal,True,20.279999999999657,36.007297895756615,1.776430753503547,0.9668283468055858,0.07719383383631691,0.08274393377390075,False,0.0,,,0.2445348779414795,1014,flat_clear,1013,0.0,False,False,1000.0,1000.0,36.0,0.7315917886297024,4.588985830612375,0,0,dwa,flat_clear,1013,True,smoke_opt,1.2716356999999334,0,0.0,optimized
goal,True,20.279999999999657,36.00890572993353,1.7764736245813977,1.0179902949066206,0.07688839692266103,0.08548412172262289,False,0.0,,,0.24924141427283647,1014,flat_clear,1014,0.0,False,False,1000.0,1000.0,36.0,0.9342809221201659,3.8710480032456,0,0,dwa,flat_clear,1014,True,smoke_opt,1.2326468999999634,0,0.0,optimized
goal,True,20.299999999999656,36.04517031712003,1.7765320314132282,1.026443858004735,0.07561753695423797,0.08577734598288445,False,0.0,,,0.25112645458741367,1015,flat_clear,1015,0.0,False,False,1000.0,1000.0,36.0,0.9428271314429462,3.7198058704681163,0,0,dwa,flat_clear,1015,True,smoke_opt,1.2362911000000167,0,0.0,optimized
goal,True,20.279999999999657,36.011761960895626,1.776621853072604,1.0287265966806023,0.0747585740969977,0.08504129411582179,False,0.0,,,0.24374609371207123,1014,flat_clear,1016,0.0,False,False,1000.0,1000.0,36.0,0.8770775964377245,3.4559831934243705,0,0,dwa,flat_clear,1016,True,smoke_opt,1.222267400000419,0,0.0,optimized
goal,True,20.279999999999657,36.00515956830823,1.7763210546468553,0.9853813267041827,0.08556983656132108,0.08472005681603109,False,0.0,,,0.24720310614055743,1014,flat_clear,1017,0.0,False,False,1000.0,1000.0,36.0,1.028532749453526,4.836703508620552,0,0,dwa,flat_clear,1017,True,smoke_opt,1.2126803000001019,0,0.0,optimized
goal,True,20.279999999999657,36.00935271991564,1.7765007401199293,1.0031831792272534,0.07538680059793079,0.08475222933955555,False,0.0,,,0.249037139815864,1014,flat_clear,1018,0.0,False,False,1000.0,1000.0,36.0,0.8819836302780435,4.1879508983773786,0,0,dwa,flat_clear,1018,True,smoke_opt,1.1851591000004191,0,0.0,optimized
goal,True,20.299999999999656,36.04767884163898,1.7766495540954472,1.0301068035992917,0.07519107542359017,0.08545355328809753,False,0.0,,,0.2494284230952777,1015,flat_clear,1019,0.0,False,False,1000.0,1000.0,36.0,0.8583980191574891,3.433853717213183,0,0,dwa,flat_clear,1019,True,smoke_opt,1.2154441000002407,0,0.0,optimized
goal,True,20.299999999999656,36.04588630028439,1.7765871765914594,0.993784361254024,0.07515923650495854,0.08405105116727037,False,0.0,,,0.24814481473370864,1015,flat_clear,1020,0.0,False,False,1000.0,1000.0,36.0,0.8134701125152806,4.1574004859917215,0,0,dwa,flat_clear,1020,True,smoke_opt,1.236741599999732,0,0.0,optimized
goal,True,20.299999999999656,36.04618210937182,1.7765817938449517,0.9945027397190324,0.06658143717429882,0.08448728360146035,False,0.0,,,0.25101999009866727,1015,flat_clear,1021,0.0,False,False,1000.0,1000.0,36.0,0.7323405650889366,3.748776285058246,0,0,dwa,flat_clear,1021,True,smoke_opt,1.2729933000000528,0,0.0,optimized
goal,True,20.279999999999657,36.00932746552494,1.7765097704473152,1.0892794429039196,0.08053817470121451,0.08708285703893297,False,0.0,,,0.24584861549325676,1014,flat_clear,1022,0.0,False,False,1000.0,1000.0,36.0,1.067366702422499,3.001053290848632,0,0,dwa,flat_clear,1022,True,smoke_opt,1.186728900000162,0,0.0,optimized
goal,True,20.279999999999657,36.00748445326848,1.7764267351134577,1.0507144233326096,0.07771641498846364,0.08640349204562793,False,0.0,,,0.24832680398982684,1014,flat_clear,1023,0.0,False,False,1000.0,1000.0,36.0,1.0623594940330707,3.6777381600170527,0,0,dwa,flat_clear,1023,True,smoke_opt,1.2245812000001024,0,0.0,optimized
goal,True,20.299999999999656,36.0477176931149,1.7766474679670827,1.0160466927303855,0.07295818386433835,0.08495843241090699,False,0.0,,,0.2506233745747906,1015,flat_clear,1024,0.0,False,False,1000.0,1000.0,36.0,0.8033411240091805,3.6449239382331395,0,0,dwa,flat_clear,1024,True,smoke_opt,1.277967200000603,0,0.0,optimized
goal,True,20.279999999999657,36.00683965080867,1.7763831915528174,0.9945990213582413,0.08263816469599011,0.08461273077781267,False,0.0,,,0.2486352748943786,1014,flat_clear,1025,0.0,False,False,1000.0,1000.0,36.0,0.9516029979700883,4.642234733205431,0,0,dwa,flat_clear,1025,True,smoke_opt,1.2746070000002874,0,0.0,optimized
goal,True,20.279999999999657,36.01077055514385,1.7765845031716836,1.0406064649725708,0.07691875130809168,0.08638321804915262,False,0.0,,,0.2500022756570795,1014,flat_clear,1026,0.0,False,False,1000.0,1000.0,36.0,0.9380469058269284,3.3414743918087773,0,0,dwa,flat_clear,1026,True,smoke_opt,1.2113400999996884,0,0.0,optimized
goal,True,20.299999999999656,36.04740962771408,1.7766334675121584,1.0543140942579776,0.07615451884403679,0.08666874348439381,False,0.0,,,0.2513989973494391,1015,flat_clear,1027,0.0,False,False,1000.0,1000.0,36.0,0.9248582573641619,3.0559491122222395,0,0,dwa,flat_clear,1027,True,smoke_opt,1.2979820000000473,0,0.0,optimized
goal,True,20.299999999999656,36.04414719939305,1.7764678497566453,0.9847448908105562,0.08035066949187263,0.08410846375657251,False,0.0,,,0.2501844368918174,1015,flat_clear,1028,0.0,False,False,1000.0,1000.0,36.0,0.8544065774331859,4.632342157225378,0,0,dwa,flat_clear,1028,True,smoke_opt,1.2819328000005044,0,0.0,optimized
goal,True,20.299999999999656,36.03954582244642,1.776254306015852,1.0032100975389664,0.0848208277194914,0.08512963198204912,False,0.0,,,0.25009796848916876,1015,flat_clear,1029,0.0,False,False,1000.0,1000.0,36.0,1.0291744489336718,4.673554672652967,0,0,dwa,flat_clear,1029,True,smoke_opt,1.241576200000054,0,0.0,optimized
goal,True,20.279999999999657,36.010737999831015,1.776592202398562,1.0071642428430145,0.06781196611942034,0.08398459391857495,False,0.0,,,0.24520212203621997,1014,flat_clear,1030,0.0,False,False,1000.0,1000.0,36.0,0.7100748391554423,3.473729495597242,0,0,dwa,flat_clear,1030,True,smoke_opt,1.2338237000003573,0,0.0,optimized
goal,True,20.299999999999656,36.04088277068271,1.776326620454271,1.025390056423004,0.08148931040790323,0.08560417484572777,False,0.0,,,0.24809145211099531,1015,flat_clear,1031,0.0,False,False,1000.0,1000.0,36.0,1.0801960908688777,4.385133828919447,0,0,dwa,flat_clear,1031,True,smoke_opt,1.23901719999958,0,0.0,optimized
goal,True,20.279999999999657,36.00813566586498,1.7764616268032543,0.9709848581406222,0.08064696111805408,0.08323527050781858,False,0.0,,,0.248110440736443,1014,flat_clear,1032,0.0,False,False,1000.0,1000.0,36.0,0.7938761728460942,4.755480012589579,0,0,dwa,flat_clear,1032,True,smoke_opt,1.2766601000002993,0,0.0,optimized
goal,True,20.279999999999657,36.00497264963387,1.7762802176203119,1.0026146684352562,0.08394128856500373,0.08512728876210833,False,0.0,,,0.2467961373964192,1014,flat_clear,1033,0.0,False,False,1000.0,1000.0,36.0,1.049199002087901,4.65627625426184,0,0,dwa,flat_clear,1033,True,smoke_opt,1.201795900000434,0,0.0,optimized
goal,True,20.299999999999656,36.04332326674875,1.7764602651657935,0.9577036454869268,0.0832348046432911,0.08319262472776966,False,0.0,,,0.2521823043325119,1015,flat_clear,1034,0.0,False,False,1000.0,1000.0,36.0,0.7644419100897226,4.960522680359679,0,0,dwa,flat_clear,1034,True,smoke_opt,1.2371800000000803,0,0.0,optimized
goal,True,20.279999999999657,36.01119848336212,1.7765912307681644,1.0168115229510568,0.07524088543759286,0.08539209230410602,False,0.0,,,0.2493460074659254,1014,flat_clear,1035,0.0,False,False,1000.0,1000.0,36.0,0.852053507214412,3.639780951755606,0,0,dwa,flat_clear,1035,True,smoke_opt,1.2580995000007533,0,0.0,optimized
goal,True,20.299999999999656,36.04388537979457,1.776440454872073,1.057921295603135,0.0758697966812189,0.08647395212802271,False,0.0,,,0.251281266159066,1015,flat_clear,1036,0.0,False,False,1000.0,1000.0,36.0,1.0203688012438894,3.5881162897568393,0,0,dwa,flat_clear,1036,True,smoke_opt,1.2641948000000411,0,0.0,optimized
goal,True,20.279999999999657,36.011332586510434,1.7766355507796336,1.0243112855910528,0.07418294998544199,0.08438079237460289,False,0.0,,,0.24449214326410335,1014,flat_clear,1037,0.0,False,False,1000.0,1000.0,36.0,0.8236235544048465,3.6446668456292,0,0,dwa,flat_clear,1037,True,smoke_opt,1.1778443999992305,0,0.0,optimized
goal,True,20.279999999999657,36.01082429935628,1.7766065019525774,1.002812052564097,0.0721371828527055,0.08418223052149906,False,0.0,,,0.24623981154023103,1014,flat_clear,1038,0.0,False,False,1000.0,1000.0,36.0,0.7394084515409659,3.6535129386218568,0,0,dwa,flat_clear,1038,True,smoke_opt,1.2431787999994413,0,0.0,optimized
goal,True,20.299999999999656,36.0432499246782,1.7764221680023284,0.9867410893469271,0.0822844070165005,0.084039758756232,False,0.0,,,0.2491252081085287,1015,flat_clear,1039,0.0,False,False,1000.0,1000.0,36.0,0.8922484377491442,4.738645777348411,0,0,dwa,flat_clear,1039,True,smoke_opt,1.2577965999998924,0,0.0,optimized
goal,True,23.059999999999597,36.073629021290024,1.5651524250860531,2.411870551298969,0.6788634734962344,0.19359175118571753,False,0.0,,,0.36069927967311544,1153,kerb,1000,0.12172554153720315,True,False,16.0,22.0,36.0,0.9415367388025319,4.042771475950126,0,0,dwa,kerb,1000,True,smoke_opt,1.4995266000005358,0,0.0,optimized
goal,True,23.45999999999959,36.07249295344117,1.5383903781912056,1.8082347254165796,0.8163621249487495,0.18710725675350434,False,0.0,,,0.37527490715011647,1173,kerb,1001,0.09457191805606885,True,False,16.0,22.0,36.0,0.7062801871281326,4.225189857139902,0,0,dwa,kerb,1001,True,smoke_opt,1.5783629999996265,0,0.0,optimized
goal,True,22.8999999999996,36.02944367466059,1.574167717321909,1.1681016312214036,0.5337495051485762,0.14298980538586276,False,0.0,,,0.3345658018545804,1145,kerb,1002,0.1102278712079722,False,True,16.0,22.0,36.0,0.8428757350683788,3.761642318966232,0,0,dwa,kerb,1002,True,smoke_opt,1.5343480999999883,0,0.0,optimized
goal,True,22.9399999999996,36.07081055381088,1.5728490709524452,2.9287771297667904,0.8501116790215497,0.24960994108479378,False,0.0,,,0.3653134140984734,1147,kerb,1003,0.1351267717005646,False,False,16.0,22.0,36.0,0.8026823240875288,3.3755147365372666,0,0,dwa,kerb,1003,True,smoke_opt,1.5609571999993932,0,0.0,optimized
goal,True,22.799999999999603,36.06749064306628,1.582577003762404,1.0701824395994972,0.619313071779306,0.15416636259476593,False,0.0,,,0.3293998842322902,1140,kerb,1004,0.12724042829147925,False,True,16.0,22.0,36.0,0.7520605248510526,3.0017609054814303,0,0,dwa,kerb,1004,True,smoke_opt,1.4515682999999626,0,0.0,optimized
goal,True,22.51999999999961,36.030328448136196,1.6008861466474513,1.225494515523445,0.7550184571140953,0.1512317264981564,False,0.0,,,0.32975803158545985,1126,kerb,1005,0.14008756347264517,False,True,16.0,22.0,36.0,1.0722248169554416,3.1644383461357872,0,0,dwa,kerb,1005,True,smoke_opt,1.4339092000000164,0,0.0,optimized
goal,True,22.8599999999996,36.097367577586255,1.579273772499953,2.7614242920971845,0.8817342963518272,0.24255636299692745,False,0.0,,,0.36444341312773343,1143,kerb,1006,0.13798619136994436,False,False,16.0,22.0,36.0,0.940342777519862,3.673842867145649,0,0,dwa,kerb,1006,True,smoke_opt,1.527271699999801,0,0.0,optimized
goal,True,22.9599999999996,36.08115927395711,1.5718473208321495,2.6348351193441766,0.8154229081304336,0.22936811213394986,False,0.0,,,0.3583249720312584,1148,kerb,1007,0.12532912761100018,False,False,16.0,22.0,36.0,1.0263921380711774,3.1424498749217715,0,0,dwa,kerb,1007,True,smoke_opt,1.5429056000002674,0,0.0,optimized
goal,True,22.779999999999603,36.082939413627884,1.583992836568384,2.988242301013401,1.0606781715684859,0.26101749636236415,False,0.0,,,0.37115791572054985,1139,kerb,1008,0.14899129644859244,False,False,16.0,22.0,36.0,1.0252202990915118,3.3345054981092375,0,0,dwa,kerb,1008,True,smoke_opt,1.457994299999882,0,0.0,optimized
goal,True,22.8799999999996,36.08344999230096,1.5773088121924845,2.8951543238753894,0.9184601628819588,0.2547269957996813,False,0.0,,,0.36611721323825436,1144,kerb,1009,0.13955075234864514,False,False,16.0,22.0,36.0,0.8307662350691447,3.1130009241068786,0,0,dwa,kerb,1009,True,smoke_opt,1.4991148999997677,0,0.0,optimized
goal,True,22.839999999999602,36.07629369177956,1.5797220812554102,2.7829169778188496,0.9528801702910946,0.25213056276551826,False,0.0,,,0.36624178989799583,1142,kerb,1010,0.14092917234874167,False,False,16.0,22.0,36.0,0.9143222924947375,3.1899845659231447,0,0,dwa,kerb,1010,True,smoke_opt,1.5292075999996086,0,0.0,optimized
goal,True,23.39999999999959,36.06669025522713,1.5417866169319112,1.86843038143324,0.533974621377133,0.19155601914447035,False,0.0,,,0.36145393735045483,1170,kerb,1011,0.09616849981633248,False,False,16.0,22.0,36.0,0.9253294142037582,3.5682496807008732,0,0,dwa,kerb,1011,True,smoke_opt,1.5973201000006156,0,0.0,optimized
goal,True,23.019999999999598,36.072989985987086,1.5674381030965066,2.50442487704456,0.7197558435176894,0.21717142469737452,False,0.0,,,0.35788576940437566,1151,kerb,1012,0.11962358480705315,False,False,16.0,22.0,36.0,1.012258673751197,3.612640966541278,0,0,dwa,kerb,1012,True,smoke_opt,1.412514700000429,0,0.0,optimized
goal,True,23.019999999999598,36.031656157697924,1.5660879842980986,3.2743446771730174,0.7448973296281035,0.21621659162428092,True,0.0008688097306689834,,,0.3622475008809235,1151,kerb,1013,0.1327268096242555,True,False,16.0,22.0,36.0,0.7315917886297024,4.588985830612375,0,0,dwa,kerb,1013,True,smoke_opt,1.5049948000005315,0,0.0,optimized
goal,True,23.079999999999597,36.07624680230579,1.5637666676047166,2.39636167237861,0.6865448592723596,0.19372326901741815,False,0.0,,,0.3614225162466354,1154,kerb,1014,0.12068362344298314,True,False,16.0,22.0,36.0,0.9342809221201659,3.8710480032456,0,0,dwa,kerb,1014,True,smoke_opt,1.5612168000006932,0,0.0,optimized
goal,True,23.35999999999959,36.08290279861868,1.545424522830813,1.8033787600094031,0.48535447809331933,0.16752021245634388,False,0.0,,,0.3627748697338844,1168,kerb,1015,0.09182936909865673,True,False,16.0,22.0,36.0,0.9428271314429462,3.7198058704681163,0,0,dwa,kerb,1015,True,smoke_opt,1.6096701999995275,0,0.0,optimized
goal,True,22.9799999999996,36.034135257390815,1.5688389468235817,2.930955518880235,0.6957133390583061,0.21735528236776805,False,0.0,,,0.35723617305322647,1149,kerb,1016,0.11489768201833152,False,False,16.0,22.0,36.0,0.8770775964377245,3.4559831934243705,0,0,dwa,kerb,1016,True,smoke_opt,1.4984505000002173,0,0.0,optimized
goal,True,23.37999999999959,36.07267675710235,1.543444557362742,1.6883267651507239,0.4780451117361238,0.17569290861325348,False,0.0,,,0.3590923357425731,1169,kerb,1017,0.09411696722856595,False,False,16.0,22.0,36.0,1.028532749453526,4.836703508620552,0,0,dwa,kerb,1017,True,smoke_opt,1.5202905000005558,0,0.0,optimized
goal,True,23.019999999999598,36.07974989774653,1.5676516123426611,2.440952611643958,0.6823978436940729,0.21793391594370928,False,0.0,,,0.3634676844622988,1151,kerb,1018,0.12169451101191565,False,False,16.0,22.0,36.0,0.8819836302780435,4.1879508983773786,0,0,dwa,kerb,1018,True,smoke_opt,1.5304661000000124,0,0.0,optimized
goal,True,23.279999999999593,36.06536833159933,1.5496773578372287,2.1613112501565466,0.5949791955418278,0.20347779905671814,False,0.0,,,0.3628030906300528,1164,kerb,1019,0.10273590026971928,False,False,16.0,22.0,36.0,0.8583980191574891,3.433853717213183,0,0,dwa,kerb,1019,True,smoke_opt,1.7219971999993504,0,0.0,optimized
goal,True,23.47999999999959,36.0483062662858,1.535915252279026,1.8131572289493674,0.5799598406108337,0.19169480014125054,False,0.0,,,0.3627894226431357,1174,kerb,1020,0.09532620733151166,False,False,16.0,22.0,36.0,0.8134701125152806,4.1574004859917215,0,0,dwa,kerb,1020,True,smoke_opt,1.4807386000002225,0,0.0,optimized
goal,True,23.43999999999959,36.10191649097773,1.5407601166138107,2.0475723315376846,0.7869799441403164,0.2098101615601402,False,0.0,,,0.37080117759083564,1172,kerb,1021,0.10047913896395426,False,False,16.0,22.0,36.0,0.7323405650889366,3.748776285058246,0,0,dwa,kerb,1021,True,smoke_opt,1.533462100000179,0,0.0,optimized
goal,True,22.9999999999996,36.05087914383519,1.5678936311425156,2.647373279374051,0.7893063512122384,0.22458852746320876,False,0.0,,,0.3531754514302119,1150,kerb,1022,0.1208464795392327,False,False,16.0,22.0,36.0,1.067366702422499,3.001053290848632,0,0,dwa,kerb,1022,True,smoke_opt,1.5718156999992061,0,0.0,optimized
goal,True,22.639999999999606,36.09762602671223,1.5950632247877898,1.0507027639049982,0.5699251574028449,0.15455110000210193,False,0.0,,,0.33321724161327626,1132,kerb,1023,0.13938613930373125,False,True,16.0,22.0,36.0,1.0623594940330707,3.6777381600170527,0,0,dwa,kerb,1023,True,smoke_opt,1.6035488999996232,0,0.0,optimized
goal,True,23.099999999999596,36.084861098321745,1.5627515802906848,2.4186221103984007,0.7314672435484717,0.20395458744415537,False,0.0,,,0.36494041888686657,1155,kerb,1024,0.12742371124749005,True,False,16.0,22.0,36.0,0.8033411240091805,3.6449239382331395,0,0,dwa,kerb,1024,True,smoke_opt,1.4977834000001167,0,0.0,optimized
goal,True,23.199999999999594,36.08407119966974,1.5558070840333926,2.0325487162685674,0.5461140578094252,0.19082901456185375,False,0.0,,,0.36144666212020055,1160,kerb,1025,0.10611796749506633,False,False,16.0,22.0,36.0,0.9516029979700883,4.642234733205431,0,0,dwa,kerb,1025,True,smoke_opt,1.5129841999996643,0,0.0,optimized
goal,True,22.9799999999996,36.06322004175243,1.5696374105268247,2.669889235901455,0.7786227957612443,0.22885904501409374,False,0.0,,,0.36194496390975484,1149,kerb,1026,0.12420554728644553,False,False,16.0,22.0,36.0,0.9380469058269284,3.3414743918087773,0,0,dwa,kerb,1026,True,smoke_opt,1.5903587000002517,0,0.0,optimized
goal,True,22.819999999999602,36.10322785901323,1.582242913986825,3.015834521507353,1.0192887839537073,0.2585342569368681,True,0.00017528483786152498,,,0.3701692968331415,1141,kerb,1027,0.14434928086839663,False,False,16.0,22.0,36.0,0.9248582573641619,3.0559491122222395,0,0,dwa,kerb,1027,True,smoke_opt,1.6603799000004074,0,0.0,optimized
goal,True,22.839999999999602,36.078681506272346,1.579865880236376,2.7072979474163197,0.7983370071539968,0.23685382326665927,False,0.0,,,0.3706142914520807,1142,kerb,1028,0.1402814546945802,False,False,16.0,22.0,36.0,0.8544065774331859,4.632342157225378,0,0,dwa,kerb,1028,True,smoke_opt,1.4489220000004934,0,0.0,optimized
goal,True,23.099999999999596,36.08104112051124,1.5624015716596673,2.139707090050449,0.5928950420234195,0.19656390682058916,False,0.0,,,0.36039992461629117,1155,kerb,1029,0.1121120985381486,False,False,16.0,22.0,36.0,1.0291744489336718,4.673554672652967,0,0,dwa,kerb,1029,True,smoke_opt,1.509490100000221,0,0.0,optimized
goal,True,22.799999999999603,36.07520446849678,1.582569038048298,3.366715109190316,0.918296169351581,0.26555587200212866,True,0.0010526315789473684,,,0.3672616434927094,1140,kerb,1030,0.14944884071670828,False,False,16.0,22.0,36.0,0.7100748391554423,3.473729495597242,0,0,dwa,kerb,1030,True,smoke_opt,1.5667284999999538,0,0.0,optimized
goal,True,23.179999999999595,36.06421376144031,1.5565462043769112,1.1597874034878433,0.4126838396226657,0.1417184635952074,False,0.0,,,0.3374909570836661,1159,kerb,1031,0.1019077208437179,False,True,16.0,22.0,36.0,1.0801960908688777,4.385133828919447,0,0,dwa,kerb,1031,True,smoke_opt,1.60086500000034,0,0.0,optimized
goal,True,22.799999999999603,36.06807308112908,1.5825842384765931,0.9709926610949411,0.4431732477348368,0.14470660345060402,False,0.0,,,0.33768658328860446,1140,kerb,1032,0.12608738559358684,False,True,16.0,22.0,36.0,0.7938761728460942,4.755480012589579,0,0,dwa,kerb,1032,True,smoke_opt,1.5114456000001155,0,0.0,optimized
goal,True,22.9399999999996,36.07039413108234,1.572720125186149,2.4528520051360703,0.697413538982277,0.2130006864817159,False,0.0,,,0.358023174410796,1147,kerb,1033,0.12331852362634443,False,False,16.0,22.0,36.0,1.049199002087901,4.65627625426184,0,0,dwa,kerb,1033,True,smoke_opt,1.504024599999866,0,0.0,optimized
goal,True,22.619999999999607,36.0928894136936,1.5967673069816797,0.9575507139268584,0.08383326737267495,0.10283208452574419,False,0.0,,,0.33728335310002683,1131,kerb,1034,0.14061918078359328,True,True,16.0,22.0,36.0,0.7644419100897226,4.960522680359679,0,0,dwa,kerb,1034,True,smoke_opt,1.5637227000006533,0,0.0,optimized
goal,True,23.119999999999596,36.07282442532853,1.5608775569165005,2.2785709483897776,0.6923386056162718,0.19799194309625057,False,0.0,,,0.36359398406331267,1156,kerb,1035,0.12122831836586792,True,False,16.0,22.0,36.0,0.852053507214412,3.639780951755606,0,0,dwa,kerb,1035,True,smoke_opt,1.6261940999993385,0,0.0,optimized
goal,True,23.099999999999596,36.073819793280464,1.5622523083643023,1.0579211215418143,0.47489919675420567,0.14466298077959258,False,0.0,,,0.34008853620558416,1155,kerb,1036,0.10618865016239329,False,True,16.0,22.0,36.0,1.0203688012438894,3.5881162897568393,0,0,dwa,kerb,1036,True,smoke_opt,1.5250785999996879,0,0.0,optimized
goal,True,22.839999999999602,36.03529124022946,1.5785605418434787,3.3383939330063797,0.762466599035571,0.23397029079580473,True,0.0008756567425569177,,,0.35885441606065455,1142,kerb,1037,0.12476034235885287,False,False,16.0,22.0,36.0,0.8236235544048465,3.6446668456292,0,0,dwa,kerb,1037,True,smoke_opt,1.4875280999995084,0,0.0,optimized
goal,True,23.099999999999596,36.06916996461143,1.5618826898803295,2.422538297203969,0.7336514607363593,0.23323884414490714,False,0.0,,,0.3651641723860588,1155,kerb,1038,0.12343474614295463,False,False,16.0,22.0,36.0,0.7394084515409659,3.6535129386218568,0,0,dwa,kerb,1038,True,smoke_opt,1.607600199999979,0,0.0,optimized
goal,True,22.8999999999996,36.0897331990472,1.5762521186076868,2.422433266319022,0.7376678973327028,0.22336031181827604,False,0.0,,,0.36595346196844597,1145,kerb,1039,0.1319220647052896,False,False,16.0,22.0,36.0,0.8922484377491442,4.738645777348411,0,0,dwa,kerb,1039,True,smoke_opt,1.5795210999995106,0,0.0,optimized
goal,True,29.53999999999946,36.1514165345024,1.2238800006311905,1.044478967283117,0.07309684922362195,0.2028615482414436,False,0.0,0.23709685214142054,,0.7159233715518197,1477,crowded,1000,0.0,False,False,1000.0,1000.0,36.0,0.9415367388025319,4.042771475950126,5,2,dwa,crowded,1000,True,smoke_opt,3.6927488999999696,504,0.3412322274881517,optimized
goal,True,22.839999999999602,36.118862658919845,1.581887132388765,1.017903657455291,0.06423784941809231,0.1527886425366863,False,0.0,0.2174572124010746,,0.4701005985855993,1142,crowded,1001,0.0,False,False,1000.0,1000.0,36.0,0.7062801871281326,4.225189857139902,3,1,dwa,crowded,1001,True,smoke_opt,2.4637260999998034,234,0.20490367775831875,optimized
stall,False,31.539999999999417,23.273795655646037,0.7367834533294587,1.0183914844114514,0.07529023409271955,0.10543902656119597,False,0.0,0.09681406515417726,,0.38522614211378386,1577,crowded,1002,0.0,False,False,1000.0,1000.0,36.0,0.8428757350683788,3.761642318966232,6,1,dwa,crowded,1002,True,smoke_opt,4.4144215000005715,1383,0.8769816106531388,optimized
collision,False,22.819999999999602,31.42262344249654,1.3734180025762677,1.0108402346904999,0.05300095194229083,0.275075049160444,False,0.0,-0.012267848754492328,obstacle,0.7710698983239855,1141,crowded,1003,0.0,False,False,1000.0,1000.0,36.0,0.8026823240875288,3.3755147365372666,6,2,dwa,crowded,1003,True,smoke_opt,2.1151128999999855,499,0.43733567046450483,optimized
goal,True,24.81999999999956,36.08545856075627,1.4538267865790717,1.4984482044532923,0.0429518220928324,0.22070636024952858,False,0.0,0.28993751183050054,,0.52940645017984,1241,crowded,1004,0.0,False,False,1000.0,1000.0,36.0,0.7520605248510526,3.0017609054814303,4,2,dwa,crowded,1004,True,smoke_opt,2.645369799999571,136,0.1095890410958904,optimized
collision,False,18.67999999999969,22.80265467815674,1.2183369826362553,1.376281386417028,0.07776361007024345,0.29837523931530996,False,0.0,-0.0009851338322538483,obstacle,0.5663821741694137,934,crowded,1005,0.0,False,False,1000.0,1000.0,36.0,1.0722248169554416,3.1644383461357872,6,2,dwa,crowded,1005,True,smoke_opt,2.4343362999998135,236,0.25267665952890794,optimized
collision,False,17.559999999999715,24.63350987702342,1.4025634094357706,1.1272267842998769,0.07622885398878264,0.24289327058253707,False,0.0,-0.00718900003959172,obstacle,0.397834097707684,878,crowded,1006,0.0,False,False,1000.0,1000.0,36.0,0.940342777519862,3.673842867145649,5,2,dwa,crowded,1006,True,smoke_opt,1.9935689999992974,24,0.02733485193621868,optimized
goal,True,25.559999999999544,36.30697454225894,1.4203329049461493,1.0767537486621703,0.07862332199712271,0.17477590778137755,False,0.0,0.12458481894408913,,0.5295137795390381,1278,crowded,1007,0.0,False,False,1000.0,1000.0,36.0,1.0263921380711774,3.1424498749217715,4,2,dwa,crowded,1007,True,smoke_opt,3.1326406999996834,321,0.2511737089201878,optimized
stall,False,33.19999999999959,27.95897977767463,0.8412940952817316,1.078442553380118,0.07899980805252087,0.1534501120032327,False,0.0,0.11793114844189981,,0.5323818991206959,1660,crowded,1008,0.0,False,False,1000.0,1000.0,36.0,1.0252202990915118,3.3345054981092375,4,2,dwa,crowded,1008,True,smoke_opt,4.004080700000486,951,0.5728915662650602,optimized
collision,False,5.99999999999996,5.267920507972972,0.8765884493317657,1.135501498319161,0.0746483445482407,0.37859474581653546,False,0.0,-0.008176824499122881,obstacle,0.1947018181103697,300,crowded,1009,0.0,False,False,1000.0,1000.0,36.0,0.8307662350691447,3.1130009241068786,6,2,dwa,crowded,1009,True,smoke_opt,0.6929270999999062,77,0.25666666666666665,optimized
goal,True,26.25999999999953,36.41418847270589,1.3861066906550756,1.3356744308326878,0.0509485149722848,0.23951550461284044,False,0.0,0.2862118921787812,,0.6313708299484453,1313,crowded,1010,0.0,False,False,1000.0,1000.0,36.0,0.9143222924947375,3.1899845659231447,6,2,dwa,crowded,1010,True,smoke_opt,3.2214414000000033,454,0.3457730388423458,optimized
stall,False,19.65999999999967,6.323067640948194,0.3208940865867281,1.0361025524628205,0.07559015128781835,0.1317384594201073,False,0.0,0.08079779840344398,,0.26181060928810734,983,crowded,1011,0.0,False,False,1000.0,1000.0,36.0,0.9253294142037582,3.5682496807008732,4,1,dwa,crowded,1011,True,smoke_opt,2.0978637999996863,794,0.8077314343845371,optimized
goal,True,28.51999999999948,37.336955086427906,1.3069120737646533,1.1726968569604095,0.07222356011476617,0.21297582349528907,False,0.0,0.09703994590586595,,0.6863234507708513,1426,crowded,1012,0.0,False,False,1000.0,1000.0,36.0,1.012258673751197,3.612640966541278,6,1,dwa,crowded,1012,True,smoke_opt,3.51857740000014,654,0.4586255259467041,optimized
goal,True,28.13999999999949,36.25235403646568,1.2884356430313697,0.9204979158907759,0.057370960525041155,0.18437671894273164,False,0.0,0.26646971327913205,,0.7136103373885588,1407,crowded,1013,0.0,False,False,1000.0,1000.0,36.0,0.7315917886297024,4.588985830612375,5,2,dwa,crowded,1013,True,smoke_opt,3.6708943000003273,822,0.5842217484008528,optimized
goal,True,24.059999999999576,36.75635979534909,1.5265222294062253,1.0210545886567683,0.07641708458340517,0.1756342284637663,False,0.0,0.26770316756772583,,0.5101125097745155,1203,crowded,1014,0.0,False,False,1000.0,1000.0,36.0,0.9342809221201659,3.8710480032456,3,2,dwa,crowded,1014,True,smoke_opt,2.505675600000359,488,0.4056525353283458,optimized
goal,True,23.959999999999578,36.136272191161225,1.5082619711147858,1.2474767204947446,0.07561753695423772,0.19693397467971194,False,0.0,0.2455860661708323,,0.5677736954883188,1198,crowded,1015,0.0,False,False,1000.0,1000.0,36.0,0.9428271314429462,3.7198058704681163,6,1,dwa,crowded,1015,True,smoke_opt,2.3798297000003004,294,0.24540901502504173,optimized
goal,True,26.539999999999523,36.730688094138756,1.3823921045273468,1.4302749948808708,0.06190747485532651,0.282522617911085,False,0.0,0.2507558309967235,,0.8657258257973306,1327,crowded,1016,0.0,False,False,1000.0,1000.0,36.0,0.8770775964377245,3.4559831934243705,3,1,dwa,crowded,1016,True,smoke_opt,2.8662183000005825,502,0.37829691032403917,optimized
goal,True,23.599999999999586,36.26317639155546,1.5365374025718779,0.9809337726199284,0.0674944368987158,0.17481651606460288,False,0.0,0.15744206747813794,,0.4905191886741597,1180,crowded,1017,0.0,False,False,1000.0,1000.0,36.0,1.028532749453526,4.836703508620552,4,1,dwa,crowded,1017,True,smoke_opt,2.4374028000002,341,0.2889830508474576,optimized
goal,True,28.49999999999948,36.2680784614669,1.2718907251102591,1.0093547471566016,0.0762660627612688,0.20348426248547846,False,0.0,0.09390312817534863,,0.6474899855485337,1425,crowded,1018,0.0,False,False,1000.0,1000.0,36.0,0.8819836302780435,4.1879508983773786,6,2,dwa,crowded,1018,True,smoke_opt,3.4020927000001393,742,0.5207017543859649,optimized
goal,True,22.03999999999962,36.14571270882566,1.6405648175222582,1.119952239442536,0.0751910754235901,0.16283578281497452,False,0.0,0.25907207840117585,,0.46605594975672254,1102,crowded,1019,0.0,False,False,1000.0,1000.0,36.0,0.8583980191574891,3.433853717213183,4,1,dwa,crowded,1019,True,smoke_opt,2.0588011999998344,224,0.20326678765880218,optimized
goal,True,23.619999999999585,36.169974140475254,1.5317045981185646,1.2932102852118086,0.07515923650495852,0.1899322310550749,False,0.0,0.2723947346634853,,0.5598187636249119,1181,crowded,1020,0.0,False,False,1000.0,1000.0,36.0,0.8134701125152806,4.1574004859917215,5,1,dwa,crowded,1020,True,smoke_opt,2.5366493999999875,446,0.37764606265876377,optimized
goal,True,29.219999999999466,36.22870188888791,1.2399082517991287,0.9945027397190329,0.06658143717429874,0.13057783332210354,False,0.0,0.3755762307715548,,0.4769854942600554,1461,crowded,1021,0.0,False,False,1000.0,1000.0,36.0,0.7323405650889366,3.748776285058246,5,1,dwa,crowded,1021,True,smoke_opt,3.659509199999775,535,0.3661875427789186,optimized
goal,True,24.019999999999577,36.23253196088398,1.5079647954582793,1.265965070485049,0.08053817470121469,0.1789875582701344,False,0.0,0.10560051771673262,,0.4245015389293387,1201,crowded,1022,0.0,False,False,1000.0,1000.0,36.0,1.067366702422499,3.001053290848632,5,2,dwa,crowded,1022,True,smoke_opt,2.450582399999803,42,0.034970857618651124,optimized
goal,True,22.139999999999617,36.08236137971035,1.6304442789082572,1.0507144233326093,0.07771641498846368,0.11372703920579837,False,0.0,0.02110220155097442,,0.316293414452769,1107,crowded,1023,0.0,False,False,1000.0,1000.0,36.0,1.0623594940330707,3.6777381600170527,3,2,dwa,crowded,1023,True,smoke_opt,2.028166200000669,0,0.0,optimized
goal,True,31.659999999999414,36.566245319344105,1.1538055737096837,1.0159643113313408,0.07226323239158614,0.1994863652644917,False,0.0,0.08993223412886386,,0.7400755207707909,1583,crowded,1024,0.0,False,False,1000.0,1000.0,36.0,0.8033411240091805,3.6449239382331395,4,2,dwa,crowded,1024,True,smoke_opt,3.934712799999943,828,0.5230574857864814,optimized
goal,True,27.039999999999512,36.9109285681654,1.3633046083056688,1.2113757769172666,0.08190376425516044,0.24051869204746054,False,0.0,0.23766622219645314,,0.7770553533486723,1352,crowded,1025,0.0,False,False,1000.0,1000.0,36.0,0.9516029979700883,4.642234733205431,4,1,dwa,crowded,1025,True,smoke_opt,2.7711863000004087,367,0.27144970414201186,optimized
goal,True,25.659999999999542,36.09705429490708,1.4069807914203167,1.0426992413420133,0.07089711781137274,0.20264518047573934,False,0.0,0.2865799565669227,,0.5868500960285316,1283,crowded,1026,0.0,False,False,1000.0,1000.0,36.0,0.9380469058269284,3.3414743918087773,6,2,dwa,crowded,1026,True,smoke_opt,2.705163800000264,74,0.05767731878409977,optimized
goal,True,24.699999999999562,36.09684462767025,1.4618595581985592,1.2085350455653474,0.060771112066058064,0.19133550731733204,False,0.0,0.1812369803323926,,0.5360909456607998,1235,crowded,1027,0.0,False,False,1000.0,1000.0,36.0,0.9248582573641619,3.0559491122222395,6,2,dwa,crowded,1027,True,smoke_opt,2.3811132999999245,603,0.4882591093117409,optimized
goal,True,23.91999999999958,36.16004544170578,1.5117358783371837,1.1180432951134491,0.08035066949187249,0.21235761701364225,False,0.0,0.2780609323850449,,0.6883939572988709,1196,crowded,1028,0.0,False,False,1000.0,1000.0,36.0,0.8544065774331859,4.632342157225378,3,2,dwa,crowded,1028,True,smoke_opt,2.4941688999997496,351,0.29347826086956524,optimized
goal,True,25.999999999999535,36.84186862485002,1.4161621359969758,1.0791266245406463,0.04472062496472572,0.18472860215964498,False,0.0,0.2829163454464666,,0.6480457154172874,1300,crowded,1029,0.0,False,False,1000.0,1000.0,36.0,1.0291744489336718,4.673554672652967,6,1,dwa,crowded,1029,True,smoke_opt,3.208991900000001,815,0.6269230769230769,optimized
goal,True,24.539999999999566,36.47329508846959,1.4859767124117622,1.184534086151772,0.06780962946264643,0.2268073207700773,False,0.0,0.2733810463852424,,0.6222322335153585,1227,crowded,1030,0.0,False,False,1000.0,1000.0,36.0,0.7100748391554423,3.473729495597242,5,2,dwa,crowded,1030,True,smoke_opt,2.78493299999991,318,0.2591687041564792,optimized
goal,True,34.79999999999984,36.36834574789731,1.0445196791370346,1.3447652101238408,0.0812263731562487,0.23139199848710837,False,0.0,0.2310924227083689,,0.889523621230327,1740,crowded,1031,0.0,False,False,1000.0,1000.0,36.0,1.0801960908688777,4.385133828919447,6,1,dwa,crowded,1031,True,smoke_opt,3.7169190000004164,444,0.25517241379310346,optimized
goal,True,20.419999999999654,36.14778678539003,1.770983302802936,0.9709848581406222,0.08064696111805357,0.0911647124621724,False,0.0,0.0011039639528377387,,0.2851261647431174,1021,crowded,1032,0.0,False,False,1000.0,1000.0,36.0,0.7938761728460942,4.755480012589579,3,2,dwa,crowded,1032,True,smoke_opt,1.8237043999997695,0,0.0,optimized
collision,False,8.099999999999916,11.583702313039455,1.4289937088525853,1.0026146677011973,0.08394096394265416,0.22072536948863808,False,0.0,-0.005847372635786163,obstacle,0.23673001573464877,405,crowded,1033,0.0,False,False,1000.0,1000.0,36.0,1.049199002087901,4.65627625426184,3,2,dwa,crowded,1033,True,smoke_opt,0.9972557999999481,118,0.291358024691358,optimized
goal,True,28.03999999999949,36.60591008687677,1.3041134535464645,0.9948609159642131,0.08323480464329146,0.18434239110227676,False,0.0,0.2548183573152849,,0.613811365441665,1402,crowded,1034,0.0,False,False,1000.0,1000.0,36.0,0.7644419100897226,4.960522680359679,4,2,dwa,crowded,1034,True,smoke_opt,3.303324199999224,596,0.42510699001426533,optimized
goal,True,28.99999999999947,36.54368550574125,1.2589117783556891,1.2753901583193927,0.07540794285961396,0.2205225349875813,False,0.0,0.16792030795985446,,0.6606701001212362,1450,crowded,1035,0.0,False,False,1000.0,1000.0,36.0,0.852053507214412,3.639780951755606,5,2,dwa,crowded,1035,True,smoke_opt,3.542426599999999,621,0.4282758620689655,optimized
goal,True,22.8599999999996,36.39795723969645,1.592037359523119,1.099946773793944,0.0758697966812191,0.1671336907563909,False,0.0,0.14109723307176503,,0.42081367099979416,1143,crowded,1036,0.0,False,False,1000.0,1000.0,36.0,1.0203688012438894,3.5881162897568393,6,1,dwa,crowded,1036,True,smoke_opt,2.4952752999997756,133,0.1163604549431321,optimized
stall,False,24.87999999999956,13.539887793970788,0.5417383313847062,0.9645009523917681,0.051006468467586455,0.1652977968805653,False,0.0,0.026867753558832613,,0.40848828589116143,1244,crowded,1037,0.0,False,False,1000.0,1000.0,36.0,0.8236235544048465,3.6446668456292,3,2,dwa,crowded,1037,True,smoke_opt,3.1701590000002398,676,0.5434083601286174,optimized
stall,False,18.339999999999698,3.740513670552994,0.20244897188313815,0.8338856452408318,0.04088923989265282,0.12227548618718219,False,0.0,0.10088539479554215,,0.2085445826170184,917,crowded,1038,0.0,False,False,1000.0,1000.0,36.0,0.7394084515409659,3.6535129386218568,6,2,dwa,crowded,1038,True,smoke_opt,2.3654069999993226,735,0.8015267175572519,optimized
goal,True,28.03999999999949,36.5300087823502,1.3021813639297986,0.9867410893469265,0.0822844070165005,0.17812412918656853,False,0.0,0.06717088301035312,,0.619793896050994,1402,crowded,1039,0.0,False,False,1000.0,1000.0,36.0,0.8922484377491442,4.738645777348411,5,2,dwa,crowded,1039,True,smoke_opt,3.032282500000292,382,0.2724679029957204,optimized
collision,False,24.039999999999576,26.661222403680014,1.1088173108368997,3.058506841808944,0.7216463675247331,0.27357195354138375,True,0.0004991680532445924,-0.0018229011454057864,obstacle,0.5970380326238522,1202,mixed,1000,0.12172554153720315,True,False,16.0,22.0,36.0,0.9415367388025319,4.042771475950126,2,3,dwa,mixed,1000,True,smoke_opt,2.5820377999998527,139,0.11564059900166389,optimized
goal,True,26.479999999999524,36.072067023295396,1.3628200921113582,1.9674938653198972,0.8034622771001139,0.20127476368452057,False,0.0,0.6018436388890032,,0.49432520456813,1324,mixed,1001,0.09457191805606885,True,False,16.0,22.0,36.0,0.7062801871281326,4.225189857139902,2,1,dwa,mixed,1001,True,smoke_opt,2.849475199999688,0,0.0,optimized
off_sidewalk,False,8.37999999999991,10.980091766319248,1.3112153630291892,0.9411143884588224,0.3584325162464328,0.1995682681281858,False,0.0,0.3501497077375183,,0.1621312660518796,419,mixed,1002,0.1102278712079722,False,True,16.0,22.0,36.0,0.8428757350683788,3.761642318966232,4,1,dwa,mixed,1002,True,smoke_opt,1.073679600000105,271,0.6467780429594272,optimized
stall,False,32.199999999999434,22.97001094116017,0.6889375759511116,2.8386226210048258,0.6631309119568176,0.2702444524338641,False,0.0,0.09070366754346376,,1.5426518319600366,1610,mixed,1003,0.1351267717005646,False,False,16.0,22.0,36.0,0.8026823240875288,3.3755147365372666,3,2,dwa,mixed,1003,True,smoke_opt,3.409270299999662,292,0.1813664596273292,optimized
collision,False,7.4799999999999285,4.005028114102896,0.5344108475901419,1.027311858448999,0.036606188491406635,0.27059633988574877,False,0.0,-0.0043964723242507775,obstacle,0.15907780350573883,374,mixed,1004,0.12724042829147925,False,True,16.0,22.0,36.0,0.7520605248510526,3.0017609054814303,4,2,dwa,mixed,1004,True,smoke_opt,0.8591299999998228,15,0.040106951871657755,optimized
collision,False,9.239999999999892,10.255303943117786,1.1083042659487772,1.085196623627005,0.06735171750728057,0.2664126276636516,False,0.0,-0.00266521112863638,obstacle,0.271115962167004,462,mixed,1005,0.14008756347264517,False,True,16.0,22.0,36.0,1.0722248169554416,3.1644383461357872,4,2,dwa,mixed,1005,True,smoke_opt,1.1217374999996537,116,0.2510822510822511,optimized
stall,False,26.439999999999525,7.4893105406666844,0.28237278994003273,1.0284052963931383,0.07619773919179373,0.152888538246584,False,0.0,0.11521595667687295,,0.31181922312606014,1322,mixed,1006,0.13798619136994436,False,False,16.0,22.0,36.0,0.940342777519862,3.673842867145649,2,2,dwa,mixed,1006,True,smoke_opt,3.293505599999662,763,0.5771558245083207,optimized
goal,True,28.759999999999476,36.58855588600078,1.271332489396965,1.5530272153074685,0.675930591104987,0.24824582176246407,False,0.0,0.3877955251385029,,0.6968213843227187,1438,mixed,1007,0.12532912761100018,False,False,16.0,22.0,36.0,1.0263921380711774,3.1424498749217715,4,1,dwa,mixed,1007,True,smoke_opt,3.2179855000003954,114,0.07927677329624479,optimized
goal,True,27.719999999999498,36.12719359937853,1.3029337004204813,3.0513407084708724,1.042157250838301,0.3571885842171048,True,0.0002886002886002886,0.8034938290257476,,0.8409660948503223,1386,mixed,1008,0.14899129644859244,False,False,16.0,22.0,36.0,1.0252202990915118,3.3345054981092375,3,1,dwa,mixed,1008,True,smoke_opt,3.1343791999997848,21,0.015151515151515152,optimized
stall,False,38.50000000000042,31.356202327466455,0.8134566715835426,3.5384632409391683,0.928554680953012,0.23840796017354413,True,0.0006233766233766234,0.08412332112973897,,0.6529174221224735,1925,mixed,1009,0.13955075234864514,False,False,16.0,22.0,36.0,0.8307662350691447,3.1130009241068786,2,2,dwa,mixed,1009,True,smoke_opt,4.449108100000558,789,0.4098701298701299,optimized
collision,False,4.999999999999981,6.621723701408022,1.3243906786299156,1.0803215853524415,0.07534936262909235,0.3227326334210747,False,0.0,-0.007036338468295711,obstacle,0.189965078999275,250,mixed,1010,0.14092917234874167,False,False,16.0,22.0,36.0,0.9143222924947375,3.1899845659231447,3,2,dwa,mixed,1010,True,smoke_opt,0.6158673999998427,47,0.188,optimized
collision,False,7.139999999999936,6.9796459050505915,0.97589029598232,0.9474796093401546,0.03853572428795485,0.23818982753799356,False,0.0,-0.0049940519349444545,obstacle,0.17099059964879867,357,mixed,1011,0.09616849981633248,False,False,16.0,22.0,36.0,0.9253294142037582,3.5682496807008732,3,3,dwa,mixed,1011,True,smoke_opt,0.7939547000005405,40,0.11204481792717087,optimized
stall,False,19.959999999999663,3.907365193729704,0.19496738173021017,1.1495795396744826,0.06657206226321345,0.18766013698057643,False,0.0,0.11359650621019585,,0.24969699318570546,998,mixed,1012,0.11962358480705315,False,False,16.0,22.0,36.0,1.012258673751197,3.612640966541278,4,1,dwa,mixed,1012,True,smoke_opt,2.6852853999998842,753,0.7545090180360722,optimized
collision,False,6.619999999999947,10.19928134597562,1.5409510270056401,0.9198583722277972,0.06119235937533408,0.26924182037653194,False,0.0,-0.008322896215022968,obstacle,0.20363983301310612,331,mixed,1013,0.1327268096242555,True,False,16.0,22.0,36.0,0.7315917886297024,4.588985830612375,4,2,dwa,mixed,1013,True,smoke_opt,0.7548415000001114,29,0.08761329305135952,optimized
stall,False,37.30000000000023,27.050557455037406,0.7227921468445899,2.0910627398195114,0.6839462318479819,0.20636486414144317,False,0.0,0.12877843730904168,,0.6768635322849669,1865,mixed,1014,0.12068362344298314,True,False,16.0,22.0,36.0,0.9342809221201659,3.8710480032456,2,2,dwa,mixed,1014,True,smoke_opt,4.351580500000637,825,0.44235924932975873,optimized
goal,True,26.379999999999526,36.10477148172038,1.3690187842371329,1.0554015619500396,0.34704148186695244,0.19751581813920363,False,0.0,0.09219033816072719,,0.5954225215319506,1319,mixed,1015,0.09182936909865673,True,False,16.0,22.0,36.0,0.9428271314429462,3.7198058704681163,2,3,dwa,mixed,1015,True,smoke_opt,2.49232050000046,126,0.09552691432903715,optimized
stall,False,17.979999999999706,3.9066841897642663,0.21644945823096015,1.3132692661802476,0.07722755088852866,0.18112197880704295,False,0.0,0.10780359103047951,,0.25933623689124613,899,mixed,1016,0.11489768201833152,False,False,16.0,22.0,36.0,0.8770775964377245,3.4559831934243705,2,2,dwa,mixed,1016,True,smoke_opt,1.9839530999997805,763,0.8487208008898777,optimized
goal,True,25.839999999999538,36.11996181005453,1.3981189494956925,1.9271939955878383,0.4956086385575106,0.19894009630799728,False,0.0,0.21463310399757052,,0.5289501677406402,1292,mixed,1017,0.09411696722856595,False,False,16.0,22.0,36.0,1.028532749453526,4.836703508620552,4,2,dwa,mixed,1017,True,smoke_opt,3.0110700000004726,106,0.08204334365325078,optimized
collision,False,3.2600000000000025,3.7974204532862457,1.1650503087997093,1.0262749049852653,0.03518628292200858,0.3326382568397512,False,0.0,-0.0045436876825676875,obstacle,0.14231278272080358,163,mixed,1018,0.12169451101191565,False,False,16.0,22.0,36.0,0.8819836302780435,4.1879508983773786,4,2,dwa,mixed,1018,True,smoke_opt,0.44834130000072037,30,0.18404907975460122,optimized
off_sidewalk,False,5.51999999999997,4.930419068961813,0.8897937269420702,1.120848549625354,0.3159509726875966,0.42246065322218435,False,0.0,0.26630971542567894,,0.22046041765449623,276,mixed,1019,0.10273590026971928,False,False,16.0,22.0,36.0,0.8583980191574891,3.433853717213183,4,1,dwa,mixed,1019,True,smoke_opt,0.7218967999997403,92,0.3333333333333333,optimized
collision,False,29.45999999999946,31.809693825523503,1.078253524229906,1.2601093452098093,0.41429003345998966,0.24038672977914025,False,0.0,-0.0004637171434538345,obstacle,0.7170074900826258,1473,mixed,1020,0.09532620733151166,False,False,16.0,22.0,36.0,0.8134701125152806,4.1574004859917215,4,2,dwa,mixed,1020,True,smoke_opt,3.7246697999999014,394,0.26748133061778684,optimized
collision,False,24.639999999999564,27.72882475501658,1.1245942058039136,2.3323066193691466,0.7856587110402058,0.26151821589786983,False,0.0,-0.004804265505556737,obstacle,0.5636341604505178,1232,mixed,1021,0.10047913896395426,False,False,16.0,22.0,36.0,0.7323405650889366,3.748776285058246,2,2,dwa,mixed,1021,True,smoke_opt,2.728758299999754,139,0.11282467532467533,optimized
collision,False,20.939999999999642,25.250668562176724,1.204807950465247,2.2505883772799766,0.7761128984262532,0.2843830785606421,False,0.0,-0.0032385158591383134,obstacle,0.552673553942595,1047,mixed,1022,0.1208464795392327,False,False,16.0,22.0,36.0,1.067366702422499,3.001053290848632,4,2,dwa,mixed,1022,True,smoke_opt,2.057418900000812,128,0.12225405921680993,optimized
goal,True,30.259999999999444,36.445287145014724,1.2032489969717794,1.1471718535164879,0.5227212848895962,0.2341970560564203,False,0.0,0.26061890764090245,,0.7731965372324597,1513,mixed,1023,0.13938613930373125,False,True,16.0,22.0,36.0,1.0623594940330707,3.6777381600170527,4,1,dwa,mixed,1023,True,smoke_opt,2.444625299999643,327,0.21612690019828157,optimized
collision,False,5.379999999999973,7.243714878630344,1.347100845758665,1.197063545359639,0.07503030814128983,0.30155157692123397,False,0.0,-0.006916821061946021,obstacle,0.19592871633733727,269,mixed,1024,0.12742371124749005,True,False,16.0,22.0,36.0,0.8033411240091805,3.6449239382331395,3,3,dwa,mixed,1024,True,smoke_opt,0.6314152999993894,27,0.10037174721189591,optimized
stall,False,35.599999999999966,27.019398960287802,0.7571922096289881,1.9957620558192424,0.8577321489924147,0.21931893420274365,False,0.0,0.12182843829389742,,0.6231513952394194,1780,mixed,1025,0.10611796749506633,False,False,16.0,22.0,36.0,0.9516029979700883,4.642234733205431,2,1,dwa,mixed,1025,True,smoke_opt,4.046358099999452,813,0.4567415730337079,optimized
stall,False,45.72000000000155,30.797748681266064,0.6725385111694344,3.373102286561638,0.8024891118499361,0.20166961443393655,True,0.0004374453193350831,0.052058717891079076,,0.6401423899194725,2286,mixed,1026,0.12420554728644553,False,False,16.0,22.0,36.0,0.9380469058269284,3.3414743918087773,4,1,dwa,mixed,1026,True,smoke_opt,4.474191000000246,20,0.008748906386701663,optimized
stall,False,20.15999999999966,4.625930177910638,0.22673166205218928,0.9097360874894845,0.05199561109883703,0.16565649241428027,False,0.0,0.13472358973766968,,0.2549938815109207,1008,mixed,1027,0.14434928086839663,False,False,16.0,22.0,36.0,0.9248582573641619,3.0559491122222395,4,1,dwa,mixed,1027,True,smoke_opt,1.8226192000001902,392,0.3888888888888889,optimized
goal,True,28.63999999999948,36.25310890848588,1.264750901272248,2.6814075193989804,0.8026723207436,0.27691892752253217,False,0.0,0.16759782268206402,,0.7571322275418071,1432,mixed,1028,0.1402814546945802,False,False,16.0,22.0,36.0,0.8544065774331859,4.632342157225378,3,2,dwa,mixed,1028,True,smoke_opt,3.2114453000003778,308,0.21508379888268156,optimized
goal,True,26.73999999999952,36.47429839851335,1.3632775926375489,2.421993598640168,0.5776585520220456,0.24460413963032324,False,0.0,0.18840367284663595,,0.6318104994655738,1337,mixed,1029,0.1121120985381486,False,False,16.0,22.0,36.0,1.0291744489336718,4.673554672652967,2,1,dwa,mixed,1029,True,smoke_opt,2.51352339999994,109,0.08152580403889305,optimized
stall,False,32.21999999999944,22.830863531382608,0.688673083449694,3.5930536928890127,0.7085700101017586,0.26446113409957,True,0.0007448789571694599,0.33011749728658,,1.4299171850236578,1611,mixed,1030,0.14944884071670828,False,False,16.0,22.0,36.0,0.7100748391554423,3.473729495597242,4,1,dwa,mixed,1030,True,smoke_opt,3.101323799999591,64,0.03972687771570453,optimized
goal,True,30.299999999999443,36.10283986778813,1.1917928214967943,1.0080321269345227,0.40261063586324947,0.1576035271752151,False,0.0,0.5079648595616192,,0.5080482018589755,1515,mixed,1031,0.1019077208437179,False,True,16.0,22.0,36.0,1.0801960908688777,4.385133828919447,3,1,dwa,mixed,1031,True,smoke_opt,2.462901000000784,151,0.09966996699669967,optimized
goal,True,28.61999999999948,36.46378390529725,1.273621536953453,1.0866013320887737,0.5162028910371,0.20788755184517965,False,0.0,0.28556895066970767,,0.6201619057076755,1431,mixed,1032,0.12608738559358684,False,True,16.0,22.0,36.0,0.7938761728460942,4.755480012589579,4,1,dwa,mixed,1032,True,smoke_opt,3.1970340000007127,325,0.22711390635918938,optimized
goal,True,29.119999999999468,36.18920934220009,1.2424197494058613,2.4494075841081897,0.683467352409825,0.24462669148905442,False,0.0,0.27972501923268533,,0.6669708548358382,1456,mixed,1033,0.12331852362634443,False,False,16.0,22.0,36.0,1.049199002087901,4.65627625426184,3,1,dwa,mixed,1033,True,smoke_opt,3.108051500000329,172,0.11813186813186813,optimized
goal,True,28.419999999999483,36.50954489226873,1.283846242587992,0.9195989762603727,0.07924423640966555,0.18413733004850943,False,0.0,0.262699767321775,,0.6733231578396355,1421,mixed,1034,0.14061918078359328,True,True,16.0,22.0,36.0,0.7644419100897226,4.960522680359679,4,1,dwa,mixed,1034,True,smoke_opt,2.7745394000003216,320,0.22519352568613651,optimized
goal,True,32.37999999999946,36.52420496083729,1.1268865757042639,2.1662244412877976,0.6385436330887714,0.25303124811629124,False,0.0,0.3106809315052713,,0.7188118883334238,1619,mixed,1035,0.12122831836586792,True,False,16.0,22.0,36.0,0.852053507214412,3.639780951755606,4,2,dwa,mixed,1035,True,smoke_opt,2.505189800000153,123,0.0759728227300803,optimized
stall,False,40.260000000000694,29.918449056250978,0.741374827292711,1.14020782270654,0.2972645925041136,0.17097647005833083,False,0.0,0.11164789453163795,,0.7046876943711066,2013,mixed,1036,0.10618865016239329,False,True,16.0,22.0,36.0,1.0203688012438894,3.5881162897568393,3,3,dwa,mixed,1036,True,smoke_opt,5.010475099999894,1076,0.5345255837059115,optimized
stall,False,30.339999999999442,22.865196700522105,0.7295439429444562,3.4400239259149794,0.5989303656626994,0.23391084213054072,True,0.0007910349373764008,0.6162119213392749,,1.0543201462051008,1517,mixed,1037,0.12476034235885287,False,False,16.0,22.0,36.0,0.8236235544048465,3.6446668456292,3,3,dwa,mixed,1037,True,smoke_opt,3.0288817000000563,0,0.0,optimized
stall,False,35.51999999999995,28.601812258447772,0.8044526343539028,2.6428993033773565,0.7096879380580823,0.23000764986225716,False,0.0,0.10420968522684515,,0.6044151743646655,1776,mixed,1038,0.12343474614295463,False,False,16.0,22.0,36.0,0.7394084515409659,3.6535129386218568,3,3,dwa,mixed,1038,True,smoke_opt,3.029546699999628,995,0.5602477477477478,optimized
goal,True,29.41999999999946,36.140259689112696,1.2282922544509782,2.4639899582622764,0.7358491996508868,0.23125853064485472,False,0.0,0.13965095768359825,,0.548376868093729,1471,mixed,1039,0.1319220647052896,False,False,16.0,22.0,36.0,0.8922484377491442,4.738645777348411,3,2,dwa,mixed,1039,True,smoke_opt,1.8363197999997283,115,0.07817811012916383,optimized
collision,False,8.179999999999914,6.461034142747389,0.7893345022315628,0.9379229716330084,0.05731353368919488,0.2490289162395607,False,0.0,-0.0032270300904936877,obstacle,0.21096152233827276,409,slippery,1000,0.12172554153720315,True,False,16.0,22.0,36.0,0.5384203880478985,4.042771475950126,2,2,dwa,slippery,1000,True,smoke_opt,1.022168999999849,15,0.03667481662591687,optimized
stall,False,34.03999999999972,21.902994277253427,0.6401657340403096,1.7248368028468735,0.11408728423869577,0.15446599188168778,False,0.0,0.33968885731435405,,0.9550413891185409,1702,slippery,1001,0.09457191805606885,True,False,16.0,22.0,36.0,0.37464053338024356,4.225189857139902,4,1,dwa,slippery,1001,True,smoke_opt,4.00519660000009,43,0.02526439482961222,optimized
goal,True,29.47999999999946,36.59046758959399,1.240584265551828,1.2477475224398102,0.6091797429405764,0.2025904957644987,False,0.0,0.3225476046381226,,0.6681315991800939,1474,slippery,1002,0.1102278712079722,False,True,16.0,22.0,36.0,0.37991309475921964,3.761642318966232,4,3,dwa,slippery,1002,True,smoke_opt,3.050771899999745,237,0.16078697421981003,optimized
collision,False,5.939999999999961,8.036721484819655,1.3533284315591956,0.8769814133030118,0.05365076032593069,0.24669071052019825,False,0.0,-0.00030667035275644405,obstacle,0.1860156581246176,297,slippery,1003,0.1351267717005646,False,False,16.0,22.0,36.0,0.499385147124539,3.3755147365372666,3,3,dwa,slippery,1003,True,smoke_opt,0.47851100000025326,99,0.3333333333333333,optimized
off_sidewalk,False,19.65999999999967,26.350980938904826,1.3394842186925637,1.0656775147050734,0.6167717702367486,0.2320986363286673,False,0.0,0.31767161130719734,,0.36241306016828284,983,slippery,1004,0.12724042829147925,False,True,16.0,22.0,36.0,0.49011916685961054,3.0017609054814303,2,1,dwa,slippery,1004,True,smoke_opt,1.9700292000006812,109,0.11088504577822991,optimized
collision,False,4.999999999999981,4.410814917308803,0.8815814845165552,0.876407252871246,0.038653588164053246,0.294646998358419,False,0.0,-0.003345087007777525,obstacle,0.14167475799478832,250,slippery,1005,0.14008756347264517,False,True,16.0,22.0,36.0,0.4742011636946779,3.1644383461357872,4,3,dwa,slippery,1005,True,smoke_opt,0.5936366999994789,51,0.204,optimized
collision,False,7.459999999999929,6.574993422291343,0.8798158227760152,1.1012212151187761,0.036930688106338545,0.31384888833563684,False,0.0,-0.0061283059774378534,obstacle,0.2520594704076253,373,slippery,1006,0.13798619136994436,False,False,16.0,22.0,36.0,0.4391089205427108,3.673842867145649,4,3,dwa,slippery,1006,True,smoke_opt,1.135369200000241,48,0.128686327077748,optimized
collision,False,8.159999999999915,9.512404493923912,1.1655588277607913,0.8186341223066791,0.037287921906398874,0.2900734536481473,False,0.0,-0.0025062452953350522,obstacle,0.27759291486538257,408,slippery,1007,0.12532912761100018,False,False,16.0,22.0,36.0,0.399404643399999,3.1424498749217715,2,2,dwa,slippery,1007,True,smoke_opt,0.9716404999999213,169,0.41421568627450983,optimized
goal,True,37.92000000000033,37.59293603902883,0.9549181350198866,3.934231883265518,0.8645455385048211,0.22061654194053995,True,0.0007383966244725738,0.7908238965795529,,1.5398767085657523,1896,slippery,1008,0.14899129644859244,False,False,16.0,22.0,36.0,0.3556841550753821,3.3345054981092375,4,1,dwa,slippery,1008,True,smoke_opt,4.025568000000021,33,0.01740506329113924,optimized
goal,True,39.58000000000059,37.32028321116163,0.913705213181297,2.335936433085274,0.8464763008792667,0.2274038739956688,False,0.0,0.33315091456340107,,1.237760821645028,1979,slippery,1009,0.13955075234864514,False,False,16.0,22.0,36.0,0.47449155423222633,3.1130009241068786,2,1,dwa,slippery,1009,True,smoke_opt,3.5542881999999736,192,0.09701869631126832,optimized
stall,False,42.34000000000102,30.885191295043406,0.7002138594582418,2.751257426510174,0.9335117165632124,0.20964330993568045,False,0.0,0.10815674522036656,,1.0222655914541199,2117,slippery,1010,0.14092917234874167,False,False,16.0,22.0,36.0,0.4912287330300027,3.1899845659231447,3,1,dwa,slippery,1010,True,smoke_opt,3.100055400000201,1027,0.4851204534718942,optimized
stall,False,45.4000000000015,26.558802783058336,0.5841750743614141,2.022636613851784,0.986711983602145,0.18301358800957912,False,0.0,0.07414279294774251,,0.5763835428509885,2270,slippery,1011,0.09616849981633248,False,False,16.0,22.0,36.0,0.5956037005958101,3.5682496807008732,3,3,dwa,slippery,1011,True,smoke_opt,2.6650386999999682,731,0.32202643171806167,optimized
stall,False,39.42000000000056,29.1117463576951,0.7366637816491012,1.1714553141435233,0.6685073780722971,0.20910709840459515,False,0.0,0.06995193915768638,,0.8005972800291007,1971,slippery,1012,0.11962358480705315,False,False,16.0,22.0,36.0,0.38300050587228296,3.612640966541278,4,3,dwa,slippery,1012,True,smoke_opt,5.050443499999346,257,0.13039066463723997,optimized
collision,False,7.699999999999924,9.218757415150888,1.1970677679008044,0.8257908475545779,0.05387557410509567,0.26740375529025745,False,0.0,-0.0042255623915866125,obstacle,0.28115034328658894,385,slippery,1013,0.1327268096242555,True,False,16.0,22.0,36.0,0.49246417865788417,4.588985830612375,3,3,dwa,slippery,1013,True,smoke_opt,0.8185524999998961,98,0.2545454545454545,optimized
stall,False,34.41999999999978,23.18850873177937,0.6447675481014765,2.3638037986180174,0.4015761869746191,0.1952710672021275,False,0.0,0.6217005041693126,,1.3264782929583168,1721,slippery,1014,0.12068362344298314,True,False,16.0,22.0,36.0,0.511869578367051,3.8710480032456,4,2,dwa,slippery,1014,True,smoke_opt,2.794841699999779,269,0.15630447414294016,optimized
stall,False,32.73999999999952,22.844619934679876,0.6773250564117438,1.8402983222730795,0.35020740316182053,0.16763525758420383,False,0.0,0.4470690986091933,,1.0303388159263294,1637,slippery,1015,0.09182936909865673,True,False,16.0,22.0,36.0,0.5234665124152689,3.7198058704681163,4,1,dwa,slippery,1015,True,smoke_opt,2.2852371000008134,0,0.0,optimized
collision,False,7.85999999999992,11.679150443515619,1.4872798910957439,0.8638521076210672,0.048716508829917377,0.2273122668596315,False,0.0,-0.0017099662912866687,obstacle,0.26073867547537993,393,slippery,1016,0.11489768201833152,False,False,16.0,22.0,36.0,0.4944618671110713,3.4559831934243705,2,3,dwa,slippery,1016,True,smoke_opt,0.8941040999998222,117,0.29770992366412213,optimized
stall,False,29.05999999999947,21.776158550286624,0.7424890314822133,1.703964157652164,0.46525648886059834,0.14685958590830175,False,0.0,0.15998162356966295,,0.844562361548699,1453,slippery,1017,0.09411696722856595,False,False,16.0,22.0,36.0,0.46762232291672157,4.836703508620552,2,1,dwa,slippery,1017,True,smoke_opt,2.7725106000007145,0,0.0,optimized
stall,False,32.41999999999947,22.91134560706763,0.6830721369853452,2.7019545528420386,0.4790393010136873,0.21576193746020314,False,0.0,0.638620797821327,,1.167722958526123,1621,slippery,1018,0.12169451101191565,False,False,16.0,22.0,36.0,0.4998113069018674,4.1879508983773786,3,2,dwa,slippery,1018,True,smoke_opt,3.365063100000043,5,0.0030845157310302285,optimized
stall,False,22.01999999999962,10.029414477225227,0.4543420421043379,0.8857089372142265,0.034355835806384356,0.14502584785770226,False,0.0,0.10567115186135922,,0.34869541724765724,1101,slippery,1019,0.10273590026971928,False,False,16.0,22.0,36.0,0.375129147795055,3.433853717213183,2,2,dwa,slippery,1019,True,smoke_opt,2.1553051999999298,852,0.773841961852861,optimized
collision,False,11.579999999999842,10.19166795638897,0.8798311306295891,0.9039536981545482,0.04979262894324434,0.24560150004214043,False,0.0,-0.008398875955663243,obstacle,0.2953239540553338,579,slippery,1020,0.09532620733151166,False,False,16.0,22.0,36.0,0.48582736153101935,4.1574004859917215,4,3,dwa,slippery,1020,True,smoke_opt,1.3417405999998664,82,0.14162348877374784,optimized
collision,False,17.35999999999972,6.332658711099765,0.36439611440631425,0.8570315843678682,0.046686827800975966,0.16547008838796481,False,0.0,-0.001977979667266594,obstacle,0.22874046477329776,868,slippery,1021,0.10047913896395426,False,False,16.0,22.0,36.0,0.49393382380576967,3.748776285058246,2,2,dwa,slippery,1021,True,smoke_opt,1.8198824999999488,22,0.02534562211981567,optimized
goal,True,37.200000000000216,37.10341693718052,0.9721324636993584,2.4925717619635415,0.7972553026744245,0.20327739244570855,False,0.0,0.2257446619369713,,0.8740603431843135,1860,slippery,1022,0.1208464795392327,False,False,16.0,22.0,36.0,0.444981517111935,3.001053290848632,3,1,dwa,slippery,1022,True,smoke_opt,3.7999852000002647,6,0.0032258064516129032,optimized
goal,True,29.159999999999467,36.35532262441907,1.2466418432824131,1.502992199765809,0.75849176810814,0.20429873440768162,False,0.0,0.13750143129631842,,0.6295088897064588,1458,slippery,1023,0.13938613930373125,False,True,16.0,22.0,36.0,0.4168299030361967,3.6777381600170527,4,3,dwa,slippery,1023,True,smoke_opt,2.4595310000004247,119,0.08161865569272976,optimized
stall,False,19.59999999999967,7.143851721680287,0.364030599037839,0.8926206799097556,0.05736114517574497,0.1144147424718458,False,0.0,0.06761754373196319,,0.23783411230713447,980,slippery,1024,0.12742371124749005,True,False,16.0,22.0,36.0,0.5530909249073461,3.6449239382331395,3,3,dwa,slippery,1024,True,smoke_opt,2.500063599999521,850,0.8673469387755102,optimized
stall,False,30.41999999999944,21.775772897942623,0.7110357476907281,1.9333390874827314,0.5292627794973601,0.16943149994373424,False,0.0,0.05705374158494436,,0.9023111511655026,1521,slippery,1025,0.10611796749506633,False,False,16.0,22.0,36.0,0.35145263110173586,4.642234733205431,4,2,dwa,slippery,1025,True,smoke_opt,3.385508200000004,119,0.0782380013149244,optimized
stall,False,23.979999999999578,7.811061944749105,0.3247380244707488,0.8816513377939322,0.0316522567507287,0.17235973251512932,False,0.0,0.06349733896973786,,0.3511564221283634,1199,slippery,1026,0.12420554728644553,False,False,16.0,22.0,36.0,0.3931736821771624,3.3414743918087773,4,3,dwa,slippery,1026,True,smoke_opt,2.498018100000081,812,0.677231025854879,optimized
stall,False,36.52000000000011,27.213100375918724,0.7437173856284524,1.4710347502679284,1.0111916841271786,0.2193345770884545,False,0.0,0.056872418577859074,,0.6428547589882133,1826,slippery,1027,0.14434928086839663,False,False,16.0,22.0,36.0,0.37767344324701835,3.0559491122222395,3,1,dwa,slippery,1027,True,smoke_opt,2.5324505000007775,99,0.05421686746987952,optimized
goal,True,39.620000000000594,37.244908165667496,0.9132956277131954,3.3386625686855576,1.2067799423579373,0.23831660698641927,True,0.0006057546693589097,0.010938179908640877,,1.4782717078655923,1981,slippery,1028,0.1402814546945802,False,False,16.0,22.0,36.0,0.46077403955257046,4.632342157225378,3,2,dwa,slippery,1028,True,smoke_opt,4.3338360000007015,6,0.003028773346794548,optimized
collision,False,9.959999999999877,9.94281560364959,0.9964645764718136,0.8610638228160272,0.03875276245396023,0.22679905220353022,False,0.0,-0.006202331199914979,obstacle,0.2744842628931953,498,slippery,1029,0.1121120985381486,False,False,16.0,22.0,36.0,0.40932212108987814,4.673554672652967,4,3,dwa,slippery,1029,True,smoke_opt,1.2190825999996378,122,0.24497991967871485,optimized
stall,False,41.920000000000954,28.341225854242854,0.6484184635779002,2.9553983448378176,0.803342090568604,0.2042696311796937,False,0.0,0.06586547569970425,,1.044876948437177,2096,slippery,1030,0.14944884071670828,False,False,16.0,22.0,36.0,0.36035647716511543,3.473729495597242,2,1,dwa,slippery,1030,True,smoke_opt,3.112987200000134,987,0.4708969465648855,optimized
stall,False,34.27999999999976,25.60169205571125,0.7464203674964186,0.9841875693669485,0.5066718237412207,0.16005736738580534,False,0.0,0.11180386478047974,,0.5192667398494001,1714,slippery,1031,0.1019077208437179,False,True,16.0,22.0,36.0,0.42340330889096556,4.385133828919447,3,3,dwa,slippery,1031,True,smoke_opt,2.318131600000015,772,0.45040840140023336,optimized
goal,True,36.06000000000004,36.286961000632274,1.005821496809556,0.8460473022286777,0.3577875812374928,0.2064854886948887,False,0.0,0.06953579580675728,,0.8704952199320495,1803,slippery,1032,0.12608738559358684,False,True,16.0,22.0,36.0,0.4120721793777167,4.755480012589579,4,3,dwa,slippery,1032,True,smoke_opt,3.960058599999684,287,0.15917914586799778,optimized
collision,False,6.879999999999941,9.502201385965705,1.3826825449105433,0.7250265335240179,0.38493941239176704,0.19142238471856676,False,0.0,-0.003281859219149086,obstacle,0.15045179860766872,344,slippery,1033,0.12331852362634443,False,False,16.0,22.0,36.0,0.42201863834824094,4.65627625426184,4,2,dwa,slippery,1033,True,smoke_opt,0.7066906999998537,215,0.625,optimized
stall,False,28.49999999999948,11.317929477060181,0.3965379960239998,0.7413554037838934,0.04761844913019735,0.15654538782262323,False,0.0,0.4221913292341434,,0.40530961798041837,1425,slippery,1034,0.14061918078359328,True,True,16.0,22.0,36.0,0.389141839887363,4.960522680359679,4,2,dwa,slippery,1034,True,smoke_opt,1.780897399999958,0,0.0,optimized
off_sidewalk,False,5.51999999999997,6.388703042203912,1.1553126729959513,1.0453457044343482,0.3472513294596598,0.33447428607610946,False,0.0,0.28533483119992964,,0.20433891106608137,276,slippery,1035,0.12122831836586792,True,False,16.0,22.0,36.0,0.47214297077837475,3.639780951755606,4,3,dwa,slippery,1035,True,smoke_opt,0.44287770000028104,132,0.4782608695652174,optimized
collision,False,23.31999999999959,30.8046027827616,1.3211111966142097,0.8887109215766706,0.5341266212050307,0.20205011871309841,False,0.0,-0.007400283212796566,obstacle,0.5455268714147418,1166,slippery,1036,0.10618865016239329,False,True,16.0,22.0,36.0,0.5495179620369496,3.5881162897568393,3,3,dwa,slippery,1036,True,smoke_opt,2.3435529999997016,250,0.2144082332761578,optimized
goal,True,29.119999999999468,36.15666289832503,1.2417424000824506,3.2924338993068667,1.2832585753381405,0.3003723368307637,True,0.0006868131868131869,0.1513232793829957,,0.6785964471600443,1456,slippery,1037,0.12476034235885287,False,False,16.0,22.0,36.0,0.5620186115719132,3.6446668456292,3,1,dwa,slippery,1037,True,smoke_opt,2.3203708999999435,177,0.12156593406593406,optimized
stall,False,19.339999999999677,5.859067961883826,0.3019696476179491,0.9522207279212516,0.06395557685015216,0.13979340093441014,False,0.0,0.07404922850112092,,0.27348383876090654,967,slippery,1038,0.12343474614295463,False,False,16.0,22.0,36.0,0.5850572993951388,3.6535129386218568,4,3,dwa,slippery,1038,True,smoke_opt,1.4290634999997565,808,0.8355739400206825,optimized
collision,False,20.479999999999652,5.579171004918764,0.2716490297630079,0.8238055094094491,0.06267491647939408,0.13444210393502948,False,0.0,-0.001756674907469502,obstacle,0.2444286176710448,1024,slippery,1039,0.1319220647052896,False,False,16.0,22.0,36.0,0.515623960455422,4.738645777348411,2,3,dwa,slippery,1039,True,smoke_opt,1.5479612999997698,0,0.0,optimized
