direction,kerb_h,speed,angle_deg,wheel_radius,mu,ramp,outcome,success,peak_g,peak_vertical_g,max_pitch_deg
up,0.06,0.4,0.0,0.125,0.5,False,stall,False,0.9486943996445169,0.23569060124823127,0.5069079452214459
up,0.06,0.4,0.0,0.125,0.8,False,timeout,False,0.9172021395005366,0.31474622669707336,1.8585246951083325
up,0.06,0.4,0.0,0.125,1.0,False,stall,False,0.9130701994342234,0.737707904751379,6.65711646310071
up,0.06,0.4,0.0,0.15,0.5,False,stall,False,0.8089191883492539,0.1463411010493997,0.5165072825816232
up,0.06,0.4,0.0,0.15,0.8,False,timeout,False,0.8252276655589882,0.2502354045546654,1.2435335186705967
up,0.06,0.4,0.0,0.15,1.0,False,stall,False,1.5813924040723024,1.3276393054825752,6.679508220614792
up,0.06,0.4,0.0,0.175,0.5,False,stall,False,0.6456816513937461,0.051297421319652974,0.5152574927474004
up,0.06,0.4,0.0,0.175,0.8,False,stall,False,0.7650639651848282,0.20538941367781927,1.5941010976707843
up,0.06,0.4,0.0,0.175,1.0,False,stall,False,1.2023475814138616,0.9985162522926833,6.749664475742087
up,0.06,0.4,0.0,0.2,0.5,False,stall,False,0.5657142733862643,0.03298468668181347,0.5098183733670427
up,0.06,0.4,0.0,0.2,0.8,False,stall,False,0.6906359272360286,0.15325210004129963,0.8128235218017561
up,0.06,0.4,0.0,0.2,1.0,False,stall,False,0.69073088646857,0.21204972873219108,0.9277564026297489
up,0.06,0.4,15.0,0.125,0.5,False,ok,True,0.3706264658395862,0.20409524484818622,0.0001523525858404991
up,0.06,0.4,15.0,0.125,0.8,False,ok,True,0.44976905672119755,0.22226699746913273,0.00015334827151055957
up,0.06,0.4,15.0,0.125,1.0,False,ok,True,0.4874700361808019,0.22446493988829502,0.0001537042479932895
up,0.06,0.4,15.0,0.15,0.5,False,ok,True,0.34521007322907293,0.1909237974762252,0.00015275551936921007
up,0.06,0.4,15.0,0.15,0.8,False,ok,True,0.43238731051283197,0.20270475686592293,0.00015373651799080408
up,0.06,0.4,15.0,0.15,1.0,False,ok,True,0.47345545176707265,0.20281278314197032,0.0001540702858755315
up,0.06,0.4,15.0,0.175,0.5,False,ok,True,0.33333282249704854,0.16161286845638737,0.00015381113835434107
up,0.06,0.4,15.0,0.175,0.8,False,ok,True,0.43066711285810927,0.17682644969458527,0.00015468183102951502
up,0.06,0.4,15.0,0.175,1.0,False,ok,True,0.4584182727031981,0.17715637434113243,0.0001548647839328526
up,0.06,0.4,15.0,0.2,0.5,False,ok,True,0.31456244410186185,0.152077664442943,0.00015417305438523025
up,0.06,0.4,15.0,0.2,0.8,False,ok,True,0.41824036579362384,0.1634352942349963,0.00015499365051036907
up,0.06,0.4,15.0,0.2,1.0,False,ok,True,0.43984795377062624,0.16469072287274875,0.00015512818163915043
up,0.06,0.4,30.0,0.125,0.5,False,ok,True,0.3456700122082296,0.1886119776347493,1.8551546399010865
up,0.06,0.4,30.0,0.125,0.8,False,ok,True,0.4302145467465543,0.20327075514913692,1.834262821643954
up,0.06,0.4,30.0,0.125,1.0,False,ok,True,0.4618480395982106,0.20820946003834948,2.0443087549794563
up,0.06,0.4,30.0,0.15,0.5,False,ok,True,0.32941449904969256,0.17269284560952375,2.0951347610056157
up,0.06,0.4,30.0,0.15,0.8,False,ok,True,0.4075476650753902,0.18594467399811862,2.168809676791235
up,0.06,0.4,30.0,0.15,1.0,False,ok,True,0.44581067046629663,0.18804446506543931,2.11316787928186
up,0.06,0.4,30.0,0.175,0.5,False,ok,True,0.31222455922829134,0.1682281047947614,2.1876284946757463
up,0.06,0.4,30.0,0.175,0.8,False,ok,True,0.396262351274655,0.17377920917798656,2.1339120179463853
up,0.06,0.4,30.0,0.175,1.0,False,ok,True,0.42918431753841874,0.1761042230138697,2.2171858219810816
up,0.06,0.4,30.0,0.2,0.5,False,ok,True,0.29831209063971453,0.15971813920223332,2.159336983298436
up,0.06,0.4,30.0,0.2,0.8,False,ok,True,0.3854487900796665,0.16570801765080725,2.2593457050283927
up,0.06,0.4,30.0,0.2,1.0,False,ok,True,0.41887601252550677,0.16690137887308007,2.2977268955125285
up,0.06,0.6,0.0,0.125,0.5,False,stall,False,1.3150609445056853,0.3396828090951214,0.48715687182797474
up,0.06,0.6,0.0,0.125,0.8,False,stall,False,1.2879282528974894,0.7920076078043159,6.463223544155904
up,0.06,0.6,0.0,0.125,1.0,False,ok,True,1.2754850674188514,0.7928866737991983,0.0005896083637654609
up,0.06,0.6,0.0,0.15,0.5,False,stall,False,1.1076703314317937,0.2811790351602917,0.4898195766983061
up,0.06,0.6,0.0,0.15,0.8,False,stall,False,1.5685223094801233,1.3523974582140403,6.561793386846965
up,0.06,0.6,0.0,0.15,1.0,False,ok,True,1.5051283772261062,1.0035211632611871,0.0007772623091212647
up,0.06,0.6,0.0,0.175,0.5,False,stall,False,0.9164971728685236,0.18960596872306876,0.4538474044444193
up,0.06,0.6,0.0,0.175,0.8,False,stall,False,1.1886233686376246,1.028588939379716,6.5584566029991285
up,0.06,0.6,0.0,0.175,1.0,False,ok,True,2.034694153184736,1.339816588374886,0.0009664019903231676
up,0.06,0.6,0.0,0.2,0.5,False,ok,True,1.4918405742032235,0.9936097308357222,0.0012411469418630605
up,0.06,0.6,0.0,0.2,0.8,False,stall,False,1.1750886899573285,1.0114636691852126,6.5524549579658355
up,0.06,0.6,0.0,0.2,1.0,False,ok,True,1.4823474843673163,1.1105069520185835,0.0010362172914795294
up,0.06,0.6,15.0,0.125,0.5,False,ok,True,0.5369572099738568,0.2988906521322042,0.00015242609043820244
up,0.06,0.6,15.0,0.125,0.8,False,ok,True,0.6427022746768256,0.32684969010754567,0.00015341248582209738
up,0.06,0.6,15.0,0.125,1.0,False,ok,True,0.6884147535967392,0.33743426508075003,0.000153751784892646
up,0.06,0.6,15.0,0.15,0.5,False,ok,True,0.5032612904868791,0.2661949412621921,0.00015287693409102095
up,0.06,0.6,15.0,0.15,0.8,False,ok,True,0.6196654742559105,0.2863692907188429,0.0001538432886974121
up,0.06,0.6,15.0,0.15,1.0,False,ok,True,0.6676307678243426,0.30000143424777254,0.0001541464811604815
up,0.06,0.6,15.0,0.175,0.5,False,ok,True,0.4823187092890597,0.24078977632874599,0.00015428418338197893
up,0.06,0.6,15.0,0.175,0.8,False,ok,True,0.5947112406396615,0.2747986075237038,0.00015509331301955394
up,0.06,0.6,15.0,0.175,1.0,False,ok,True,0.6373489360497187,0.2730776720946038,0.00015516695915809386
up,0.06,0.6,15.0,0.2,0.5,False,ok,True,0.46612314021993195,0.22661716664859036,0.00015454053079920518
up,0.06,0.6,15.0,0.2,0.8,False,ok,True,0.5824800411451462,0.25490426500132785,0.00015527093472665385
up,0.06,0.6,15.0,0.2,1.0,False,ok,True,0.60771937891827,0.25457526946926784,0.00015542283394359862
up,0.06,0.6,30.0,0.125,0.5,False,ok,True,0.5160774011886853,0.2766518043835897,1.9244565988148046
up,0.06,0.6,30.0,0.125,0.8,False,ok,True,0.6246713881258114,0.30319370435018417,1.7972995936457599
up,0.06,0.6,30.0,0.125,1.0,False,ok,True,0.6759624550946461,0.31891612705747235,2.11823485994408
up,0.06,0.6,30.0,0.15,0.5,False,ok,True,0.4998860545018036,0.252106767946576,1.996751359580847
up,0.06,0.6,30.0,0.15,0.8,False,ok,True,0.5784910521622397,0.275812239719084,2.137500773200536
up,0.06,0.6,30.0,0.15,1.0,False,ok,True,0.6397144500025423,0.2914300945544509,2.1443169216186133
up,0.06,0.6,30.0,0.175,0.5,False,ok,True,0.4645716528754556,0.23924931265477914,2.035773709443902
up,0.06,0.6,30.0,0.175,0.8,False,ok,True,0.5701258235828552,0.2566373036359126,2.2064605714561853
up,0.06,0.6,30.0,0.175,1.0,False,ok,True,0.6104995553524284,0.26577595121484254,2.2004577112857104
up,0.06,0.6,30.0,0.2,0.5,False,ok,True,0.44612846983329235,0.23025794789301288,2.121036943442842
up,0.06,0.6,30.0,0.2,0.8,False,ok,True,0.5558482100415671,0.24195192452943712,2.2618617136445245
up,0.06,0.6,30.0,0.2,1.0,False,ok,True,0.5867880179369893,0.2509999596382833,2.2691931889264936
up,0.06,0.8,0.0,0.125,0.5,False,stall,False,1.6591651975971398,0.387418984757964,0.4908712956854738
up,0.06,0.8,0.0,0.125,0.8,False,ok,True,1.8270521200981782,1.1431280606848229,0.0005437538217486075
up,0.06,0.8,0.0,0.125,1.0,False,ok,True,1.6138010433418726,0.7209963185340632,0.0005915474753197592
up,0.06,0.8,0.0,0.15,0.5,False,stall,False,1.3888854832832933,0.37083830932487455,0.4367232099945134
up,0.06,0.8,0.0,0.15,0.8,False,ok,True,1.936028121761305,1.277046174897984,0.0006417048821881555
up,0.06,0.8,0.0,0.15,1.0,False,ok,True,1.4316692227289158,0.6472406226017063,0.0006960880313924689
up,0.06,0.8,0.0,0.175,0.5,False,ok,True,1.6259570141483504,1.0037407192737546,0.0008811560945868322
up,0.06,0.8,0.0,0.175,0.8,False,ok,True,2.184863540274012,1.4811734272399617,0.0006729829184957758
up,0.06,0.8,0.0,0.175,1.0,False,ok,True,1.2893677965287476,0.8104459782169852,0.000768641037526327
up,0.06,0.8,0.0,0.2,0.5,False,ok,True,1.5692888821272217,1.002256057545411,0.001100100996030107
up,0.06,0.8,0.0,0.2,0.8,False,ok,True,1.9005438502245056,1.3872831670164523,0.0007247935111122051
up,0.06,0.8,0.0,0.2,1.0,False,ok,True,1.654962388071739,1.195672132027635,0.0008324640018124856
up,0.06,0.8,15.0,0.125,0.5,False,ok,True,0.6830301341355509,0.4307382191308741,0.00015250082646731878
up,0.06,0.8,15.0,0.125,0.8,False,ok,True,0.8143734255626627,0.4337338750772676,0.0001534746673991708
up,0.06,0.8,15.0,0.125,1.0,False,ok,True,0.8847683044969811,0.43103729112907824,0.00015379882265687157
up,0.06,0.8,15.0,0.15,0.5,False,ok,True,0.6534183768820566,0.3560553908916826,0.00015300323553455104
up,0.06,0.8,15.0,0.15,0.8,False,ok,True,0.780806902423956,0.37142669802749634,0.0001539472545581464
up,0.06,0.8,15.0,0.15,1.0,False,ok,True,0.8451336550560248,0.38417071434652184,0.00015422299468272256
up,0.06,0.8,15.0,0.175,0.5,False,ok,True,0.6191391474588205,0.33106947354087807,0.00015476316289013927
up,0.06,0.8,15.0,0.175,0.8,False,ok,True,0.756963427938555,0.34797466497617857,0.00015549112166146048
up,0.06,0.8,15.0,0.175,1.0,False,ok,True,0.8028040477107249,0.3608899820338506,0.00015548136556838327
up,0.06,0.8,15.0,0.2,0.5,False,ok,True,0.5984045105341259,0.3098361090668223,0.00015484249508629215
up,0.06,0.8,15.0,0.2,0.8,False,ok,True,0.7265823421307155,0.3274267411499081,0.00015551875902033408
up,0.06,0.8,15.0,0.2,1.0,False,ok,True,0.761244019342071,0.3465384815164764,0.00015566438699784267
up,0.06,0.8,30.0,0.125,0.5,False,ok,True,0.6794665510252489,0.37551736764979454,1.8892839644578943
up,0.06,0.8,30.0,0.125,0.8,False,ok,True,0.816420510078999,0.4068712739605762,1.974748346794794
up,0.06,0.8,30.0,0.125,1.0,False,ok,True,0.8695130971881277,0.4171590656306881,1.8808945347660735
up,0.06,0.8,30.0,0.15,0.5,False,ok,True,0.6479468112888443,0.34153981323866117,1.8857708423733535
up,0.06,0.8,30.0,0.15,0.8,False,ok,True,0.7710138564551571,0.37100033919051634,1.946004905406497
up,0.06,0.8,30.0,0.15,1.0,False,ok,True,0.8232053686470865,0.3894169461974716,2.196337742210938
up,0.06,0.8,30.0,0.175,0.5,False,ok,True,0.6152636836274016,0.3065442892023362,2.1203155146686745
up,0.06,0.8,30.0,0.175,0.8,False,ok,True,0.7401918156254,0.3422581006339538,2.1274139929175924
up,0.06,0.8,30.0,0.175,1.0,False,ok,True,0.7815189787254839,0.36762813119485893,2.1636089688737457
up,0.06,0.8,30.0,0.2,0.5,False,ok,True,0.5881496581024765,0.29690736354432296,2.122547629526985
up,0.06,0.8,30.0,0.2,0.8,False,ok,True,0.7168701494503515,0.32339791066504087,2.1976727332752564
up,0.06,0.8,30.0,0.2,1.0,False,ok,True,0.7502945569703028,0.34076559568653286,2.158033708242472
up,0.06,1.0,0.0,0.125,0.5,False,stall,False,1.977624795919355,0.48493181265886903,0.4754666668738766
up,0.06,1.0,0.0,0.125,0.8,False,ok,True,1.9499941390987119,0.8095686038133741,0.0004670871030752925
up,0.06,1.0,0.0,0.125,1.0,False,ok,True,1.9459991920175306,0.8615211954978619,0.0005262693641837761
up,0.06,1.0,0.0,0.15,0.5,False,ok,True,1.9442929047472852,1.0836984086910164,0.0007998091395461007
up,0.06,1.0,0.0,0.15,0.8,False,ok,True,1.7075128566774898,0.764295172747771,0.0005628751197886164
up,0.06,1.0,0.0,0.15,1.0,False,ok,True,1.6957657305661324,0.8113394414607172,0.0005923315077135319
up,0.06,1.0,0.0,0.175,0.5,False,ok,True,1.7988717818392452,1.0224176379475054,0.000818241555687983
up,0.06,1.0,0.0,0.175,0.8,False,ok,True,1.5408980135204495,0.8845888957319786,0.0005719349252857367
up,0.06,1.0,0.0,0.175,1.0,False,ok,True,1.526468971728673,0.7113046588536655,0.0006500549373360023
up,0.06,1.0,0.0,0.2,0.5,False,ok,True,1.6986654809321808,0.9896028219157571,0.0009333198351165504
up,0.06,1.0,0.0,0.2,0.8,False,ok,True,1.6141018037438761,1.1352291179886718,0.0006142377450874194
up,0.06,1.0,0.0,0.2,1.0,False,ok,True,1.4058267965607758,0.6933063485605057,0.0006993564753795895
up,0.06,1.0,15.0,0.125,0.5,False,ok,True,0.8433077594588556,0.4894302096245937,0.00015257908012680378
up,0.06,1.0,15.0,0.125,0.8,False,ok,True,0.9843849678411825,0.5088817367539287,0.00015354290403577273
up,0.06,1.0,15.0,0.125,1.0,False,ok,True,1.0624606315719902,0.5170127913529707,0.00015384561955196708
up,0.06,1.0,15.0,0.15,0.5,False,ok,True,0.7972278723221768,0.45084688062648365,0.00015312825555038398
up,0.06,1.0,15.0,0.15,0.8,False,ok,True,0.9362095482063433,0.4717361002077008,0.00015405351932040723
up,0.06,1.0,15.0,0.15,1.0,False,ok,True,1.007270634199685,0.469871206835439,0.00015430106197481027
up,0.06,1.0,15.0,0.175,0.5,False,ok,True,0.7459025821487453,0.4144932739604753,0.00015527815334086535
up,0.06,1.0,15.0,0.175,0.8,False,ok,True,0.9000504109579291,0.4401174843654713,0.00015591247079295415
up,0.06,1.0,15.0,0.175,1.0,False,ok,True,0.9569353939276392,0.44388187715663613,0.0001558001783025623
up,0.06,1.0,15.0,0.2,0.5,False,ok,True,0.7253168568768354,0.39669386472079743,0.0001551992937063815
up,0.06,1.0,15.0,0.2,0.8,False,ok,True,0.8523002515706665,0.40501668847672784,0.000155862422456588
up,0.06,1.0,15.0,0.2,1.0,False,ok,True,0.9106835591359638,0.4175909968919004,0.00015574000380054868
up,0.06,1.0,30.0,0.125,0.5,False,ok,True,0.8386158225870077,0.4824343222573455,1.5878337197006744
up,0.06,1.0,30.0,0.125,0.8,False,ok,True,1.0000101140468693,0.5138527461094435,1.5846416362538094
up,0.06,1.0,30.0,0.125,1.0,False,ok,True,1.0522526317711887,0.5181747955797145,1.946006676182915
up,0.06,1.0,30.0,0.15,0.5,False,ok,True,0.7924345213599554,0.45028692575992485,1.9058992327970539
up,0.06,1.0,30.0,0.15,0.8,False,ok,True,0.9482958293230995,0.4670717007057171,1.9371344048921646
up,0.06,1.0,30.0,0.15,1.0,False,ok,True,0.9718088772169688,0.48213035397640774,2.1475783906188215
up,0.06,1.0,30.0,0.175,0.5,False,ok,True,0.745619132171124,0.40124854306361624,2.15486524032026
up,0.06,1.0,30.0,0.175,0.8,False,ok,True,0.8998518620333572,0.4318775979856867,2.207335931367036
up,0.06,1.0,30.0,0.175,1.0,False,ok,True,0.944381144119188,0.45859641566287057,2.095851308836941
up,0.06,1.0,30.0,0.2,0.5,False,ok,True,0.720557341147609,0.39832269813279153,2.0909591347876093
up,0.06,1.0,30.0,0.2,0.8,False,ok,True,0.8682720213795806,0.4070585192690201,2.1388830865545163
up,0.06,1.0,30.0,0.2,1.0,False,ok,True,0.8989472326770288,0.43509689822102565,2.3227257322410697
up,0.06,1.2,0.0,0.125,0.5,False,ok,True,2.267945107545394,1.1213935662755692,0.0005605534030031843
up,0.06,1.2,0.0,0.125,0.8,False,ok,True,2.2587538418807265,0.948891520118282,0.00041723802609073965
up,0.06,1.2,0.0,0.125,1.0,False,ok,True,2.2288491490303026,0.9825893359232155,0.00046408751675940866
up,0.06,1.2,0.0,0.15,0.5,False,ok,True,2.043631241419563,1.2985246373532755,0.000642980948428175
up,0.06,1.2,0.0,0.15,0.8,False,ok,True,1.9807722103916292,0.8805818642598569,0.0004637670511399233
up,0.06,1.2,0.0,0.15,1.0,False,ok,True,1.9361656498449327,0.9524747077065314,0.00052345896320119
up,0.06,1.2,0.0,0.175,0.5,False,ok,True,2.166811895269957,1.4485923295043768,0.0007742277070780822
up,0.06,1.2,0.0,0.175,0.8,False,ok,True,1.7547537769584123,0.7846024017238437,0.0005022512952939356
up,0.06,1.2,0.0,0.175,1.0,False,ok,True,1.7551696356167692,0.8366259233196292,0.0005699848350883731
up,0.06,1.2,0.0,0.2,0.5,False,ok,True,2.054639692772826,1.3853726760842675,0.0008150606872689706
up,0.06,1.2,0.0,0.2,0.8,False,ok,True,1.580018479848178,0.7150931359331368,0.0005391902517264672
up,0.06,1.2,0.0,0.2,1.0,False,ok,True,1.6073049234031063,0.7580014003970106,0.0006132504848498795
up,0.06,1.2,15.0,0.125,0.5,False,ok,True,0.9767407528382754,0.5790247887630136,0.0001526571576285939
up,0.06,1.2,15.0,0.125,0.8,False,ok,True,1.143073262650926,0.6009790384466325,0.0001536100082747998
up,0.06,1.2,15.0,0.125,1.0,False,ok,True,1.2172103403477952,0.6066689070176132,0.00015389575564742265
up,0.06,1.2,15.0,0.15,0.5,False,ok,True,0.9308375308266976,0.5335580238258992,0.0001532680862420418
up,0.06,1.2,15.0,0.15,0.8,False,ok,True,1.075559391821403,0.5454942606990376,0.00015417334532122392
up,0.06,1.2,15.0,0.15,1.0,False,ok,True,1.150500658965113,0.5581989219479906,0.00015438941498132028
up,0.06,1.2,15.0,0.175,0.5,False,ok,True,0.8814154869988386,0.4974825580869294,0.00015574264312340677
up,0.06,1.2,15.0,0.175,0.8,False,ok,True,1.0260028893442046,0.5182941680067057,0.00015635510444314495
up,0.06,1.2,15.0,0.175,1.0,False,ok,True,1.0898335318077863,0.5129295397103905,0.00015614045352810342
up,0.06,1.2,15.0,0.2,0.5,False,ok,True,0.841972673148519,0.46726616874654137,0.0001556444022209655
up,0.06,1.2,15.0,0.2,0.8,False,ok,True,0.9863270545774554,0.4859087714819,0.00015629787246969557
up,0.06,1.2,15.0,0.2,1.0,False,ok,True,1.0357705398754986,0.5022432323992767,0.0001560623819270101
up,0.06,1.2,30.0,0.125,0.5,False,ok,True,0.9836056751428772,0.5827921310633449,1.9684018658737858
up,0.06,1.2,30.0,0.125,0.8,False,ok,True,1.1647603140348566,0.6110190297406635,1.9399093850986107
up,0.06,1.2,30.0,0.125,1.0,False,ok,True,1.2310980531205977,0.6197683662854596,1.6425419139083317
up,0.06,1.2,30.0,0.15,0.5,False,ok,True,0.9430966387934795,0.5329876875920853,1.7194318398715456
up,0.06,1.2,30.0,0.15,0.8,False,ok,True,1.0986668273155216,0.564922515696736,2.148292006312927
up,0.06,1.2,30.0,0.15,1.0,False,ok,True,1.1572433352010647,0.5836967539088008,1.9514833855291704
up,0.06,1.2,30.0,0.175,0.5,False,ok,True,0.8768594514343175,0.492729813607284,1.9901670849048438
up,0.06,1.2,30.0,0.175,0.8,False,ok,True,1.052814119596186,0.5389931997884121,1.9774312890056498
up,0.06,1.2,30.0,0.175,1.0,False,ok,True,1.0898417040728825,0.5629111620909505,2.2162294678640744
up,0.06,1.2,30.0,0.2,0.5,False,ok,True,0.8477530636634081,0.4586712891111476,2.2230802734214676
up,0.06,1.2,30.0,0.2,0.8,False,ok,True,1.008120460552416,0.5470913675199147,2.185339469631785
up,0.06,1.2,30.0,0.2,1.0,False,ok,True,1.037368951790304,0.5313925762059223,2.3867912806769955
up,0.06,1.4,0.0,0.125,0.5,False,ok,True,2.5481118157410028,1.4174534292281762,0.0004957599980848995
up,0.06,1.4,0.0,0.125,0.8,False,ok,True,2.5373895230383434,1.0721628317481364,0.0003811742098974329
up,0.06,1.4,0.0,0.125,1.0,False,ok,True,2.489800370933244,1.1132997659860457,0.0004208328158400917
up,0.06,1.4,0.0,0.15,0.5,False,ok,True,2.043940727758217,1.0867975785718482,0.0004969817336597102
up,0.06,1.4,0.0,0.15,0.8,False,ok,True,2.196887091079934,0.9900731893186011,0.00042174674202625584
up,0.06,1.4,0.0,0.15,1.0,False,ok,True,2.167523140671926,1.0749217780637512,0.00047050973317706564
up,0.06,1.4,0.0,0.175,0.5,False,ok,True,1.558724339978156,1.0164082908683343,0.0006927629561014862
up,0.06,1.4,0.0,0.175,0.8,False,ok,True,1.9505164153428274,0.8990751511298322,0.00045906101494178124
up,0.06,1.4,0.0,0.175,1.0,False,ok,True,1.9527123919351688,0.9525783448992159,0.0005134204008923016
up,0.06,1.4,0.0,0.2,0.5,False,ok,True,1.663158682880536,1.1058883269563005,0.0007190694211687103
up,0.06,1.4,0.0,0.2,0.8,False,ok,True,1.7448260276947616,0.7620656358020778,0.0004872133724354107
up,0.06,1.4,0.0,0.2,1.0,False,ok,True,1.777902967162666,0.8660815749529558,0.0005485620646656138
up,0.06,1.4,15.0,0.125,0.5,False,ok,True,1.1084060005679586,0.6458033236002592,0.00015273997733583822
up,0.06,1.4,15.0,0.125,0.8,False,ok,True,1.2898320891071622,0.6949413709502015,0.0001536705358973006
up,0.06,1.4,15.0,0.125,1.0,False,ok,True,1.3765311705247958,0.692754274851059,0.000153948675729954
up,0.06,1.4,15.0,0.15,0.5,False,ok,True,1.0575653182160438,0.6182168282846195,0.0001534180759224436
up,0.06,1.4,15.0,0.15,0.8,False,ok,True,1.2123368326100992,0.6320808478828607,0.00015430029575205475
up,0.06,1.4,15.0,0.15,1.0,False,ok,True,1.2985001766386872,0.6389210847687097,0.00015448485046372625
up,0.06,1.4,15.0,0.175,0.5,False,ok,True,1.0088001286545656,0.5748826202978684,0.0001563060173816752
up,0.06,1.4,15.0,0.175,0.8,False,ok,True,1.1561986197701226,0.5883802424840845,0.00015681604986091298
up,0.06,1.4,15.0,0.175,1.0,False,ok,True,1.2231110359031778,0.5931656791991758,0.0001564601787988205
up,0.06,1.4,15.0,0.2,0.5,False,ok,True,0.9525568251778733,0.5386590314312905,0.0001561468454884971
up,0.06,1.4,15.0,0.2,0.8,False,ok,True,1.1101306239494186,0.5627391341786006,0.00015640079288006651
up,0.06,1.4,15.0,0.2,1.0,False,ok,True,1.1611746535231464,0.5694686947957064,0.00015644852676858375
up,0.06,1.4,30.0,0.125,0.5,False,ok,True,1.0959145346801935,0.6829372931611747,2.070746434548351
up,0.06,1.4,30.0,0.125,0.8,False,ok,True,1.318706342653149,0.7597829055204973,1.975229100229266
up,0.06,1.4,30.0,0.125,1.0,False,ok,True,1.3921201548220448,0.7885455783331503,1.6282154355785292
up,0.06,1.4,30.0,0.15,0.5,False,ok,True,1.0503720573562823,0.6652494108619359,1.7594230676796352
up,0.06,1.4,30.0,0.15,0.8,False,ok,True,1.2499995228779757,0.7147698798390236,2.1895317645055634
up,0.06,1.4,30.0,0.15,1.0,False,ok,True,1.3108202198427046,0.7437252795888089,1.9066745162686387
up,0.06,1.4,30.0,0.175,0.5,False,ok,True,1.0031466409478618,0.6208833783270334,1.9917445170146661
up,0.06,1.4,30.0,0.175,0.8,False,ok,True,1.1963069843059724,0.698411636353714,1.9321421159794672
up,0.06,1.4,30.0,0.175,1.0,False,ok,True,1.2366317886666194,0.705168842742421,2.190617182509682
up,0.06,1.4,30.0,0.2,0.5,False,ok,True,0.9623328600076047,0.5903823385141989,2.2387776262464176
up,0.06,1.4,30.0,0.2,0.8,False,ok,True,1.138047756079842,0.6503910352166932,2.18927539189848
up,0.06,1.4,30.0,0.2,1.0,False,ok,True,1.1675010751579984,0.6447835355274968,2.3824768191201193
up,0.06,1.6,0.0,0.125,0.5,False,ok,True,2.75075758388496,1.27559185926425,0.0004658477698414383
up,0.06,1.6,0.0,0.125,0.8,False,ok,True,2.780276006408593,1.1939482112546993,0.0003302373807978491
up,0.06,1.6,0.0,0.125,1.0,False,ok,True,2.755885360802828,1.2331496820895989,0.00038938115382394165
up,0.06,1.6,0.0,0.15,0.5,False,ok,True,2.1433663938615424,1.3564316936769227,0.00046354539922860584
up,0.06,1.6,0.0,0.15,0.8,False,ok,True,2.437543715950705,1.0867653739301455,0.0003835122522011648
up,0.06,1.6,0.0,0.15,1.0,False,ok,True,2.3761765200763887,1.1750245293165837,0.0004336910794367856
up,0.06,1.6,0.0,0.175,0.5,False,ok,True,1.6385589530638764,1.0676449684911093,0.0005818212381545526
up,0.06,1.6,0.0,0.175,0.8,False,ok,True,2.144202389398455,1.0086055160553402,0.0004222874801162103
up,0.06,1.6,0.0,0.175,1.0,False,ok,True,2.140109848506195,1.0489715767635688,0.0004718402305536898
up,0.06,1.6,0.0,0.2,0.5,False,ok,True,1.3128920314020527,0.9957516878102808,0.0006435126206903433
up,0.06,1.6,0.0,0.2,0.8,False,ok,True,1.928574960150954,0.8564710033319642,0.0004485882832603072
up,0.06,1.6,0.0,0.2,1.0,False,ok,True,1.9705131286063562,0.9764186765497599,0.0005018524102926708
up,0.06,1.6,15.0,0.125,0.5,False,ok,True,1.191316356772363,0.7092538006909143,0.00015283140945172302
up,0.06,1.6,15.0,0.125,0.8,False,ok,True,1.4173177708765106,0.7794808714664763,0.0001537445537643712
up,0.06,1.6,15.0,0.125,1.0,False,ok,True,1.5135532453134355,0.7865555276087975,0.0001539955721057221
up,0.06,1.6,15.0,0.15,0.5,False,ok,True,1.1724441744717846,0.6770757686074768,0.00015358639441140256
up,0.06,1.6,15.0,0.15,0.8,False,ok,True,1.3518451026026368,0.720905254977505,0.00015441728406725912
up,0.06,1.6,15.0,0.15,1.0,False,ok,True,1.4278267826150626,0.7166400550489931,0.00015457804438913928
up,0.06,1.6,15.0,0.175,0.5,False,ok,True,1.1220699080053511,0.6452950240668047,0.00015671285832658777
up,0.06,1.6,15.0,0.175,0.8,False,ok,True,1.2852570494326219,0.6656056277078819,0.0001572327351976622
up,0.06,1.6,15.0,0.175,1.0,False,ok,True,1.34576212483468,0.6713233465660933,0.00015679975881553913
up,0.06,1.6,15.0,0.2,0.5,False,ok,True,1.070041228062775,0.6135282718407156,0.00015645687898422134
up,0.06,1.6,15.0,0.2,0.8,False,ok,True,1.221144630483773,0.6395577043604531,0.00015702459546019338
up,0.06,1.6,15.0,0.2,1.0,False,ok,True,1.2830784773452601,0.6377737940719479,0.00015662121046128405
up,0.06,1.6,30.0,0.125,0.5,False,ok,True,1.167062945702652,0.7607375392735823,1.8523799766706432
up,0.06,1.6,30.0,0.125,0.8,False,ok,True,1.4375324480973823,0.8258012196353491,1.7278152453497853
up,0.06,1.6,30.0,0.125,1.0,False,ok,True,1.5492441745722203,0.8484974286614044,1.972722118626011
up,0.06,1.6,30.0,0.15,0.5,False,ok,True,1.156769844617168,0.7095463572519297,2.0282941728765476
up,0.06,1.6,30.0,0.15,0.8,False,ok,True,1.3899198788203377,0.7455734163971817,1.9652726581763265
up,0.06,1.6,30.0,0.15,1.0,False,ok,True,1.4567986210307096,0.7524957642834005,2.177667981198448
up,0.06,1.6,30.0,0.175,0.5,False,ok,True,1.1166786288136914,0.6470910674482139,2.256708613173604
up,0.06,1.6,30.0,0.175,0.8,False,ok,True,1.3172640010766368,0.6819675009642119,2.157678080833286
up,0.06,1.6,30.0,0.175,1.0,False,ok,True,1.3613900880525038,0.6813530476154286,2.375081273437631
up,0.06,1.6,30.0,0.2,0.5,False,ok,True,1.0786883697041854,0.5999284509993175,1.9986129882113228
up,0.06,1.6,30.0,0.2,0.8,False,ok,True,1.260882242381847,0.6229082112759781,2.3695636315925603
up,0.06,1.6,30.0,0.2,1.0,False,ok,True,1.288143622138117,0.6178452587636853,2.1318333060308667
up,0.06,1.8,0.0,0.125,0.5,False,ok,True,2.920575854384938,1.0574890198404452,0.0002577194521161794
up,0.06,1.8,0.0,0.125,0.8,False,ok,True,3.00257396256889,1.2930288865699449,0.00031400945282027295
up,0.06,1.8,0.0,0.125,1.0,False,ok,True,2.9783022195419506,1.3223362423617098,0.0003672107841210544
up,0.06,1.8,0.0,0.15,0.5,False,ok,True,2.169404849582958,1.2791135669308193,0.00041271601579843557
up,0.06,1.8,0.0,0.15,0.8,False,ok,True,2.627724186425063,1.1909190193651973,0.00030252562939749673
up,0.06,1.8,0.0,0.15,1.0,False,ok,True,2.557054212920863,1.2547233937837516,0.0004057464483260253
up,0.06,1.8,0.0,0.175,0.5,False,ok,True,1.6802358970793254,1.1978167339634116,0.0005352271895665991
up,0.06,1.8,0.0,0.175,0.8,False,ok,True,2.298075421563501,1.0823428287012489,0.0003937173928485785
up,0.06,1.8,0.0,0.175,1.0,False,ok,True,2.310828549233684,1.1541248772232093,0.00043792187852369435
up,0.06,1.8,0.0,0.2,0.5,False,ok,True,1.2789005301561853,1.0383907814167528,0.0006119572352704311
up,0.06,1.8,0.0,0.2,0.8,False,ok,True,2.01063099075093,0.9386190686878333,0.00042356994692472927
up,0.06,1.8,0.0,0.2,1.0,False,ok,True,2.1322620687055855,1.0774091376292838,0.0004693791607185489
up,0.06,1.8,15.0,0.125,0.5,False,ok,True,1.2755711963100453,0.7742008943364671,0.0001529261833615556
up,0.06,1.8,15.0,0.125,0.8,False,ok,True,1.5347938610729566,0.8623800989653477,0.00015383683678867508
up,0.06,1.8,15.0,0.125,1.0,False,ok,True,1.6556132890961412,0.8617538395956418,0.00015406036591853668
up,0.06,1.8,15.0,0.15,0.5,False,ok,True,1.2517680535655913,0.7446825946014658,0.00015380398614012753
up,0.06,1.8,15.0,0.15,0.8,False,ok,True,1.4611524268348774,0.8090105372733881,0.00015462182628010908
up,0.06,1.8,15.0,0.15,1.0,False,ok,True,1.5582124342044847,0.7973631874162364,0.00015468881089097876
up,0.06,1.8,15.0,0.175,0.5,False,ok,True,1.2144347502352169,0.7102634912298321,0.00015753226079895827
up,0.06,1.8,15.0,0.175,0.8,False,ok,True,1.3969892355769566,0.7451305977515815,0.00015797645667943157
up,0.06,1.8,15.0,0.175,1.0,False,ok,True,1.4742894170479406,0.7451664025904993,0.00015748688288268225
up,0.06,1.8,15.0,0.2,0.5,False,ok,True,1.1665115278838873,0.6708523416123598,0.00015787564256041528
up,0.06,1.8,15.0,0.2,0.8,False,ok,True,1.3364648484012476,0.7090727451459964,0.00015789488076843532
up,0.06,1.8,15.0,0.2,1.0,False,ok,True,1.3914241885721355,0.7022753355140092,0.0001575409221237079
up,0.06,1.8,30.0,0.125,0.5,False,ok,True,1.2460376529506334,0.7836175276496893,1.5465993636615105
up,0.06,1.8,30.0,0.125,0.8,False,ok,True,1.5530869764809891,0.8744394442528587,1.9849490132203191
up,0.06,1.8,30.0,0.125,1.0,False,ok,True,1.6831597059199555,0.9283281077883522,1.6711036165663666
up,0.06,1.8,30.0,0.15,0.5,False,ok,True,1.236307798566114,0.7378735814758758,1.804721329562484
up,0.06,1.8,30.0,0.15,0.8,False,ok,True,1.5166045641122716,0.8200100368224289,2.212720379771459
up,0.06,1.8,30.0,0.15,1.0,False,ok,True,1.5874653211767078,0.8318753398979346,1.8498732679408911
up,0.06,1.8,30.0,0.175,0.5,False,ok,True,1.2149125701407364,0.7053743328869255,2.0177565091618748
up,0.06,1.8,30.0,0.175,0.8,False,ok,True,1.4429367021304986,0.7449697400118908,2.41793192814975
up,0.06,1.8,30.0,0.175,1.0,False,ok,True,1.4899246945931448,0.7606887410786091,2.13592184283909
up,0.06,1.8,30.0,0.2,0.5,False,ok,True,1.1828709588201207,0.6728315768276514,2.2619683300786892
up,0.06,1.8,30.0,0.2,0.8,False,ok,True,1.3693920742648948,0.7094967956955164,2.12309751922243
up,0.06,1.8,30.0,0.2,1.0,False,ok,True,1.4046404745257335,0.6952616844402266,2.3549838882631704
up,0.06,2.0,0.0,0.125,0.5,False,ok,True,3.057554486818037,1.1483233840424958,0.00035202927928311965
up,0.06,2.0,0.0,0.125,0.8,False,ok,True,3.2441325398558316,1.396066891830658,0.00031681437753960386
up,0.06,2.0,0.0,0.125,1.0,False,ok,True,3.1834447940333837,1.4426829850976546,0.0003482400407592762
up,0.06,2.0,0.0,0.15,0.5,False,ok,True,2.239186138102977,1.0232524372053444,0.00034248322158080333
up,0.06,2.0,0.0,0.15,0.8,False,ok,True,2.779874377120263,1.2682439783052228,0.00034832847084213597
up,0.06,2.0,0.0,0.15,1.0,False,ok,True,2.781531054390884,1.3268166270010329,0.00038096189777597696
up,0.06,2.0,0.0,0.175,0.5,False,ok,True,1.7115461700891506,1.2372071937768687,0.0005832207628926982
up,0.06,2.0,0.0,0.175,0.8,False,ok,True,2.4806302377230405,1.1699806914304254,0.00037853974876779435
up,0.06,2.0,0.0,0.175,1.0,False,ok,True,2.490227649253847,1.2626370437601018,0.0005589254427557341
up,0.06,2.0,0.0,0.2,0.5,False,ok,True,1.3142396073198683,1.0507286568283059,0.000536955896745098
up,0.06,2.0,0.0,0.2,0.8,False,ok,True,2.164708114460456,1.0130071718699987,0.0003823963400283592
up,0.06,2.0,0.0,0.2,1.0,False,ok,True,2.2652299495325225,1.1659687271305397,0.00044008524710280355
up,0.06,2.0,15.0,0.125,0.5,False,ok,True,1.3561620216758425,0.8182752551967236,0.0001531031549668483
up,0.06,2.0,15.0,0.125,0.8,False,ok,True,1.6417825365228964,0.9238066299247251,0.0001540454400479095
up,0.06,2.0,15.0,0.125,1.0,False,ok,True,1.780987365707386,0.9605916148576912,0.0001542872572505965
up,0.06,2.0,15.0,0.15,0.5,False,ok,True,1.344217702465299,0.7931583552800582,0.00015443381244922198
up,0.06,2.0,15.0,0.15,0.8,False,ok,True,1.5821346406619212,0.8765932895942714,0.00015519999721287276
up,0.06,2.0,15.0,0.15,1.0,False,ok,True,1.670279346063183,0.8715432940556699,0.00015542943090780256
up,0.06,2.0,15.0,0.175,0.5,False,ok,True,1.2934248768462777,0.7574517081257417,0.0001577789228461117
up,0.06,2.0,15.0,0.175,0.8,False,ok,True,1.5118642187018612,0.8009200201171748,0.00015872089752884958
up,0.06,2.0,15.0,0.175,1.0,False,ok,True,1.580628967692219,0.8232865240339176,0.00015830907857528666
up,0.06,2.0,15.0,0.2,0.5,False,ok,True,1.2686750687796282,0.7380449494460823,0.00015554755070417846
up,0.06,2.0,15.0,0.2,0.8,False,ok,True,1.4381132472925908,0.773517086275833,0.00015385571041590462
up,0.06,2.0,15.0,0.2,1.0,False,ok,True,1.5031799346823418,0.7710920465746319,0.00015550946802711624
up,0.06,2.0,30.0,0.125,0.5,False,ok,True,1.336009247782199,0.8221266598019754,1.779097212710376
up,0.06,2.0,30.0,0.125,0.8,False,ok,True,1.6605689524881104,0.9160701129177836,2.134728514855936
up,0.06,2.0,30.0,0.125,1.0,False,ok,True,1.8023384022897742,0.9593480288777148,1.7746771653764604
up,0.06,2.0,30.0,0.15,0.5,False,ok,True,1.3384206125972726,0.7761921757878774,2.002246977122443
up,0.06,2.0,30.0,0.15,0.8,False,ok,True,1.624900388232672,0.8693321385153278,1.7793998037751086
up,0.06,2.0,30.0,0.15,1.0,False,ok,True,1.7039616303943066,0.8804141953917015,2.0012522435237905
up,0.06,2.0,30.0,0.175,0.5,False,ok,True,1.3033833322140425,0.7438450807287178,2.1908814794154923
up,0.06,2.0,30.0,0.175,0.8,False,ok,True,1.5538956966603346,0.8102993172089271,2.0547558046264185
up,0.06,2.0,30.0,0.175,1.0,False,ok,True,1.6055371216120973,0.8059548338433096,2.242153979626339
up,0.06,2.0,30.0,0.2,0.5,False,ok,True,1.2710199172483139,0.7228137828429274,1.8694597830614796
up,0.06,2.0,30.0,0.2,0.8,False,ok,True,1.474178374161084,0.7524333800581756,2.3120744734578342
up,0.06,2.0,30.0,0.2,1.0,False,ok,True,1.5088372763395108,0.7520488822829372,2.408857081735909
up,0.06,2.2,0.0,0.125,0.5,False,ok,True,3.0589941997997663,1.2010977577764081,0.00031090841843099286
up,0.06,2.2,0.0,0.125,0.8,False,ok,True,3.376486958528363,1.4818219568590525,0.000324898869273182
up,0.06,2.2,0.0,0.125,1.0,False,ok,True,3.3342505538045275,1.8854248854475617,0.00033065098051646396
up,0.06,2.2,0.0,0.15,0.5,False,ok,True,2.420939082948953,0.9420960297448997,0.00027232975816172614
up,0.06,2.2,0.0,0.15,0.8,False,ok,True,3.0062253775612535,1.4037588392941136,0.0003488583416718635
up,0.06,2.2,0.0,0.15,1.0,False,ok,True,2.972009434183524,1.5499199173981997,0.000372585567066486
up,0.06,2.2,0.0,0.175,0.5,False,ok,True,1.7613230830042,1.1978149597053607,0.0005722748879572537
up,0.06,2.2,0.0,0.175,0.8,False,ok,True,2.6140617015478536,1.2338216599901848,0.0003523778911709254
up,0.06,2.2,0.0,0.175,1.0,False,ok,True,2.624824887255793,1.3492594853160291,0.0003895008676645544
up,0.06,2.2,0.0,0.2,0.5,False,ok,True,1.3581626187798412,1.115542064226168,0.0004891848838276123
up,0.06,2.2,0.0,0.2,0.8,False,ok,True,2.214604303585229,1.0796723722033383,0.00034876848111489413
up,0.06,2.2,0.0,0.2,1.0,False,ok,True,2.4204849064362692,1.2561357481377318,0.00046372686475791396
up,0.06,2.2,15.0,0.125,0.5,False,ok,True,1.438689685237184,0.877756968913598,0.0001530584992927968
up,0.06,2.2,15.0,0.125,0.8,False,ok,True,1.7357928831506837,1.0190256277217982,0.00015405466886194417
up,0.06,2.2,15.0,0.125,1.0,False,ok,True,1.8951164407012913,1.042656477571786,0.00015459541556994688
up,0.06,2.2,15.0,0.15,0.5,False,ok,True,1.4191218409970978,0.8738065861360897,0.00015334546848872813
up,0.06,2.2,15.0,0.15,0.8,False,ok,True,1.6842370055335196,0.9633623015169669,0.0001546985956279996
up,0.06,2.2,15.0,0.15,1.0,False,ok,True,1.7913528877883298,0.9979551159460806,0.00015492924355602506
up,0.06,2.2,15.0,0.175,0.5,False,ok,True,1.3938179158861514,0.8377991590346177,0.00015274717370854338
up,0.06,2.2,15.0,0.175,0.8,False,ok,True,1.610354233187644,0.8916623310597415,0.00015216161746522288
up,0.06,2.2,15.0,0.175,1.0,False,ok,True,1.691719515880383,0.9152665694805902,0.0001517876068277351
up,0.06,2.2,15.0,0.2,0.5,False,ok,True,1.3528472070330624,0.8094081468025274,0.00013988110091221344
up,0.06,2.2,15.0,0.2,0.8,False,ok,True,1.5364420359789912,0.8237974262682329,0.00012968020022342545
up,0.06,2.2,15.0,0.2,1.0,False,ok,True,1.602867327409205,0.8376221549547935,0.0001296244163354417
up,0.06,2.2,30.0,0.125,0.5,False,ok,True,1.4128382044769496,0.8362914232206833,1.7294112636576875
up,0.06,2.2,30.0,0.125,0.8,False,ok,True,1.7475900568769944,0.946603174164423,2.187985083189038
up,0.06,2.2,30.0,0.125,1.0,False,ok,True,1.910887496982353,1.0096523032225537,1.770035476929039
up,0.06,2.2,30.0,0.15,0.5,False,ok,True,1.4045418963184033,0.8008933961759238,2.060098388904428
up,0.06,2.2,30.0,0.15,0.8,False,ok,True,1.7329067789398227,0.9196570699544485,2.451685710956203
up,0.06,2.2,30.0,0.15,1.0,False,ok,True,1.821685274708663,0.9355278732003118,2.0397806165699186
up,0.06,2.2,30.0,0.175,0.5,False,ok,True,1.3862282197912434,0.7799211011820391,2.181115805240013
up,0.06,2.2,30.0,0.175,0.8,False,ok,True,1.6567379542763336,0.8671916665476249,2.169737693901724
up,0.06,2.2,30.0,0.175,1.0,False,ok,True,1.7125118352224138,0.8721092063369205,2.290584992630385
up,0.06,2.2,30.0,0.2,0.5,False,ok,True,1.3486168792675919,0.7526321229703079,2.3726859904033724
up,0.06,2.2,30.0,0.2,0.8,False,ok,True,1.5734737452956347,0.8123150679628738,2.3132370774244593
up,0.06,2.2,30.0,0.2,1.0,False,ok,True,1.6031677291518294,0.810491307497602,2.457384970356157
up,0.06,2.4,0.0,0.125,0.5,False,ok,True,3.2657569685640566,1.2325598116823657,0.00029782175826141723
up,0.06,2.4,0.0,0.125,0.8,False,ok,True,3.626925842056276,1.849432483495221,0.00027240059841014447
up,0.06,2.4,0.0,0.125,1.0,False,ok,True,3.544706961283857,2.2821093832813766,0.0002946489673872778
up,0.06,2.4,0.0,0.15,0.5,False,ok,True,2.4417005134814582,0.9853332557318268,0.0004019155327403983
up,0.06,2.4,0.0,0.15,0.8,False,ok,True,3.0696352525831303,1.4689686552026089,0.00032774874499847
up,0.06,2.4,0.0,0.15,1.0,False,ok,True,3.0722685925742113,1.8971325747931735,0.0003310158546468294
up,0.06,2.4,0.0,0.175,0.5,False,ok,True,1.7568969831183243,1.124860891124339,0.000534380736366758
up,0.06,2.4,0.0,0.175,0.8,False,ok,True,2.728098902127873,1.288647122318748,0.0003046005120674535
up,0.06,2.4,0.0,0.175,1.0,False,ok,True,2.7589438553354837,1.4702567746566477,0.0004000100887579517
up,0.06,2.4,0.0,0.2,0.5,False,ok,True,1.4400263980726093,1.1966356822108926,0.000596764609422351
up,0.06,2.4,0.0,0.2,0.8,False,ok,True,2.2957686955865593,1.132451422305632,0.0003194527568239364
up,0.06,2.4,0.0,0.2,1.0,False,ok,True,2.550852534208133,1.3273805458383638,0.0003181421659316014
up,0.06,2.4,15.0,0.125,0.5,False,ok,True,1.5361286717250602,0.9710222459229451,0.00015019931600664257
up,0.06,2.4,15.0,0.125,0.8,False,ok,True,1.8414871791497613,1.163733543929435,0.00015117886356537632
up,0.06,2.4,15.0,0.125,1.0,False,ok,True,2.0048375769897184,1.2853291893644898,0.0001500735671755722
up,0.06,2.4,15.0,0.15,0.5,False,ok,True,1.490622699798804,0.9616576565735103,0.0001419223121825856
up,0.06,2.4,15.0,0.15,0.8,False,ok,True,1.7723687377926625,1.0859735080723376,0.00014349354294623467
up,0.06,2.4,15.0,0.15,1.0,False,ok,True,1.8966122439703816,1.120184963670431,0.0001431009387005284
up,0.06,2.4,15.0,0.175,0.5,False,ok,True,1.4677405042326515,0.9418920519115933,0.00012423493639428126
up,0.06,2.4,15.0,0.175,0.8,False,ok,True,1.6969851693835842,1.000488081155189,0.0001297506422072682
up,0.06,2.4,15.0,0.175,1.0,False,ok,True,1.7992815740268415,1.0129090480203558,0.00011170855370571124
up,0.06,2.4,15.0,0.2,0.5,False,ok,True,1.435690476719728,0.8788882908521984,0.00010239789013021083
up,0.06,2.4,15.0,0.2,0.8,False,ok,True,1.6307433099364192,0.9303382696248312,8.366664805988591e-05
up,0.06,2.4,15.0,0.2,1.0,False,ok,True,1.7039844942382394,0.9263485849925107,7.720057440616973e-05
up,0.06,2.4,30.0,0.125,0.5,False,ok,True,1.4748127802863664,0.8558892414723767,1.8099032328851923
up,0.06,2.4,30.0,0.125,0.8,False,ok,True,1.8704102694268414,1.010605513775969,1.6834089418352307
up,0.06,2.4,30.0,0.125,1.0,False,ok,True,2.0230610022988014,1.0663482236033068,2.002044199100286
up,0.06,2.4,30.0,0.15,0.5,False,ok,True,1.4716797749641477,0.8438490860235753,2.059026457394621
up,0.06,2.4,30.0,0.15,0.8,False,ok,True,1.8241341338526647,0.9805365755180931,2.0297688229686885
up,0.06,2.4,30.0,0.15,1.0,False,ok,True,1.9289179050704284,1.0084735407933474,2.213180717125274
up,0.06,2.4,30.0,0.175,0.5,False,ok,True,1.4582718670902564,0.832159922179775,2.2601979753936265
up,0.06,2.4,30.0,0.175,0.8,False,ok,True,1.7452934754770228,0.9255130539778417,2.2491495765995464
up,0.06,2.4,30.0,0.175,1.0,False,ok,True,1.8199897751115728,0.9335446361370686,2.4073104954100955
up,0.06,2.4,30.0,0.2,0.5,False,ok,True,1.421181681707515,0.8069613205625307,1.8919096160063589
up,0.06,2.4,30.0,0.2,0.8,False,ok,True,1.6742100738426677,0.875407100642737,2.3949351651990205
up,0.06,2.4,30.0,0.2,1.0,False,ok,True,1.705391748630695,0.875329924812072,2.539221537453783
up,0.06,2.6,0.0,0.125,0.5,False,ok,True,3.24133334776063,1.2670760778871122,0.00023676390514633668
up,0.06,2.6,0.0,0.125,0.8,False,ok,True,3.672672993482609,1.7882097815429077,0.00012073275039958436
up,0.06,2.6,0.0,0.125,1.0,False,ok,True,3.629572912326449,2.337181373309755,0.0002734245932831169
up,0.06,2.6,0.0,0.15,0.5,False,ok,True,2.535146578781664,1.0164776717366635,0.0003779985921525677
up,0.06,2.6,0.0,0.15,0.8,False,ok,True,3.194947724611332,1.625906020925304,9.689436187164515e-05
up,0.06,2.6,0.0,0.15,1.0,False,ok,True,3.151729004078777,2.0926205224382755,0.00032268140982919316
up,0.06,2.6,0.0,0.175,0.5,False,ok,True,1.8583249310992151,1.0079955671950878,0.0003084955082622159
up,0.06,2.6,0.0,0.175,0.8,False,ok,True,2.7859274283875046,1.377601779516957,0.0002242181026250382
up,0.06,2.6,0.0,0.175,1.0,False,ok,True,2.886006969298402,1.6963007113265267,0.00031212326989166954
up,0.06,2.6,0.0,0.2,0.5,False,ok,True,1.377167615401924,1.1789935711901047,0.00023001048426987328
up,0.06,2.6,0.0,0.2,0.8,False,ok,True,2.425677811632596,1.1410746368385574,0.00015959472254026117
up,0.06,2.6,0.0,0.2,1.0,False,ok,True,2.5879962845939803,1.3638130865420353,0.00021137692424322654
up,0.06,2.6,15.0,0.125,0.5,False,ok,True,1.5934136958633394,1.2114784170704347,0.00014120554553258453
up,0.06,2.6,15.0,0.125,0.8,False,ok,True,1.937424035152537,1.623475119105754,0.00013070895605783698
up,0.06,2.6,15.0,0.125,1.0,False,ok,True,2.1008182952199737,1.6219678140955203,0.00012582259142931082
up,0.06,2.6,15.0,0.15,0.5,False,ok,True,1.5700701353046111,1.2076906520894086,0.0001144936531053453
up,0.06,2.6,15.0,0.15,0.8,False,ok,True,1.8708553872529607,1.4697649084302498,0.00010179765908954173
up,0.06,2.6,15.0,0.15,1.0,False,ok,True,1.9859307466504008,1.5160085609798724,9.99162008160257e-05
up,0.06,2.6,15.0,0.175,0.5,False,ok,True,1.5336994200756562,1.1720898130863042,8.392222612324624e-05
up,0.06,2.6,15.0,0.175,0.8,False,ok,True,1.8057330833363712,1.3043637412303215,6.464997105952035e-05
up,0.06,2.6,15.0,0.175,1.0,False,ok,True,1.8888401117404237,1.3709896916928952,4.723748776242115e-05
up,0.06,2.6,15.0,0.2,0.5,False,ok,True,1.504952527269494,1.110953082767166,9.88618208769133e-05
up,0.06,2.6,15.0,0.2,0.8,False,ok,True,1.7250599444098929,1.1794771359937704,8.036163123419261e-05
up,0.06,2.6,15.0,0.2,1.0,False,ok,True,1.7937880660471546,1.1490316559011327,7.879868832436318e-05
up,0.06,2.6,30.0,0.125,0.5,False,ok,True,1.5648450998477081,0.9143598860064538,2.203357711940735
up,0.06,2.6,30.0,0.125,0.8,False,ok,True,1.9608284380718726,1.0745511435108086,1.9344845221991964
up,0.06,2.6,30.0,0.125,1.0,False,ok,True,2.1373788825960807,1.137259912438004,2.1976630851603387
up,0.06,2.6,30.0,0.15,0.5,False,ok,True,1.5648852638420458,0.9010050971505849,2.345759823353242
up,0.06,2.6,30.0,0.15,0.8,False,ok,True,1.9158338810870708,1.0235351712947522,2.204889465950875
up,0.06,2.6,30.0,0.15,1.0,False,ok,True,2.0263430679676318,1.066806676961955,2.4088532183589315
up,0.06,2.6,30.0,0.175,0.5,False,ok,True,1.5277715273294599,0.8756276328609948,1.8697259833767845
up,0.06,2.6,30.0,0.175,0.8,False,ok,True,1.84104725496166,0.9807775627296575,2.4284844028286794
up,0.06,2.6,30.0,0.175,1.0,False,ok,True,1.9204300014872164,0.9989088185166018,2.5795675379935603
up,0.06,2.6,30.0,0.2,0.5,False,ok,True,1.49687232116557,0.8554390046269763,1.9905379661472893
up,0.06,2.6,30.0,0.2,0.8,False,ok,True,1.770757696268881,0.9403835515039978,2.561085898123044
up,0.06,2.6,30.0,0.2,1.0,False,ok,True,1.8013955791576626,0.9378345152836686,2.690632161156591
up,0.06,2.8,0.0,0.125,0.5,False,ok,True,3.3161755878702466,1.365102023646048,0.00043233802467348336
up,0.06,2.8,0.0,0.125,0.8,False,ok,True,3.7869026798978593,1.989999396327266,6.295612049456726e-05
up,0.06,2.8,0.0,0.125,1.0,False,ok,True,3.8166915856158323,2.2579564992915633,5.968197434194643e-05
up,0.06,2.8,0.0,0.15,0.5,False,ok,True,2.629724269060791,0.9963582330236289,0.00034469165438443444
up,0.06,2.8,0.0,0.15,0.8,False,ok,True,3.292199546743898,1.7092752247881577,0.0002025563833157682
up,0.06,2.8,0.0,0.15,1.0,False,ok,True,3.260910140174932,2.1343188185768525,0.00017216777548347047
up,0.06,2.8,0.0,0.175,0.5,False,ok,True,1.9231471183005586,0.9277677049335907,0.00037385575968184605
up,0.06,2.8,0.0,0.175,0.8,False,ok,True,2.790975251276444,1.3965591157408304,9.115776977673905e-05
up,0.06,2.8,0.0,0.175,1.0,False,ok,True,3.022022166750842,1.957253873569055,0.00025608282921819024
up,0.06,2.8,0.0,0.2,0.5,False,ok,True,1.466066272146373,1.1241715004403567,0.0002988745076565553
up,0.06,2.8,0.0,0.2,0.8,False,ok,True,2.3914856048251067,1.183956873371469,6.502554234103674e-05
up,0.06,2.8,0.0,0.2,1.0,False,ok,True,2.7241919182661394,1.4392960395731285,0.0001716904466577124
up,0.06,2.8,15.0,0.125,0.5,False,ok,True,1.6617669481712902,1.4150216711179358,0.00012554058760920356
up,0.06,2.8,15.0,0.125,0.8,False,ok,True,2.0250062313020427,1.2839735033313568,0.00012124049851938664
up,0.06,2.8,15.0,0.125,1.0,False,ok,True,2.2096568699852286,1.1905748155106801,0.00011880808012549702
up,0.06,2.8,15.0,0.15,0.5,False,ok,True,1.6812135697960031,1.4330364214952722,0.00010142041139465821
up,0.06,2.8,15.0,0.15,0.8,False,ok,True,1.9580232635837207,1.4652643482504892,9.668447670553975e-05
up,0.06,2.8,15.0,0.15,1.0,False,ok,True,2.091282711250799,1.3070170148566123,8.001912972901161e-05
up,0.06,2.8,15.0,0.175,0.5,False,ok,True,1.6747904154303228,1.4418047484575112,0.00014795745826013198
up,0.06,2.8,15.0,0.175,0.8,False,ok,True,1.8870549327803694,1.4660917196793952,0.0001458304575119367
up,0.06,2.8,15.0,0.175,1.0,False,ok,True,1.9887796474624602,1.4277472238213242,8.006643216148325e-05
up,0.06,2.8,15.0,0.2,0.5,False,ok,True,1.5795122040720826,1.3452517087839038,0.00041978855012175353
up,0.06,2.8,15.0,0.2,0.8,False,ok,True,1.8069047848163748,1.440058619487913,0.0003011596234236696
up,0.06,2.8,15.0,0.2,1.0,False,ok,True,1.8823361520022208,1.395187383226718,0.0003415398081378699
up,0.06,2.8,30.0,0.125,0.5,False,ok,True,1.6267787952506678,0.9487266385967243,2.2202373203820076
up,0.06,2.8,30.0,0.125,0.8,False,ok,True,2.0485424558086094,1.114361584607522,1.9307451015185444
up,0.06,2.8,30.0,0.125,1.0,False,ok,True,2.2310629228991607,1.1863574284825058,2.089978717661858
up,0.06,2.8,30.0,0.15,0.5,False,ok,True,1.6172533456356146,0.9350148542938986,2.2747273717354415
up,0.06,2.8,30.0,0.15,0.8,False,ok,True,1.9880400436972958,1.0822052797479031,2.078983361596691
up,0.06,2.8,30.0,0.15,1.0,False,ok,True,2.1157982791537933,1.1157092527809793,2.2938231160392633
up,0.06,2.8,30.0,0.175,0.5,False,ok,True,1.5904266341760003,0.9174559586349074,2.3830610175492852
up,0.06,2.8,30.0,0.175,0.8,False,ok,True,1.9253405505373125,1.0438669042464948,2.2505364777438537
up,0.06,2.8,30.0,0.175,1.0,False,ok,True,2.0061479319933335,1.0569261127031313,2.4742421328325723
up,0.06,2.8,30.0,0.2,0.5,False,ok,True,1.5720453415827682,0.9096378302742524,1.8849895440285376
up,0.06,2.8,30.0,0.2,0.8,False,ok,True,1.8471990615172835,0.985863110815399,2.4387502961961607
up,0.06,2.8,30.0,0.2,1.0,False,ok,True,1.8854248482206817,0.9878845000171004,2.641441454184709
up,0.06,3.0,0.0,0.125,0.5,False,ok,True,3.406594480472755,1.344593432552163,0.0005844704305275872
up,0.06,3.0,0.0,0.125,0.8,False,ok,True,3.8359804365766426,2.136027304797287,0.0006084221154312421
up,0.06,3.0,0.0,0.125,1.0,False,ok,True,4.008302867743143,1.8857801692555665,0.00024100632719347632
up,0.06,3.0,0.0,0.15,0.5,False,ok,True,2.4797459356659877,0.9648401620540792,0.00024055413564367696
up,0.06,3.0,0.0,0.15,0.8,False,ok,True,3.443440201045881,1.8124809468795988,0.0002924476824334938
up,0.06,3.0,0.0,0.15,1.0,False,ok,True,3.408450030523341,1.7654103083362613,0.0001850904082343406
up,0.06,3.0,0.0,0.175,0.5,False,ok,True,1.8692518685613253,0.8508696666143901,0.00043298580685536175
up,0.06,3.0,0.0,0.175,0.8,False,ok,True,2.972284020469062,1.4112970057967311,0.000129404087032584
up,0.06,3.0,0.0,0.175,1.0,False,ok,True,3.001655469473836,1.858220463634308,0.00037244772074223183
up,0.06,3.0,0.0,0.2,0.5,False,ok,True,1.4473247635449256,1.0872938426981913,0.0004707145362936243
up,0.06,3.0,0.0,0.2,0.8,False,ok,True,2.560106072917624,1.158267196425007,0.00014820360513537322
up,0.06,3.0,0.0,0.2,1.0,False,ok,True,2.732212373802098,1.4995718780875227,0.0004948142361833395
up,0.06,3.0,15.0,0.125,0.5,False,ok,True,1.7126963739903571,1.4090786769321912,0.00013737459014055134
up,0.06,3.0,15.0,0.125,0.8,False,ok,True,2.0923357191875454,1.1872878728555618,0.00012112173858446427
up,0.06,3.0,15.0,0.125,1.0,False,ok,True,2.3143890440767203,1.2411757363953,8.532728813064318e-05
up,0.06,3.0,15.0,0.15,0.5,False,ok,True,1.7004343521218312,1.3324055401818442,0.00015728587829846058
up,0.06,3.0,15.0,0.15,0.8,False,ok,True,2.0510706916672286,1.146459612657878,0.00016254079102414058
up,0.06,3.0,15.0,0.15,1.0,False,ok,True,2.180181406917732,1.1703920856550842,9.909291127195344e-05
up,0.06,3.0,15.0,0.175,0.5,False,ok,True,1.6784958883319752,1.3081636154226852,0.00037142143002030873
up,0.06,3.0,15.0,0.175,0.8,False,ok,True,1.9664327973151263,1.0879105915189686,0.00043894061481724195
up,0.06,3.0,15.0,0.175,1.0,False,ok,True,2.0926202899322544,1.1027631183905853,0.0002835214594596478
up,0.06,3.0,15.0,0.2,0.5,False,ok,True,1.631047952026867,1.2988748348564987,0.0009406143951549022
up,0.06,3.0,15.0,0.2,0.8,False,ok,True,1.8792827797184928,1.2438539559612056,0.000985494839865912
up,0.06,3.0,15.0,0.2,1.0,False,ok,True,1.954367120028565,1.0272775475683116,0.0009161581311048846
up,0.06,3.0,30.0,0.125,0.5,False,ok,True,1.685216551454703,0.9823105771265743,2.2311497423600612
up,0.06,3.0,30.0,0.125,0.8,False,ok,True,2.1380084109458353,1.1701715076810604,1.9541941775077387
up,0.06,3.0,30.0,0.125,1.0,False,ok,True,2.3355210053981765,1.2433679405691338,2.116025736964313
up,0.06,3.0,30.0,0.15,0.5,False,ok,True,1.6627525213260428,0.9647126545684491,2.291840082403669
up,0.06,3.0,30.0,0.15,0.8,False,ok,True,2.079302905922659,1.1286626889276097,1.9449261105995275
up,0.06,3.0,30.0,0.15,1.0,False,ok,True,2.22018823971617,1.1806300013686737,2.2010020786860753
up,0.06,3.0,30.0,0.175,0.5,False,ok,True,1.6485548046701177,0.9543316868022075,2.3266857956964424
up,0.06,3.0,30.0,0.175,0.8,False,ok,True,2.0118619060821006,1.0918385234024894,2.1596107537730918
up,0.06,3.0,30.0,0.175,1.0,False,ok,True,2.0922172871559894,1.10493833875863,2.3953040561467898
up,0.06,3.0,30.0,0.2,0.5,False,ok,True,1.6220498847894536,0.9397505222505943,2.35200042569249
up,0.06,3.0,30.0,0.2,0.8,False,ok,True,1.9367201420175182,1.0477221877280445,2.2864750445710986
up,0.06,3.0,30.0,0.2,1.0,False,ok,True,1.9735149327594592,1.0428668556066303,2.517957638141817
up,0.08,0.4,0.0,0.125,0.5,False,stall,False,1.1551642987319695,0.3056527430786702,0.7274646000281697
up,0.08,0.4,0.0,0.125,0.8,False,stall,False,2.084964854515359,1.7795123163234,8.510518716466986
up,0.08,0.4,0.0,0.125,1.0,False,stall,False,1.0925741095364778,0.664879728476836,8.566835429621197
up,0.08,0.4,0.0,0.15,0.5,False,stall,False,1.0120549260356566,0.27565564925655966,0.6689818228277221
up,0.08,0.4,0.0,0.15,0.8,False,timeout,False,1.011958986802139,0.2627410275679825,4.957235399998733
up,0.08,0.4,0.0,0.15,1.0,False,stall,False,1.3860423122901482,1.189506913109179,8.650453356971935
up,0.08,0.4,0.0,0.175,0.5,False,stall,False,0.8928026667865411,0.2186305832436269,0.6631381335740282
up,0.08,0.4,0.0,0.175,0.8,False,stall,False,0.9252793709001538,0.2515367633998404,3.8666158107036575
up,0.08,0.4,0.0,0.175,1.0,False,stall,False,1.8390718230007448,1.5632194535685777,8.824293367034077
up,0.08,0.4,0.0,0.2,0.5,False,stall,False,0.7765774972390039,0.1272547109079715,0.6973820109690625
up,0.08,0.4,0.0,0.2,0.8,False,stall,False,0.8642760236318808,0.2374891813383469,1.279715030270546
up,0.08,0.4,0.0,0.2,1.0,False,stall,False,0.8248097226180806,0.2228341592975946,2.3044899747882
up,0.08,0.4,15.0,0.125,0.5,False,ok,True,0.39657526455889847,0.19160709939409304,0.0001523527983472222
up,0.08,0.4,15.0,0.125,0.8,False,ok,True,0.46249993203365547,0.22016519113883853,0.00015334815511290967
up,0.08,0.4,15.0,0.125,1.0,False,ok,True,0.5101165972540838,0.23040453865863753,0.00015370334452972651
up,0.08,0.4,15.0,0.15,0.5,False,ok,True,0.3669092502382192,0.16133923919122525,0.0001527578904389456
up,0.08,0.4,15.0,0.15,0.8,False,ok,True,0.4465750892808438,0.2011943822323459,0.00015373597093138995
up,0.08,0.4,15.0,0.15,1.0,False,ok,True,0.5052854014546988,0.20865581093374613,0.0001540721152912641
up,0.08,0.4,15.0,0.175,0.5,False,ok,True,0.325062583495769,0.14500130266005024,0.0001538128127062688
up,0.08,0.4,15.0,0.175,0.8,False,ok,True,0.4428175826583512,0.18878742712651253,0.00015467925251835075
up,0.08,0.4,15.0,0.175,1.0,False,ok,True,0.4993573524357484,0.1932825328877205,0.00015486138462788844
up,0.08,0.4,15.0,0.2,0.5,False,ok,True,0.3144574631908175,0.13785929177067618,0.00015420415662164172
up,0.08,0.4,15.0,0.2,0.8,False,ok,True,0.437200378933583,0.17703448371736485,0.0001549871835362604
up,0.08,0.4,15.0,0.2,1.0,False,ok,True,0.49528811067279555,0.1715006311759685,0.0001551159039215461
up,0.08,0.4,30.0,0.125,0.5,False,ok,True,0.3497789169164851,0.20441543576048732,2.8192055763522603
up,0.08,0.4,30.0,0.125,0.8,False,ok,True,0.42464751074190005,0.2216936664667891,2.8801634237060094
up,0.08,0.4,30.0,0.125,1.0,False,ok,True,0.46853379596841876,0.22941998344868356,2.8263576556496517
up,0.08,0.4,30.0,0.15,0.5,False,ok,True,0.3315685705148841,0.19375052126510628,2.956941432578168
up,0.08,0.4,30.0,0.15,0.8,False,ok,True,0.4223605899545895,0.20782987407387996,3.0664691081026807
up,0.08,0.4,30.0,0.15,1.0,False,ok,True,0.4628263755128118,0.2146236791068222,2.989874729624972
up,0.08,0.4,30.0,0.175,0.5,False,ok,True,0.3147383159445079,0.19188977405455304,2.951035445144905
up,0.08,0.4,30.0,0.175,0.8,False,ok,True,0.4111077712853827,0.1961942986383073,3.1094830266955866
up,0.08,0.4,30.0,0.175,1.0,False,ok,True,0.45370209430366215,0.19871610288003513,3.075660789572672
up,0.08,0.4,30.0,0.2,0.5,False,ok,True,0.3048308955700728,0.1588686445058768,3.037256847363772
up,0.08,0.4,30.0,0.2,0.8,False,ok,True,0.39342824575620977,0.17830721513579845,3.035075826555431
up,0.08,0.4,30.0,0.2,1.0,False,ok,True,0.4478760749969146,0.18338391345053456,3.1710680680342116
up,0.08,0.6,0.0,0.125,0.5,False,stall,False,1.6291426621674785,0.38414863730773524,0.7525304510133553
up,0.08,0.6,0.0,0.125,0.8,False,stall,False,1.5772566101140104,0.5795103326628072,8.390918075636808
up,0.08,0.6,0.0,0.125,1.0,False,stall,False,1.5799308572555075,0.6118739137287335,7.165516767729899
up,0.08,0.6,0.0,0.15,0.5,False,stall,False,1.4585458219383123,0.3575693001797603,0.6596432506948532
up,0.08,0.6,0.0,0.15,0.8,False,stall,False,1.4317919547623021,1.1065524040765617,8.526662189008139
up,0.08,0.6,0.0,0.15,1.0,False,stall,False,1.4335931306111707,0.6772010659133759,8.645382207492485
up,0.08,0.6,0.0,0.175,0.5,False,stall,False,1.2760254557478645,0.3204449605073961,0.6800662500195135
up,0.08,0.6,0.0,0.175,0.8,False,stall,False,2.2355154898342766,1.9107253689197168,8.69071012285291
up,0.08,0.6,0.0,0.175,1.0,False,stall,False,1.301705421486508,1.1521533106312076,8.658232346399881
up,0.08,0.6,0.0,0.2,0.5,False,stall,False,1.078712664957857,0.25711050880011366,0.6703742174508669
up,0.08,0.6,0.0,0.2,0.8,False,stall,False,1.5156461841907598,1.3140195258482665,8.722751441653353
up,0.08,0.6,0.0,0.2,1.0,False,stall,False,2.143309465996517,1.842605902613508,8.932572118519573
up,0.08,0.6,15.0,0.125,0.5,False,ok,True,0.549513900341865,0.31010081969490016,0.00015242885415496396
up,0.08,0.6,15.0,0.125,0.8,False,ok,True,0.6817388426497486,0.32743760342667155,0.0001534119741010294
up,0.08,0.6,15.0,0.125,1.0,False,ok,True,0.7494587694840319,0.3470864735486922,0.00015374998618579983
up,0.08,0.6,15.0,0.15,0.5,False,ok,True,0.5131520345409978,0.27990707865444425,0.00015287953735286066
up,0.08,0.6,15.0,0.15,0.8,False,ok,True,0.6566981080884369,0.3031754765838624,0.00015384356991410183
up,0.08,0.6,15.0,0.15,1.0,False,ok,True,0.7338566468746417,0.331975632421297,0.0001541496670203756
up,0.08,0.6,15.0,0.175,0.5,False,ok,True,0.4898023033611789,0.2592159579964925,0.00015430043402433086
up,0.08,0.6,15.0,0.175,0.8,False,ok,True,0.638202954088084,0.2894199912462331,0.00015509494907157772
up,0.08,0.6,15.0,0.175,1.0,False,ok,True,0.7152628714374976,0.30914531817917584,0.000155175061978466
up,0.08,0.6,15.0,0.2,0.5,False,ok,True,0.471558111072017,0.2381736355955838,0.00015455264777898903
up,0.08,0.6,15.0,0.2,0.8,False,ok,True,0.6271551912375875,0.28014289378853835,0.00015521713191127257
up,0.08,0.6,15.0,0.2,1.0,False,ok,True,0.6975721619465566,0.29198314745093046,0.00015536016649516152
up,0.08,0.6,30.0,0.125,0.5,False,ok,True,0.5287801968173121,0.2911208016557594,2.721818649883117
up,0.08,0.6,30.0,0.125,0.8,False,ok,True,0.6498850938279599,0.3161840530717157,2.745143689814012
up,0.08,0.6,30.0,0.125,1.0,False,ok,True,0.7037633030700552,0.33158338257444875,2.854527038579944
up,0.08,0.6,30.0,0.15,0.5,False,ok,True,0.49470871798073823,0.2646415405159423,2.936245909564088
up,0.08,0.6,30.0,0.15,0.8,False,ok,True,0.6333085397041299,0.291863734490116,2.989811753978164
up,0.08,0.6,30.0,0.15,1.0,False,ok,True,0.6878795243428957,0.3165564323697051,3.0345313475007814
up,0.08,0.6,30.0,0.175,0.5,False,ok,True,0.4693241804994086,0.2437286127634587,2.882159794279512
up,0.08,0.6,30.0,0.175,0.8,False,ok,True,0.6094559513254133,0.27316166559022065,2.974294268147473
up,0.08,0.6,30.0,0.175,1.0,False,ok,True,0.6726649767444648,0.29212249035589855,3.048977554502906
up,0.08,0.6,30.0,0.2,0.5,False,ok,True,0.443028329955893,0.2313972024343731,2.9666467977216016
up,0.08,0.6,30.0,0.2,0.8,False,ok,True,0.5791890755164733,0.26628030035188216,3.0656371634532276
up,0.08,0.6,30.0,0.2,1.0,False,ok,True,0.6445941119860515,0.2779040723689768,3.112456163972448
up,0.08,0.8,0.0,0.125,0.5,False,stall,False,2.0956783154783545,0.4898939810024981,0.7524106324926939
up,0.08,0.8,0.0,0.125,0.8,False,stall,False,2.0517877728129315,0.791282906698899,8.32813809379139
up,0.08,0.8,0.0,0.125,1.0,False,ok,True,2.0477945891828635,0.930142436506749,0.0005915278248671597
up,0.08,0.8,0.0,0.15,0.5,False,stall,False,1.861088873900624,0.44838304179718835,0.6560270911890381
up,0.08,0.8,0.0,0.15,0.8,False,stall,False,1.833288028448869,0.7394595471613683,8.585050560403905
up,0.08,0.8,0.0,0.15,1.0,False,ok,True,1.8083660343565624,0.9443198806418789,0.000698911690797779
up,0.08,0.8,0.0,0.175,0.5,False,stall,False,1.6206829150039095,0.39088045722392956,0.6495156271990649
up,0.08,0.8,0.0,0.175,0.8,False,ok,True,2.179730851859839,1.304104826924376,0.0006745153148328823
up,0.08,0.8,0.0,0.175,1.0,False,ok,True,1.6269820148007827,1.0958856344239059,0.0007567089096682872
up,0.08,0.8,0.0,0.2,0.5,False,stall,False,1.3619448728405084,0.35277461194142157,0.643544697884597
up,0.08,0.8,0.0,0.2,0.8,False,ok,True,2.0802125378848384,1.7552042420836924,0.0005950298255496794
up,0.08,0.8,0.0,0.2,1.0,False,ok,True,2.0355477343526607,1.4312785712602232,0.0008322691628675106
up,0.08,0.8,15.0,0.125,0.5,False,ok,True,0.7330192253995449,0.4337124339405436,0.00015250531261294266
up,0.08,0.8,15.0,0.125,0.8,False,ok,True,0.8854444111174811,0.46017086045422706,0.00015347822861818002
up,0.08,0.8,15.0,0.125,1.0,False,ok,True,0.9748254812694298,0.4716141559767142,0.00015380098632943766
up,0.08,0.8,15.0,0.15,0.5,False,ok,True,0.6843311324333591,0.38248203105244694,0.0001530083185076986
up,0.08,0.8,15.0,0.15,0.8,False,ok,True,0.8457393828146094,0.4138773258529235,0.0001539500211518583
up,0.08,0.8,15.0,0.15,1.0,False,ok,True,0.9415354474110211,0.42536646263380185,0.00015423113412087538
up,0.08,0.8,15.0,0.175,0.5,False,ok,True,0.6556583373372464,0.35641919984108533,0.00015478704314285515
up,0.08,0.8,15.0,0.175,0.8,False,ok,True,0.8154207193478691,0.3818404530105518,0.00015551043690674958
up,0.08,0.8,15.0,0.175,1.0,False,ok,True,0.9077305633575464,0.40930274765900987,0.00015549058698727632
up,0.08,0.8,15.0,0.2,0.5,False,ok,True,0.6344890076921583,0.33381347931221717,0.0001550213038650446
up,0.08,0.8,15.0,0.2,0.8,False,ok,True,0.7924104946160503,0.363279765875242,0.00015573588310244038
up,0.08,0.8,15.0,0.2,1.0,False,ok,True,0.8830093445339865,0.3942593155423058,0.0001556170508749371
up,0.08,0.8,30.0,0.125,0.5,False,ok,True,0.7139984219376033,0.39851809413202044,2.5953709860937746
up,0.08,0.8,30.0,0.125,0.8,False,ok,True,0.8622274816103062,0.44110647214424636,2.7603343790631656
up,0.08,0.8,30.0,0.125,1.0,False,ok,True,0.939339559461968,0.45686558764298174,2.76509745161284
up,0.08,0.8,30.0,0.15,0.5,False,ok,True,0.6692776193384932,0.38685289241652904,3.0224685299084526
up,0.08,0.8,30.0,0.15,0.8,False,ok,True,0.8421915783485874,0.433682804118067,2.812678060926881
up,0.08,0.8,30.0,0.15,1.0,False,ok,True,0.90180587561108,0.43795495863427214,3.1469719006756183
up,0.08,0.8,30.0,0.175,0.5,False,ok,True,0.6358615961345065,0.3838951973959288,3.012961149767074
up,0.08,0.8,30.0,0.175,0.8,False,ok,True,0.8061591267217263,0.458869659639674,2.9285969083883843
up,0.08,0.8,30.0,0.175,1.0,False,ok,True,0.8616114098176002,0.4702159224322603,2.944856503819626
up,0.08,0.8,30.0,0.2,0.5,False,ok,True,0.6069556591664852,0.30364512659405773,3.043708053115883
up,0.08,0.8,30.0,0.2,0.8,False,ok,True,0.7683824316563839,0.375835867210893,3.0953994277293613
up,0.08,0.8,30.0,0.2,1.0,False,ok,True,0.8375351564949303,0.40859794267682775,3.104061366140841
up,0.08,1.0,0.0,0.125,0.5,False,stall,False,2.5459175512645595,0.6290468411310529,0.8363033859771147
up,0.08,1.0,0.0,0.125,0.8,False,ok,True,2.479166052537291,1.3178306200817063,0.0004672805996436473
up,0.08,1.0,0.0,0.125,1.0,False,ok,True,2.449670677831874,0.9949965889793212,0.0005268056147566865
up,0.08,1.0,0.0,0.15,0.5,False,stall,False,2.2299882935945567,0.5937607044830426,0.6481911280630834
up,0.08,1.0,0.0,0.15,0.8,False,ok,True,2.21949664334533,1.2510786391597968,0.0005304428698743712
up,0.08,1.0,0.0,0.15,1.0,False,ok,True,2.196595301150624,0.9680410771024646,0.0005915272226388683
up,0.08,1.0,0.0,0.175,0.5,False,stall,False,1.923122450233313,0.4665699748010522,0.6464524312130533
up,0.08,1.0,0.0,0.175,0.8,False,ok,True,1.9731488240232902,1.3325907982627976,0.0005723040155645222
up,0.08,1.0,0.0,0.175,1.0,False,ok,True,1.963142513924796,0.8906104888148101,0.00065050327299582
up,0.08,1.0,0.0,0.2,0.5,False,stall,False,1.62313922211308,0.4033079554657288,0.600474353850304
up,0.08,1.0,0.0,0.2,0.8,False,ok,True,2.14476644477483,1.5054875521614632,0.0005975926106110031
up,0.08,1.0,0.0,0.2,1.0,False,ok,True,1.7794203379273537,0.8849354792854329,0.0006981907587699265
up,0.08,1.0,15.0,0.125,0.5,False,ok,True,0.8899855756032882,0.5260046705314515,0.0001525847187173723
up,0.08,1.0,15.0,0.125,0.8,False,ok,True,1.0775348956769326,0.5726237064326208,0.0001535481752980462
up,0.08,1.0,15.0,0.125,1.0,False,ok,True,1.1817662404923617,0.5938436106718524,0.0001538505575163959
up,0.08,1.0,15.0,0.15,0.5,False,ok,True,0.841285658712638,0.4888536293394469,0.00015313596135625463
up,0.08,1.0,15.0,0.15,0.8,False,ok,True,1.0247783338998475,0.5259639151231434,0.00015406090306685835
up,0.08,1.0,15.0,0.15,1.0,False,ok,True,1.126783817814062,0.537015277815488,0.00015431507967667176
up,0.08,1.0,15.0,0.175,0.5,False,ok,True,0.8010560478595545,0.45664038200878226,0.00015517936193044818
up,0.08,1.0,15.0,0.175,0.8,False,ok,True,0.9919582972880374,0.49338958765071134,0.0001559298884845502
up,0.08,1.0,15.0,0.175,1.0,False,ok,True,1.0869931164394815,0.4932922200698959,0.00015580606671173337
up,0.08,1.0,15.0,0.2,0.5,False,ok,True,0.7609985886436706,0.4307992061609155,0.00015552725660894845
up,0.08,1.0,15.0,0.2,0.8,False,ok,True,0.9620506344743165,0.4641118561866785,0.00015612403346957932
up,0.08,1.0,15.0,0.2,1.0,False,ok,True,1.0500820103644921,0.47940097965057643,0.00015586735093911914
up,0.08,1.0,30.0,0.125,0.5,False,ok,True,0.8677469301601116,0.5222303456276115,2.7635547355373413
up,0.08,1.0,30.0,0.125,0.8,False,ok,True,1.062322341225839,0.5829226763491132,2.838261388235602
up,0.08,1.0,30.0,0.125,1.0,False,ok,True,1.1614627568576654,0.6551469117824799,2.7475844802491167
up,0.08,1.0,30.0,0.15,0.5,False,ok,True,0.8262656969234752,0.4625944566679966,2.990833191675007
up,0.08,1.0,30.0,0.15,0.8,False,ok,True,1.0264691554410459,0.5188908558893189,2.7489322260266587
up,0.08,1.0,30.0,0.15,1.0,False,ok,True,1.108658087700578,0.5296418670951762,3.036505040535323
up,0.08,1.0,30.0,0.175,0.5,False,ok,True,0.7990517920145861,0.42869114600285696,2.9815645156577553
up,0.08,1.0,30.0,0.175,0.8,False,ok,True,0.994798676038553,0.47459932720080067,3.0316985896267594
up,0.08,1.0,30.0,0.175,1.0,False,ok,True,1.061628541740133,0.49209153472082123,3.0507722737287875
up,0.08,1.0,30.0,0.2,0.5,False,ok,True,0.7477215863107264,0.41656130360959137,2.8585071162953097
up,0.08,1.0,30.0,0.2,0.8,False,ok,True,0.9449399850781645,0.4387320156435348,3.083957545448044
up,0.08,1.0,30.0,0.2,1.0,False,ok,True,1.013550389736171,0.4617840043647093,3.0148214980106567
up,0.08,1.2,0.0,0.125,0.5,False,stall,False,2.953297688685333,0.7561036474449301,0.7547556766076394
up,0.08,1.2,0.0,0.125,0.8,False,ok,True,2.8898973526178553,1.1486356802293123,0.00041710611148254204
up,0.08,1.2,0.0,0.125,1.0,False,ok,True,2.8712144211134007,1.177914881613131,0.0004655530553677969
up,0.08,1.2,0.0,0.15,0.5,False,stall,False,2.5764769421783713,0.7208484952574269,0.7055936701625587
up,0.08,1.2,0.0,0.15,0.8,False,ok,True,2.5720003688984883,1.0764702786847726,0.00046363576424643643
up,0.08,1.2,0.0,0.15,1.0,False,ok,True,2.564640522228612,1.1224434896360833,0.0005331818940290466
up,0.08,1.2,0.0,0.175,0.5,False,stall,False,2.2101382245405246,0.5514752571887115,0.6225977243872169
up,0.08,1.2,0.0,0.175,0.8,False,ok,True,2.2916455642305533,1.0351789628541461,0.0005006969847460216
up,0.08,1.2,0.0,0.175,1.0,False,ok,True,2.247853130729554,1.067572543981875,0.0005707038645464672
up,0.08,1.2,0.0,0.2,0.5,False,ok,True,2.7590696259810685,1.8240278150195142,0.000553127918023619
up,0.08,1.2,0.0,0.2,0.8,False,ok,True,2.0645134447055633,0.963048208421834,0.0005373483990996991
up,0.08,1.2,0.0,0.2,1.0,False,ok,True,2.051745722978545,0.9729279985079614,0.0006112452174672918
up,0.08,1.2,15.0,0.125,0.5,False,ok,True,1.0129274526452487,0.6215331452204653,0.0001526662049233543
up,0.08,1.2,15.0,0.125,0.8,False,ok,True,1.2469560116046239,0.6733916928295315,0.00015361562554779158
up,0.08,1.2,15.0,0.125,1.0,False,ok,True,1.377930391384889,0.6999686378573161,0.0001539016685511652
up,0.08,1.2,15.0,0.15,0.5,False,ok,True,0.9668016365646867,0.5595310263625389,0.00015327564732833205
up,0.08,1.2,15.0,0.15,0.8,False,ok,True,1.20261943691949,0.6371595050495072,0.00015417944984374383
up,0.08,1.2,15.0,0.15,1.0,False,ok,True,1.3267362468712887,0.6475841051393373,0.0001544047774728549
up,0.08,1.2,15.0,0.175,0.5,False,ok,True,0.9380403760279596,0.5249574131074418,0.00015547522738157727
up,0.08,1.2,15.0,0.175,0.8,False,ok,True,1.160689224669544,0.5893413176264161,0.0001561450479055881
up,0.08,1.2,15.0,0.175,1.0,False,ok,True,1.2700442977953152,0.5943347024031679,0.00015614316003526683
up,0.08,1.2,15.0,0.2,0.5,False,ok,True,0.9104405264229445,0.5159004696312697,0.00015589353009434146
up,0.08,1.2,15.0,0.2,0.8,False,ok,True,1.1172085452414688,0.5633614868016261,0.00015639152679851508
up,0.08,1.2,15.0,0.2,1.0,False,ok,True,1.2174730822371644,0.5703931457489357,0.00015631101637579806
up,0.08,1.2,30.0,0.125,0.5,False,ok,True,0.9539898331320247,0.5681426183337852,2.484407375094715
up,0.08,1.2,30.0,0.125,0.8,False,ok,True,1.204533420125987,0.6324815645792052,2.427624983736356
up,0.08,1.2,30.0,0.125,1.0,False,ok,True,1.3439106110214474,0.6932870067318674,2.8297251683416094
up,0.08,1.2,30.0,0.15,0.5,False,ok,True,0.9517232215877552,0.5375390121180521,2.803949113364227
up,0.08,1.2,30.0,0.15,0.8,False,ok,True,1.208485314377951,0.6182474776356993,2.828298359252926
up,0.08,1.2,30.0,0.15,1.0,False,ok,True,1.309248999296023,0.6550455700778055,2.631799825138875
up,0.08,1.2,30.0,0.175,0.5,False,ok,True,0.9201544061337011,0.507570471107436,3.080328892787893
up,0.08,1.2,30.0,0.175,0.8,False,ok,True,1.1604244723404693,0.5783526674281788,3.1286646751681575
up,0.08,1.2,30.0,0.175,1.0,False,ok,True,1.2574355595424542,0.5947891491667455,3.025713347014191
up,0.08,1.2,30.0,0.2,0.5,False,ok,True,0.8840484977733912,0.47367333562430214,2.9958392158478007
up,0.08,1.2,30.0,0.2,0.8,False,ok,True,1.1124329838414384,0.5330113213596892,3.0602835577133853
up,0.08,1.2,30.0,0.2,1.0,False,ok,True,1.1923649252845254,0.547048928815398,2.9921208545341638
up,0.08,1.4,0.0,0.125,0.5,False,stall,False,3.34680328766353,0.9133376777931248,0.838677638406041
up,0.08,1.4,0.0,0.125,0.8,False,ok,True,3.1290066036143025,1.3021809747917323,0.00037872642755112126
up,0.08,1.4,0.0,0.125,1.0,False,ok,True,3.2799596779566187,1.3305113647653992,0.0004000757452981953
up,0.08,1.4,0.0,0.15,0.5,False,ok,True,2.8923140347972898,1.283705964805936,0.0005403370739191891
up,0.08,1.4,0.0,0.15,0.8,False,ok,True,2.891588698810316,1.2352815826934849,0.00042141672605675804
up,0.08,1.4,0.0,0.15,1.0,False,ok,True,2.8692385310204864,1.300267188101433,0.0004631230351712422
up,0.08,1.4,0.0,0.175,0.5,False,ok,True,2.4703684708547624,1.3529940367712527,0.00058722449461413
up,0.08,1.4,0.0,0.175,0.8,False,ok,True,2.592377613825264,1.1605150531118469,0.00045747875494429055
up,0.08,1.4,0.0,0.175,1.0,False,ok,True,2.530536041842606,1.1999198689044872,0.0005126549484395535
up,0.08,1.4,0.0,0.2,0.5,False,ok,True,2.287499543047028,1.5697996210160068,0.0007689186355365017
up,0.08,1.4,0.0,0.2,0.8,False,ok,True,2.3218013336969396,1.0846029896242928,0.0004878442839717651
up,0.08,1.4,0.0,0.2,1.0,False,ok,True,2.306024574967958,1.1167567851246432,0.0005494287843273772
up,0.08,1.4,15.0,0.125,0.5,False,ok,True,1.1138272536253322,0.6918765566738058,0.00015275518419707637
up,0.08,1.4,15.0,0.125,0.8,False,ok,True,1.3694714530253937,0.7578356575567426,0.00015368083633745971
up,0.08,1.4,15.0,0.125,1.0,False,ok,True,1.5187694751013705,0.7887303614931693,0.00015395565561216826
up,0.08,1.4,15.0,0.15,0.5,False,ok,True,1.0759037775750953,0.6463922135676018,0.00015350665582978529
up,0.08,1.4,15.0,0.15,0.8,False,ok,True,1.364478675709504,0.7241370173069285,0.0001543057884838065
up,0.08,1.4,15.0,0.15,1.0,False,ok,True,1.5007192623236785,0.747444214925766,0.00015448965451993088
up,0.08,1.4,15.0,0.175,0.5,False,ok,True,1.0564049315211792,0.611858550031717,0.00015599608039225531
up,0.08,1.4,15.0,0.175,0.8,False,ok,True,1.3143016991667218,0.6858297061186265,0.00015676636182248587
up,0.08,1.4,15.0,0.175,1.0,False,ok,True,1.4299391852418508,0.6956703388871995,0.00015625888776236164
up,0.08,1.4,15.0,0.2,0.5,False,ok,True,1.0314194123500549,0.5881138777607277,0.00015657748062904598
up,0.08,1.4,15.0,0.2,0.8,False,ok,True,1.2703767465273441,0.6580673776341582,0.00015653426382538849
up,0.08,1.4,15.0,0.2,1.0,False,ok,True,1.3684903828139876,0.6601303047098205,0.00015648034856646158
up,0.08,1.4,30.0,0.125,0.5,False,ok,True,1.0798522059081068,0.6578764019782751,2.3509639052775184
up,0.08,1.4,30.0,0.125,0.8,False,ok,True,1.3273091862023259,0.7209223852990723,2.242717706996336
up,0.08,1.4,30.0,0.125,1.0,False,ok,True,1.5114311370201992,0.7896984555132922,2.6317449296411377
up,0.08,1.4,30.0,0.15,0.5,False,ok,True,1.0260324005382115,0.5995113861666094,2.7569697875856662
up,0.08,1.4,30.0,0.15,0.8,False,ok,True,1.3460420519420906,0.6961326722099611,2.677919801932054
up,0.08,1.4,30.0,0.15,1.0,False,ok,True,1.490949171332265,0.7522927799481535,3.0284835806793255
up,0.08,1.4,30.0,0.175,0.5,False,ok,True,1.016861836644064,0.5725586186244274,2.5508712635443644
up,0.08,1.4,30.0,0.175,0.8,False,ok,True,1.3284808218383732,0.6694437867679947,3.1169171679307004
up,0.08,1.4,30.0,0.175,1.0,False,ok,True,1.4233936238250253,0.690474502140443,2.890428345229981
up,0.08,1.4,30.0,0.2,0.5,False,ok,True,0.996222241290938,0.5424545301421192,3.09686132903848
up,0.08,1.4,30.0,0.2,0.8,False,ok,True,1.2675345158525624,0.6218398112762401,2.9960097191288146
up,0.08,1.4,30.0,0.2,1.0,False,ok,True,1.3615836267312618,0.644997140770803,2.794442747081474
up,0.08,1.6,0.0,0.125,0.5,False,ok,True,3.7295486283581063,2.0972877214653227,0.00046156988497942004
up,0.08,1.6,0.0,0.125,0.8,False,ok,True,3.678437460764217,1.4858980017774321,0.00035365049969232675
up,0.08,1.6,0.0,0.125,1.0,False,ok,True,3.6420578968611035,1.4579410422675607,0.0003890503059975158
up,0.08,1.6,0.0,0.15,0.5,False,ok,True,3.209935349549121,2.099547471916956,0.00035513299978928015
up,0.08,1.6,0.0,0.15,0.8,False,ok,True,3.1924582357825484,1.375076002401143,0.00039035629608521663
up,0.08,1.6,0.0,0.15,1.0,False,ok,True,3.1903758665315856,1.421833400428846,0.0004313289715219487
up,0.08,1.6,0.0,0.175,0.5,False,ok,True,2.673018777175854,1.422802218576202,0.0006389036997168799
up,0.08,1.6,0.0,0.175,0.8,False,ok,True,2.8523142911204573,1.3060030236783546,0.0004214438493732328
up,0.08,1.6,0.0,0.175,1.0,False,ok,True,2.8231809725372305,1.3381782764518515,0.0004718342046106996
up,0.08,1.6,0.0,0.2,0.5,False,ok,True,2.135724121430222,1.2862165709170323,0.0007172761901968576
up,0.08,1.6,0.0,0.2,0.8,False,ok,True,2.560228766684724,1.204146247368704,0.00045185936399818233
up,0.08,1.6,0.0,0.2,1.0,False,ok,True,2.5500842348948485,1.2538182212886704,0.0005027664685795842
up,0.08,1.6,15.0,0.125,0.5,False,ok,True,1.2044004810786826,0.7608144207132099,0.00015283870700712548
up,0.08,1.6,15.0,0.125,0.8,False,ok,True,1.4922990969296666,0.8400930588224034,0.00015376027805284664
up,0.08,1.6,15.0,0.125,1.0,False,ok,True,1.6630335278959363,0.8952426247278841,0.00015400387317194466
up,0.08,1.6,15.0,0.15,0.5,False,ok,True,1.1907642361129749,0.7323074544921191,0.0001539591746902602
up,0.08,1.6,15.0,0.15,0.8,False,ok,True,1.4971585020208478,0.811969491764504,0.00015442848198109037
up,0.08,1.6,15.0,0.15,1.0,False,ok,True,1.6578560177851183,0.8474534619526713,0.00015455943949104444
up,0.08,1.6,15.0,0.175,0.5,False,ok,True,1.1614321837498638,0.6904467301611278,0.00015579165197397642
up,0.08,1.6,15.0,0.175,0.8,False,ok,True,1.4676397475265932,0.7909983169387088,0.00015722614493448136
up,0.08,1.6,15.0,0.175,1.0,False,ok,True,1.5875981984880159,0.7952162498785756,0.00015675589228742156
up,0.08,1.6,15.0,0.2,0.5,False,ok,True,1.1540641068091704,0.6671850899935716,0.00015728968468811758
up,0.08,1.6,15.0,0.2,0.8,False,ok,True,1.4206217114985065,0.7564033482141236,0.0001574604532601081
up,0.08,1.6,15.0,0.2,1.0,False,ok,True,1.5240828224216272,0.7522801853913665,0.00015687538686640412
up,0.08,1.6,30.0,0.125,0.5,False,ok,True,1.1525155336781479,0.7096173373836571,2.243672091987934
up,0.08,1.6,30.0,0.125,0.8,False,ok,True,1.4533144979468644,0.8035131671888313,1.9016195690602773
up,0.08,1.6,30.0,0.125,1.0,False,ok,True,1.6592985070942219,0.8793641521494242,2.207068433584685
up,0.08,1.6,30.0,0.15,0.5,False,ok,True,1.1195475028936548,0.6666758321685756,2.706505651583856
up,0.08,1.6,30.0,0.15,0.8,False,ok,True,1.4894417318525777,0.7895976905273268,2.4069828537988096
up,0.08,1.6,30.0,0.15,1.0,False,ok,True,1.659027150177769,0.8525992571059299,2.728719018891801
up,0.08,1.6,30.0,0.175,0.5,False,ok,True,1.124026466257478,0.6482218893099884,3.1568989882309864
up,0.08,1.6,30.0,0.175,0.8,False,ok,True,1.4687616944682995,0.7589221681584594,2.9290756158098357
up,0.08,1.6,30.0,0.175,1.0,False,ok,True,1.589641291810882,0.807275886029144,3.2946918989961227
up,0.08,1.6,30.0,0.2,0.5,False,ok,True,1.0960706060992507,0.6152153164255523,2.8214577895282247
up,0.08,1.6,30.0,0.2,0.8,False,ok,True,1.4277943886658646,0.7190024834820167,3.410642623838787
up,0.08,1.6,30.0,0.2,1.0,False,ok,True,1.5128523908337093,0.7343880369006179,3.083646227794383
up,0.08,1.8,0.0,0.125,0.5,False,ok,True,4.085300639487718,1.4862119634390998,0.0004152173698927301
up,0.08,1.8,0.0,0.125,0.8,False,ok,True,4.011170876560512,1.654083005838141,0.00030636292049621996
up,0.08,1.8,0.0,0.125,1.0,False,ok,True,3.9514813352775335,1.5962574079174914,0.0003622683481646056
up,0.08,1.8,0.0,0.15,0.5,False,ok,True,3.4807693706854734,1.3174651586025508,0.0004791156744993621
up,0.08,1.8,0.0,0.15,0.8,False,ok,True,3.5055983844372287,1.493739287498503,0.0003661353004536181
up,0.08,1.8,0.0,0.15,1.0,False,ok,True,3.464956096469529,1.5380591860369488,0.00040163838661079075
up,0.08,1.8,0.0,0.175,0.5,False,ok,True,2.856557105688081,1.8735694367914317,0.0006921895521162544
up,0.08,1.8,0.0,0.175,0.8,False,ok,True,3.09512734087102,1.414277387388025,0.00040224982607243136
up,0.08,1.8,0.0,0.175,1.0,False,ok,True,3.0883278870830817,1.435696445460446,0.0005332547282356891
up,0.08,1.8,0.0,0.2,0.5,False,ok,True,2.223443736841634,1.4890732646496179,0.000720537849681213
up,0.08,1.8,0.0,0.2,0.8,False,ok,True,2.775548176310972,1.3014432154252713,0.00042085673555269866
up,0.08,1.8,0.0,0.2,1.0,False,ok,True,2.775536242503836,1.363195052291679,0.0004877671476552495
up,0.08,1.8,15.0,0.125,0.5,False,ok,True,1.30164477288363,0.8177247544406643,0.00015296509640907034
up,0.08,1.8,15.0,0.125,0.8,False,ok,True,1.623873736761236,0.9262907523828018,0.00015386481080836097
up,0.08,1.8,15.0,0.125,1.0,False,ok,True,1.824377736673739,0.9803082319798395,0.00015408859345159711
up,0.08,1.8,15.0,0.15,0.5,False,ok,True,1.2732785634152055,0.7849511915159119,0.00015425159098460985
up,0.08,1.8,15.0,0.15,0.8,False,ok,True,1.611812520034365,0.9021742692294876,0.0001549123660229218
up,0.08,1.8,15.0,0.15,1.0,False,ok,True,1.7911262998434456,0.9363984690342783,0.00015482914386948587
up,0.08,1.8,15.0,0.175,0.5,False,ok,True,1.2606054357468655,0.7552909971461076,0.0001568696835660329
up,0.08,1.8,15.0,0.175,0.8,False,ok,True,1.5988035773082792,0.863344872777556,0.000157771782746262
up,0.08,1.8,15.0,0.175,1.0,False,ok,True,1.738189013477717,0.8961205239175282,0.00015785138189724414
up,0.08,1.8,15.0,0.2,0.5,False,ok,True,1.2365186912169037,0.7218729660991108,0.00015921013269444881
up,0.08,1.8,15.0,0.2,0.8,False,ok,True,1.55302970003315,0.8441067873148218,0.00015853970119879396
up,0.08,1.8,15.0,0.2,1.0,False,ok,True,1.6609767568002323,0.8388845893087682,0.0001586502840125323
up,0.08,1.8,30.0,0.125,0.5,False,ok,True,1.2428486794115687,0.7699177697018088,2.442120977929463
up,0.08,1.8,30.0,0.125,0.8,False,ok,True,1.5650828048377983,0.8807373588502909,2.680998869577403
up,0.08,1.8,30.0,0.125,1.0,False,ok,True,1.7841602796305134,0.9566542828745465,2.0994331178342027
up,0.08,1.8,30.0,0.15,0.5,False,ok,True,1.2229749414694808,0.736453802906813,2.60695324022292
up,0.08,1.8,30.0,0.15,0.8,False,ok,True,1.5950704911925095,0.8635573470433293,3.0934493280886466
up,0.08,1.8,30.0,0.15,1.0,False,ok,True,1.8048767401021637,0.9407840664762441,2.441238957063241
up,0.08,1.8,30.0,0.175,0.5,False,ok,True,1.2141758264932228,0.7091537837224837,3.0009892978209085
up,0.08,1.8,30.0,0.175,0.8,False,ok,True,1.6001863200909783,0.8393789863914812,2.671659873803451
up,0.08,1.8,30.0,0.175,1.0,False,ok,True,1.745267444366156,0.8914846146751304,2.96753692074042
up,0.08,1.8,30.0,0.2,0.5,False,ok,True,1.1971366368935175,0.6844967403703548,2.315989454839659
up,0.08,1.8,30.0,0.2,0.8,False,ok,True,1.570609021740865,0.8076855217495247,3.1591186265036475
up,0.08,1.8,30.0,0.2,1.0,False,ok,True,1.6651569321032913,0.8277431117969983,3.413618853715417
up,0.08,2.0,0.0,0.125,0.5,False,ok,True,4.383259933071989,1.6337495052063293,0.0004368232585705714
up,0.08,2.0,0.0,0.125,0.8,False,ok,True,4.35022825267099,1.7433072245374088,0.0004960426291124024
up,0.08,2.0,0.0,0.125,1.0,False,ok,True,4.274862376803942,2.48084605476632,0.0003378983641190547
up,0.08,2.0,0.0,0.15,0.5,False,ok,True,3.7374064494527084,1.4349340031461737,0.0004678453491914246
up,0.08,2.0,0.0,0.15,0.8,False,ok,True,3.8080411066772246,1.7697462817442822,0.0002992316972235507
up,0.08,2.0,0.0,0.15,1.0,False,ok,True,3.763921220353059,2.3061684327007654,0.0003880071618831276
up,0.08,2.0,0.0,0.175,0.5,False,ok,True,2.955522353460958,1.4100991242355878,0.0007968348720631775
up,0.08,2.0,0.0,0.175,0.8,False,ok,True,3.3375598172393484,1.594860572155564,0.000417739645731736
up,0.08,2.0,0.0,0.175,1.0,False,ok,True,3.3061560710366744,1.6823882494350761,0.0004135947818445211
up,0.08,2.0,0.0,0.2,0.5,False,ok,True,2.3251493954002562,1.7627084503535342,0.0007301652192076171
up,0.08,2.0,0.0,0.2,0.8,False,ok,True,3.022132664116873,1.3754391604405094,0.00039798679771711775
up,0.08,2.0,0.0,0.2,1.0,False,ok,True,2.965919939779768,1.4719184160156369,0.0004375826520363992
up,0.08,2.0,15.0,0.125,0.5,False,ok,True,1.4053145682957435,0.8869676165445779,0.0001532408237721859
up,0.08,2.0,15.0,0.125,0.8,False,ok,True,1.7453775901873998,1.0136712928717035,0.00015428331933469339
up,0.08,2.0,15.0,0.125,1.0,False,ok,True,1.9679616498464816,1.0695875891470483,0.00015456406252860143
up,0.08,2.0,15.0,0.15,0.5,False,ok,True,1.3569064145440293,0.8410161642016741,0.00015479475880300376
up,0.08,2.0,15.0,0.15,0.8,False,ok,True,1.7210872672954722,0.9917867884627504,0.00015586620813060016
up,0.08,2.0,15.0,0.15,1.0,False,ok,True,1.9342995397234712,1.0348872110696643,0.00015598606635225246
up,0.08,2.0,15.0,0.175,0.5,False,ok,True,1.3634041500682093,0.8283106174558269,0.0001564114517128658
up,0.08,2.0,15.0,0.175,0.8,False,ok,True,1.721929408443452,0.94507642247403,0.00015716832767447068
up,0.08,2.0,15.0,0.175,1.0,False,ok,True,1.8857550595695975,1.0031990437299154,0.00015764958461410023
up,0.08,2.0,15.0,0.2,0.5,False,ok,True,1.3356986560976936,0.7945450881479842,0.00015385503550308083
up,0.08,2.0,15.0,0.2,0.8,False,ok,True,1.6893145002034728,0.9048514495861629,0.00015415826129936672
up,0.08,2.0,15.0,0.2,1.0,False,ok,True,1.8057145597332875,0.9270363227101334,0.00015241000677711661
up,0.08,2.0,30.0,0.125,0.5,False,ok,True,1.321662287785669,0.8266545635226383,1.6677837768161567
up,0.08,2.0,30.0,0.125,0.8,False,ok,True,1.6709616816350548,0.9511919256857587,2.1672974788993677
up,0.08,2.0,30.0,0.125,1.0,False,ok,True,1.9332910660530551,1.0474859026702141,2.414128021386757
up,0.08,2.0,30.0,0.15,0.5,False,ok,True,1.317104460444129,0.8044179798559673,1.8538554931381208
up,0.08,2.0,30.0,0.15,0.8,False,ok,True,1.7281875236675568,0.9484773114536525,2.5925403680617087
up,0.08,2.0,30.0,0.15,1.0,False,ok,True,1.9441877314859957,1.0128829312561798,2.9039092214791675
up,0.08,2.0,30.0,0.175,0.5,False,ok,True,1.3241257686517314,0.7813326038410318,2.3408470813345073
up,0.08,2.0,30.0,0.175,0.8,False,ok,True,1.7324954075302057,0.929722307047612,3.0240056423013377
up,0.08,2.0,30.0,0.175,1.0,False,ok,True,1.8844925427012145,0.9669337345585275,3.3250370731335472
up,0.08,2.0,30.0,0.2,0.5,False,ok,True,1.2998727041781049,0.7528296976226381,2.487099333832794
up,0.08,2.0,30.0,0.2,0.8,False,ok,True,1.7026248968807223,0.8997412217160364,3.440731140130081
up,0.08,2.0,30.0,0.2,1.0,False,ok,True,1.8009182538098991,0.9133433056113325,2.973595180895987
up,0.08,2.2,0.0,0.125,0.5,False,ok,True,4.75162040740022,1.7181896575794353,0.00018360718074167542
up,0.08,2.2,0.0,0.125,0.8,False,ok,True,4.62570688313787,1.9781849348938891,0.00017597233235201965
up,0.08,2.2,0.0,0.125,1.0,False,ok,True,4.606929689297196,2.413950080510857,0.0003230021270207086
up,0.08,2.2,0.0,0.15,0.5,False,ok,True,3.959559770898238,1.5278096613234702,0.0005030827916798373
up,0.08,2.2,0.0,0.15,0.8,False,ok,True,4.068518826865783,2.5583939062259575,0.0002646772416151048
up,0.08,2.2,0.0,0.15,1.0,False,ok,True,3.9941805873150145,2.3033235120211044,0.00036235146617884733
up,0.08,2.2,0.0,0.175,0.5,False,ok,True,3.121492702177635,1.32471986063579,0.0005826268417252551
up,0.08,2.2,0.0,0.175,0.8,False,ok,True,3.572446346639541,2.1048038809595235,0.00033280247538814935
up,0.08,2.2,0.0,0.175,1.0,False,ok,True,3.545726349078762,2.450796155962814,0.0003775556019522337
up,0.08,2.2,0.0,0.2,0.5,False,ok,True,2.4279697321215887,1.6067961832243187,0.0004745261894107249
up,0.08,2.2,0.0,0.2,0.8,False,ok,True,3.194696322978104,1.511340638112346,0.00041403460838418757
up,0.08,2.2,0.0,0.2,1.0,False,ok,True,3.1853104472999862,1.8342642166405005,0.00036658629719388736
up,0.08,2.2,15.0,0.125,0.5,False,ok,True,1.4865852500993837,0.988385129496261,0.00015296429554420563
up,0.08,2.2,15.0,0.125,0.8,False,ok,True,1.869313839585995,1.5028846636672182,0.00015411308022206965
up,0.08,2.2,15.0,0.125,1.0,False,ok,True,2.0916993886987636,1.616877578525233,0.00015465523883798941
up,0.08,2.2,15.0,0.15,0.5,False,ok,True,1.4753292310654476,0.970244789670567,0.0001516775507682361
up,0.08,2.2,15.0,0.15,0.8,False,ok,True,1.8750228843265984,1.2530710189638234,0.00015326293478724206
up,0.08,2.2,15.0,0.15,1.0,False,ok,True,2.085880374745551,1.3137813264616662,0.0001535151027169539
up,0.08,2.2,15.0,0.175,0.5,False,ok,True,1.4816688141825765,0.9355747161000526,0.0001424504446441107
up,0.08,2.2,15.0,0.175,0.8,False,ok,True,1.8387421690272203,1.0627887803267893,0.00014567596948023793
up,0.08,2.2,15.0,0.175,1.0,False,ok,True,2.0103484245068275,1.1625860790909446,0.00014055456094877098
up,0.08,2.2,15.0,0.2,0.5,False,ok,True,1.4314711310673147,0.8727866085421152,0.000112115364332289
up,0.08,2.2,15.0,0.2,0.8,False,ok,True,1.8002916005970453,1.0101456009878804,0.00010957057530710691
up,0.08,2.2,15.0,0.2,1.0,False,ok,True,1.9323025005379988,1.0435728314680441,9.779551381142138e-05
up,0.08,2.2,30.0,0.125,0.5,False,ok,True,1.396814854240743,0.8670865918300397,1.4979413107482096
up,0.08,2.2,30.0,0.125,0.8,False,ok,True,1.8105192259187461,1.0371673200369644,2.568149869733155
up,0.08,2.2,30.0,0.125,1.0,False,ok,True,2.0745989140625234,1.1268406062490113,2.0782316595915464
up,0.08,2.2,30.0,0.15,0.5,False,ok,True,1.4157871932776724,0.8591730652608992,1.8962331208950212
up,0.08,2.2,30.0,0.15,0.8,False,ok,True,1.8566526716781164,1.0254128456154077,2.667575546612695
up,0.08,2.2,30.0,0.15,1.0,False,ok,True,2.0854992217025097,1.1083306504726373,3.0091092548858955
up,0.08,2.2,30.0,0.175,0.5,False,ok,True,1.3067064508975479,0.7864602470264559,2.345029530279058
up,0.08,2.2,30.0,0.175,0.8,False,ok,True,1.8361199707153228,0.9911395827198601,3.0253785144712038
up,0.08,2.2,30.0,0.175,1.0,False,ok,True,2.016172799245833,1.0545861885904622,3.3602630295800258
up,0.08,2.2,30.0,0.2,0.5,False,ok,True,1.3837478882948522,0.8146141767456182,2.4473480815617017
up,0.08,2.2,30.0,0.2,0.8,False,ok,True,1.8175263012832328,0.971083309134432,3.5000634033025406
up,0.08,2.2,30.0,0.2,1.0,False,ok,True,1.9378141217825944,0.9986147136012232,2.913592568865197
up,0.08,2.4,0.0,0.125,0.5,False,ok,True,5.00449197484165,1.802537660257389,0.00026168797242853876
up,0.08,2.4,0.0,0.125,0.8,False,ok,True,4.955210352855369,2.5457694049239423,0.0002669488983832005
up,0.08,2.4,0.0,0.125,1.0,False,ok,True,4.891279907556756,1.7174019463500534,0.0003702183149627847
up,0.08,2.4,0.0,0.15,0.5,False,ok,True,3.9730791419910707,1.6031645470659968,0.000290956366963925
up,0.08,2.4,0.0,0.15,0.8,False,ok,True,4.30867845998267,1.7579357579288533,0.0003680261306273345
up,0.08,2.4,0.0,0.15,1.0,False,ok,True,4.248281383805515,1.761888085652603,0.0001620532937368953
up,0.08,2.4,0.0,0.175,0.5,False,ok,True,3.134901828864715,1.4237436696045676,0.0005907177323695834
up,0.08,2.4,0.0,0.175,0.8,False,ok,True,3.7977192316363007,2.3168540854361686,0.00023590984657896876
up,0.08,2.4,0.0,0.175,1.0,False,ok,True,3.712710978018047,1.7474452584955067,0.00032904194923272234
up,0.08,2.4,0.0,0.2,0.5,False,ok,True,2.4894449269469234,1.3961315243617234,0.00032648101655437034
up,0.08,2.4,0.0,0.2,0.8,False,ok,True,3.377130930038243,1.8401106696588108,0.0003251555622344744
up,0.08,2.4,0.0,0.2,1.0,False,ok,True,3.3499911575953756,2.3213387626368336,0.0002697695584521246
up,0.08,2.4,15.0,0.125,0.5,False,ok,True,1.6060965226083475,1.3065251842035084,0.00014686143889803565
up,0.08,2.4,15.0,0.125,0.8,False,ok,True,2.01260516193229,1.626965042360766,0.00014489092779128632
up,0.08,2.4,15.0,0.125,1.0,False,ok,True,2.2311977995257064,1.586084152570556,0.0001462927136380169
up,0.08,2.4,15.0,0.15,0.5,False,ok,True,1.5662344373023533,1.328338443687441,0.0001274154418332151
up,0.08,2.4,15.0,0.15,0.8,False,ok,True,1.992910333971286,1.6782198009509248,0.0001256138767446319
up,0.08,2.4,15.0,0.15,1.0,False,ok,True,2.204662351130248,1.7043310604924087,0.00011486805997492284
up,0.08,2.4,15.0,0.175,0.5,False,ok,True,1.5638260357410496,1.3389076921718162,8.612455065100508e-05
up,0.08,2.4,15.0,0.175,0.8,False,ok,True,1.9449680574216592,1.5914420915203633,6.12511964326163e-05
up,0.08,2.4,15.0,0.175,1.0,False,ok,True,2.1465006115905716,1.6487312781582688,5.7864983633830807e-05
up,0.08,2.4,15.0,0.2,0.5,False,ok,True,1.5424327594015272,1.2545692579646839,5.5779865205086506e-05
up,0.08,2.4,15.0,0.2,0.8,False,ok,True,1.921044451332855,1.4518996126844805,2.03171384460983e-05
up,0.08,2.4,15.0,0.2,1.0,False,ok,True,2.0604973929189883,1.484359666868716,1.3589829238251628e-05
up,0.08,2.4,30.0,0.125,0.5,False,ok,True,1.4871152886230554,0.918177538632218,1.679093908158504
up,0.08,2.4,30.0,0.125,0.8,False,ok,True,1.918804241365843,1.1066428826771937,2.6849328915687196
up,0.08,2.4,30.0,0.125,1.0,False,ok,True,2.20261915415669,1.2141044248551887,2.220246056317122
up,0.08,2.4,30.0,0.15,0.5,False,ok,True,1.5086324892402698,0.9175952500395113,2.004329530422231
up,0.08,2.4,30.0,0.15,0.8,False,ok,True,1.9753094669407452,1.1011137455701963,2.2724364989220693
up,0.08,2.4,30.0,0.15,1.0,False,ok,True,2.2052308752315573,1.1855166602129799,2.979594492653134
up,0.08,2.4,30.0,0.175,0.5,False,ok,True,1.4957225655709117,0.9001295708269302,2.3133051390089845
up,0.08,2.4,30.0,0.175,0.8,False,ok,True,1.949255255325168,1.0714565106270735,2.9048351894052877
up,0.08,2.4,30.0,0.175,1.0,False,ok,True,2.1444584077768742,1.1306693050510856,3.4468302760456324
up,0.08,2.4,30.0,0.2,0.5,False,ok,True,1.4898317053629222,0.8836016972469035,1.8644762856209722
up,0.08,2.4,30.0,0.2,0.8,False,ok,True,1.9421733638997434,1.05562527744953,3.4341339229336874
up,0.08,2.4,30.0,0.2,1.0,False,ok,True,2.0680411242842816,1.0820792284362035,3.127972057576967
up,0.08,2.6,0.0,0.125,0.5,False,ok,True,5.2576913983823514,1.834890430557413,0.00026004101014438937
up,0.08,2.6,0.0,0.125,0.8,False,ok,True,5.237186460501355,2.6365528971390564,0.0002203939786527545
up,0.08,2.6,0.0,0.125,1.0,False,ok,True,5.1455562854349814,1.7974126441889,0.00019809849575237132
up,0.08,2.6,0.0,0.15,0.5,False,ok,True,4.172471304233514,1.6769084722006162,0.00023468366513427875
up,0.08,2.6,0.0,0.15,0.8,False,ok,True,4.5659343690350465,1.8637050831677444,0.00033540641290735583
up,0.08,2.6,0.0,0.15,1.0,False,ok,True,4.4883439737731585,1.839717220792909,0.00017381908311105355
up,0.08,2.6,0.0,0.175,0.5,False,ok,True,3.3129067880589367,1.4755241175453644,0.00020642329174590495
up,0.08,2.6,0.0,0.175,0.8,False,ok,True,3.9742864806657217,1.7735465969590902,0.000678421153890572
up,0.08,2.6,0.0,0.175,1.0,False,ok,True,3.9314802715108677,1.859325115465337,0.0002915174272783654
up,0.08,2.6,0.0,0.2,0.5,False,ok,True,2.6132572288688896,1.2428444522729862,0.00042112407877265543
up,0.08,2.6,0.0,0.2,0.8,False,ok,True,3.5205958848341137,1.9762722445337806,0.00017555163574898156
up,0.08,2.6,0.0,0.2,1.0,False,ok,True,3.57638109784803,1.803670266681825,0.00015087198395145044
up,0.08,2.6,15.0,0.125,0.5,False,ok,True,1.7843629234043346,1.5597286017235439,0.00012758162821381204
up,0.08,2.6,15.0,0.125,0.8,False,ok,True,2.109293496913802,1.2347958674348072,0.00012839954760754033
up,0.08,2.6,15.0,0.125,1.0,False,ok,True,2.3692048155698315,1.3103206418140383,0.00012640601951370459
up,0.08,2.6,15.0,0.15,0.5,False,ok,True,1.7512845217999213,1.5435848184166607,9.031252378721399e-05
up,0.08,2.6,15.0,0.15,0.8,False,ok,True,2.0731629729609424,1.1879029767866396,0.00011062903667154268
up,0.08,2.6,15.0,0.15,1.0,False,ok,True,2.3269801006061983,1.2704833767417707,9.313898672108562e-05
up,0.08,2.6,15.0,0.175,0.5,False,ok,True,1.7031695985704933,1.5053005730820295,5.4300879576429187e-05
up,0.08,2.6,15.0,0.175,0.8,False,ok,True,2.071099345505159,1.3392981490223472,3.5133869575847497e-05
up,0.08,2.6,15.0,0.175,1.0,False,ok,True,2.277465349597592,1.2271962489357673,2.4841931369229185e-05
up,0.08,2.6,15.0,0.2,0.5,False,ok,True,1.7246477203817112,1.5019248525584192,0.0001073663263301994
up,0.08,2.6,15.0,0.2,0.8,False,ok,True,2.0358659995689696,1.4497584360309852,9.664795413230138e-05
up,0.08,2.6,15.0,0.2,1.0,False,ok,True,2.185994899852232,1.4488363297205107,3.645291021421605e-05
up,0.08,2.6,30.0,0.125,0.5,False,ok,True,1.5932113849009129,0.979746516083435,2.122475383354714
up,0.08,2.6,30.0,0.125,0.8,False,ok,True,2.0576293343704433,1.1805673877898113,2.056114709043082
up,0.08,2.6,30.0,0.125,1.0,False,ok,True,2.351635181199182,1.284824313432072,2.6217548957976256
up,0.08,2.6,30.0,0.15,0.5,False,ok,True,1.5953138370569897,0.9716298845065301,2.3802466100495363
up,0.08,2.6,30.0,0.15,0.8,False,ok,True,2.081715681950075,1.174501992710832,2.3637188012619275
up,0.08,2.6,30.0,0.15,1.0,False,ok,True,2.335721265555608,1.2640584332150506,3.072223148113718
up,0.08,2.6,30.0,0.175,0.5,False,ok,True,1.5775241999771328,0.9489820006637119,1.7533505367110285
up,0.08,2.6,30.0,0.175,0.8,False,ok,True,2.083159089869811,1.1454240509794535,2.877393037724874
up,0.08,2.6,30.0,0.175,1.0,False,ok,True,2.2640271600994253,1.2086917460968565,3.385999726147483
up,0.08,2.6,30.0,0.2,0.5,False,ok,True,1.5633714570934683,0.9343064626099279,2.11668954443171
up,0.08,2.6,30.0,0.2,0.8,False,ok,True,2.0411688245591697,1.1185117903283943,3.3138360243692646
up,0.08,2.6,30.0,0.2,1.0,False,ok,True,2.174082021820525,1.1588401329147262,3.107721245236877
up,0.08,2.8,0.0,0.125,0.5,False,ok,True,5.428228974696209,1.8922385076195367,0.0001699879112717762
up,0.08,2.8,0.0,0.125,0.8,False,ok,True,5.5014811633048915,2.2325390264998894,2.2499871613419568e-05
up,0.08,2.8,0.0,0.125,1.0,False,ok,True,5.3645322704650775,1.9992672011206958,0.00016694218026609527
up,0.08,2.8,0.0,0.15,0.5,False,ok,True,4.416085951026553,1.7500212705733094,0.0001990308013678581
up,0.08,2.8,0.0,0.15,0.8,False,ok,True,4.68785376620032,1.9261247880010812,0.00016913130819501827
up,0.08,2.8,0.0,0.15,1.0,False,ok,True,4.705895322449398,2.011276805631079,2.1467929620255842e-06
up,0.08,2.8,0.0,0.175,0.5,False,ok,True,3.3810231613190234,1.6028746574138828,0.0005066966539212338
up,0.08,2.8,0.0,0.175,0.8,False,ok,True,4.118100377643811,1.8552922819128617,0.00025010477978294955
up,0.08,2.8,0.0,0.175,1.0,False,ok,True,4.138071147059185,1.9133049998778842,0.00016618895239249576
up,0.08,2.8,0.0,0.2,0.5,False,ok,True,2.641300681562879,1.144075426406804,0.0007508946627493189
up,0.08,2.8,0.0,0.2,0.8,False,ok,True,3.579482726160788,1.971340113980794,0.0002547097836352308
up,0.08,2.8,0.0,0.2,1.0,False,ok,True,3.705602723339055,1.8972606631340956,0.00023994327523267663
up,0.08,2.8,15.0,0.125,0.5,False,ok,True,1.7174930143880416,1.2085897014018865,0.00011950995558269855
up,0.08,2.8,15.0,0.125,0.8,False,ok,True,2.5846938686445835,1.2820935937378994,5.7994731877530674e-05
up,0.08,2.8,15.0,0.125,1.0,False,ok,True,3.013693376028813,1.3676016883723154,8.655858778785254e-06
up,0.08,2.8,15.0,0.15,0.5,False,ok,True,1.7463566318462147,1.0857568134074083,9.818609537756626e-05
up,0.08,2.8,15.0,0.15,0.8,False,ok,True,2.6967323576086697,1.2848108413778954,1.9747569907829115e-06
up,0.08,2.8,15.0,0.15,1.0,False,ok,True,2.763706821886607,1.3521944861828237,4.745015124671815e-05
up,0.08,2.8,15.0,0.175,0.5,False,ok,True,1.729488606965567,1.0726375860021709,0.00016374848974303442
up,0.08,2.8,15.0,0.175,0.8,False,ok,True,2.1962559072269197,1.263711311850488,0.00015137070734312766
up,0.08,2.8,15.0,0.175,1.0,False,ok,True,2.386983051386059,1.3076426791762998,9.1900440851972e-05
up,0.08,2.8,15.0,0.2,0.5,False,ok,True,1.7248595845223902,1.1057639345136128,0.0003598779604511563
up,0.08,2.8,15.0,0.2,0.8,False,ok,True,2.1337696692115435,1.2063500602961166,0.00047347554827140067
up,0.08,2.8,15.0,0.2,1.0,False,ok,True,2.299612220707013,1.2399624478666496,0.00034806924131115693
up,0.08,2.8,30.0,0.125,0.5,False,ok,True,1.667182628980052,1.0185961852377183,2.148683059616872
up,0.08,2.8,30.0,0.125,0.8,False,ok,True,2.19530815364274,1.2528379789340587,2.916718384833154
up,0.08,2.8,30.0,0.125,1.0,False,ok,True,2.4792434632283764,1.3638687134618532,2.4865912237123733
up,0.08,2.8,30.0,0.15,0.5,False,ok,True,1.665139728797164,1.012801814343651,2.3584529341461815
up,0.08,2.8,30.0,0.15,0.8,False,ok,True,2.18597842026672,1.2290872157358084,2.1481429388215028
up,0.08,2.8,30.0,0.15,1.0,False,ok,True,2.4523684717414764,1.3276990673987965,2.569507461720528
up,0.08,2.8,30.0,0.175,0.5,False,ok,True,1.6557552753234344,1.006054799015287,2.6064656786651583
up,0.08,2.8,30.0,0.175,0.8,False,ok,True,2.199235930212927,1.2245960863743603,2.549364598754016
up,0.08,2.8,30.0,0.175,1.0,False,ok,True,2.4001501515251755,1.2896784492207853,3.113007799864555
up,0.08,2.8,30.0,0.2,0.5,False,ok,True,1.6675861664887568,1.0022826209186917,1.9579663060343409
up,0.08,2.8,30.0,0.2,0.8,False,ok,True,2.1567423491460023,1.1847643660427165,2.9620491175500407
up,0.08,2.8,30.0,0.2,1.0,False,ok,True,2.291079920125905,1.2322474155814682,2.7135382078109345
up,0.08,3.0,0.0,0.125,0.5,False,ok,True,5.723678948342315,2.0192904975082198,0.0015771433702944982
up,0.08,3.0,0.0,0.125,0.8,False,ok,True,5.767969846560111,2.0176573907942785,0.0002391512883523616
up,0.08,3.0,0.0,0.125,1.0,False,ok,True,5.63353738626497,2.152216145086162,0.00017043463509147584
up,0.08,3.0,0.0,0.15,0.5,False,ok,True,4.499663301604492,1.7393762623530533,0.0010473739471338556
up,0.08,3.0,0.0,0.15,0.8,False,ok,True,4.911972307079903,2.027879033109623,0.00023288599379725546
up,0.08,3.0,0.0,0.15,1.0,False,ok,True,4.7994306754214895,2.1026898541350807,0.0003261312481100344
up,0.08,3.0,0.0,0.175,0.5,False,ok,True,3.5126052021519336,1.5340336821395664,0.0012991398602831764
up,0.08,3.0,0.0,0.175,0.8,False,ok,True,4.19490789605013,1.8896761810526304,0.00029549135232506994
up,0.08,3.0,0.0,0.175,1.0,False,ok,True,4.291041596736483,1.9885418984739502,0.0005032283399515783
up,0.08,3.0,0.0,0.2,0.5,False,ok,True,2.6620256203591066,1.0402175950995818,0.0023129873315500997
up,0.08,3.0,0.0,0.2,0.8,False,ok,True,3.858829315975041,1.7658319537972857,0.0009783102875856628
up,0.08,3.0,0.0,0.2,1.0,False,ok,True,3.799237241126769,1.9598289512932578,0.0009337442375215531
up,0.08,3.0,15.0,0.125,0.5,False,ok,True,1.7882337222074773,1.1116369951395577,0.00014142979889328604
up,0.08,3.0,15.0,0.125,0.8,False,ok,True,3.103909972688718,1.337639999906872,0.00016286817831204583
up,0.08,3.0,15.0,0.125,1.0,False,ok,True,3.0752712253338603,1.4458477769197091,0.00012431075076713163
up,0.08,3.0,15.0,0.15,0.5,False,ok,True,1.8080831329864469,1.1305027281808098,0.00021105038617980895
up,0.08,3.0,15.0,0.15,0.8,False,ok,True,2.8222451799135513,1.3533186712652547,0.0008888590829155652
up,0.08,3.0,15.0,0.15,1.0,False,ok,True,2.76622758110005,1.4308964610845345,0.0010142469854918714
up,0.08,3.0,15.0,0.175,0.5,False,ok,True,1.8253232766938452,1.1294807237778137,0.000536718391292936
up,0.08,3.0,15.0,0.175,0.8,False,ok,True,2.7090316473282487,1.312791536320084,0.0018238287202494061
up,0.08,3.0,15.0,0.175,1.0,False,ok,True,2.6587290473943126,1.3706135158453057,0.0017708303553839425
up,0.08,3.0,15.0,0.2,0.5,False,ok,True,1.8198319249277546,1.118380588061637,0.001459335056128754
up,0.08,3.0,15.0,0.2,0.8,False,ok,True,2.4657465292304765,1.273066949885478,0.002769359272598115
up,0.08,3.0,15.0,0.2,1.0,False,ok,True,2.461361926550516,1.307073923009882,0.0026476225337582287
up,0.08,3.0,30.0,0.125,0.5,False,ok,True,1.7252022808897542,1.0558753128849057,2.1487005099258174
up,0.08,3.0,30.0,0.125,0.8,False,ok,True,2.239942575786515,1.2888770933561915,1.9953684836690344
up,0.08,3.0,30.0,0.125,1.0,False,ok,True,2.579469408535832,1.4224695469202986,2.4164239267015657
up,0.08,3.0,30.0,0.15,0.5,False,ok,True,1.7495887101857792,1.060851545335917,2.2234568097255183
up,0.08,3.0,30.0,0.15,0.8,False,ok,True,2.28984565359231,1.28667740083477,1.9888741512951127
up,0.08,3.0,30.0,0.15,1.0,False,ok,True,2.562426307237848,1.3974714471969885,2.4288424892542406
up,0.08,3.0,30.0,0.175,0.5,False,ok,True,1.743431381897604,1.0579138534026724,2.406261882911234
up,0.08,3.0,30.0,0.175,0.8,False,ok,True,2.296213915706527,1.28733226063475,2.3407693669268324
up,0.08,3.0,30.0,0.175,1.0,False,ok,True,2.5175059043730403,1.3538364059718957,2.7821062815396465
up,0.08,3.0,30.0,0.2,0.5,False,ok,True,1.748042612048399,1.056296060556691,2.5732612891742863
up,0.08,3.0,30.0,0.2,0.8,False,ok,True,2.262390870738459,1.262795956660945,2.5833203742304947
up,0.08,3.0,30.0,0.2,1.0,False,ok,True,2.409091655493641,1.3007801250096271,2.391924418141523
up,0.1,0.4,0.0,0.125,0.5,False,stall,False,1.2534619501152313,0.2768073871354962,0.8583664836594882
up,0.1,0.4,0.0,0.125,0.8,False,stall,False,1.2151427162274973,1.010436979807881,10.63543309141337
up,0.1,0.4,0.0,0.125,1.0,False,stall,False,1.2042509155088281,0.615124750222845,9.511566363910893
up,0.1,0.4,0.0,0.15,0.5,False,stall,False,1.1770517159264695,0.3026722915098805,0.7763016859372048
up,0.1,0.4,0.0,0.15,0.8,False,stall,False,1.143042244637428,0.6912002689094268,10.492548038588007
up,0.1,0.4,0.0,0.15,1.0,False,stall,False,1.24510326448542,1.0888070891793251,10.69266159439269
up,0.1,0.4,0.0,0.175,0.5,False,stall,False,1.0870298993982275,0.2892932689222063,0.8038802228144518
up,0.1,0.4,0.0,0.175,0.8,False,stall,False,1.0772654347150001,0.5944359743138151,10.684883383278436
up,0.1,0.4,0.0,0.175,1.0,False,stall,False,2.149844287676177,1.820721567135091,10.843883123471759
up,0.1,0.4,0.0,0.2,0.5,False,stall,False,0.9950042260417972,0.2526530222684731,0.8288842943896051
up,0.1,0.4,0.0,0.2,0.8,False,stall,False,0.9904777185609458,0.2350929165727688,3.863965964170296
up,0.1,0.4,0.0,0.2,1.0,False,stall,False,0.9846404852663608,0.23367875934366159,3.623300409143899
up,0.1,0.4,15.0,0.125,0.5,False,ok,True,0.38211628701623124,0.20389227035082838,0.00015236154387634676
up,0.1,0.4,15.0,0.125,0.8,False,ok,True,0.4476720124913158,0.21476138002463735,0.000153353980820766
up,0.1,0.4,15.0,0.125,1.0,False,ok,True,0.4984015242731756,0.23003187114124973,0.0001537055017567353
up,0.1,0.4,15.0,0.15,0.5,False,ok,True,0.3174533208556876,0.1893833927354274,0.0001527709413836508
up,0.1,0.4,15.0,0.15,0.8,False,ok,True,0.43614613619729986,0.20370112552871888,0.00015374206173200864
up,0.1,0.4,15.0,0.15,1.0,False,ok,True,0.49602832704555533,0.21207232134311615,0.00015407047889816973
up,0.1,0.4,15.0,0.175,0.5,False,ok,True,0.3449590130691906,0.1598627426858528,0.00015382493349270422
up,0.1,0.4,15.0,0.175,0.8,False,ok,True,0.42574422706485066,0.18382498747765344,0.00015467909851762498
up,0.1,0.4,15.0,0.175,1.0,False,ok,True,0.49629945382265606,0.19769670065978337,0.00015485642470486292
up,0.1,0.4,15.0,0.2,0.5,False,ok,True,0.2923499510304521,0.13927111726140054,0.00015426988926406563
up,0.1,0.4,15.0,0.2,0.8,False,ok,True,0.42596010413806157,0.17899129919573478,0.00015497472372397793
up,0.1,0.4,15.0,0.2,1.0,False,ok,True,0.49149359246217067,0.1912548342432909,0.00015510250941787088
up,0.1,0.4,30.0,0.125,0.5,False,ok,True,0.5119075737733726,0.27991238818147907,3.3861465329697125
up,0.1,0.4,30.0,0.125,0.8,False,ok,True,0.4106671925070742,0.2114652413495324,4.1981361286094305
up,0.1,0.4,30.0,0.125,1.0,False,ok,True,0.44952861536751687,0.22484066485394616,4.363698695112604
up,0.1,0.4,30.0,0.15,0.5,False,ok,True,0.40562171894375304,0.21110404670626684,3.736244867878973
up,0.1,0.4,30.0,0.15,0.8,False,ok,True,0.3938150927403458,0.18296922695998544,4.29595137859006
up,0.1,0.4,30.0,0.15,1.0,False,ok,True,0.4505378576304745,0.19460831219705355,4.463738380490774
up,0.1,0.4,30.0,0.175,0.5,False,ok,True,0.31811408651448153,0.17158464915670768,4.181848175351599
up,0.1,0.4,30.0,0.175,0.8,False,ok,True,0.38348820148409557,0.1950102134216892,4.544057855565812
up,0.1,0.4,30.0,0.175,1.0,False,ok,True,0.43498868076397706,0.212443156636227,4.661877836179828
up,0.1,0.4,30.0,0.2,0.5,False,ok,True,0.3348900295488685,0.20530701259994208,4.057842312445368
up,0.1,0.4,30.0,0.2,0.8,False,ok,True,0.3513260362353716,0.1699765222872645,4.654493049065073
up,0.1,0.4,30.0,0.2,1.0,False,ok,True,0.430932430873421,0.1800105396107593,4.780735122322436
up,0.1,0.6,0.0,0.125,0.5,False,stall,False,1.827972804997251,0.415806335845013,0.7811830362922749
up,0.1,0.6,0.0,0.125,0.8,False,stall,False,1.7830703616031385,0.6233249113783327,10.353846184206413
up,0.1,0.6,0.0,0.125,1.0,False,stall,False,1.7802255493806127,0.6183804588787944,9.903034846507392
up,0.1,0.6,0.0,0.15,0.5,False,stall,False,1.6734517314284936,0.35363381387207576,0.9053676201943585
up,0.1,0.6,0.0,0.15,0.8,False,stall,False,1.6672912195636547,0.9652569331800969,10.778616362318953
up,0.1,0.6,0.0,0.15,1.0,False,stall,False,1.6341994719958852,0.6492684731760483,10.82463926374581
up,0.1,0.6,0.0,0.175,0.5,False,stall,False,1.5309973030201953,0.357738017046734,0.8551129215990037
up,0.1,0.6,0.0,0.175,0.8,False,stall,False,1.8819494047000551,1.65212776129297,10.617872679443447
up,0.1,0.6,0.0,0.175,1.0,False,stall,False,1.494184047763633,1.0510907514820578,10.743608421908132
up,0.1,0.6,0.0,0.2,0.5,False,stall,False,1.3703021105174538,0.3317569213318595,0.8298535576575622
up,0.1,0.6,0.0,0.2,0.8,False,stall,False,2.0483400466346353,1.7783852481823215,10.787951605248653
up,0.1,0.6,0.0,0.2,1.0,False,stall,False,1.9060013366409365,1.6743592885602598,11.016683643002272
up,0.1,0.6,15.0,0.125,0.5,False,ok,True,0.5268861705221046,0.308322997342994,0.0001524424427827074
up,0.1,0.6,15.0,0.125,0.8,False,ok,True,0.6774875429654735,0.3344783947052868,0.00015342457337205235
up,0.1,0.6,15.0,0.125,1.0,False,ok,True,0.7552888067971449,0.361212262404288,0.00015376058741035258
up,0.1,0.6,15.0,0.15,0.5,False,ok,True,0.5039490655960831,0.2753716853344563,0.00015294346470132246
up,0.1,0.6,15.0,0.15,0.8,False,ok,True,0.6488644060725365,0.3114039778351087,0.00015385386490338577
up,0.1,0.6,15.0,0.15,1.0,False,ok,True,0.7393497641287087,0.34126442542123214,0.00015415475035802158
up,0.1,0.6,15.0,0.175,0.5,False,ok,True,0.4734549775958995,0.24498647752230865,0.0001538539305777341
up,0.1,0.6,15.0,0.175,0.8,False,ok,True,0.6360219336842301,0.2945560269979021,0.00015511451982886898
up,0.1,0.6,15.0,0.175,1.0,False,ok,True,0.7249369295678691,0.3259100872692776,0.0001551849713960531
up,0.1,0.6,15.0,0.2,0.5,False,ok,True,0.4554216041279259,0.26376457507225404,0.00015479921277915183
up,0.1,0.6,15.0,0.2,0.8,False,ok,True,0.6338954979725715,0.2878956378376727,0.0001553933262208419
up,0.1,0.6,15.0,0.2,1.0,False,ok,True,0.7234941339263438,0.3126376588436831,0.00015543224405798123
up,0.1,0.6,30.0,0.125,0.5,False,ok,True,0.5160815547309286,0.31177829446384975,3.5070955929079743
up,0.1,0.6,30.0,0.125,0.8,False,ok,True,0.6388984393512511,0.3757101654926784,3.6169924376695444
up,0.1,0.6,30.0,0.125,1.0,False,ok,True,0.708572682579769,0.3867277025265263,3.7513309578034826
up,0.1,0.6,30.0,0.15,0.5,False,ok,True,0.48818450872745134,0.2656127760722281,3.7420177225535043
up,0.1,0.6,30.0,0.15,0.8,False,ok,True,0.6128854370913638,0.2857614079329983,3.7973887539788174
up,0.1,0.6,30.0,0.15,1.0,False,ok,True,0.6825739338051768,0.3201385817633849,3.8251453470096215
up,0.1,0.6,30.0,0.175,0.5,False,ok,True,0.4667603378374708,0.24069355732132752,3.5612334241799557
up,0.1,0.6,30.0,0.175,0.8,False,ok,True,0.5904045240000128,0.2733843087674123,3.5868618637726817
up,0.1,0.6,30.0,0.175,1.0,False,ok,True,0.6608768018511045,0.29989520660307395,3.5179067303069385
up,0.1,0.6,30.0,0.2,0.5,False,ok,True,0.4440058454806179,0.2514799714609438,3.7644423833399787
up,0.1,0.6,30.0,0.2,0.8,False,ok,True,0.5669802726681205,0.28821368262283886,4.248562548261744
up,0.1,0.6,30.0,0.2,1.0,False,ok,True,0.6435118937843791,0.2797879064286301,4.593209912359335
up,0.1,0.8,0.0,0.125,0.5,False,stall,False,2.3824241788477774,0.5104448584963565,1.50833417578238
up,0.1,0.8,0.0,0.125,0.8,False,stall,False,2.3373117338479097,0.847534984034417,10.460544707645735
up,0.1,0.8,0.0,0.125,1.0,False,stall,False,2.313519614465271,0.8446000223356736,6.359524210100831
up,0.1,0.8,0.0,0.15,0.5,False,stall,False,2.1766547424448133,0.49736245085136666,0.9318412309263182
up,0.1,0.8,0.0,0.15,0.8,False,stall,False,2.1485037551078983,0.8265283169102398,10.655005193189133
up,0.1,0.8,0.0,0.15,1.0,False,ok,True,2.8673345761527878,1.7801606795177085,0.0006920497607033632
up,0.1,0.8,0.0,0.175,0.5,False,stall,False,1.9559614510623589,0.5020340947654387,0.81448985827067
up,0.1,0.8,0.0,0.175,0.8,False,stall,False,1.9295317685079987,1.028366569608413,10.67674099631712
up,0.1,0.8,0.0,0.175,1.0,False,ok,True,2.666686494397744,1.7505267844558607,0.000741797066810255
up,0.1,0.8,0.0,0.2,0.5,False,stall,False,1.7786816366698992,0.4550096332257751,0.829634786817835
up,0.1,0.8,0.0,0.2,0.8,False,stall,False,1.8343660231244123,1.6273189800905423,10.84183145484475
up,0.1,0.8,0.0,0.2,1.0,False,ok,True,2.8998331117881477,1.969779385971558,0.0006560372237328885
up,0.1,0.8,15.0,0.125,0.5,False,ok,True,0.7147810565816145,0.417067790000499,0.00015253113270053586
up,0.1,0.8,15.0,0.125,0.8,False,ok,True,0.8759764984704559,0.45822536724301555,0.00015349374412629665
up,0.1,0.8,15.0,0.125,1.0,False,ok,True,0.9905036038030132,0.4904461470598449,0.00015381466664579486
up,0.1,0.8,15.0,0.15,0.5,False,ok,True,0.6847812429602459,0.38626833025274443,0.00015326907481192674
up,0.1,0.8,15.0,0.15,0.8,False,ok,True,0.86424815263087,0.4282560817992541,0.00015398149065401772
up,0.1,0.8,15.0,0.15,1.0,False,ok,True,0.9648000770288682,0.44646606263764405,0.00015424105051172206
up,0.1,0.8,15.0,0.175,0.5,False,ok,True,0.6470396276923348,0.39682525758853116,0.00015395015559881565
up,0.1,0.8,15.0,0.175,0.8,False,ok,True,0.8321342916112889,0.39793144773865136,0.0001553115512407485
up,0.1,0.8,15.0,0.175,1.0,False,ok,True,0.9538384024326468,0.4281374987140003,0.00015544255019067472
up,0.1,0.8,15.0,0.2,0.5,False,ok,True,0.6157916099955999,0.41884779797769006,0.00015532689504523417
up,0.1,0.8,15.0,0.2,0.8,False,ok,True,0.8126848051209268,0.3825876138436805,0.0001558888286707977
up,0.1,0.8,15.0,0.2,1.0,False,ok,True,0.9287931246019173,0.41415855830681503,0.0001557216499391155
up,0.1,0.8,30.0,0.125,0.5,False,ok,True,0.7148752490463659,0.39898835809289873,2.9813406476186732
up,0.1,0.8,30.0,0.125,0.8,False,ok,True,0.8593847526735711,0.44268346751682586,3.0785582531245477
up,0.1,0.8,30.0,0.125,1.0,False,ok,True,0.952973241266987,0.4689161721153304,3.1179355009181418
up,0.1,0.8,30.0,0.15,0.5,False,ok,True,0.6693653859861426,0.35973792695757373,3.0069509961298584
up,0.1,0.8,30.0,0.15,0.8,False,ok,True,0.8286031277110002,0.41225302255334156,2.973702590747285
up,0.1,0.8,30.0,0.15,1.0,False,ok,True,0.9236512850790729,0.43303049367155216,2.9929794499626925
up,0.1,0.8,30.0,0.175,0.5,False,ok,True,0.6239009977356281,0.37707858891235047,3.5086967842847963
up,0.1,0.8,30.0,0.175,0.8,False,ok,True,0.7909173401730615,0.38449059799701146,3.7880528818182753
up,0.1,0.8,30.0,0.175,1.0,False,ok,True,0.8772074252834774,0.40214431861930505,4.205864927562539
up,0.1,0.8,30.0,0.2,0.5,False,ok,True,0.5874103123220705,0.3367248103364558,3.81857914709855
up,0.1,0.8,30.0,0.2,0.8,False,ok,True,0.7673698503994812,0.36463712634295015,4.1717063968677826
up,0.1,0.8,30.0,0.2,1.0,False,ok,True,0.8569287531285519,0.3945635843808704,4.7817480283288845
up,0.1,1.0,0.0,0.125,0.5,False,stall,False,2.928069161828847,0.621990712428305,1.4418970425486655
up,0.1,1.0,0.0,0.125,0.8,False,stall,False,2.85891758818355,1.053875871724541,8.565321793901079
up,0.1,1.0,0.0,0.125,1.0,False,ok,True,2.8332734573521834,1.0607641458734116,0.0005218643382380591
up,0.1,1.0,0.0,0.15,0.5,False,stall,False,2.657741582720213,0.6390647303230986,1.2983640901849738
up,0.1,1.0,0.0,0.15,0.8,False,stall,False,2.589679042208837,1.0392421461496106,10.342499065642752
up,0.1,1.0,0.0,0.15,1.0,False,ok,True,2.5955019851351975,1.0788243917560913,0.000627974065025118
up,0.1,1.0,0.0,0.175,0.5,False,stall,False,2.4125452961138625,0.6435893212225834,0.9016284892194967
up,0.1,1.0,0.0,0.175,0.8,False,ok,True,3.569749520749195,2.286486372362142,0.000555816101965765
up,0.1,1.0,0.0,0.175,1.0,False,ok,True,2.354583328235342,1.0959577115295933,0.000652207730779847
up,0.1,1.0,0.0,0.2,0.5,False,stall,False,2.1280557281567485,0.5644064023163233,0.8166588468644085
up,0.1,1.0,0.0,0.2,0.8,False,ok,True,3.3088602085341474,2.232299571041808,0.0005519286388849169
up,0.1,1.0,0.0,0.2,1.0,False,ok,True,2.1543609715861773,1.222191970935968,0.0006975376491731082
up,0.1,1.0,15.0,0.125,0.5,False,ok,True,0.8501381380480487,0.5710059634864361,0.00015260458586067318
up,0.1,1.0,15.0,0.125,0.8,False,ok,True,1.0191731520954592,0.5549527319392624,0.00015356583633957963
up,0.1,1.0,15.0,0.125,1.0,False,ok,True,1.1401517065244056,0.5839762452944414,0.00015386998332321094
up,0.1,1.0,15.0,0.15,0.5,False,ok,True,0.7927107214059314,0.48588198927055787,0.00015355467036723904
up,0.1,1.0,15.0,0.15,0.8,False,ok,True,1.036415114613969,0.5353317323550909,0.00015429037082473226
up,0.1,1.0,15.0,0.15,1.0,False,ok,True,1.1802474192723365,0.5786024410561831,0.00015433868026880037
up,0.1,1.0,15.0,0.175,0.5,False,ok,True,0.7698368834903907,0.5032424933993965,0.00015407742337916785
up,0.1,1.0,15.0,0.175,0.8,False,ok,True,1.0214679126493786,0.5229382425907103,0.0001554843140677577
up,0.1,1.0,15.0,0.175,1.0,False,ok,True,1.15050208285207,0.5357118364950324,0.00015549074303630763
up,0.1,1.0,15.0,0.2,0.5,False,ok,True,0.7773959505739961,0.4837006071417711,0.0001558798782792046
up,0.1,1.0,15.0,0.2,0.8,False,ok,True,0.991942182617831,0.4876503571861221,0.00015623720156304348
up,0.1,1.0,15.0,0.2,1.0,False,ok,True,1.1188115904697993,0.5012799014625783,0.00015614679481480525
up,0.1,1.0,30.0,0.125,0.5,False,ok,True,0.8683990106502786,0.5645979718506822,2.4311418354319163
up,0.1,1.0,30.0,0.125,0.8,False,ok,True,0.9889878933310914,0.5352296743696425,2.411343768956412
up,0.1,1.0,30.0,0.125,1.0,False,ok,True,1.1105516711024894,0.581252270177478,2.4030366788123043
up,0.1,1.0,30.0,0.15,0.5,False,ok,True,0.7943135517986821,0.45075693863246813,3.1803666322862214
up,0.1,1.0,30.0,0.15,0.8,False,ok,True,0.992103585556961,0.49962270196456937,2.7432654814807393
up,0.1,1.0,30.0,0.15,1.0,False,ok,True,1.1282947307948925,0.5474642798149262,3.579439291854223
up,0.1,1.0,30.0,0.175,0.5,False,ok,True,0.7473595233392205,0.4925956644436401,3.750940948433272
up,0.1,1.0,30.0,0.175,0.8,False,ok,True,0.9918057100261802,0.47555797810967254,4.237815917454397
up,0.1,1.0,30.0,0.175,1.0,False,ok,True,1.0983286549872666,0.5080921431264109,4.214266041486748
up,0.1,1.0,30.0,0.2,0.5,False,ok,True,0.7363517112467217,0.4192358436192992,3.8946866461612273
up,0.1,1.0,30.0,0.2,0.8,False,ok,True,0.9471087521579418,0.4426130103894171,4.570971699876921
up,0.1,1.0,30.0,0.2,1.0,False,ok,True,1.0601847690718393,0.4785821487772072,4.651956978269584
up,0.1,1.2,0.0,0.125,0.5,False,stall,False,3.4625477653018377,0.7696167288890955,1.7114035024967509
up,0.1,1.2,0.0,0.125,0.8,False,ok,True,3.3911568779287102,1.8881026084460122,0.0004149203687920154
up,0.1,1.2,0.0,0.125,1.0,False,ok,True,3.366637787330447,1.2558360921168075,0.0004652848331562199
up,0.1,1.2,0.0,0.15,0.5,False,stall,False,3.1295565717411753,0.7892436632506544,1.3870083162251425
up,0.1,1.2,0.0,0.15,0.8,False,ok,True,3.044137461445773,1.4289165604830867,0.00046323161276705144
up,0.1,1.2,0.0,0.15,1.0,False,ok,True,3.020737191444977,1.2640691078570163,0.0005220261241222478
up,0.1,1.2,0.0,0.175,0.5,False,stall,False,2.7970344150374378,0.7875065952870947,0.8583755332843207
up,0.1,1.2,0.0,0.175,0.8,False,ok,True,2.7767183066480894,1.3517182188611563,0.0005064285215486988
up,0.1,1.2,0.0,0.175,1.0,False,ok,True,2.7519199829451413,1.210833569060841,0.0005711172686152553
up,0.1,1.2,0.0,0.2,0.5,False,stall,False,2.4604434813611005,0.6584416750659111,0.8035252163365805
up,0.1,1.2,0.0,0.2,0.8,False,ok,True,2.5351012154086328,1.4195685251787962,0.0005407099044854685
up,0.1,1.2,0.0,0.2,1.0,False,ok,True,2.5047086478009084,1.13566053359897,0.0006116411362438482
up,0.1,1.2,15.0,0.125,0.5,False,ok,True,0.9974131745767943,0.692519782009822,0.00015267711306582666
up,0.1,1.2,15.0,0.125,0.8,False,ok,True,1.1539347232297121,0.7351165407160787,0.00015362781059159752
up,0.1,1.2,15.0,0.125,1.0,False,ok,True,1.2962452847382135,0.6820973578210398,0.00015391954347409337
up,0.1,1.2,15.0,0.15,0.5,False,ok,True,0.9208405299473241,0.6373315739524666,0.0001535451426234801
up,0.1,1.2,15.0,0.15,0.8,False,ok,True,1.170634972976527,0.6364335161626398,0.00015441940717068935
up,0.1,1.2,15.0,0.15,1.0,False,ok,True,1.3535990652309655,0.6767491299411363,0.00015444076463269296
up,0.1,1.2,15.0,0.175,0.5,False,ok,True,0.8936949048291708,0.6227755090964306,0.0001549628123461007
up,0.1,1.2,15.0,0.175,0.8,False,ok,True,1.1839656744562983,0.6094687510030524,0.00015541492082884087
up,0.1,1.2,15.0,0.175,1.0,False,ok,True,1.3446354899647446,0.6439566631123143,0.00015570838681173247
up,0.1,1.2,15.0,0.2,0.5,False,ok,True,0.864265534963713,0.6187527112658171,0.00015633823085755576
up,0.1,1.2,15.0,0.2,0.8,False,ok,True,1.1662291936433065,0.6010908799203707,0.0001567158368980848
up,0.1,1.2,15.0,0.2,1.0,False,ok,True,1.32267432254651,0.6184771576585015,0.00015650054935544203
up,0.1,1.2,30.0,0.125,0.5,False,ok,True,0.9150504396218132,0.6250383455676418,2.0970901064138707
up,0.1,1.2,30.0,0.125,0.8,False,ok,True,1.0587546149230584,0.6214707064051582,1.7890155359832736
up,0.1,1.2,30.0,0.125,1.0,False,ok,True,1.2355697819974543,0.6766959072666505,2.2800643282826023
up,0.1,1.2,30.0,0.15,0.5,False,ok,True,0.8536362659705597,0.5481838757027058,2.9135876835699324
up,0.1,1.2,30.0,0.15,0.8,False,ok,True,1.1053424053447536,0.5903330112840959,2.795939466544356
up,0.1,1.2,30.0,0.15,1.0,False,ok,True,1.2921857713359077,0.6578312218178614,3.6941090441898803
up,0.1,1.2,30.0,0.175,0.5,False,ok,True,0.8369586270681371,0.5018718093354815,2.7893561504008635
up,0.1,1.2,30.0,0.175,0.8,False,ok,True,1.1275809903521021,0.5675102583897905,4.030565572733807
up,0.1,1.2,30.0,0.175,1.0,False,ok,True,1.2833162843614965,0.6171285678271563,3.954495351468804
up,0.1,1.2,30.0,0.2,0.5,False,ok,True,0.8141403583008586,0.46156648894854624,3.8110553073246054
up,0.1,1.2,30.0,0.2,0.8,False,ok,True,1.1270316756950374,0.5520893893720246,4.256987641614518
up,0.1,1.2,30.0,0.2,1.0,False,ok,True,1.253832005208013,0.5846748518355243,4.236072754727916
up,0.1,1.4,0.0,0.125,0.5,False,stall,False,3.966982867612702,0.9128852890229726,2.7311874545789285
up,0.1,1.4,0.0,0.125,0.8,False,ok,True,3.864945634134875,1.4912285138468355,0.0003809401175301635
up,0.1,1.4,0.0,0.125,1.0,False,ok,True,3.86969433016113,1.4533610841989142,0.0004231654900166778
up,0.1,1.4,0.0,0.15,0.5,False,stall,False,3.5428092897415686,0.9374341858615005,1.2565706266020744
up,0.1,1.4,0.0,0.15,0.8,False,ok,True,3.4679534893048616,1.358290560719644,0.000421202546640738
up,0.1,1.4,0.0,0.15,1.0,False,ok,True,3.4784810327210645,1.449663501814899,0.00047067286737916914
up,0.1,1.4,0.0,0.175,0.5,False,stall,False,3.1585295370520634,0.9044206193065415,0.9237605716179951
up,0.1,1.4,0.0,0.175,0.8,False,ok,True,3.1687140393239206,1.3662206553428364,0.0004580639112245125
up,0.1,1.4,0.0,0.175,1.0,False,ok,True,3.143214102885588,1.3824602398756645,0.0005131583136426559
up,0.1,1.4,0.0,0.2,0.5,False,stall,False,2.7845493284205087,0.7794422343891384,0.7978152397778586
up,0.1,1.4,0.0,0.2,0.8,False,ok,True,2.8576340754471428,1.3277334966897723,0.0004875408592566563
up,0.1,1.4,0.0,0.2,1.0,False,ok,True,2.8186662728230663,1.3128086027617083,0.0005496324826307896
up,0.1,1.4,15.0,0.125,0.5,False,ok,True,1.0588570434671474,0.7130694842204869,0.00015277458737944407
up,0.1,1.4,15.0,0.125,0.8,False,ok,True,1.2708570263218812,0.801934815960193,0.0001537003022134831
up,0.1,1.4,15.0,0.125,1.0,False,ok,True,1.4247866644293905,0.8128204324434171,0.0001539662527074057
up,0.1,1.4,15.0,0.15,0.5,False,ok,True,1.0265271212479021,0.6835571864096325,0.00015406018791961522
up,0.1,1.4,15.0,0.15,0.8,False,ok,True,1.294043615844309,0.721793411684673,0.00015437259178666533
up,0.1,1.4,15.0,0.15,1.0,False,ok,True,1.4917649719641883,0.7690766358323691,0.00015465359374746998
up,0.1,1.4,15.0,0.175,0.5,False,ok,True,0.9983838838264759,0.6903416337557323,0.00015500507094557247
up,0.1,1.4,15.0,0.175,0.8,False,ok,True,1.3173641857182727,0.7106658882364016,0.00015589233974134834
up,0.1,1.4,15.0,0.175,1.0,False,ok,True,1.5222378016528342,0.7502465184892649,0.00015597615377419842
up,0.1,1.4,15.0,0.2,0.5,False,ok,True,0.9675923453435957,0.6878197071555444,0.00015725555668352867
up,0.1,1.4,15.0,0.2,0.8,False,ok,True,1.339494870814244,0.6958656719522358,0.00015707070458951844
up,0.1,1.4,15.0,0.2,1.0,False,ok,True,1.5120371853900065,0.7274727005858624,0.0001568063326675382
up,0.1,1.4,30.0,0.125,0.5,False,ok,True,0.9896359073073825,0.7010923556801938,1.3047113370339798
up,0.1,1.4,30.0,0.125,0.8,False,ok,True,1.2126570129129859,0.7302439554034473,1.5588180150015354
up,0.1,1.4,30.0,0.125,1.0,False,ok,True,1.3852374981833138,0.7775895435970094,2.181658956244449
up,0.1,1.4,30.0,0.15,0.5,False,ok,True,0.952976782239129,0.6921771742657925,1.558018384661926
up,0.1,1.4,30.0,0.15,0.8,False,ok,True,1.221909867462215,0.6804684278202284,2.6239217469428935
up,0.1,1.4,30.0,0.15,1.0,False,ok,True,1.4410620640123273,0.7536169771175761,3.389328465405851
up,0.1,1.4,30.0,0.175,0.5,False,ok,True,0.9282510432555655,0.6115145928059605,2.5278296230027455
up,0.1,1.4,30.0,0.175,0.8,False,ok,True,1.261000747441043,0.663468855386152,3.7072746654692437
up,0.1,1.4,30.0,0.175,1.0,False,ok,True,1.4577069884760265,0.7270259814295661,3.380249905701365
up,0.1,1.4,30.0,0.2,0.5,False,ok,True,0.9507116204466637,0.5684848670446933,3.329899468017437
up,0.1,1.4,30.0,0.2,0.8,False,ok,True,1.273103094753542,0.643073012908661,3.5177600743990256
up,0.1,1.4,30.0,0.2,1.0,False,ok,True,1.4396563865237997,0.6989312383475591,4.368824630490526
up,0.1,1.6,0.0,0.125,0.5,False,stall,False,4.431721383616113,1.0751497524728528,2.5692252706021446
up,0.1,1.6,0.0,0.125,0.8,False,ok,True,4.388317989178223,1.663755136662146,0.0003970265886272493
up,0.1,1.6,0.0,0.125,1.0,False,ok,True,4.33816001173313,1.5941269567609062,0.0003807264219406633
up,0.1,1.6,0.0,0.15,0.5,False,stall,False,3.947668260886288,1.076433584733347,1.233991885241592
up,0.1,1.6,0.0,0.15,0.8,False,ok,True,3.9058661855495127,1.6049876507048548,0.00038779179123709707
up,0.1,1.6,0.0,0.15,1.0,False,ok,True,3.9152582585243594,1.5939093261247075,0.0003762506802353434
up,0.1,1.6,0.0,0.175,0.5,False,ok,True,3.5252132469912962,2.201971917997149,0.0005662559186211765
up,0.1,1.6,0.0,0.175,0.8,False,ok,True,3.5076515244163256,1.535255847817673,0.00043196574963985754
up,0.1,1.6,0.0,0.175,1.0,False,ok,True,3.5063215624138815,1.54138667423989,0.0004719802641971292
up,0.1,1.6,0.0,0.2,0.5,False,ok,True,3.0782951518131805,1.883141306248494,0.0006933042699133692
up,0.1,1.6,0.0,0.2,0.8,False,ok,True,3.1718201908606694,1.467144824462293,0.00044817675651937915
up,0.1,1.6,0.0,0.2,1.0,False,ok,True,3.150779649691282,1.4740499428687999,0.0005023544312525914
up,0.1,1.6,15.0,0.125,0.5,False,ok,True,1.1808056200537869,0.7960921642241165,0.00015285791398686726
up,0.1,1.6,15.0,0.125,0.8,False,ok,True,1.4276605902166979,0.8604976685950588,0.00015377413473567224
up,0.1,1.6,15.0,0.125,1.0,False,ok,True,1.5833492731413759,0.8823545807967466,0.00015401778482214854
up,0.1,1.6,15.0,0.15,0.5,False,ok,True,1.1502923389474806,0.8117227235982861,0.00015415893342689047
up,0.1,1.6,15.0,0.15,0.8,False,ok,True,1.4557448577181353,0.8339708973415665,0.0001547328400765264
up,0.1,1.6,15.0,0.15,1.0,False,ok,True,1.6391225248155867,0.8694914901289348,0.0001545784154674412
up,0.1,1.6,15.0,0.175,0.5,False,ok,True,1.102221181917897,0.7730489594892979,0.00015510729427350184
up,0.1,1.6,15.0,0.175,0.8,False,ok,True,1.4683142605507122,0.8329884708639843,0.00015655393631193513
up,0.1,1.6,15.0,0.175,1.0,False,ok,True,1.690262355243557,0.8709505616640062,0.00015596680643228226
up,0.1,1.6,15.0,0.2,0.5,False,ok,True,1.098110766510377,0.768197072245105,0.00015862601507321843
up,0.1,1.6,15.0,0.2,0.8,False,ok,True,1.4772416016337693,0.8876684537469963,0.00015798299327060542
up,0.1,1.6,15.0,0.2,1.0,False,ok,True,1.6598613361167587,0.9628342040458525,0.0001575844513863755
up,0.1,1.6,30.0,0.125,0.5,False,ok,True,1.0921149622856727,0.76477435135911,0.7673566078423755
up,0.1,1.6,30.0,0.125,0.8,False,ok,True,1.3140585344912434,0.801237191156515,1.2107303197269634
up,0.1,1.6,30.0,0.125,1.0,False,ok,True,1.5137525944728487,0.8667508543699544,1.5373157223396945
up,0.1,1.6,30.0,0.15,0.5,False,ok,True,1.06917226727073,0.7195194607874009,0.9756995576921283
up,0.1,1.6,30.0,0.15,0.8,False,ok,True,1.3562356593761764,0.7807920705587542,2.0137676404343168
up,0.1,1.6,30.0,0.15,1.0,False,ok,True,1.575070362158915,0.8449465030140194,2.5666763305854476
up,0.1,1.6,30.0,0.175,0.5,False,ok,True,1.0398910205106193,0.6993064013052158,1.5095236928080404
up,0.1,1.6,30.0,0.175,0.8,False,ok,True,1.382859698063253,0.7514643390082447,2.969915865596094
up,0.1,1.6,30.0,0.175,1.0,False,ok,True,1.6053480021115654,0.8212144826047277,3.5327745848085694
up,0.1,1.6,30.0,0.2,0.5,False,ok,True,1.0148112218890522,0.6353581286952688,2.25656866611643
up,0.1,1.6,30.0,0.2,0.8,False,ok,True,1.4052765946273285,0.7319318134172336,3.8623987905423505
up,0.1,1.6,30.0,0.2,1.0,False,ok,True,1.607649048110428,0.7957902538116143,3.5140362163465673
up,0.1,1.8,0.0,0.125,0.5,False,stall,False,4.96820264943543,1.1908338672969518,2.6576357209063928
up,0.1,1.8,0.0,0.125,0.8,False,ok,True,4.872373411581323,1.8403665620977374,0.0005859809619855356
up,0.1,1.8,0.0,0.125,1.0,False,ok,True,4.786915776320746,2.294723298310764,0.0003658409402193737
up,0.1,1.8,0.0,0.15,0.5,False,ok,True,4.367958393539074,2.628611502279945,0.000490477684505152
up,0.1,1.8,0.0,0.15,0.8,False,ok,True,4.283293435307303,1.7547451220276693,0.0003476401397742692
up,0.1,1.8,0.0,0.15,1.0,False,ok,True,4.277388679929991,1.989021778830389,0.0003176178301022564
up,0.1,1.8,0.0,0.175,0.5,False,ok,True,3.878508938054332,2.110155451214211,0.0005542961839530055
up,0.1,1.8,0.0,0.175,0.8,False,ok,True,3.86259828294094,1.6789116651698377,0.0004927548726437151
up,0.1,1.8,0.0,0.175,1.0,False,ok,True,3.81271542910537,1.7314570007550367,0.0004778260147973614
up,0.1,1.8,0.0,0.2,0.5,False,ok,True,3.330550618865516,2.352945070586945,0.0005878692707045697
up,0.1,1.8,0.0,0.2,0.8,False,ok,True,3.462083608737197,1.5848816534960941,0.0004261112508589551
up,0.1,1.8,0.0,0.2,1.0,False,ok,True,3.4497585704092217,1.595590707709426,0.0004717575999377577
up,0.1,1.8,15.0,0.125,0.5,False,ok,True,1.2833571843856175,0.8645619108716974,0.00015300735996391044
up,0.1,1.8,15.0,0.125,0.8,False,ok,True,1.5668525940380187,0.956688473650601,0.0001539132283576768
up,0.1,1.8,15.0,0.125,1.0,False,ok,True,1.7611642710842552,1.0543025954208818,0.00015409631358426955
up,0.1,1.8,15.0,0.15,0.5,False,ok,True,1.2637237288767063,0.8322405340837769,0.00015501821434459485
up,0.1,1.8,15.0,0.15,0.8,False,ok,True,1.5755720151259265,0.9215939935151712,0.00015555318132750006
up,0.1,1.8,15.0,0.15,1.0,False,ok,True,1.8103067454513013,0.9788709634110387,0.00015515695340553626
up,0.1,1.8,15.0,0.175,0.5,False,ok,True,1.2267751979906867,0.8904830764076243,0.00015641813643948083
up,0.1,1.8,15.0,0.175,0.8,False,ok,True,1.601274960732382,0.9095954951844017,0.00015720201083110034
up,0.1,1.8,15.0,0.175,1.0,False,ok,True,1.8451275419114348,0.9662514919076793,0.0001569190979660738
up,0.1,1.8,15.0,0.2,0.5,False,ok,True,1.2140864477892008,0.8439842257050119,0.0001605255987829224
up,0.1,1.8,15.0,0.2,0.8,False,ok,True,1.5962104576612786,0.9235200220731351,0.00015959975461581763
up,0.1,1.8,15.0,0.2,1.0,False,ok,True,1.8351950915297492,1.0179663561887164,0.00015986066009699484
up,0.1,1.8,30.0,0.125,0.5,False,ok,True,1.20569619810245,0.7964636879272419,2.6026063108265234
up,0.1,1.8,30.0,0.125,0.8,False,ok,True,1.4691915981819115,0.8999144300943921,2.229402683463463
up,0.1,1.8,30.0,0.125,1.0,False,ok,True,1.6640326566034496,0.9631391601640295,1.1728503778538741
up,0.1,1.8,30.0,0.15,0.5,False,ok,True,1.1991295153352022,0.8080074080703518,1.527458767544294
up,0.1,1.8,30.0,0.15,0.8,False,ok,True,1.4821548081398623,0.8682098731188308,2.5237826221550366
up,0.1,1.8,30.0,0.15,1.0,False,ok,True,1.7440924463909098,0.9504205777271915,3.078630332217232
up,0.1,1.8,30.0,0.175,0.5,False,ok,True,1.2049265443999047,0.7533143664777681,0.5484919735306255
up,0.1,1.8,30.0,0.175,0.8,False,ok,True,1.5242771962533648,0.8510858431178663,2.0500045584984323
up,0.1,1.8,30.0,0.175,1.0,False,ok,True,1.7695799557545286,0.9257991546433292,2.7800375798091013
up,0.1,1.8,30.0,0.2,0.5,False,ok,True,1.1806345061112435,0.7478002292590095,0.9389232036109143
up,0.1,1.8,30.0,0.2,0.8,False,ok,True,1.5306937439177402,0.8213291757802048,3.027938825541278
up,0.1,1.8,30.0,0.2,1.0,False,ok,True,1.7703064774198753,0.9026643504147069,3.6068288100275603
up,0.1,2.0,0.0,0.125,0.5,False,ok,True,5.402027163097399,2.7739190871531942,0.00041481084569974775
up,0.1,2.0,0.0,0.125,0.8,False,ok,True,5.304051540373989,1.9857224628654448,0.0005212558964067699
up,0.1,2.0,0.0,0.125,1.0,False,ok,True,5.265086430360087,2.944851019707001,0.00035614713847714866
up,0.1,2.0,0.0,0.15,0.5,False,ok,True,4.762779449604311,1.8690887284745106,0.0003851562746637181
up,0.1,2.0,0.0,0.15,0.8,False,ok,True,4.689476287965598,2.2811369745865915,0.0003332365065822243
up,0.1,2.0,0.0,0.15,1.0,False,ok,True,4.639006664576379,2.811567717268473,0.000384944746357058
up,0.1,2.0,0.0,0.175,0.5,False,ok,True,4.170757905190776,1.6899252243532552,0.0005072718167405571
up,0.1,2.0,0.0,0.175,0.8,False,ok,True,4.184957441259342,2.394703784840414,0.00045516296377285737
up,0.1,2.0,0.0,0.175,1.0,False,ok,True,4.145373443869278,2.8054262398529874,0.00043652610520484095
up,0.1,2.0,0.0,0.2,0.5,False,ok,True,3.5690997856112876,1.9471509079058067,0.0005957749746381461
up,0.1,2.0,0.0,0.2,0.8,False,ok,True,3.7560442063846824,1.9217944981319337,0.0004288794270047538
up,0.1,2.0,0.0,0.2,1.0,False,ok,True,3.715908309843287,2.072407716882201,0.00042761683038165875
up,0.1,2.0,15.0,0.125,0.5,False,ok,True,1.3857410794794192,0.9346895193963213,0.0001533658481765822
up,0.1,2.0,15.0,0.125,0.8,False,ok,True,1.7135596987950474,1.3605356798838617,0.00015462423062891046
up,0.1,2.0,15.0,0.125,1.0,False,ok,True,1.9061073898327587,1.5114899497219367,0.00015497909035872728
up,0.1,2.0,15.0,0.15,0.5,False,ok,True,1.349477038451592,0.8921012213991225,0.0001555810807344414
up,0.1,2.0,15.0,0.15,0.8,False,ok,True,1.7325579173622057,1.1897309945091412,0.00015672134370378087
up,0.1,2.0,15.0,0.15,1.0,False,ok,True,1.977024191377745,1.2744089322634014,0.0001569529605587128
up,0.1,2.0,15.0,0.175,0.5,False,ok,True,1.3405676135151559,0.8653841756302673,0.00015589907455789944
up,0.1,2.0,15.0,0.175,0.8,False,ok,True,1.74116205266308,0.9963296999567954,0.00015678237064144937
up,0.1,2.0,15.0,0.175,1.0,False,ok,True,1.9833315951094592,1.0546028303529962,0.00015793198412840574
up,0.1,2.0,15.0,0.2,0.5,False,ok,True,1.3109968508594845,0.8969491654507891,0.00014933615028137878
up,0.1,2.0,15.0,0.2,0.8,False,ok,True,1.7572896173025996,0.9741051789182804,0.0001515436710785026
up,0.1,2.0,15.0,0.2,1.0,False,ok,True,1.9738320116267845,1.0209007646567096,0.0001473829558366603
up,0.1,2.0,30.0,0.125,0.5,False,ok,True,1.3155178473351843,0.8599965531268682,2.976122464377385
up,0.1,2.0,30.0,0.125,0.8,False,ok,True,1.590354828412075,0.9729336558204824,2.653870981165354
up,0.1,2.0,30.0,0.125,1.0,False,ok,True,1.8378093466467096,1.064470963019176,1.7199985375285458
up,0.1,2.0,30.0,0.15,0.5,False,ok,True,1.299709709067579,0.8499695038029245,1.6687815290594223
up,0.1,2.0,30.0,0.15,0.8,False,ok,True,1.6266035027821284,0.9623872868305187,1.88043678543612
up,0.1,2.0,30.0,0.15,1.0,False,ok,True,1.8949980694808817,1.0502707596392493,2.1695762229577285
up,0.1,2.0,30.0,0.175,0.5,False,ok,True,1.2576361757075871,0.7891969908068011,0.6706764499575674
up,0.1,2.0,30.0,0.175,0.8,False,ok,True,1.6419566446670897,0.9334949480471231,2.361628670632799
up,0.1,2.0,30.0,0.175,1.0,False,ok,True,1.9231170896807643,1.0240743801909824,3.0574091478230927
up,0.1,2.0,30.0,0.2,0.5,False,ok,True,1.2449742575621785,0.7750227831695694,1.0806946032791913
up,0.1,2.0,30.0,0.2,0.8,False,ok,True,1.670105944415152,0.9165864084577978,2.964010765819215
up,0.1,2.0,30.0,0.2,1.0,False,ok,True,1.9264283586398627,0.9976524776636475,3.649340505829307
up,0.1,2.2,0.0,0.125,0.5,False,ok,True,5.86134848290738,2.2009064285194913,0.00045374116665714194
up,0.1,2.2,0.0,0.125,0.8,False,ok,True,5.764449569781361,2.189614888135872,0.00030099967263302494
up,0.1,2.2,0.0,0.125,1.0,False,ok,True,5.68574851086237,1.717868000938435,0.00023006519974669932
up,0.1,2.2,0.0,0.15,0.5,False,ok,True,5.144358744637879,1.9863499132171838,0.0004267631893574806
up,0.1,2.2,0.0,0.15,0.8,False,ok,True,5.030367691278799,2.573512299273378,0.0002806066868118163
up,0.1,2.2,0.0,0.15,1.0,False,ok,True,5.024386010690907,1.72629081807769,0.0003206619224048024
up,0.1,2.2,0.0,0.175,0.5,False,ok,True,4.436452305100873,1.7447480968571667,0.0004634912965057462
up,0.1,2.2,0.0,0.175,0.8,False,ok,True,4.490534082463363,1.7338506522681332,0.000330986583680409
up,0.1,2.2,0.0,0.175,1.0,False,ok,True,4.421787816305483,1.7299358333712773,0.0003897987204946726
up,0.1,2.2,0.0,0.2,0.5,False,ok,True,3.752161154712752,1.951483386625939,0.0003303645258042643
up,0.1,2.2,0.0,0.2,0.8,False,ok,True,4.018994744656676,2.4780832571360416,0.0003824785834904458
up,0.1,2.2,0.0,0.2,1.0,False,ok,True,3.9929904563608916,2.2320973930517676,0.0004111529470430864
up,0.1,2.2,15.0,0.125,0.5,False,ok,True,1.5355890753169956,1.319280545927144,0.00015221466494634827
up,0.1,2.2,15.0,0.125,0.8,False,ok,True,1.9033842622456427,1.712711953207597,0.0001528015893859783
up,0.1,2.2,15.0,0.125,1.0,False,ok,True,2.0333323932804284,1.4693229361334061,0.0001535451126694919
up,0.1,2.2,15.0,0.15,0.5,False,ok,True,1.4775468288062559,1.2599649794789989,0.00014981598099803625
up,0.1,2.2,15.0,0.15,0.8,False,ok,True,1.9641421711819107,1.7099811428408982,0.0001447181014460157
up,0.1,2.2,15.0,0.15,1.0,False,ok,True,2.136030332234379,1.7265971435896663,0.00015083789306742393
up,0.1,2.2,15.0,0.175,0.5,False,ok,True,1.4437636260376676,1.1711618987046404,0.00012723738243860521
up,0.1,2.2,15.0,0.175,0.8,False,ok,True,1.9302696940736577,1.6199063567670688,0.00011665529943751326
up,0.1,2.2,15.0,0.175,1.0,False,ok,True,2.137190752310138,1.6511659497486713,0.0001203209454686053
up,0.1,2.2,15.0,0.2,0.5,False,ok,True,1.4157687339097993,1.0637279414419827,7.44296592333681e-05
up,0.1,2.2,15.0,0.2,0.8,False,ok,True,1.8866023636000067,1.3522103571015858,7.218918599134774e-05
up,0.1,2.2,15.0,0.2,1.0,False,ok,True,2.1420792661978205,1.4380342374151889,7.132449662071167e-05
up,0.1,2.2,30.0,0.125,0.5,False,ok,True,1.39314226389809,0.9114360638827438,2.160692851231638
up,0.1,2.2,30.0,0.125,0.8,False,ok,True,1.736567153982374,1.0596791391315168,2.3994248517603056
up,0.1,2.2,30.0,0.125,1.0,False,ok,True,1.9412461658678808,1.1379738779962543,2.7801696496566866
up,0.1,2.2,30.0,0.15,0.5,False,ok,True,1.399325828889445,0.9003058619331493,2.6253552441274883
up,0.1,2.2,30.0,0.15,0.8,False,ok,True,1.773644539880834,1.0538604513826408,2.768141380172465
up,0.1,2.2,30.0,0.15,1.0,False,ok,True,2.0603833526904096,1.1506819632807797,2.211813490246752
up,0.1,2.2,30.0,0.175,0.5,False,ok,True,1.3696705740789314,0.8733841662614015,1.7683881998067428
up,0.1,2.2,30.0,0.175,0.8,False,ok,True,1.802980113625976,1.0374271444032592,3.248505903707831
up,0.1,2.2,30.0,0.175,1.0,False,ok,True,2.066188702052647,1.1147131401537305,2.9490694802143267
up,0.1,2.2,30.0,0.2,0.5,False,ok,True,1.334644862535095,0.8390577422150572,2.1891105203640326
up,0.1,2.2,30.0,0.2,0.8,False,ok,True,1.8259184535488489,1.0189592111904389,2.7260250907274157
up,0.1,2.2,30.0,0.2,1.0,False,ok,True,2.0934134714652433,1.1056609038707832,3.2960152081701657
up,0.1,2.4,0.0,0.125,0.5,False,ok,True,6.346499087441693,2.201569374787669,0.00035147348799545897
up,0.1,2.4,0.0,0.125,0.8,False,ok,True,6.175938697992235,2.5019779087382914,0.0001163013314400011
up,0.1,2.4,0.0,0.125,1.0,False,ok,True,6.142647069766863,1.8354357397930186,0.00030693125286221373
up,0.1,2.4,0.0,0.15,0.5,False,ok,True,5.476324475330934,2.0066306438257335,0.00011988176936028554
up,0.1,2.4,0.0,0.15,0.8,False,ok,True,5.394468305425044,1.8366131524361446,0.0002915513535844042
up,0.1,2.4,0.0,0.15,1.0,False,ok,True,5.348013784279606,1.8759020439316918,0.0002922618405728526
up,0.1,2.4,0.0,0.175,0.5,False,ok,True,4.749098622407965,1.905395559666102,0.0002384697268388261
up,0.1,2.4,0.0,0.175,0.8,False,ok,True,4.7987064754758295,1.8682571788575157,0.0003016504141550473
up,0.1,2.4,0.0,0.175,1.0,False,ok,True,4.752816237346735,1.8994058115681198,0.0003210135762157577
up,0.1,2.4,0.0,0.2,0.5,False,ok,True,3.902837088982395,1.8421273638742468,0.0006869395508159428
up,0.1,2.4,0.0,0.2,0.8,False,ok,True,4.321018350755793,1.8443292949512398,0.0001982089330530872
up,0.1,2.4,0.0,0.2,1.0,False,ok,True,4.252273731986712,1.823189200692211,0.00022173997733622498
up,0.1,2.4,15.0,0.125,0.5,False,ok,True,1.7556561933813923,1.591759982670855,0.00014381869628733447
up,0.1,2.4,15.0,0.125,0.8,False,ok,True,2.417655287129598,1.197779990242642,0.00014383427413200694
up,0.1,2.4,15.0,0.125,1.0,False,ok,True,3.029647751178815,1.2740650327228384,0.00013795354154081573
up,0.1,2.4,15.0,0.15,0.5,False,ok,True,1.720523727129784,1.5676152800783951,0.00012386170996320876
up,0.1,2.4,15.0,0.15,0.8,False,ok,True,1.97677664754069,1.1914075967918507,0.00011737506452864128
up,0.1,2.4,15.0,0.15,1.0,False,ok,True,2.5878968227469854,1.286279653461373,0.00011945994294556815
up,0.1,2.4,15.0,0.175,0.5,False,ok,True,1.6781740007254458,1.5124651757703527,6.423759627167357e-05
up,0.1,2.4,15.0,0.175,0.8,False,ok,True,1.9966313418215778,1.1711408070735236,9.483180154112972e-05
up,0.1,2.4,15.0,0.175,1.0,False,ok,True,2.294926763096783,1.2579075683767547,7.654992086495329e-05
up,0.1,2.4,15.0,0.2,0.5,False,ok,True,1.6639568596167729,1.4842059961420158,2.4477952262828025e-05
up,0.1,2.4,15.0,0.2,0.8,False,ok,True,2.017629987544723,1.4121579288068729,9.158713185947933e-06
up,0.1,2.4,15.0,0.2,1.0,False,ok,True,2.2737819169592584,1.549233076215972,4.170669021056196e-05
up,0.1,2.4,30.0,0.125,0.5,False,ok,True,1.4749881815927455,0.9774720211802141,1.4763066226867738
up,0.1,2.4,30.0,0.125,0.8,False,ok,True,1.8440596292394849,1.1265666804705436,2.4405404322413173
up,0.1,2.4,30.0,0.125,1.0,False,ok,True,2.1317896614293,1.2467547647751693,1.9939704380889451
up,0.1,2.4,30.0,0.15,0.5,False,ok,True,1.4865950197432716,0.9517024375112435,1.7321335880065978
up,0.1,2.4,30.0,0.15,0.8,False,ok,True,1.8840955950038198,1.125040399722495,2.951418046445534
up,0.1,2.4,30.0,0.15,1.0,False,ok,True,2.1960132238946395,1.236145919054641,3.013319918200782
up,0.1,2.4,30.0,0.175,0.5,False,ok,True,1.4552152981354955,0.9302619107234135,1.8326405871787512
up,0.1,2.4,30.0,0.175,0.8,False,ok,True,1.9222510863953628,1.115368446503792,3.0355980912616447
up,0.1,2.4,30.0,0.175,1.0,False,ok,True,2.231694194458337,1.221465453144961,2.8207639841438765
up,0.1,2.4,30.0,0.2,0.5,False,ok,True,1.4440602460089251,0.9118315468364742,2.1482724400825344
up,0.1,2.4,30.0,0.2,0.8,False,ok,True,1.9681153489068768,1.1135932724784374,2.6826964322171483
up,0.1,2.4,30.0,0.2,1.0,False,ok,True,2.2301084233421804,1.1882483125800227,3.2605243849076015
up,0.1,2.6,0.0,0.125,0.5,False,ok,True,6.740428097752148,2.233789124013948,0.0002561348485815704
up,0.1,2.6,0.0,0.125,0.8,False,ok,True,6.5678947620976835,3.1332252057117844,0.00010944355815292686
up,0.1,2.6,0.0,0.125,1.0,False,ok,True,6.4759942729481415,1.96728882509557,0.0002076462511966881
up,0.1,2.6,0.0,0.15,0.5,False,ok,True,5.819356500647104,2.0796011184263405,3.0334416174301192e-05
up,0.1,2.6,0.0,0.15,0.8,False,ok,True,5.7201506518274465,1.9783610253365684,0.00013870268120999666
up,0.1,2.6,0.0,0.15,1.0,False,ok,True,5.672711377087933,1.9434554869294522,0.0004925312405146396
up,0.1,2.6,0.0,0.175,0.5,False,ok,True,4.914906628701447,2.2326407102120585,1.3463413409498117e-05
up,0.1,2.6,0.0,0.175,0.8,False,ok,True,5.092418533257283,1.99198807381655,8.669236003434217e-05
up,0.1,2.6,0.0,0.175,1.0,False,ok,True,5.050844318289057,1.9585913672426962,8.731638448170826e-05
up,0.1,2.6,0.0,0.2,0.5,False,ok,True,4.039503547282355,1.5564937605001319,0.000965011113916966
up,0.1,2.6,0.0,0.2,0.8,False,ok,True,4.554039840432111,1.9579728814568058,0.0002700156320142337
up,0.1,2.6,0.0,0.2,1.0,False,ok,True,4.497500589062458,1.9901825696125364,9.93002241303315e-05
up,0.1,2.6,15.0,0.125,0.5,False,ok,True,1.6787752047216786,1.0936681959969856,0.00012880982574454695
up,0.1,2.6,15.0,0.125,0.8,False,ok,True,3.3132101205181446,1.2876192989572335,7.648034192828576e-05
up,0.1,2.6,15.0,0.125,1.0,False,ok,True,3.4015642338165972,1.3619231805144738,7.363381235172985e-05
up,0.1,2.6,15.0,0.15,0.5,False,ok,True,1.6686665311791107,1.0919669973426618,9.571495110960195e-05
up,0.1,2.6,15.0,0.15,0.8,False,ok,True,3.03467727257741,1.2774362961420913,6.729912493624011e-05
up,0.1,2.6,15.0,0.15,1.0,False,ok,True,2.9899940821466577,1.349608363759412,9.2858874678077e-05
up,0.1,2.6,15.0,0.175,0.5,False,ok,True,1.6616421162107788,1.0812421565103283,4.5478167886623e-05
up,0.1,2.6,15.0,0.175,0.8,False,ok,True,2.7980858919302736,1.264561649862552,0.0001376653706743632
up,0.1,2.6,15.0,0.175,1.0,False,ok,True,2.875752731633282,1.3561172730039688,0.00012898144193053534
up,0.1,2.6,15.0,0.2,0.5,False,ok,True,1.6598654382250182,1.0654832836909043,0.0001654879858424864
up,0.1,2.6,15.0,0.2,0.8,False,ok,True,2.320135728028668,1.2527597980013883,6.363202402021348e-06
up,0.1,2.6,15.0,0.2,1.0,False,ok,True,2.4277663456740575,1.3287986087557508,7.276458614134795e-05
up,0.1,2.6,30.0,0.125,0.5,False,ok,True,1.5648948262661684,0.9932748089880084,1.9769354688894623
up,0.1,2.6,30.0,0.125,0.8,False,ok,True,1.9874390379441433,1.202750865849529,2.810054873976507
up,0.1,2.6,30.0,0.125,1.0,False,ok,True,2.265809552181733,1.3222728492954967,2.542913115525212
up,0.1,2.6,30.0,0.15,0.5,False,ok,True,1.5716831547472192,1.0044016912369524,2.147352840155813
up,0.1,2.6,30.0,0.15,0.8,False,ok,True,2.023769770758851,1.2034509439420493,2.284364699473447
up,0.1,2.6,30.0,0.15,1.0,False,ok,True,2.340900966910973,1.32632822740399,2.858815324313924
up,0.1,2.6,30.0,0.175,0.5,False,ok,True,1.5803047859480832,1.0061941237756538,2.463181933395992
up,0.1,2.6,30.0,0.175,0.8,False,ok,True,2.0862920298856733,1.2117214652296429,2.6582996764476166
up,0.1,2.6,30.0,0.175,1.0,False,ok,True,2.382966385138393,1.3101948979728113,2.8851483734290038
up,0.1,2.6,30.0,0.2,0.5,False,ok,True,1.5596639593583503,0.9853351123665967,2.09644183835818
up,0.1,2.6,30.0,0.2,0.8,False,ok,True,2.0839607927669475,1.1870021877796875,2.786389369273905
up,0.1,2.6,30.0,0.2,1.0,False,ok,True,2.3844328121841447,1.290959848855767,3.263128732055944
up,0.1,2.8,0.0,0.125,0.5,False,ok,True,7.148477957175508,2.1916050031811705,0.000710888530367503
up,0.1,2.8,0.0,0.125,0.8,False,ok,True,6.966791099431149,2.9440528778038173,0.0238809846752554
up,0.1,2.8,0.0,0.125,1.0,False,ok,True,6.882361179785775,1.993688613192065,6.806966118467781e-05
up,0.1,2.8,0.0,0.15,0.5,False,ok,True,6.0845566444740395,2.1202643455801353,0.0009199800683125478
up,0.1,2.8,0.0,0.15,0.8,False,ok,True,6.092067224180322,2.1405036667613815,0.00010947655868886165
up,0.1,2.8,0.0,0.15,1.0,False,ok,True,5.963464238962941,2.039918653849979,5.247825952520847e-05
up,0.1,2.8,0.0,0.175,0.5,False,ok,True,5.059095907102354,2.373019948640458,0.0007258488419013495
up,0.1,2.8,0.0,0.175,0.8,False,ok,True,5.335425295756234,2.1388678703786055,0.00020313077138067265
up,0.1,2.8,0.0,0.175,1.0,False,ok,True,5.2862704131671885,2.1364949770740305,8.332858594068598e-05
up,0.1,2.8,0.0,0.2,0.5,False,ok,True,4.147670839028733,1.3134203147720347,0.002799537205671273
up,0.1,2.8,0.0,0.2,0.8,False,ok,True,4.78279879122006,2.0561942681860184,0.0009490266540917971
up,0.1,2.8,0.0,0.2,1.0,False,ok,True,4.7121354737439045,2.0874280801239813,0.0009439774206880146
up,0.1,2.8,15.0,0.125,0.5,False,ok,True,1.751368811925862,1.1403792504766346,0.00012324737164555683
up,0.1,2.8,15.0,0.125,0.8,False,ok,True,3.307906618467461,1.3370266328670681,1.460041424994942e-05
up,0.1,2.8,15.0,0.125,1.0,False,ok,True,3.2725408517976455,1.4384997525513172,6.0855656065487526e-05
up,0.1,2.8,15.0,0.15,0.5,False,ok,True,2.6257205399987105,1.1717371724168755,0.00011207301645709827
up,0.1,2.8,15.0,0.15,0.8,False,ok,True,2.9248761147170796,1.3608086569175595,9.396543049998132e-05
up,0.1,2.8,15.0,0.15,1.0,False,ok,True,2.8190262199811977,1.4714213588238674,0.0001991940501091667
up,0.1,2.8,15.0,0.175,0.5,False,ok,True,2.4311242354655227,1.172144510102249,0.0002902376959333767
up,0.1,2.8,15.0,0.175,0.8,False,ok,True,2.845112125138555,1.359868796290511,0.0003742876277997103
up,0.1,2.8,15.0,0.175,1.0,False,ok,True,2.838663513899453,1.4416577193377649,0.0005074804286551469
up,0.1,2.8,15.0,0.2,0.5,False,ok,True,2.3631842424429617,1.1822467334877718,0.0011086945342273866
up,0.1,2.8,15.0,0.2,0.8,False,ok,True,2.7365247786137417,1.3370222740272808,0.0016515283794314296
up,0.1,2.8,15.0,0.2,1.0,False,ok,True,2.7163064236995083,1.4123176781607556,0.0011473673287932316
up,0.1,2.8,30.0,0.125,0.5,False,ok,True,1.641133820571725,1.0369924393061223,1.7686103808820317
up,0.1,2.8,30.0,0.125,0.8,False,ok,True,2.101421913216497,1.2622089586655052,2.5868801454281996
up,0.1,2.8,30.0,0.125,1.0,False,ok,True,2.4234841402901366,1.4019629666360645,2.5633123570968737
up,0.1,2.8,30.0,0.15,0.5,False,ok,True,1.6528571367718143,1.0563204159078177,2.0164198787313463
up,0.1,2.8,30.0,0.15,0.8,False,ok,True,2.1471873359745453,1.2803130129695555,2.140734998609062
up,0.1,2.8,30.0,0.15,1.0,False,ok,True,2.4711696519120916,1.407011706136587,2.6072100534977656
up,0.1,2.8,30.0,0.175,0.5,False,ok,True,1.6597690944702346,1.0554266511977088,2.260146765274044
up,0.1,2.8,30.0,0.175,0.8,False,ok,True,2.197650197336329,1.2909443185544875,2.4013477315922596
up,0.1,2.8,30.0,0.175,1.0,False,ok,True,2.541403120243327,1.4095726532837067,2.51694061428827
up,0.1,2.8,30.0,0.2,0.5,False,ok,True,1.6345943308173951,1.034065537339715,1.8450326352870774
up,0.1,2.8,30.0,0.2,0.8,False,ok,True,2.219733572292921,1.2795636827833976,2.725270535907819
up,0.1,2.8,30.0,0.2,1.0,False,ok,True,2.524402372726091,1.3773673529733954,2.69556058485682
up,0.1,3.0,0.0,0.125,0.5,False,ok,True,7.5323091354393155,2.204895476857456,0.0014691503360755285
up,0.1,3.0,0.0,0.125,0.8,False,ok,True,7.359952448926196,2.2016495813663846,0.0006032501706612931
up,0.1,3.0,0.0,0.125,1.0,False,ok,True,7.2328683886331175,2.1382262829066376,0.0003660506670134029
up,0.1,3.0,0.0,0.15,0.5,False,ok,True,6.391053603091848,2.251755036923113,0.0032277649013249805
up,0.1,3.0,0.0,0.15,0.8,False,ok,True,6.359940253208587,2.22665723785406,0.00034919562138194124
up,0.1,3.0,0.0,0.15,1.0,False,ok,True,6.292695104782747,2.3158912557726765,0.0004292432441336413
up,0.1,3.0,0.0,0.175,0.5,False,ok,True,5.339014461842382,2.2229197449452482,0.004047207971427775
up,0.1,3.0,0.0,0.175,0.8,False,ok,True,5.537526729964245,2.260981020656108,0.001353019369595831
up,0.1,3.0,0.0,0.175,1.0,False,ok,True,5.5204480240396565,2.3060532911959597,0.0017281988852322406
up,0.1,3.0,0.0,0.2,0.5,False,ok,True,4.2597812744753245,1.3342098818081958,0.003676585537807255
up,0.1,3.0,0.0,0.2,0.8,False,ok,True,4.983661152268325,2.2016408350131726,0.0029471125048838604
up,0.1,3.0,0.0,0.2,1.0,False,ok,True,4.963493317040417,2.2931957105018532,0.004335622553645677
up,0.1,3.0,15.0,0.125,0.5,False,ok,True,2.898332868376834,1.1886580330450192,0.0003245018979447375
up,0.1,3.0,15.0,0.125,0.8,False,ok,True,3.012056777247458,1.4634862884474287,0.00041002270382317337
up,0.1,3.0,15.0,0.125,1.0,False,ok,True,3.1877768005031015,1.5120227398486716,0.0006770437149320707
up,0.1,3.0,15.0,0.15,0.5,False,ok,True,2.788596819347507,1.1989239900926767,0.0006988989860345603
up,0.1,3.0,15.0,0.15,0.8,False,ok,True,2.500518669887399,1.5054281036930062,0.0020698010371140167
up,0.1,3.0,15.0,0.15,1.0,False,ok,True,2.7018512768971124,1.5517266061752786,0.0020151287472408145
up,0.1,3.0,15.0,0.175,0.5,False,ok,True,2.6564487326658384,1.199129635643568,0.0020918303635109902
up,0.1,3.0,15.0,0.175,0.8,False,ok,True,2.480716572181665,1.445305380735245,0.00417778982263798
up,0.1,3.0,15.0,0.175,1.0,False,ok,True,2.7117015911221776,1.5312793161719647,0.0040314238206921905
up,0.1,3.0,15.0,0.2,0.5,False,ok,True,2.483138646861408,1.1826928223062416,0.0042938028150871525
up,0.1,3.0,15.0,0.2,0.8,False,ok,True,2.542940860497325,1.4141433511206838,0.006845137027002187
up,0.1,3.0,15.0,0.2,1.0,False,ok,True,2.6828960565681395,1.4898196524688783,0.005510155244281211
up,0.1,3.0,30.0,0.125,0.5,False,ok,True,1.722903822700567,1.08885535053198,1.8008437683789726
up,0.1,3.0,30.0,0.125,0.8,False,ok,True,2.2372716759682083,1.3346809695542121,1.9285757320443173
up,0.1,3.0,30.0,0.125,1.0,False,ok,True,2.5710742418493084,1.4743058383565208,2.5812742048362547
up,0.1,3.0,30.0,0.15,0.5,False,ok,True,1.734374365915833,1.1031996065582432,1.8827464196116972
up,0.1,3.0,30.0,0.15,0.8,False,ok,True,2.2654918361037564,1.344438926303331,2.116101282921808
up,0.1,3.0,30.0,0.15,1.0,False,ok,True,2.6191032167068293,1.4838571144339245,2.5345355458705203
up,0.1,3.0,30.0,0.175,0.5,False,ok,True,1.744411435539134,1.1085140398074378,2.0028771849816467
up,0.1,3.0,30.0,0.175,0.8,False,ok,True,2.321967938526002,1.369758259672795,2.2804647352080916
up,0.1,3.0,30.0,0.175,1.0,False,ok,True,2.683864375276115,1.4889521231476077,2.6799602250672416
up,0.1,3.0,30.0,0.2,0.5,False,ok,True,1.7674939267068448,1.1177431392619035,2.268394937792856
up,0.1,3.0,30.0,0.2,0.8,False,ok,True,2.3377228008337774,1.3497481418819397,2.2797665075494082
up,0.1,3.0,30.0,0.2,1.0,False,ok,True,2.657754838213856,1.468836958679592,2.6032217631230337
up,0.12,0.4,0.0,0.125,0.5,False,stall,False,1.1674352316151122,0.361071467158599,1.1863116894898127
up,0.12,0.4,0.0,0.125,0.8,False,stall,False,1.231756454209861,0.853245693005335,11.463095945063548
up,0.12,0.4,0.0,0.125,1.0,False,stall,False,1.4519177779785075,0.5744975381371314,11.199063551084102
up,0.12,0.4,0.0,0.15,0.5,False,stall,False,1.251034235028389,0.2616584442059822,1.0023930023895866
up,0.12,0.4,0.0,0.15,0.8,False,stall,False,1.8394118154058823,1.5873999434588635,12.690722652033495
up,0.12,0.4,0.0,0.15,1.0,False,stall,False,1.2107499112581297,1.004090971551341,12.711045077346139
up,0.12,0.4,0.0,0.175,0.5,False,stall,False,1.1981910128872655,0.2617524933703549,0.9493391681547819
up,0.12,0.4,0.0,0.175,0.8,False,stall,False,1.1814506505346585,0.6950829726670865,12.750062381705254
up,0.12,0.4,0.0,0.175,1.0,False,stall,False,1.95512378045001,1.6940353370659431,12.7642674781539
up,0.12,0.4,0.0,0.2,0.5,False,stall,False,1.1439281005702604,0.2876761581371383,0.9915901741855728
up,0.12,0.4,0.0,0.2,0.8,False,stall,False,1.093051256872945,0.20812960766930505,6.385455245082327
up,0.12,0.4,0.0,0.2,1.0,False,stall,False,1.0994425592519441,0.20968170685657997,4.422738498085054
up,0.12,0.4,15.0,0.125,0.5,False,ok,True,0.41838771183019635,0.24054152361305212,0.00015238032439783523
up,0.12,0.4,15.0,0.125,0.8,False,ok,True,0.4504253281664793,0.2500794645808412,0.00015335768098601597
up,0.12,0.4,15.0,0.125,1.0,False,ok,True,0.4877827791422124,0.2447709916237566,0.00015371047868331655
up,0.12,0.4,15.0,0.15,0.5,False,ok,True,0.3749785515392276,0.1692204100013319,0.0001530856438507233
up,0.12,0.4,15.0,0.15,0.8,False,ok,True,0.49360203157137955,0.20535551673143024,0.00015374297553371615
up,0.12,0.4,15.0,0.15,1.0,False,ok,True,0.5100227259630823,0.21033364195882037,0.00015407123281625427
up,0.12,0.4,15.0,0.175,0.5,False,ok,True,0.3123442734766125,0.14696231257520734,0.0001529144416876909
up,0.12,0.4,15.0,0.175,0.8,False,ok,True,0.3982437440593148,0.17248098507100634,0.00015468682597972804
up,0.12,0.4,15.0,0.175,1.0,False,ok,True,0.4709553549100925,0.19129117758303632,0.00015485934881215177
up,0.12,0.4,15.0,0.2,0.5,False,ok,True,0.273565452771794,0.15751897562854383,0.0001544662750892468
up,0.12,0.4,15.0,0.2,0.8,False,ok,True,0.3989763739483373,0.1629124055921821,0.00015497442470775125
up,0.12,0.4,15.0,0.2,1.0,False,ok,True,0.4780072783224524,0.1882074831365799,0.00015501284431014732
up,0.12,0.4,30.0,0.125,0.5,False,ok,True,0.37947676929615437,0.2649497526093878,4.2431590004915964
up,0.12,0.4,30.0,0.125,0.8,False,ok,True,0.41236487891047363,0.2270919885110576,4.414730368123532
up,0.12,0.4,30.0,0.125,1.0,False,ok,True,0.4558635980482194,0.22684370833274534,4.3760944708636575
up,0.12,0.4,30.0,0.15,0.5,False,ok,True,1.197835086836324,0.7244448497757677,0.12314466386880342
up,0.12,0.4,30.0,0.15,0.8,False,ok,True,0.43671824119491165,0.2657465234166194,4.7096827122183225
up,0.12,0.4,30.0,0.15,1.0,False,ok,True,0.4119750158684447,0.19470043282552013,4.5536877938283356
up,0.12,0.4,30.0,0.175,0.5,False,ok,True,1.2596906083258173,0.7661429865826463,1.246770571921282
up,0.12,0.4,30.0,0.175,0.8,False,ok,True,0.37696627963690765,0.22372582108441363,4.842442915713662
up,0.12,0.4,30.0,0.175,1.0,False,ok,True,0.4018927339736052,0.21618788306602568,4.746707484585126
up,0.12,0.4,30.0,0.2,0.5,False,stall,False,0.2925205856406896,0.15380624044073182,8.194528847103275
up,0.12,0.4,30.0,0.2,0.8,False,ok,True,0.40003833937307065,0.22661722287272112,4.869882671781928
up,0.12,0.4,30.0,0.2,1.0,False,ok,True,0.398820322654355,0.21746610756834703,4.8783161609099555
up,0.12,0.6,0.0,0.125,0.5,False,stall,False,1.8245575616649585,0.5286855173163582,1.223652040293169
up,0.12,0.6,0.0,0.125,0.8,False,stall,False,1.8081175324220264,0.6236108412467148,12.591352287315138
up,0.12,0.6,0.0,0.125,1.0,False,stall,False,1.7735304704729749,0.6504723078687531,8.436783426482336
up,0.12,0.6,0.0,0.15,0.5,False,stall,False,1.8275692555695056,0.4767078827476823,1.50779643611564
up,0.12,0.6,0.0,0.15,0.8,False,stall,False,1.806806737999224,0.8785265709881053,12.704292635147906
up,0.12,0.6,0.0,0.15,1.0,False,stall,False,1.7795147705830878,0.6654696937516663,12.289287816181593
up,0.12,0.6,0.0,0.175,0.5,False,stall,False,1.7326619731462138,0.3436933118362246,1.0231622147777255
up,0.12,0.6,0.0,0.175,0.8,False,stall,False,1.7028915553188493,1.4634286507259404,12.872419224120055
up,0.12,0.6,0.0,0.175,1.0,False,stall,False,1.7054420448970182,0.9616250113153564,12.643960701338912
up,0.12,0.6,0.0,0.2,0.5,False,stall,False,1.607599460764093,0.36169748253804196,1.0484414333677272
up,0.12,0.6,0.0,0.2,0.8,False,stall,False,2.827841533107711,2.4388842720031483,12.928399357893223
up,0.12,0.6,0.0,0.2,1.0,False,stall,False,1.6925212074808489,1.508886923110413,13.0538628333057
up,0.12,0.6,15.0,0.125,0.5,False,ok,True,0.5450204217935737,0.30038760558027067,0.00015246055470272048
up,0.12,0.6,15.0,0.125,0.8,False,ok,True,0.6524692337293144,0.35596756540060787,0.00015343186818672847
up,0.12,0.6,15.0,0.125,1.0,False,ok,True,0.7382927222260828,0.3608479797629896,0.00015376686134465907
up,0.12,0.6,15.0,0.15,0.5,False,ok,True,0.5394928971952289,0.26407476750230563,0.00015335971419283074
up,0.12,0.6,15.0,0.15,0.8,False,ok,True,0.618401787564701,0.3025191385844634,0.00015386681283896533
up,0.12,0.6,15.0,0.15,1.0,False,ok,True,0.7089819762107644,0.3330718111828941,0.00015417016691772907
up,0.12,0.6,15.0,0.175,0.5,False,ok,True,0.4926148167154032,0.2441659569402269,0.00015322602023849904
up,0.12,0.6,15.0,0.175,0.8,False,ok,True,0.6069229651151904,0.2904864488851267,0.00015492531825793404
up,0.12,0.6,15.0,0.175,1.0,False,ok,True,0.705706253250142,0.3268626579694889,0.00015518944885922078
up,0.12,0.6,15.0,0.2,0.5,False,ok,True,0.4423395387653844,0.20953753893043028,0.0001550998140979722
up,0.12,0.6,15.0,0.2,0.8,False,ok,True,0.5915800321130675,0.27866718007355085,0.00015543052058599876
up,0.12,0.6,15.0,0.2,1.0,False,ok,True,0.6998148050520188,0.3177814337197876,0.00015539396750213993
up,0.12,0.6,30.0,0.125,0.5,False,ok,True,0.9020189008596229,0.6355171325843156,2.214064023268453
up,0.12,0.6,30.0,0.125,0.8,False,ok,True,0.6200872636879596,0.3289443534544854,3.581505615161483
up,0.12,0.6,30.0,0.125,1.0,False,ok,True,0.6631735405740472,0.3267784696465381,3.622134338810879
up,0.12,0.6,30.0,0.15,0.5,False,ok,True,0.8281998535077298,0.6090736738299861,1.9048863142252057
up,0.12,0.6,30.0,0.15,0.8,False,ok,True,0.5806473176524658,0.3037659557832583,3.743111003517736
up,0.12,0.6,30.0,0.15,1.0,False,ok,True,0.6437951636089186,0.3338587297503195,3.8160339407653883
up,0.12,0.6,30.0,0.175,0.5,False,ok,True,0.7634856601808596,0.51886442355743,2.710970699243361
up,0.12,0.6,30.0,0.175,0.8,False,ok,True,0.5584200461620762,0.3267599293131232,3.659875415939146
up,0.12,0.6,30.0,0.175,1.0,False,ok,True,0.6283745956621165,0.3542994392730529,3.570646422711346
up,0.12,0.6,30.0,0.2,0.5,False,ok,True,0.6858021173925042,0.4067300501427338,2.197000691935297
up,0.12,0.6,30.0,0.2,0.8,False,ok,True,0.533721701199293,0.32569801068678084,4.47778694259928
up,0.12,0.6,30.0,0.2,1.0,False,ok,True,0.6133484149638879,0.3376310946385316,4.975531036179282
up,0.12,0.8,0.0,0.125,0.5,False,stall,False,2.531189163856177,0.5843284418289486,2.7596659875693383
up,0.12,0.8,0.0,0.125,0.8,False,stall,False,2.4498845200852175,0.8534513999170993,11.02863144833648
up,0.12,0.8,0.0,0.125,1.0,False,stall,False,2.512346108742089,0.8575361953512723,6.7565897301748805
up,0.12,0.8,0.0,0.15,0.5,False,stall,False,2.3964924451089495,0.41887680407752675,2.48809541774765
up,0.12,0.8,0.0,0.15,0.8,False,stall,False,2.362808135203524,0.8481893620396773,12.530299962055592
up,0.12,0.8,0.0,0.15,1.0,False,stall,False,2.333108620660418,0.8740967200748023,10.026826561041046
up,0.12,0.8,0.0,0.175,0.5,False,stall,False,2.24719044053581,0.4926359520902567,1.176977725603056
up,0.12,0.8,0.0,0.175,0.8,False,stall,False,2.1932745497311923,0.9298228881827235,12.844596286964151
up,0.12,0.8,0.0,0.175,1.0,False,stall,False,2.196322272815031,0.9106148160265504,12.865121050501632
up,0.12,0.8,0.0,0.2,0.5,False,stall,False,2.0973647840532212,0.5073613483064586,1.096707823296983
up,0.12,0.8,0.0,0.2,0.8,False,stall,False,2.036322694648856,1.4977186946433465,12.75166162845438
up,0.12,0.8,0.0,0.2,1.0,False,stall,False,2.0344948254200808,1.0133125238772382,13.143807187466232
up,0.12,0.8,15.0,0.125,0.5,False,ok,True,0.8244339593937776,0.5009850065361644,0.00015254505691083534
up,0.12,0.8,15.0,0.125,0.8,False,ok,True,0.852505203448964,0.4876996240817364,0.00015351190878756994
up,0.12,0.8,15.0,0.125,1.0,False,ok,True,0.891202393156249,0.46220598180221867,0.00015382543023951707
up,0.12,0.8,15.0,0.15,0.5,False,ok,True,0.7417370595211114,0.4236092612913427,0.00015371276950112986
up,0.12,0.8,15.0,0.15,0.8,False,ok,True,0.7890466675002651,0.4409509869140644,0.00015421270819852663
up,0.12,0.8,15.0,0.15,1.0,False,ok,True,0.9270765805276673,0.4394946973284058,0.00015432610998061079
up,0.12,0.8,15.0,0.175,0.5,False,ok,True,0.6298595723299766,0.4400062960549216,0.00015346930683894815
up,0.12,0.8,15.0,0.175,0.8,False,ok,True,0.8113767931987156,0.42565670487610535,0.00015460087662132175
up,0.12,0.8,15.0,0.175,1.0,False,ok,True,0.9286809726236895,0.4447481804641388,0.00015517472669594203
up,0.12,0.8,15.0,0.2,0.5,False,ok,True,0.5844471072656054,0.3498372014342223,0.00015645954816676004
up,0.12,0.8,15.0,0.2,0.8,False,ok,True,0.790856765325521,0.38031652757425133,0.00015606356242041204
up,0.12,0.8,15.0,0.2,1.0,False,ok,True,0.9254021611181318,0.4275673298666331,0.00015585548830731938
up,0.12,0.8,30.0,0.125,0.5,False,ok,True,0.9000845847730431,0.6199636895243953,0.7969079898795176
up,0.12,0.8,30.0,0.125,0.8,False,ok,True,0.9160695443122148,0.568843987809857,2.3055097291210256
up,0.12,0.8,30.0,0.125,1.0,False,ok,True,0.9086343168579403,0.5163082768226778,2.6267635145583834
up,0.12,0.8,30.0,0.15,0.5,False,ok,True,0.8923489683399041,0.5993422780909454,2.30888600678313
up,0.12,0.8,30.0,0.15,0.8,False,ok,True,0.8017810112096837,0.43101820048630607,2.787551398034299
up,0.12,0.8,30.0,0.15,1.0,False,ok,True,0.8639886931788169,0.4402956564739934,2.946133852838873
up,0.12,0.8,30.0,0.175,0.5,False,ok,True,0.8746105431669908,0.5782040176667453,2.364532110930513
up,0.12,0.8,30.0,0.175,0.8,False,ok,True,0.7619945174549893,0.3996855913877236,3.7054529342087084
up,0.12,0.8,30.0,0.175,1.0,False,ok,True,0.8620199627242371,0.42272107316463775,4.322794306745979
up,0.12,0.8,30.0,0.2,0.5,False,ok,True,0.6925228531505674,0.42418731730834197,2.9878037385084046
up,0.12,0.8,30.0,0.2,0.8,False,ok,True,0.7258734551629289,0.3868079178842789,5.557764017913604
up,0.12,0.8,30.0,0.2,1.0,False,ok,True,0.8284894373669306,0.4172734269789409,5.962709307483848
up,0.12,1.0,0.0,0.125,0.5,False,stall,False,3.213270633714939,0.7206708249899364,4.282648853012392
up,0.12,1.0,0.0,0.125,0.8,False,timeout,False,3.1696448441407825,1.0908109977561375,6.62131199269364
up,0.12,1.0,0.0,0.125,1.0,False,stall,False,3.2348397070951957,1.1854752951582903,5.1735896360477
up,0.12,1.0,0.0,0.15,0.5,False,stall,False,2.937566478643764,0.560720010098802,2.8970805594876836
up,0.12,1.0,0.0,0.15,0.8,False,stall,False,2.8684825019026405,1.1083183030977013,12.135141311617963
up,0.12,1.0,0.0,0.15,1.0,False,ok,True,2.8962628692929284,1.564869060137292,0.00046743450564295163
up,0.12,1.0,0.0,0.175,0.5,False,stall,False,2.7580680982393146,0.6510977439091845,1.614539710803133
up,0.12,1.0,0.0,0.175,0.8,False,stall,False,2.700266711438264,1.0808713124756808,12.467113804300377
up,0.12,1.0,0.0,0.175,1.0,False,ok,True,2.6989218742603573,1.6953732424128782,0.000602733185271731
up,0.12,1.0,0.0,0.2,0.5,False,stall,False,2.524997006516853,0.6675853688300857,1.0582213597255556
up,0.12,1.0,0.0,0.2,0.8,False,stall,False,2.491774329288758,1.0766688088400047,12.871971517650401
up,0.12,1.0,0.0,0.2,1.0,False,ok,True,2.59166743173538,1.7425276230840614,0.0006184197830968119
up,0.12,1.0,15.0,0.125,0.5,False,ok,True,1.1266178039367958,0.7167137843855986,0.0001526221119767882
up,0.12,1.0,15.0,0.125,0.8,False,ok,True,1.0717036638666517,0.7081021665810915,0.00015358041135896586
up,0.12,1.0,15.0,0.125,1.0,False,ok,True,1.0401332712950973,0.6905090826162851,0.00015387761889010154
up,0.12,1.0,15.0,0.15,0.5,False,ok,True,0.8809049803056042,0.5931047246141119,0.00015394645818004964
up,0.12,1.0,15.0,0.15,0.8,False,ok,True,0.8985287759384196,0.5576048838607348,0.0001546699122933865
up,0.12,1.0,15.0,0.15,1.0,False,ok,True,1.0521348954757028,0.5472849124434429,0.00015479546175349451
up,0.12,1.0,15.0,0.175,0.5,False,ok,True,0.7798512669538766,0.6119295311465448,0.0001538521012217901
up,0.12,1.0,15.0,0.175,0.8,False,ok,True,0.9399780010847194,0.5661749163902631,0.00015470457945436207
up,0.12,1.0,15.0,0.175,1.0,False,ok,True,1.1161420844628784,0.551440466548932,0.00015498943612433745
up,0.12,1.0,15.0,0.2,0.5,False,ok,True,0.7078898814882342,0.5703782513095479,0.00015665315249893582
up,0.12,1.0,15.0,0.2,0.8,False,ok,True,0.9570063988569235,0.5354991823163351,0.00015664480485969414
up,0.12,1.0,15.0,0.2,1.0,False,ok,True,1.1254545051521563,0.5255104600710817,0.00015627776728386315
up,0.12,1.0,30.0,0.125,0.5,False,ok,True,0.9434317977871092,0.6603639849775372,1.0969884635102025
up,0.12,1.0,30.0,0.125,0.8,False,ok,True,0.9743855619689729,0.6415455621026822,1.6696637800042737
up,0.12,1.0,30.0,0.125,1.0,False,ok,True,1.0682330875897057,0.6101095660835612,1.7032970811299688
up,0.12,1.0,30.0,0.15,0.5,False,ok,True,0.9290757642613201,0.5862673378063469,1.722436078664069
up,0.12,1.0,30.0,0.15,0.8,False,ok,True,0.9455034011883371,0.5599318740119589,1.923505548365477
up,0.12,1.0,30.0,0.15,1.0,False,ok,True,0.9839933298621653,0.6131489763290298,2.8354340930783533
up,0.12,1.0,30.0,0.175,0.5,False,ok,True,0.7663825409830255,0.5979442719961996,1.9751929267285788
up,0.12,1.0,30.0,0.175,0.8,False,ok,True,0.8662194631454749,0.5268861636053435,4.022561142981463
up,0.12,1.0,30.0,0.175,1.0,False,ok,True,1.0182255803898084,0.47701676133576054,4.616276536539765
up,0.12,1.0,30.0,0.2,0.5,False,ok,True,0.7135308042445037,0.4656004761727692,2.5023455992473687
up,0.12,1.0,30.0,0.2,0.8,False,ok,True,0.8903829085441891,0.44802016012121365,5.2772032220278495
up,0.12,1.0,30.0,0.2,1.0,False,ok,True,1.0358911978519167,0.462773069049,5.585021446980169
up,0.12,1.2,0.0,0.125,0.5,False,stall,False,3.740187674893761,0.7958173171418235,3.5274571781333344
up,0.12,1.2,0.0,0.125,0.8,False,stall,False,3.5854891192362546,1.3706635496714799,8.901970849400461
up,0.12,1.2,0.0,0.125,1.0,False,ok,True,3.715020222099752,1.385930027511604,0.0005125515541577622
up,0.12,1.2,0.0,0.15,0.5,False,stall,False,3.5053513776056624,0.745730043522115,3.0946038402338476
up,0.12,1.2,0.0,0.15,0.8,False,stall,False,3.431352423814043,1.3246086068938852,11.896181074867194
up,0.12,1.2,0.0,0.15,1.0,False,ok,True,3.4432079995430147,1.4144040435600254,0.0005197427848421119
up,0.12,1.2,0.0,0.175,0.5,False,stall,False,3.261642701422069,0.7953946178158937,1.2496150805153086
up,0.12,1.2,0.0,0.175,0.8,False,ok,True,3.7888121801563512,2.4331964578636645,0.0005082885804476944
up,0.12,1.2,0.0,0.175,1.0,False,ok,True,3.159884192465118,1.316848853520273,0.0005710340527069496
up,0.12,1.2,0.0,0.2,0.5,False,stall,False,2.947394956495161,0.8291152589489229,1.1820052826087064
up,0.12,1.2,0.0,0.2,0.8,False,ok,True,3.121050005292428,2.0964791807092658,0.0005207702990028601
up,0.12,1.2,0.0,0.2,1.0,False,ok,True,2.8846505305388135,1.2687450240439178,0.0006036631617510084
up,0.12,1.2,15.0,0.125,0.5,False,ok,True,1.0829642270321318,0.8915240068308448,0.00015270986693462335
up,0.12,1.2,15.0,0.125,0.8,False,ok,True,1.1236011600631388,0.8048767733765276,0.0001536467040166561
up,0.12,1.2,15.0,0.125,1.0,False,ok,True,1.1936214532782454,0.8268786668231273,0.00015393307863084362
up,0.12,1.2,15.0,0.15,0.5,False,ok,True,0.9514498744134289,0.8803922458622659,0.00015422448491618862
up,0.12,1.2,15.0,0.15,0.8,False,ok,True,1.0443468230008461,0.710172478621379,0.00015485069542524313
up,0.12,1.2,15.0,0.15,1.0,False,ok,True,1.182087749228412,0.6887915007847741,0.00015495896165945467
up,0.12,1.2,15.0,0.175,0.5,False,ok,True,0.8883849083023374,0.7900701969621532,0.00015413454913033598
up,0.12,1.2,15.0,0.175,0.8,False,ok,True,1.047198379028634,0.7096542766642754,0.00015509920782392616
up,0.12,1.2,15.0,0.175,1.0,False,ok,True,1.247969386697,0.7036634554265316,0.00015510926621940477
up,0.12,1.2,15.0,0.2,0.5,False,ok,True,0.8342724754973548,0.753427330496845,0.00015786519266927594
up,0.12,1.2,15.0,0.2,0.8,False,ok,True,1.0763865350884663,0.694181065464475,0.00015709210094644657
up,0.12,1.2,15.0,0.2,1.0,False,ok,True,1.3063485787444515,0.6818285088759777,0.00015674797778801751
up,0.12,1.2,30.0,0.125,0.5,False,ok,True,1.5916433724270727,0.9239265448703359,0.18947582859320528
up,0.12,1.2,30.0,0.125,0.8,False,ok,True,1.050893974796666,0.7177082160425152,0.8226993139151705
up,0.12,1.2,30.0,0.125,1.0,False,ok,True,1.0670067739675428,0.7447155510710521,1.2885659722260674
up,0.12,1.2,30.0,0.15,0.5,False,ok,True,0.9762428557237598,0.7755085795272916,0.5100489597103139
up,0.12,1.2,30.0,0.15,0.8,False,ok,True,0.9739183342798671,0.7522906074773716,1.8001201479717701
up,0.12,1.2,30.0,0.15,1.0,False,ok,True,1.089629055991011,0.7316714878490305,1.666027680749384
up,0.12,1.2,30.0,0.175,0.5,False,ok,True,0.8679939587771548,0.6841738327242776,1.5618553985618682
up,0.12,1.2,30.0,0.175,0.8,False,ok,True,0.9614399736338878,0.6099112439747755,2.408413393979253
up,0.12,1.2,30.0,0.175,1.0,False,ok,True,1.142498598039853,0.5878278248464606,3.8146795078693536
up,0.12,1.2,30.0,0.2,0.5,False,ok,True,0.7792172259512921,0.5337515256429229,1.2680553784680266
up,0.12,1.2,30.0,0.2,0.8,False,ok,True,0.9931029116656367,0.5449431026203588,4.32630446482172
up,0.12,1.2,30.0,0.2,1.0,False,ok,True,1.1800534883823486,0.5578567095009761,4.62952042914846
up,0.12,1.4,0.0,0.125,0.5,False,stall,False,4.240908320135691,0.7309752222565353,4.178438661847836
up,0.12,1.4,0.0,0.125,0.8,False,stall,False,4.091106667255199,1.5579216038122594,8.28763647460759
up,0.12,1.4,0.0,0.125,1.0,False,ok,True,4.182820503796859,1.8618896343831595,0.0004117703453835515
up,0.12,1.4,0.0,0.15,0.5,False,stall,False,3.982851158764837,0.8750142861863898,3.3347945967722548
up,0.12,1.4,0.0,0.15,0.8,False,ok,True,3.973423960794999,1.834758942351644,0.00042176807878967015
up,0.12,1.4,0.0,0.15,1.0,False,ok,True,3.948741910824552,1.583892831389697,0.0004702731059699013
up,0.12,1.4,0.0,0.175,0.5,False,stall,False,3.698458327856376,0.9534363337608137,2.281777044287846
up,0.12,1.4,0.0,0.175,0.8,False,ok,True,3.6570165018756526,1.5549612072386632,0.00040099482031897004
up,0.12,1.4,0.0,0.175,1.0,False,ok,True,3.6132815881899694,1.5166853609926805,0.0005132604908731314
up,0.12,1.4,0.0,0.2,0.5,False,stall,False,3.364304493318657,0.9662515809997971,1.2962288335251533
up,0.12,1.4,0.0,0.2,0.8,False,ok,True,3.3271879585272,1.4989909344204582,0.0004872005994621314
up,0.12,1.4,0.0,0.2,1.0,False,ok,True,3.304807925161016,1.4661246605338147,0.0005493812561046603
up,0.12,1.4,15.0,0.125,0.5,False,ok,True,1.1686292849685382,1.0877100700200284,0.00015279393412688267
up,0.12,1.4,15.0,0.125,0.8,False,ok,True,1.2702724772622207,1.1114656963273737,0.00015372810734644356
up,0.12,1.4,15.0,0.125,1.0,False,ok,True,1.3876193634277392,1.0886435225259004,0.00015398836451222848
up,0.12,1.4,15.0,0.15,0.5,False,ok,True,1.1123896576182368,1.0840961121894317,0.00015443537221603826
up,0.12,1.4,15.0,0.15,0.8,False,ok,True,1.2088047490781257,1.0366341477172971,0.0001550365307630737
up,0.12,1.4,15.0,0.15,1.0,False,ok,True,1.3322466676265408,0.8792177968968714,0.00015485757084290387
up,0.12,1.4,15.0,0.175,0.5,False,ok,True,1.1118157300377705,1.0896083212234513,0.00015437747809417637
up,0.12,1.4,15.0,0.175,0.8,False,ok,True,1.2069412644565063,0.8713310584678277,0.00015540561773861247
up,0.12,1.4,15.0,0.175,1.0,False,ok,True,1.4113728411346371,0.837371357515844,0.00015526672894500612
up,0.12,1.4,15.0,0.2,0.5,False,ok,True,1.1024591507599004,1.0799918910394855,0.00015883906087460871
up,0.12,1.4,15.0,0.2,0.8,False,ok,True,1.22026869878602,0.8242231885710009,0.00015790657685617551
up,0.12,1.4,15.0,0.2,1.0,False,ok,True,1.462075957305923,0.8341455820248921,0.00015726496172978853
up,0.12,1.4,30.0,0.125,0.5,False,ok,True,1.164658951086458,0.7976183337935178,0.17566091536575726
up,0.12,1.4,30.0,0.125,0.8,False,ok,True,1.1779497123369898,0.781902262299316,0.7123759465606133
up,0.12,1.4,30.0,0.125,1.0,False,ok,True,1.2036296691168522,0.8305949706480424,1.1246579871553215
up,0.12,1.4,30.0,0.15,0.5,False,ok,True,1.5918795413142857,1.0603510596416383,0.37473888663333504
up,0.12,1.4,30.0,0.15,0.8,False,ok,True,1.1062072247451424,0.7765096620178237,1.4218668904996066
up,0.12,1.4,30.0,0.15,1.0,False,ok,True,1.2257301322395424,0.761938159762634,2.2183383832629597
up,0.12,1.4,30.0,0.175,0.5,False,ok,True,1.3444278546292474,0.9554745740812747,0.3606911729986364
up,0.12,1.4,30.0,0.175,0.8,False,ok,True,1.1293020842058725,0.7109362524862965,2.8188347708752777
up,0.12,1.4,30.0,0.175,1.0,False,ok,True,1.2868586295689464,0.693063328917464,2.709552081301151
up,0.12,1.4,30.0,0.2,0.5,False,ok,True,0.9713991565034955,0.6825288235854607,0.1484241188305318
up,0.12,1.4,30.0,0.2,0.8,False,ok,True,1.1062523719101756,0.6484728191916785,3.077430824919479
up,0.12,1.4,30.0,0.2,1.0,False,ok,True,1.3307019670753149,0.6629437115159326,4.150264877927087
up,0.12,1.6,0.0,0.125,0.5,False,stall,False,4.747029270072578,0.7964019305432681,4.446436310432224
up,0.12,1.6,0.0,0.125,0.8,False,ok,True,4.683104345818308,2.025904656672188,0.0003576380269815123
up,0.12,1.6,0.0,0.125,1.0,False,ok,True,4.585774384285947,1.794424815631571,0.0003904572957999246
up,0.12,1.6,0.0,0.15,0.5,False,stall,False,4.562040061060016,1.0545232947325476,3.3513778348594268
up,0.12,1.6,0.0,0.15,0.8,False,ok,True,4.484651946407426,1.754348265520915,0.00038973179486552506
up,0.12,1.6,0.0,0.15,1.0,False,ok,True,4.47565353699699,1.725263863632545,0.00038541740165565507
up,0.12,1.6,0.0,0.175,0.5,False,stall,False,4.107898641648072,1.0970280510004426,2.1658989234309556
up,0.12,1.6,0.0,0.175,0.8,False,ok,True,4.081254545382504,1.7143673038137026,0.0004233317195215827
up,0.12,1.6,0.0,0.175,1.0,False,ok,True,4.052186278866825,1.6846940463784739,0.0005381163491254876
up,0.12,1.6,0.0,0.2,0.5,False,stall,False,3.7786350448648385,1.1119338958723939,1.3254832527421538
up,0.12,1.6,0.0,0.2,0.8,False,ok,True,3.7488876177559205,1.6683478697298655,0.00044895170250985173
up,0.12,1.6,0.0,0.2,1.0,False,ok,True,3.7322664136910677,1.6517278069672392,0.000504791203846947
up,0.12,1.6,15.0,0.125,0.5,False,ok,True,1.2560237751378096,1.0193376234557217,0.00015287117349510243
up,0.12,1.6,15.0,0.125,0.8,False,ok,True,1.433819396479376,1.1692773609830853,0.00015378733911240248
up,0.12,1.6,15.0,0.125,1.0,False,ok,True,1.5489039051677715,1.177309275911139,0.0001540436203273548
up,0.12,1.6,15.0,0.15,0.5,False,ok,True,1.1614481723073562,1.0429782592812746,0.0001547764418228496
up,0.12,1.6,15.0,0.15,0.8,False,ok,True,1.3307874905628765,1.1243619223397932,0.0001551588038628498
up,0.12,1.6,15.0,0.15,1.0,False,ok,True,1.4990352086730805,1.106722287271683,0.00015528250774810045
up,0.12,1.6,15.0,0.175,0.5,False,ok,True,1.1157486020952256,1.0796956987229747,0.00015464743010142488
up,0.12,1.6,15.0,0.175,0.8,False,ok,True,1.3721852994471277,1.0861167366435465,0.00015559924903337796
up,0.12,1.6,15.0,0.175,1.0,False,ok,True,1.5884537052436474,1.0808034563429156,0.00015538806080768748
up,0.12,1.6,15.0,0.2,0.5,False,ok,True,1.0917433763446824,1.0601843255742927,0.00016121843714202286
up,0.12,1.6,15.0,0.2,0.8,False,ok,True,1.3708515856995187,1.0618560900649259,0.00015960586445841547
up,0.12,1.6,15.0,0.2,1.0,False,ok,True,1.6337236719999568,1.0430393662192203,0.00015810970537278598
up,0.12,1.6,30.0,0.125,0.5,False,ok,True,1.2472154705149288,0.8515532107300299,1.6443019422080183
up,0.12,1.6,30.0,0.125,0.8,False,ok,True,1.333234724331893,0.8693190016117862,0.3829545430419654
up,0.12,1.6,30.0,0.125,1.0,False,ok,True,1.439938544433395,0.8969029152423271,0.6656763840795558
up,0.12,1.6,30.0,0.15,0.5,False,ok,True,1.531002419242456,1.0543484021117304,0.3357636498795562
up,0.12,1.6,30.0,0.15,0.8,False,ok,True,1.2593520210660343,0.8678902211093729,0.605004071223795
up,0.12,1.6,30.0,0.15,1.0,False,ok,True,1.3879967281977437,0.8692495112739502,1.3797567313561214
up,0.12,1.6,30.0,0.175,0.5,False,ok,True,1.5282809339640617,1.0611903619141134,0.4212442608803259
up,0.12,1.6,30.0,0.175,0.8,False,ok,True,1.2507359052878826,0.8104449998590052,1.5243643041230877
up,0.12,1.6,30.0,0.175,1.0,False,ok,True,1.4499552190481628,0.8002406909404155,2.584543392950881
up,0.12,1.6,30.0,0.2,0.5,False,ok,True,1.4895683393232,1.0561330957654427,0.403139562044288
up,0.12,1.6,30.0,0.2,0.8,False,ok,True,1.2460924584823263,0.7397951896753863,1.3194044808190077
up,0.12,1.6,30.0,0.2,1.0,False,ok,True,1.4996149643668024,0.7760460924386553,2.7059396877797446
up,0.12,1.8,0.0,0.125,0.5,False,stall,False,5.283738283947337,0.7905353300532494,4.8649164378785485
up,0.12,1.8,0.0,0.125,0.8,False,ok,True,5.1768640406942685,1.978135161740479,0.00033342578101725807
up,0.12,1.8,0.0,0.125,1.0,False,ok,True,5.493782533781353,1.9097773537939224,0.0004029139205265611
up,0.12,1.8,0.0,0.15,0.5,False,stall,False,5.035696292328569,1.1954040798506538,3.4983988297948403
up,0.12,1.8,0.0,0.15,0.8,False,ok,True,4.9642504081599315,1.9536176048335279,0.0003643761840653672
up,0.12,1.8,0.0,0.15,1.0,False,ok,True,4.932235118219728,2.6426499555751723,0.00040607025728430206
up,0.12,1.8,0.0,0.175,0.5,False,stall,False,4.5381102577471655,1.2571020837478093,1.8305148851483235
up,0.12,1.8,0.0,0.175,0.8,False,ok,True,4.506018543864411,1.880161073249832,0.000399108830125301
up,0.12,1.8,0.0,0.175,1.0,False,ok,True,4.463033480706663,2.16428300388058,0.0005865617556119248
up,0.12,1.8,0.0,0.2,0.5,False,ok,True,4.150526564649165,2.9957201725920113,0.0005676497310559068
up,0.12,1.8,0.0,0.2,0.8,False,ok,True,4.115557274439771,1.8127732684705633,0.0004306412419550752
up,0.12,1.8,0.0,0.2,1.0,False,ok,True,4.087394719328779,1.8309615138314312,0.0004887335644880786
up,0.12,1.8,15.0,0.125,0.5,False,ok,True,1.3605873179272119,0.9694567990257854,0.00015305925560939532
up,0.12,1.8,15.0,0.125,0.8,False,ok,True,1.5579074960418466,1.1616143424797807,0.0001539678212567657
up,0.12,1.8,15.0,0.125,1.0,False,ok,True,2.2088032021912407,1.4364626364369428,0.0001541687635435257
up,0.12,1.8,15.0,0.15,0.5,False,ok,True,1.273752488928808,1.0105514726423308,0.00015547669135675035
up,0.12,1.8,15.0,0.15,0.8,False,ok,True,1.4837543950171426,1.1731539287880257,0.00015605157871666738
up,0.12,1.8,15.0,0.15,1.0,False,ok,True,1.6552635308489179,1.1284301925485911,0.00015566314195990803
up,0.12,1.8,15.0,0.175,0.5,False,ok,True,1.2351590960380758,1.0645280768005505,0.00015666055539337773
up,0.12,1.8,15.0,0.175,0.8,False,ok,True,1.5009665643926149,1.1221408684824155,0.00015750271416558513
up,0.12,1.8,15.0,0.175,1.0,False,ok,True,1.7383870153953296,1.1052147912669381,0.00015761641278094518
up,0.12,1.8,15.0,0.2,0.5,False,ok,True,1.1844479207723737,1.0557803158515124,0.00016216550266219497
up,0.12,1.8,15.0,0.2,0.8,False,ok,True,1.5253418843659199,1.0786943495510553,0.00016351007392350112
up,0.12,1.8,15.0,0.2,1.0,False,ok,True,1.8143328287969656,1.0836472395300127,0.00016316889573639472
up,0.12,1.8,30.0,0.125,0.5,False,ok,True,1.3309131635886444,0.8749579223630725,1.2874368552982356
up,0.12,1.8,30.0,0.125,0.8,False,ok,True,1.4530048429973301,0.9310961419765674,1.7861714057317248
up,0.12,1.8,30.0,0.125,1.0,False,ok,True,1.5640592877316208,0.97093313751788,1.2665932231614305
up,0.12,1.8,30.0,0.15,0.5,False,ok,True,1.323309639430296,0.9315894755633983,0.1492151864657649
up,0.12,1.8,30.0,0.15,0.8,False,ok,True,1.4233836602796097,0.915047457051105,0.24600536553115215
up,0.12,1.8,30.0,0.15,1.0,False,ok,True,1.54521319549691,0.926890893983241,0.7367086896072355
up,0.12,1.8,30.0,0.175,0.5,False,ok,True,1.4324920884874413,1.0061904567572424,0.24355472151136248
up,0.12,1.8,30.0,0.175,0.8,False,ok,True,1.4466699638887837,0.9044420789743983,0.659159673416156
up,0.12,1.8,30.0,0.175,1.0,False,ok,True,1.6222235216590417,0.9096792868158153,1.5343175201697465
up,0.12,1.8,30.0,0.2,0.5,False,ok,True,1.5399552311473887,1.0651156565052051,0.3494511829600246
up,0.12,1.8,30.0,0.2,0.8,False,ok,True,1.4085949128694861,0.847960998515612,1.4084449922548914
up,0.12,1.8,30.0,0.2,1.0,False,ok,True,1.647167558095305,0.8784567725019296,2.7275141184459746
up,0.12,2.0,0.0,0.125,0.5,False,stall,False,5.786100508812981,1.2335900655170071,4.752999812863547
up,0.12,2.0,0.0,0.125,0.8,False,ok,True,5.666169449815542,2.1434429276504283,0.00033020329235487994
up,0.12,2.0,0.0,0.125,1.0,False,ok,True,6.113345337088929,2.8422158362338035,0.00034020921385270465
up,0.12,2.0,0.0,0.15,0.5,False,stall,False,5.540233763964481,1.3431541230826438,3.6108781794853253
up,0.12,2.0,0.0,0.15,0.8,False,ok,True,5.469568925216629,2.2384879226821996,0.0003223702153876783
up,0.12,2.0,0.0,0.15,1.0,False,ok,True,5.418285781696544,2.0417293131242595,0.0003247251740957945
up,0.12,2.0,0.0,0.175,0.5,False,ok,True,4.998204288879892,2.494600946991736,0.00040701601298516433
up,0.12,2.0,0.0,0.175,0.8,False,ok,True,4.951917128860014,2.8391950198235754,0.0003921174020766087
up,0.12,2.0,0.0,0.175,1.0,False,ok,True,4.89603367731955,2.4334550625195615,0.0004069523397151883
up,0.12,2.0,0.0,0.2,0.5,False,ok,True,4.503393325318616,2.131021402767357,0.0007475759608888968
up,0.12,2.0,0.0,0.2,0.8,False,ok,True,4.4763089327393795,2.7134736549690768,0.0004217151686508322
up,0.12,2.0,0.0,0.2,1.0,False,ok,True,4.469586977924404,2.843614126102574,0.0004862196819436952
up,0.12,2.0,15.0,0.125,0.5,False,ok,True,2.0224637931313354,1.1729858404398044,0.0001534588085670443
up,0.12,2.0,15.0,0.125,0.8,False,ok,True,1.9822033095676417,1.7934129346402579,0.00015471945367204047
up,0.12,2.0,15.0,0.125,1.0,False,ok,True,1.8523252884930823,1.7031490865004129,0.00015493645543330497
up,0.12,2.0,15.0,0.15,0.5,False,ok,True,1.39882630548609,1.0786417436125757,0.0001559312927330582
up,0.12,2.0,15.0,0.15,0.8,False,ok,True,1.881844741985346,1.6014805162728614,0.00015675126362346952
up,0.12,2.0,15.0,0.15,1.0,False,ok,True,2.0095153780183206,1.7223674527237127,0.00015845464933067526
up,0.12,2.0,15.0,0.175,0.5,False,ok,True,1.3466819768268539,1.1068690844460856,0.00015228333032526429
up,0.12,2.0,15.0,0.175,0.8,False,ok,True,1.654237577091841,1.3559908160372371,0.00015459590980971774
up,0.12,2.0,15.0,0.175,1.0,False,ok,True,1.9086778506014483,1.5074141659648401,0.0001588640722256148
up,0.12,2.0,15.0,0.2,0.5,False,ok,True,1.312823865747012,1.1024317662742422,0.00013548249135929535
up,0.12,2.0,15.0,0.2,0.8,False,ok,True,1.6457797838084247,1.1325640466613245,0.0001419821457220883
up,0.12,2.0,15.0,0.2,1.0,False,ok,True,1.9594287084265363,1.1044021555604493,0.00014779292581988888
up,0.12,2.0,30.0,0.125,0.5,False,ok,True,1.38110055150222,0.9153777969619928,1.5144068494236145
up,0.12,2.0,30.0,0.125,0.8,False,ok,True,1.5515293524032896,1.057590554133687,2.1406375605272303
up,0.12,2.0,30.0,0.125,1.0,False,ok,True,1.7137906778928236,1.0521466268291673,2.4834379387833097
up,0.12,2.0,30.0,0.15,0.5,False,ok,True,1.3086750029523901,0.9101130559938921,0.8858596131410884
up,0.12,2.0,30.0,0.15,0.8,False,ok,True,1.5459938248332246,0.980107522982056,1.184374071294993
up,0.12,2.0,30.0,0.15,1.0,False,ok,True,1.7077838135538879,1.0235990625276448,0.9325652041659608
up,0.12,2.0,30.0,0.175,0.5,False,ok,True,1.3288954773779755,0.9424597657510989,0.08018236569501738
up,0.12,2.0,30.0,0.175,0.8,False,ok,True,1.5233234363584565,0.938072029609522,0.8078761083549533
up,0.12,2.0,30.0,0.175,1.0,False,ok,True,1.7658612281245902,1.0045989075651562,1.8800246258357725
up,0.12,2.0,30.0,0.2,0.5,False,ok,True,1.5822042278387436,1.0847378328261805,0.21740947974450425
up,0.12,2.0,30.0,0.2,0.8,False,ok,True,1.5537545280490688,0.9213425283740554,1.7300179799734052
up,0.12,2.0,30.0,0.2,1.0,False,ok,True,1.842511334279191,1.0044392289966262,1.6740287788358486
up,0.12,2.2,0.0,0.125,0.5,False,stall,False,6.27386785164843,0.7910279914382834,4.694257476191489
up,0.12,2.2,0.0,0.125,0.8,False,ok,True,6.454876782941501,2.4299447057182726,0.00041505205171675177
up,0.12,2.2,0.0,0.125,1.0,False,ok,True,6.599651211057605,2.57771041933129,0.00035676583725912725
up,0.12,2.2,0.0,0.15,0.5,False,ok,True,6.033152398002022,3.010031939133571,0.0007020530330644039
up,0.12,2.2,0.0,0.15,0.8,False,ok,True,5.9399731205251465,3.132422827635235,0.00022267099626332242
up,0.12,2.2,0.0,0.15,1.0,False,ok,True,5.863822166321559,1.7004789469780621,0.00034029078561201905
up,0.12,2.2,0.0,0.175,0.5,False,ok,True,5.444166720024791,2.6613640499622684,0.00028476408989771667
up,0.12,2.2,0.0,0.175,0.8,False,ok,True,5.337560505659417,1.7018751709733049,0.000577409640574075
up,0.12,2.2,0.0,0.175,1.0,False,ok,True,5.278233546879672,1.7229645923415047,0.00036225641332531
up,0.12,2.2,0.0,0.2,0.5,False,ok,True,4.862817845481536,2.3895881836887938,0.0004991779176938666
up,0.12,2.2,0.0,0.2,0.8,False,ok,True,4.822575965167801,1.759673165427071,0.0003011603775652847
up,0.12,2.2,0.0,0.2,1.0,False,ok,True,4.77038507666453,1.786303008917275,0.00034768491779592483
up,0.12,2.2,15.0,0.125,0.5,False,ok,True,1.7758674154879688,1.634338484672228,0.00015030774398450093
up,0.12,2.2,15.0,0.125,0.8,False,ok,True,2.7287977690341605,1.461305488746947,0.0001526910185324792
up,0.12,2.2,15.0,0.125,1.0,False,ok,True,3.2905105388913127,1.3319393225667875,0.00015636967157212943
up,0.12,2.2,15.0,0.15,0.5,False,ok,True,1.7234023234918994,1.564449550658123,0.00014545677460195219
up,0.12,2.2,15.0,0.15,0.8,False,ok,True,1.7913495468601917,1.1526495040644573,0.0001465464871023658
up,0.12,2.2,15.0,0.15,1.0,False,ok,True,2.8410997317574167,1.2224390194534507,0.00015229763242767462
up,0.12,2.2,15.0,0.175,0.5,False,ok,True,1.6146528563512572,1.439224724368092,0.00010552020020742101
up,0.12,2.2,15.0,0.175,0.8,False,ok,True,1.7937497117128163,1.1518675331931858,0.00011805478362745223
up,0.12,2.2,15.0,0.175,1.0,False,ok,True,2.077294388016836,1.1760563196633533,0.0001365091156444208
up,0.12,2.2,15.0,0.2,0.5,False,ok,True,1.4603359806785892,1.292825431649174,4.6697183358949975e-05
up,0.12,2.2,15.0,0.2,0.8,False,ok,True,1.8203275148586409,1.5278650832178793,5.443064583021037e-05
up,0.12,2.2,15.0,0.2,1.0,False,ok,True,2.1540857108044906,1.6111676376385724,4.1974084689605286e-05
up,0.12,2.2,30.0,0.125,0.5,False,ok,True,1.4434023947083252,1.0002569394180099,1.3396596160377923
up,0.12,2.2,30.0,0.125,0.8,False,ok,True,1.6561825480524497,1.107319111322486,2.8743756898824135
up,0.12,2.2,30.0,0.125,1.0,False,ok,True,1.8392075376896495,1.1201721747767222,2.3855130071316117
up,0.12,2.2,30.0,0.15,0.5,False,ok,True,1.3937550901477274,0.9307118355284115,1.277669362335012
up,0.12,2.2,30.0,0.15,0.8,False,ok,True,1.691926227781424,1.06438025286663,2.1374768728735236
up,0.12,2.2,30.0,0.15,1.0,False,ok,True,1.8702448433422107,1.1265014409480743,1.6169211357856068
up,0.12,2.2,30.0,0.175,0.5,False,ok,True,1.3946209522502993,0.9352118967636998,1.1824032737748622
up,0.12,2.2,30.0,0.175,0.8,False,ok,True,1.6929516294663418,1.0405745491904799,1.3542837275774373
up,0.12,2.2,30.0,0.175,1.0,False,ok,True,1.957517999576993,1.1292580028710448,2.1568021767322363
up,0.12,2.2,30.0,0.2,0.5,False,ok,True,1.3581090714077149,0.8924109754889178,0.3122150311390356
up,0.12,2.2,30.0,0.2,0.8,False,ok,True,1.714613171458716,1.0273863884492895,2.083678113182857
up,0.12,2.2,30.0,0.2,1.0,False,ok,True,1.9874577237919195,1.1024793163420934,2.1723551577133913
up,0.12,2.4,0.0,0.125,0.5,False,stall,False,6.904821466423428,1.1233423953692163,5.122607391724496
up,0.12,2.4,0.0,0.125,0.8,False,ok,True,6.748846462133782,2.9446357262651115,0.00018704398883392023
up,0.12,2.4,0.0,0.125,1.0,False,ok,True,7.094335952996806,2.2757588520809526,0.0004976868301573553
up,0.12,2.4,0.0,0.15,0.5,False,ok,True,6.4597431223322195,1.9654956507435948,0.00029555222380232344
up,0.12,2.4,0.0,0.15,0.8,False,ok,True,6.358837640450963,1.7415053254247708,0.0002233963100947865
up,0.12,2.4,0.0,0.15,1.0,False,ok,True,6.311285927090189,1.8468113945089775,0.00033414257339933995
up,0.12,2.4,0.0,0.175,0.5,False,ok,True,5.793305815425117,2.6254182621677793,0.0004963191072613833
up,0.12,2.4,0.0,0.175,0.8,False,ok,True,5.727407028408929,1.8787824832035187,0.00021654171019630728
up,0.12,2.4,0.0,0.175,1.0,False,ok,True,5.702647880832178,1.907232921423712,0.0004403349049252026
up,0.12,2.4,0.0,0.2,0.5,False,ok,True,5.178260098650237,2.4506205727161534,0.00026901621492779487
up,0.12,2.4,0.0,0.2,0.8,False,ok,True,5.175894805205809,1.925387495733717,0.00013733745179286025
up,0.12,2.4,0.0,0.2,1.0,False,ok,True,5.124482610087609,1.928728182406011,0.00014137683272413538
up,0.12,2.4,15.0,0.125,0.5,False,ok,True,1.5904541430830452,1.1737983256311866,0.00013756499402807026
up,0.12,2.4,15.0,0.125,0.8,False,ok,True,3.4135977357568477,1.318862284329065,0.00012720457047746476
up,0.12,2.4,15.0,0.125,1.0,False,ok,True,3.349867535241466,1.3036457243775745,0.00012940417292845824
up,0.12,2.4,15.0,0.15,0.5,False,ok,True,1.594891302349227,1.1750738199407167,0.00010941385498674109
up,0.12,2.4,15.0,0.15,0.8,False,ok,True,3.220462064334736,1.2207000550595433,5.702371166440637e-05
up,0.12,2.4,15.0,0.15,1.0,False,ok,True,3.16122561305319,1.2921669891803222,4.768436639544861e-05
up,0.12,2.4,15.0,0.175,0.5,False,ok,True,1.5812300969596695,1.1597387811077833,4.599954977051964e-05
up,0.12,2.4,15.0,0.175,0.8,False,ok,True,2.9832947899035167,1.2256391598879466,4.965973422913586e-05
up,0.12,2.4,15.0,0.175,1.0,False,ok,True,3.036215659633177,1.310286573221444,1.7321152116225126e-05
up,0.12,2.4,15.0,0.2,0.5,False,ok,True,1.5291463233060645,1.1616216681373874,1.3377580922506631e-05
up,0.12,2.4,15.0,0.2,0.8,False,ok,True,2.501998609999848,1.1915555208625548,0.00014001422135602126
up,0.12,2.4,15.0,0.2,1.0,False,ok,True,2.5043385394995488,1.2845617716460347,0.00014890208594938185
up,0.12,2.4,30.0,0.125,0.5,False,ok,True,1.519959818265525,1.0599333040702823,2.5200361672459293
up,0.12,2.4,30.0,0.125,0.8,False,ok,True,1.7570738197953644,1.1878804512337608,2.751233015272003
up,0.12,2.4,30.0,0.125,1.0,False,ok,True,1.9805539500999827,1.1915507345572802,2.5857611902060533
up,0.12,2.4,30.0,0.15,0.5,False,ok,True,1.500885191413746,1.0325486076307198,2.264774294194929
up,0.12,2.4,30.0,0.15,0.8,False,ok,True,1.8271839049996683,1.1400065930151935,2.325051484650653
up,0.12,2.4,30.0,0.15,1.0,False,ok,True,2.0633777816018606,1.2302466849152414,2.4585928361274116
up,0.12,2.4,30.0,0.175,0.5,False,ok,True,1.4924982566419385,0.9865333091632292,1.5973091907264865
up,0.12,2.4,30.0,0.175,0.8,False,ok,True,1.8026533387244865,1.1191248318065434,1.6595484358543087
up,0.12,2.4,30.0,0.175,1.0,False,ok,True,2.105185689991581,1.2201781552624178,2.0383684986826363
up,0.12,2.4,30.0,0.2,0.5,False,ok,True,1.4636629557932879,0.9628189299855976,1.6699685641323876
up,0.12,2.4,30.0,0.2,0.8,False,ok,True,1.863439500663638,1.1245064350648803,1.9813268689845658
up,0.12,2.4,30.0,0.2,1.0,False,ok,True,2.151287374513551,1.2097230539684745,1.9829365748657373
up,0.12,2.6,0.0,0.125,0.5,False,stall,False,8.99888782681609,1.083808674109245,4.526512020379879
up,0.12,2.6,0.0,0.125,0.8,False,ok,True,7.393386997157125,3.0870468612038953,0.00013358524546316163
up,0.12,2.6,0.0,0.125,1.0,False,ok,True,8.049172293927775,1.5669121512028752,0.00012455298464358736
up,0.12,2.6,0.0,0.15,0.5,False,ok,True,6.932369499008359,3.162389419493481,0.0002742533498532479
up,0.12,2.6,0.0,0.15,0.8,False,ok,True,6.8240429766447965,1.8702685660933698,0.00041308231667090716
up,0.12,2.6,0.0,0.15,1.0,False,ok,True,6.752583596784396,1.9168059131175228,0.0002129069425606135
up,0.12,2.6,0.0,0.175,0.5,False,ok,True,6.169033222609152,2.489842276116895,5.951674392352142e-05
up,0.12,2.6,0.0,0.175,0.8,False,ok,True,6.115179047045904,2.042604013183128,0.00031781669916040346
up,0.12,2.6,0.0,0.175,1.0,False,ok,True,6.041654749615472,2.0679768838641146,0.00035528023977171624
up,0.12,2.6,0.0,0.2,0.5,False,ok,True,5.481213034058466,2.360828654766797,0.0005617353817458241
up,0.12,2.6,0.0,0.2,0.8,False,ok,True,5.480699457848058,2.06935588373243,0.00031286054611850197
up,0.12,2.6,0.0,0.2,1.0,False,ok,True,5.475224544114026,2.0586492041138023,4.835133217596477e-06
up,0.12,2.6,15.0,0.125,0.5,False,ok,True,3.007974056995251,1.4501232547028173,0.000210285391103899
up,0.12,2.6,15.0,0.125,0.8,False,ok,True,3.062692445073729,1.3533945856422094,2.0227651756381095e-05
up,0.12,2.6,15.0,0.125,1.0,False,ok,True,3.208969488848708,1.3664244180316187,5.446080835586187e-05
up,0.12,2.6,15.0,0.15,0.5,False,ok,True,2.7838364398186637,1.458940196880873,2.3096359627615502e-05
up,0.12,2.6,15.0,0.15,0.8,False,ok,True,2.8877973216776605,1.4178836656278224,0.00011191744718534196
up,0.12,2.6,15.0,0.15,1.0,False,ok,True,2.294876640172625,1.4878431126102678,3.06360068450191e-05
up,0.12,2.6,15.0,0.175,0.5,False,ok,True,2.6109082275553903,1.4514261867830527,0.00010495342379598727
up,0.12,2.6,15.0,0.175,0.8,False,ok,True,2.8891880272722954,1.3109640472789448,0.00013359144680062174
up,0.12,2.6,15.0,0.175,1.0,False,ok,True,2.7372519587711346,1.38152062952479,6.009564121122113e-05
up,0.12,2.6,15.0,0.2,0.5,False,ok,True,2.4914362992804246,1.4372963442182045,0.00023933558416668592
up,0.12,2.6,15.0,0.2,0.8,False,ok,True,2.8563740446805026,1.2790259802070065,6.404447219338381e-05
up,0.12,2.6,15.0,0.2,1.0,False,ok,True,2.93139091162821,1.384679112574187,5.852836345635294e-05
up,0.12,2.6,30.0,0.125,0.5,False,ok,True,1.5914895148765935,1.0577346550793167,2.0476067428471176
up,0.12,2.6,30.0,0.125,0.8,False,ok,True,1.855649014281393,1.1381937154888675,2.890054548325337
up,0.12,2.6,30.0,0.125,1.0,False,ok,True,2.096155221025066,1.257458311598206,2.4041655025702533
up,0.12,2.6,30.0,0.15,0.5,False,ok,True,1.5753073941247215,1.0324343930119573,2.3019594562180012
up,0.12,2.6,30.0,0.15,0.8,False,ok,True,1.9455684278669463,1.2073452084414464,2.2309810932604663
up,0.12,2.6,30.0,0.15,1.0,False,ok,True,2.2116029744506664,1.3258155361011243,2.883436081188286
up,0.12,2.6,30.0,0.175,0.5,False,ok,True,1.580908943284195,1.0371580090999437,1.78889986536338
up,0.12,2.6,30.0,0.175,0.8,False,ok,True,1.973768780535327,1.2164554209295992,1.9528403268882502
up,0.12,2.6,30.0,0.175,1.0,False,ok,True,2.2885394882838006,1.3305988566497073,2.2245213760523637
up,0.12,2.6,30.0,0.2,0.5,False,ok,True,1.575506026455602,1.0309475558436676,1.7167011218299746
up,0.12,2.6,30.0,0.2,0.8,False,ok,True,2.029522227914793,1.2251652079061826,2.067662536676329
up,0.12,2.6,30.0,0.2,1.0,False,ok,True,2.326070501652873,1.3221923897512295,1.8794010195927406
up,0.12,2.8,0.0,0.125,0.5,False,stall,False,9.675078135321488,1.013635771112289,4.985753676563966
up,0.12,2.8,0.0,0.125,0.8,False,ok,True,9.99307201984421,2.759303241059093,0.00014418223221495695
up,0.12,2.8,0.0,0.125,1.0,False,ok,True,9.781923362308355,1.781462926739323,0.00046352694264883623
up,0.12,2.8,0.0,0.15,0.5,False,ok,True,7.378398007745313,2.7612060040006314,0.000666509433514119
up,0.12,2.8,0.0,0.15,0.8,False,ok,True,7.229724917116402,2.020314199562077,0.0006559001147333453
up,0.12,2.8,0.0,0.15,1.0,False,ok,True,7.183502622137932,2.0394079422015037,1.92975718552933e-05
up,0.12,2.8,0.0,0.175,0.5,False,ok,True,6.5145195910307185,2.3841339467235136,0.0005257466946957986
up,0.12,2.8,0.0,0.175,0.8,False,ok,True,6.498845940314172,2.197828729555313,0.0007077764850631854
up,0.12,2.8,0.0,0.175,1.0,False,ok,True,6.415544945933632,2.100479940552979,0.0003836581282290239
up,0.12,2.8,0.0,0.2,0.5,False,ok,True,5.7438114995644,1.8431607647916897,0.0024412596179869813
up,0.12,2.8,0.0,0.2,0.8,False,ok,True,5.767202420181008,2.2354262457614826,0.0013028953254653993
up,0.12,2.8,0.0,0.2,1.0,False,ok,True,5.743706982336848,2.2514641224765404,0.0019444532641777579
up,0.12,2.8,15.0,0.125,0.5,False,ok,True,3.005766031012995,1.3726008533123033,0.00044419981537437484
up,0.12,2.8,15.0,0.125,0.8,False,ok,True,2.6740203505059954,1.4123883713896008,1.0455899673878206e-05
up,0.12,2.8,15.0,0.125,1.0,False,ok,True,2.4356910715306648,1.4843013035676267,1.5636481665266656e-06
up,0.12,2.8,15.0,0.15,0.5,False,ok,True,2.762947195207032,1.2436926423112835,0.00017362964638935143
up,0.12,2.8,15.0,0.15,0.8,False,ok,True,2.1961400124411323,1.5322334688483745,0.0002879296104779009
up,0.12,2.8,15.0,0.15,1.0,False,ok,True,2.490703506612466,1.4998690383817341,0.0008032326073540715
up,0.12,2.8,15.0,0.175,0.5,False,ok,True,2.6187062479501084,1.2214711686284805,0.0008828999509887699
up,0.12,2.8,15.0,0.175,0.8,False,ok,True,2.2631115171717835,1.4467497411382249,0.0012846798444533232
up,0.12,2.8,15.0,0.175,1.0,False,ok,True,2.5699201919051173,1.4954484777978931,0.0016397871685578016
up,0.12,2.8,15.0,0.2,0.5,False,ok,True,2.4568990995363738,1.2203480525382668,0.0023866153863648597
up,0.12,2.8,15.0,0.2,0.8,False,ok,True,2.527355885880502,1.3867521454839002,0.002995079082609369
up,0.12,2.8,15.0,0.2,1.0,False,ok,True,2.6285641041995764,1.4964527116015625,0.003523853466672056
up,0.12,2.8,30.0,0.125,0.5,False,ok,True,1.6969694406593105,1.0849843428096746,2.3767609897360433
up,0.12,2.8,30.0,0.125,0.8,False,ok,True,1.948831696262779,1.1947787003173873,2.5823852610849403
up,0.12,2.8,30.0,0.125,1.0,False,ok,True,2.2387044357112322,1.3302482175510222,2.9779383605843925
up,0.12,2.8,30.0,0.15,0.5,False,ok,True,1.6444808682686367,1.0760888650756681,1.9794916410655654
up,0.12,2.8,30.0,0.15,0.8,False,ok,True,2.055583345039869,1.2751100995733364,2.4553403766901076
up,0.12,2.8,30.0,0.15,1.0,False,ok,True,2.344338543862114,1.4046143855196285,2.755302033839818
up,0.12,2.8,30.0,0.175,0.5,False,ok,True,1.6907399055606795,1.1045054771779264,1.822923601950421
up,0.12,2.8,30.0,0.175,0.8,False,ok,True,2.099847227547897,1.2950829041645069,1.7885327464242502
up,0.12,2.8,30.0,0.175,1.0,False,ok,True,2.4354749141497036,1.4253663796128724,2.302150829935048
up,0.12,2.8,30.0,0.2,0.5,False,ok,True,1.6942755731828314,1.1052025680800734,1.8323095364519626
up,0.12,2.8,30.0,0.2,0.8,False,ok,True,2.133163704758461,1.2989550929628644,1.872131499725783
up,0.12,2.8,30.0,0.2,1.0,False,ok,True,2.4961008695703844,1.4248003085402217,2.4302991278800086
up,0.12,3.0,0.0,0.125,0.5,False,stall,False,10.958447065365059,1.251285042266466,5.147130908477838
up,0.12,3.0,0.0,0.125,0.8,False,ok,True,11.803540672858139,3.109864849335536,0.0006236389074965714
up,0.12,3.0,0.0,0.125,1.0,False,ok,True,11.514800561554289,2.421117469116855,0.00042141899531276147
up,0.12,3.0,0.0,0.15,0.5,False,ok,True,7.827173035045967,2.3955961057965083,0.002679328678788541
up,0.12,3.0,0.0,0.15,0.8,False,ok,True,7.6266119916679145,2.1677270867164546,0.0005451462560920326
up,0.12,3.0,0.0,0.15,1.0,False,ok,True,7.5298395354354435,2.192038958906829,0.0011110291087432014
up,0.12,3.0,0.0,0.175,0.5,False,ok,True,6.878440767618825,2.4480163662659487,0.004173518861640246
up,0.12,3.0,0.0,0.175,0.8,False,ok,True,6.795403298228027,2.3398620507187955,0.001982786416702703
up,0.12,3.0,0.0,0.175,1.0,False,ok,True,6.74988032844568,2.3012921886645907,0.0016170423405683812
up,0.12,3.0,0.0,0.2,0.5,False,ok,True,6.0019849865918005,1.9358050926568826,0.006467977114702594
up,0.12,3.0,0.0,0.2,0.8,False,ok,True,6.083410196025549,2.3800296951446636,0.004769149328720157
up,0.12,3.0,0.0,0.2,1.0,False,ok,True,6.014780094959114,2.400942945923279,0.004531092274222097
up,0.12,3.0,15.0,0.125,0.5,False,ok,True,2.471945182290647,1.2831433217776282,0.0008641655825993561
up,0.12,3.0,15.0,0.125,0.8,False,ok,True,2.265242872957241,1.5037936876549902,0.00044628277319617006
up,0.12,3.0,15.0,0.125,1.0,False,ok,True,2.6102593104625527,1.5572365392771046,0.0009670654701228361
up,0.12,3.0,15.0,0.15,0.5,False,ok,True,2.3151862507936207,1.3513671225330217,0.0015123726855898539
up,0.12,3.0,15.0,0.15,0.8,False,ok,True,2.3325913136369176,1.5321620219335506,0.001866061132199965
up,0.12,3.0,15.0,0.15,1.0,False,ok,True,2.632112422600322,1.5758328800871384,0.002935755314115107
up,0.12,3.0,15.0,0.175,0.5,False,ok,True,2.0826576546979734,1.345356867308019,0.004133052951145714
up,0.12,3.0,15.0,0.175,0.8,False,ok,True,2.4158600864692263,1.5033404025275685,0.0041394136019734075
up,0.12,3.0,15.0,0.175,1.0,False,ok,True,2.725682270738521,1.5964492913669692,0.00485552189183836
up,0.12,3.0,15.0,0.2,0.5,False,ok,True,1.9980846512311807,1.285455296986348,0.0073324604354596395
up,0.12,3.0,15.0,0.2,0.8,False,ok,True,2.389817800440684,1.48045559242252,0.007162735746171143
up,0.12,3.0,15.0,0.2,1.0,False,ok,True,2.779081577446468,1.6010735966934522,0.007276404673913585
up,0.12,3.0,30.0,0.125,0.5,False,ok,True,1.7061263818557892,1.125903097171201,2.0348725833995926
up,0.12,3.0,30.0,0.125,0.8,False,ok,True,2.049817771839485,1.2618360628441887,2.3678454622243352
up,0.12,3.0,30.0,0.125,1.0,False,ok,True,2.3462692549907582,1.3844430120605222,2.325315105075512
up,0.12,3.0,30.0,0.15,0.5,False,ok,True,1.719423262420669,1.1250246222214562,2.0941407534705405
up,0.12,3.0,30.0,0.15,0.8,False,ok,True,2.2005117684083455,1.355767901335897,1.9284249084965828
up,0.12,3.0,30.0,0.15,1.0,False,ok,True,2.4858140412514595,1.4783372054091126,2.319022338186495
up,0.12,3.0,30.0,0.175,0.5,False,ok,True,1.7665088669188518,1.1528230714782375,2.045519443362435
up,0.12,3.0,30.0,0.175,0.8,False,ok,True,2.261417929416686,1.3902601822979066,2.0125547246918822
up,0.12,3.0,30.0,0.175,1.0,False,ok,True,2.5833895163495226,1.517859358005963,2.3860270261939633
up,0.12,3.0,30.0,0.2,0.5,False,ok,True,1.7718111690869747,1.1555388433959957,1.938169930914578
up,0.12,3.0,30.0,0.2,0.8,False,ok,True,2.310031232368266,1.4053358854208065,2.1033313093133654
up,0.12,3.0,30.0,0.2,1.0,False,ok,True,2.637076251915608,1.520549312813442,2.5869550692189858
up,0.14,0.4,0.0,0.125,0.5,False,stall,False,1.2772388434368778,0.3256479273332821,0.9913177941392189
up,0.14,0.4,0.0,0.125,0.8,False,stall,False,1.2769202122537764,0.7865117154403822,14.278379159752257
up,0.14,0.4,0.0,0.125,1.0,False,stall,False,1.2380933030182621,0.5213574001391478,14.538797085492028
up,0.14,0.4,0.0,0.15,0.5,False,stall,False,1.2368756000944596,0.25815346741802186,1.7775307855223565
up,0.14,0.4,0.0,0.15,0.8,False,stall,False,1.5589326142272153,1.3689627347813125,14.632139011184945
up,0.14,0.4,0.0,0.15,1.0,False,stall,False,1.2802183359035924,0.9097550661418741,14.893285181806728
up,0.14,0.4,0.0,0.175,0.5,False,stall,False,1.1698487441563625,0.1625556190822322,1.1672768831541762
up,0.14,0.4,0.0,0.175,0.8,False,stall,False,1.4554561277420017,0.5246411382207646,14.755725616755486
up,0.14,0.4,0.0,0.175,1.0,False,stall,False,1.7038158970752872,1.503774242784832,14.927874342150327
up,0.14,0.4,0.0,0.2,0.5,False,stall,False,1.2201847335759557,0.258741523700706,1.1420082728550451
up,0.14,0.4,0.0,0.2,0.8,False,stall,False,1.194539806397504,0.17014861258684913,8.701602739308441
up,0.14,0.4,0.0,0.2,1.0,False,stall,False,1.779804846645016,1.3804059901820176,14.871857060200453
up,0.14,0.4,15.0,0.125,0.5,False,stall,False,0.9136509493727211,0.20900726756288668,0.8532762336827957
up,0.14,0.4,15.0,0.125,0.8,False,stall,False,0.9149622562885842,0.2629308741137132,14.722781328710546
up,0.14,0.4,15.0,0.125,1.0,False,stall,False,0.9002547254597113,0.24891716767215927,14.854097791037685
up,0.14,0.4,15.0,0.15,0.5,False,stall,False,1.2506436245575137,0.48975634903166243,14.5796793007867
up,0.14,0.4,15.0,0.15,0.8,False,ok,True,0.47446930448701546,0.22882618361800836,0.00015375414980924856
up,0.14,0.4,15.0,0.15,1.0,False,ok,True,0.5745853523116271,0.2520538736769121,0.00015407394703894337
up,0.14,0.4,15.0,0.175,0.5,False,stall,False,0.965677103029406,0.4922017464730663,14.559984516760505
up,0.14,0.4,15.0,0.175,0.8,False,ok,True,0.3497800089555568,0.14601541666963763,0.0001542742801207173
up,0.14,0.4,15.0,0.175,1.0,False,ok,True,0.42484615718283386,0.18873854089882597,0.0001548504393461796
up,0.14,0.4,15.0,0.2,0.5,False,stall,False,0.9988164513690918,0.4275072578509175,14.476100361595565
up,0.14,0.4,15.0,0.2,0.8,False,stall,False,1.3178405081551636,0.41983974020415765,14.89132086710198
up,0.14,0.4,15.0,0.2,1.0,False,ok,True,0.4314656062178695,0.17004502223411477,0.00015475670553310907
up,0.14,0.4,30.0,0.125,0.5,False,stall,False,0.9016926509956532,0.23614623807670784,0.5168087922183449
up,0.14,0.4,30.0,0.125,0.8,False,stall,False,0.9155071848026687,0.2522514595249346,14.732486928327951
up,0.14,0.4,30.0,0.125,1.0,False,stall,False,0.9175168002283459,0.2502855059484638,14.850997895821482
up,0.14,0.4,30.0,0.15,0.5,False,timeout,False,1.1114076513710525,0.4696201434359693,14.372845321993733
up,0.14,0.4,30.0,0.15,0.8,False,ok,True,1.4854092915443653,0.9330383282594303,0.37605935477759905
up,0.14,0.4,30.0,0.15,1.0,False,ok,True,0.49582249398963907,0.26717890921966364,4.824211277463754
up,0.14,0.4,30.0,0.175,0.5,False,stall,False,1.020613046988943,0.5456452817921649,14.501761800231952
up,0.14,0.4,30.0,0.175,0.8,False,stall,False,0.3390054799580828,0.21267897334272343,11.41418672309003
up,0.14,0.4,30.0,0.175,1.0,False,ok,True,0.4948431990754579,0.2596908013279527,4.669949026100503
up,0.14,0.4,30.0,0.2,0.5,False,stall,False,0.8453283662361488,0.544051676334416,14.48564199623365
up,0.14,0.4,30.0,0.2,0.8,False,stall,False,0.3332760010896427,0.17222809094857314,11.75795212102705
up,0.14,0.4,30.0,0.2,1.0,False,ok,True,0.502499470804591,0.2396462120942775,4.5990933068593725
up,0.14,0.6,0.0,0.125,0.5,False,timeout,False,1.894084565050558,0.5148986670961335,0.8696123249732435
up,0.14,0.6,0.0,0.125,0.8,False,stall,False,1.8808745081349412,0.6486570928254453,14.392712048425526
up,0.14,0.6,0.0,0.125,1.0,False,stall,False,1.9085362244463715,0.6216384796690267,11.795735756301413
up,0.14,0.6,0.0,0.15,0.5,False,stall,False,1.8041867901127786,0.4460213137376188,1.254216536461469
up,0.14,0.6,0.0,0.15,0.8,False,timeout,False,1.9007501625742407,0.8106221868373259,13.224431174607105
up,0.14,0.6,0.0,0.15,1.0,False,stall,False,1.9286501268182612,0.6708638958325984,13.169026122435168
up,0.14,0.6,0.0,0.175,0.5,False,stall,False,1.804045250659049,0.2530808063272475,1.0599694444652805
up,0.14,0.6,0.0,0.175,0.8,False,stall,False,1.831812124271824,1.3297326056578849,14.788081082648233
up,0.14,0.6,0.0,0.175,1.0,False,stall,False,1.744988898709842,0.8898853578674816,14.665397804233567
up,0.14,0.6,0.0,0.2,0.5,False,stall,False,1.7559315967249074,0.3093838930947737,1.4799487501825486
up,0.14,0.6,0.0,0.2,0.8,False,stall,False,2.4480346899794143,2.1578098055113712,14.750279349610496
up,0.14,0.6,0.0,0.2,1.0,False,stall,False,1.720587629206879,1.3854792083298548,15.002904795695782
up,0.14,0.6,15.0,0.125,0.5,False,stall,False,1.3669268794406384,0.3004964504593428,0.9684085870861644
up,0.14,0.6,15.0,0.125,0.8,False,stall,False,1.3385188583657839,0.3641407413968941,14.65167848660295
up,0.14,0.6,15.0,0.125,1.0,False,ok,True,1.3553231924650393,0.36824478099600677,0.00015376728893816722
up,0.14,0.6,15.0,0.15,0.5,False,ok,True,0.6179522657394729,0.29067416723999573,0.00015339068462251682
up,0.14,0.6,15.0,0.15,0.8,False,ok,True,0.5609338115509728,0.32979467351751607,0.00015420116906713727
up,0.14,0.6,15.0,0.15,1.0,False,ok,True,0.6589028319405462,0.3194492414249984,0.00015417907412670857
up,0.14,0.6,15.0,0.175,0.5,False,ok,True,0.5734126195336471,0.23331702575039695,0.0001531893137284951
up,0.14,0.6,15.0,0.175,0.8,False,ok,True,0.5831656483047796,0.2824379618322297,0.00015444174312696644
up,0.14,0.6,15.0,0.175,1.0,False,ok,True,0.6899265731329777,0.3100382477905607,0.00015509805145460075
up,0.14,0.6,15.0,0.2,0.5,False,ok,True,0.46503674742793505,0.2042909839690297,0.00015629293710324612
up,0.14,0.6,15.0,0.2,0.8,False,ok,True,0.557905894616058,0.25763433552950976,0.00015556497903608136
up,0.14,0.6,15.0,0.2,1.0,False,ok,True,0.658773702054812,0.30191283721193596,0.00015548119683423116
up,0.14,0.6,30.0,0.125,0.5,False,stall,False,1.3504435938613528,0.3267047653524656,0.8130317743144804
up,0.14,0.6,30.0,0.125,0.8,False,stall,False,1.3261774317618273,0.3170684036043967,14.560842500467302
up,0.14,0.6,30.0,0.125,1.0,False,stall,False,1.3162434999121762,0.36135169259031064,14.91297569811193
up,0.14,0.6,30.0,0.15,0.5,False,ok,True,1.9078649396629248,1.113761265887792,0.24731677109463177
up,0.14,0.6,30.0,0.15,0.8,False,ok,True,0.8805363055863459,0.6242434982628314,2.895230942742368
up,0.14,0.6,30.0,0.15,1.0,False,ok,True,0.6840584280743648,0.3750499172980233,3.7263691953631497
up,0.14,0.6,30.0,0.175,0.5,False,ok,True,1.8352045014084886,1.0261587188721615,0.1484291722806005
up,0.14,0.6,30.0,0.175,0.8,False,ok,True,0.5461694677050121,0.3329411092417901,3.409157774497875
up,0.14,0.6,30.0,0.175,1.0,False,ok,True,0.6125639365017262,0.38476804950695487,3.6207114389817563
up,0.14,0.6,30.0,0.2,0.5,False,ok,True,1.7444603975893191,1.0009107803354746,0.058368599337050485
up,0.14,0.6,30.0,0.2,0.8,False,ok,True,0.5876076452592455,0.3358451603593084,4.181239512592531
up,0.14,0.6,30.0,0.2,1.0,False,ok,True,0.6411927241352989,0.3621736218113525,5.043434394953348
up,0.14,0.8,0.0,0.125,0.5,False,timeout,False,2.577355245379314,0.6071048586280489,1.024932906921832
up,0.14,0.8,0.0,0.125,0.8,False,stall,False,2.541203809280021,0.882807992646739,14.240309648509099
up,0.14,0.8,0.0,0.125,1.0,False,stall,False,2.4877250409869456,0.8860917174915092,6.9738985686770105
up,0.14,0.8,0.0,0.15,0.5,False,stall,False,2.4517029932011694,0.5444702564731667,4.308579750620503
up,0.14,0.8,0.0,0.15,0.8,False,stall,False,2.528064274698287,0.8788756551259255,13.229628976545602
up,0.14,0.8,0.0,0.15,1.0,False,stall,False,2.628063339257525,0.8890600062864754,8.694080835148583
up,0.14,0.8,0.0,0.175,0.5,False,stall,False,2.3635563622347555,0.37880486932727336,2.966416278157076
up,0.14,0.8,0.0,0.175,0.8,False,stall,False,2.3805614009640306,0.9148962471849952,14.700886798891782
up,0.14,0.8,0.0,0.175,1.0,False,stall,False,2.3420970786776985,0.9398092057231291,12.254258051330151
up,0.14,0.8,0.0,0.2,0.5,False,stall,False,2.301215226958468,0.4861390840281706,1.7175375193212603
up,0.14,0.8,0.0,0.2,0.8,False,stall,False,2.2733702432251226,1.3864965026161733,15.10443134294725
up,0.14,0.8,0.0,0.2,1.0,False,stall,False,2.240070647174903,0.9098548804505541,14.899927794553811
up,0.14,0.8,15.0,0.125,0.5,False,stall,False,1.8370422257849357,0.39513594981265177,0.8289659165522426
up,0.14,0.8,15.0,0.125,0.8,False,ok,True,1.774942755631581,0.46652813151079475,0.00015351771406233133
up,0.14,0.8,15.0,0.125,1.0,False,ok,True,1.7738410474483302,0.5009148574890021,0.00015383075331005906
up,0.14,0.8,15.0,0.15,0.5,False,ok,True,0.8376339664162019,0.5086006005901526,0.0001536615760877423
up,0.14,0.8,15.0,0.15,0.8,False,ok,True,0.7738767949407502,0.4965135949242714,0.0001545992831153212
up,0.14,0.8,15.0,0.15,1.0,False,ok,True,0.7916994336933888,0.4675977234117502,0.00015470854954082505
up,0.14,0.8,15.0,0.175,0.5,False,ok,True,0.7177325098800215,0.46459526000053025,0.0001532899786611314
up,0.14,0.8,15.0,0.175,0.8,False,ok,True,0.6993051176017884,0.381083364382155,0.0001543283869492735
up,0.14,0.8,15.0,0.175,1.0,False,ok,True,0.8377200476068686,0.39934169027214594,0.00015464756299002884
up,0.14,0.8,15.0,0.2,0.5,False,ok,True,0.6754222419673753,0.4395752251911593,0.0001557267844579227
up,0.14,0.8,15.0,0.2,0.8,False,ok,True,0.7264640234632075,0.3452282680546394,0.00015647873206196876
up,0.14,0.8,15.0,0.2,1.0,False,ok,True,0.8754867688132194,0.42134656745120946,0.0001559976885430643
up,0.14,0.8,30.0,0.125,0.5,False,stall,False,1.8051098931023764,0.38211193441440866,14.381230758769464
up,0.14,0.8,30.0,0.125,0.8,False,stall,False,1.735813988999781,0.4511608918277183,14.52318376536725
up,0.14,0.8,30.0,0.125,1.0,False,ok,True,1.728300874408058,0.6437278623540446,0.7253406902043862
up,0.14,0.8,30.0,0.15,0.5,False,ok,True,1.1955464719823248,0.7161865847943061,0.38530681656442134
up,0.14,0.8,30.0,0.15,0.8,False,ok,True,0.9644523125097046,0.644074179259876,1.91829592103251
up,0.14,0.8,30.0,0.15,1.0,False,ok,True,0.8637026162790293,0.46322167586472746,2.755812060459206
up,0.14,0.8,30.0,0.175,0.5,False,ok,True,1.758984166929166,1.0242281054186326,0.044770279593366366
up,0.14,0.8,30.0,0.175,0.8,False,ok,True,0.8057476062657749,0.5720917522468169,3.0099369620964653
up,0.14,0.8,30.0,0.175,1.0,False,ok,True,0.8039792413986742,0.43504389522622267,3.8279316110797432
up,0.14,0.8,30.0,0.2,0.5,False,ok,True,1.55348856933981,1.031482222144244,0.5404005951536196
up,0.14,0.8,30.0,0.2,0.8,False,ok,True,0.6919350512448105,0.3971843367239287,5.476149325333128
up,0.14,0.8,30.0,0.2,1.0,False,ok,True,0.778142465045306,0.42656725592430667,5.857720153969044
up,0.14,1.0,0.0,0.125,0.5,False,timeout,False,3.168192297446736,0.6976035203095878,1.1188179978782358
up,0.14,1.0,0.0,0.125,0.8,False,stall,False,3.1265808405385123,1.1521651496327305,14.338896067568152
up,0.14,1.0,0.0,0.125,1.0,False,stall,False,3.1225699878727013,1.1354494036817122,5.074939760983017
up,0.14,1.0,0.0,0.15,0.5,False,stall,False,3.0513894614267785,0.5035449443983295,4.370141725988115
up,0.14,1.0,0.0,0.15,0.8,False,stall,False,3.23975876094719,1.1431386103759211,14.49882914704019
up,0.14,1.0,0.0,0.15,1.0,False,stall,False,3.1949919340154738,1.1379520709853455,8.012132599002554
up,0.14,1.0,0.0,0.175,0.5,False,stall,False,2.940316654516298,0.5487319225798478,3.703688079507071
up,0.14,1.0,0.0,0.175,0.8,False,stall,False,2.9677699530477293,1.1289362756247072,14.893467824942805
up,0.14,1.0,0.0,0.175,1.0,False,stall,False,2.8995541236004603,1.1873214803099297,15.07992910806002
up,0.14,1.0,0.0,0.2,0.5,False,stall,False,2.7757712830261525,0.6220902575040506,2.277125674375747
up,0.14,1.0,0.0,0.2,0.8,False,stall,False,2.7585772877798624,1.1686886013086846,14.65325271698578
up,0.14,1.0,0.0,0.2,1.0,False,stall,False,2.747101637190386,1.1322343778492416,15.017380506939155
up,0.14,1.0,15.0,0.125,0.5,False,timeout,False,2.198647924304986,0.5066500539567543,1.1708873847253165
up,0.14,1.0,15.0,0.125,0.8,False,ok,True,2.219038068595516,0.6034739629697927,0.00015358950567449648
up,0.14,1.0,15.0,0.125,1.0,False,ok,True,2.1307186744593225,0.6219328993800342,0.0001538923146711805
up,0.14,1.0,15.0,0.15,0.5,False,ok,True,0.8922119943116936,0.8588909098508465,0.00015400943216124874
up,0.14,1.0,15.0,0.15,0.8,False,ok,True,0.9829495906826792,0.6670633934324466,0.00015484923868140015
up,0.14,1.0,15.0,0.15,1.0,False,ok,True,0.9782616955391567,0.6257158152996266,0.00015492567528471935
up,0.14,1.0,15.0,0.175,0.5,False,ok,True,0.7576158965060177,0.7233310578443521,0.00015367320419368353
up,0.14,1.0,15.0,0.175,0.8,False,ok,True,0.8232403818979065,0.6468326400893993,0.0001545116265442595
up,0.14,1.0,15.0,0.175,1.0,False,ok,True,0.9417975262189759,0.5700641449265338,0.00015469714286387852
up,0.14,1.0,15.0,0.2,0.5,False,ok,True,0.6974045668646677,0.6682040606598733,0.00015807961130184979
up,0.14,1.0,15.0,0.2,0.8,False,ok,True,0.8135758489525393,0.49787739690770627,0.00015796723168822935
up,0.14,1.0,15.0,0.2,1.0,False,ok,True,1.0012974107286308,0.4901774996797085,0.00015698248039608227
up,0.14,1.0,30.0,0.125,0.5,False,stall,False,2.1605507896479343,0.4674782641011466,14.38500773164385
up,0.14,1.0,30.0,0.125,0.8,False,ok,True,2.431157165059911,1.5809270233986856,0.8339267454271707
up,0.14,1.0,30.0,0.125,1.0,False,ok,True,2.5504719393074504,1.6176239560389598,1.0256942972516896
up,0.14,1.0,30.0,0.15,0.5,False,ok,True,2.0241050966838454,1.220921850852551,0.3349906406191286
up,0.14,1.0,30.0,0.15,0.8,False,ok,True,1.0089189783371622,0.6630345635647518,0.9865286118619163
up,0.14,1.0,30.0,0.15,1.0,False,ok,True,1.025773648803371,0.6104778685202475,1.4661288730934812
up,0.14,1.0,30.0,0.175,0.5,False,ok,True,1.8267548609604378,1.1895589623900567,0.45753432649091463
up,0.14,1.0,30.0,0.175,0.8,False,ok,True,0.9785346567140678,0.7408839451673765,2.0731579744452806
up,0.14,1.0,30.0,0.175,1.0,False,ok,True,0.9083472156383073,0.6158897285708548,4.14472280526855
up,0.14,1.0,30.0,0.2,0.5,False,ok,True,1.5866735640439082,1.0841361718632279,0.48356435843570666
up,0.14,1.0,30.0,0.2,0.8,False,ok,True,0.7895664453693136,0.5689300149525114,4.374658773463412
up,0.14,1.0,30.0,0.2,1.0,False,ok,True,0.8934480517177069,0.5185677538378514,5.125676753519385
up,0.14,1.2,0.0,0.125,0.5,False,stall,False,3.7031885511023384,0.6331214888855594,6.400318463366539
up,0.14,1.2,0.0,0.125,0.8,False,stall,False,3.6872704064422983,1.379512321384457,14.370603071409281
up,0.14,1.2,0.0,0.125,1.0,False,stall,False,3.695712101799498,1.338262210275101,5.094248914460413
up,0.14,1.2,0.0,0.15,0.5,False,stall,False,3.8125366063585613,0.7722276059862084,5.107976674762218
up,0.14,1.2,0.0,0.15,0.8,False,timeout,False,3.770422334916299,1.3762731626664524,10.318305380204569
up,0.14,1.2,0.0,0.15,1.0,False,stall,False,3.8131142432633873,1.3954384150179673,6.717639400196402
up,0.14,1.2,0.0,0.175,0.5,False,stall,False,3.4545085943318203,0.7113590664084624,4.1623739661653385
up,0.14,1.2,0.0,0.175,0.8,False,stall,False,3.5129322104688194,1.36723366527954,14.709478333782496
up,0.14,1.2,0.0,0.175,1.0,False,ok,True,3.45395289562184,2.0496416260576615,0.0005851650384582832
up,0.14,1.2,0.0,0.2,0.5,False,stall,False,3.3578198237424908,0.8063339301128568,2.8407127175066167
up,0.14,1.2,0.0,0.2,0.8,False,stall,False,3.261695682845631,1.407097708491887,14.802159693172243
up,0.14,1.2,0.0,0.2,1.0,False,ok,True,3.209504890072238,1.7479869628436329,0.0005495066713717616
up,0.14,1.2,15.0,0.125,0.5,False,stall,False,2.6062015698936296,0.6555680192663299,1.265738306562521
up,0.14,1.2,15.0,0.125,0.8,False,ok,True,2.5555897860612427,0.7348914599207227,0.00015365357684209301
up,0.14,1.2,15.0,0.125,1.0,False,ok,True,2.537341053928797,0.7405030439385223,0.00015395150325846915
up,0.14,1.2,15.0,0.15,0.5,False,ok,True,1.1142542225021803,1.0944934382511413,0.00015412075347363903
up,0.14,1.2,15.0,0.15,0.8,False,ok,True,1.0611230570511154,1.0476049121224371,0.00015512201270036086
up,0.14,1.2,15.0,0.15,1.0,False,ok,True,1.062214669267687,0.9885763859768645,0.00015505592144141777
up,0.14,1.2,15.0,0.175,0.5,False,ok,True,1.1192122384957546,1.0971675447038045,0.00015361079930822406
up,0.14,1.2,15.0,0.175,0.8,False,ok,True,0.9661850504653773,0.8610145746575711,0.00015483178231698379
up,0.14,1.2,15.0,0.175,1.0,False,ok,True,1.0655050554937102,0.7949395002962485,0.00015491611129598426
up,0.14,1.2,15.0,0.2,0.5,False,ok,True,1.1091078595594264,1.086941925149545,0.00015822059615024062
up,0.14,1.2,15.0,0.2,0.8,False,ok,True,0.9545099591064223,0.7621543873898177,0.00015814491003201912
up,0.14,1.2,15.0,0.2,1.0,False,ok,True,1.1368198998637902,0.7075481640015899,0.00015729892508120985
up,0.14,1.2,30.0,0.125,0.5,False,stall,False,2.61636276260185,0.574439918781944,14.36889218905984
up,0.14,1.2,30.0,0.125,0.8,False,ok,True,2.5682761666026086,1.6155319950528888,0.43559258789676497
up,0.14,1.2,30.0,0.125,1.0,False,ok,True,2.556406157225574,1.7083923190332009,0.8484057929028185
up,0.14,1.2,30.0,0.15,0.5,False,ok,True,2.038117355403305,1.264242978939975,0.35536487016152946
up,0.14,1.2,30.0,0.15,0.8,False,ok,True,1.8968015266455212,1.108851045098747,0.2161479014621694
up,0.14,1.2,30.0,0.15,1.0,False,ok,True,1.0282619846007544,0.7936136104398741,0.4260751869611769
up,0.14,1.2,30.0,0.175,0.5,False,ok,True,1.8807003486367495,1.2542117019374797,0.37634937469474994
up,0.14,1.2,30.0,0.175,0.8,False,ok,True,1.0008754644949214,0.7748767498495505,0.8199450109880734
up,0.14,1.2,30.0,0.175,1.0,False,ok,True,1.0051619539616972,0.7733360757325677,1.3279651048815426
up,0.14,1.2,30.0,0.2,0.5,False,ok,True,1.7274360577286785,1.1974793467964102,0.31374637710024345
up,0.14,1.2,30.0,0.2,0.8,False,ok,True,0.933034983844098,0.6966813546812072,2.010490621555695
up,0.14,1.2,30.0,0.2,1.0,False,ok,True,1.004947634380108,0.6779540963879214,4.0231629458370595
up,0.14,1.4,0.0,0.125,0.5,False,stall,False,4.259479618796307,0.644653086784945,5.861451325459807
up,0.14,1.4,0.0,0.125,0.8,False,stall,False,4.19398299852831,1.533766853150629,14.37394713747819
up,0.14,1.4,0.0,0.125,1.0,False,stall,False,4.2281807302670265,1.526723909964872,5.2146432970006185
up,0.14,1.4,0.0,0.15,0.5,False,stall,False,4.398632408034486,0.8331450243109222,4.569100573332977
up,0.14,1.4,0.0,0.15,0.8,False,stall,False,4.25832925862539,1.6454919690708156,13.71946595096007
up,0.14,1.4,0.0,0.15,1.0,False,ok,True,4.333068101347407,1.9423552025191928,0.00047083878825404993
up,0.14,1.4,0.0,0.175,0.5,False,stall,False,4.075601468417195,0.8622049094396944,3.1834126111116663
up,0.14,1.4,0.0,0.175,0.8,False,ok,True,4.0953680241038635,2.6378921938907474,0.0005533345047948007
up,0.14,1.4,0.0,0.175,1.0,False,ok,True,3.9734673350120935,1.6349149622860613,0.0005158853089290821
up,0.14,1.4,0.0,0.2,0.5,False,stall,False,3.7978219852974062,0.950896937839572,2.4507572727671834
up,0.14,1.4,0.0,0.2,0.8,False,ok,True,3.7520894880352995,2.2406438407862157,0.0003763916902651881
up,0.14,1.4,0.0,0.2,1.0,False,ok,True,3.7009921518901123,1.5934461434368699,0.0005496058411820191
up,0.14,1.4,15.0,0.125,0.5,False,stall,False,2.991128164755957,0.548998221093995,0.8524987763411979
up,0.14,1.4,15.0,0.125,0.8,False,ok,True,2.9653281774049143,0.8337091647026494,0.00015372700595308407
up,0.14,1.4,15.0,0.125,1.0,False,ok,True,2.8716856445732812,0.8418742674844903,0.00015399823707362942
up,0.14,1.4,15.0,0.15,0.5,False,ok,True,1.1590490214090348,1.1333185490675313,0.00015423897546022766
up,0.14,1.4,15.0,0.15,0.8,False,ok,True,1.1786164851490384,1.1208436118474567,0.0001551828125349849
up,0.14,1.4,15.0,0.15,1.0,False,ok,True,1.2198655975805903,1.1038397524721937,0.00015527431816611767
up,0.14,1.4,15.0,0.175,0.5,False,ok,True,1.1706573216265583,1.1450872830494123,0.00015318992159997618
up,0.14,1.4,15.0,0.175,0.8,False,ok,True,1.1397856822023016,1.0978094655370063,0.00015496858762605
up,0.14,1.4,15.0,0.175,1.0,False,ok,True,1.2410995982012334,1.076271171143669,0.0001550287149672102
up,0.14,1.4,15.0,0.2,0.5,False,ok,True,1.149572952092832,1.125141910228492,0.00015828225620024511
up,0.14,1.4,15.0,0.2,0.8,False,ok,True,1.0999490570102786,1.0599094709969805,0.00015960229733059714
up,0.14,1.4,15.0,0.2,1.0,False,ok,True,1.2687855944149051,0.9398344193459411,0.0001575734491289482
up,0.14,1.4,30.0,0.125,0.5,False,ok,True,2.927019249306141,1.6463952996588929,1.1858966892969052
up,0.14,1.4,30.0,0.125,0.8,False,ok,True,2.8997224754479425,1.755075222297982,0.21095761347976616
up,0.14,1.4,30.0,0.125,1.0,False,ok,True,2.859031852261446,1.834591576629268,0.7386083570882713
up,0.14,1.4,30.0,0.15,0.5,False,ok,True,2.0934536687652616,1.3287962285837218,0.41102072076287105
up,0.14,1.4,30.0,0.15,0.8,False,ok,True,2.04641801532966,1.2362071852869678,0.4683582425474486
up,0.14,1.4,30.0,0.15,1.0,False,ok,True,1.6100332196805716,1.0171218378787457,0.20081554857816566
up,0.14,1.4,30.0,0.175,0.5,False,ok,True,1.9680379436556796,1.3085692149122723,0.31218383857727855
up,0.14,1.4,30.0,0.175,0.8,False,ok,True,1.945878447446895,1.2556595825188122,0.41948762390347016
up,0.14,1.4,30.0,0.175,1.0,False,ok,True,1.3705306716884627,0.9510096133646956,0.12377688395374747
up,0.14,1.4,30.0,0.2,0.5,False,ok,True,1.8820108195191878,1.2836039534419106,0.015625773671119145
up,0.14,1.4,30.0,0.2,0.8,False,ok,True,1.0673874303315842,0.7865977549442164,0.12704843418188458
up,0.14,1.4,30.0,0.2,1.0,False,ok,True,1.1506292261193136,0.7723709900335047,1.8949633368208114
up,0.14,1.6,0.0,0.125,0.5,False,timeout,False,4.8419438525860725,1.1245958131905265,0.8932133738382313
up,0.14,1.6,0.0,0.125,0.8,False,stall,False,4.7541397255211315,1.7703585709302383,14.40087381415837
up,0.14,1.6,0.0,0.125,1.0,False,ok,True,4.6624937749415984,1.665480973973555,0.0004276283392389914
up,0.14,1.6,0.0,0.15,0.5,False,stall,False,4.90078881309258,0.7736978668547235,5.713742360030969
up,0.14,1.6,0.0,0.15,0.8,False,timeout,False,4.923318400557468,1.8590522802568195,13.346224817736603
up,0.14,1.6,0.0,0.15,1.0,False,ok,True,4.874965940253018,1.8105578847850992,0.0004380337116792055
up,0.14,1.6,0.0,0.175,0.5,False,stall,False,4.590120855885934,1.0274330447688622,4.097623950743903
up,0.14,1.6,0.0,0.175,0.8,False,ok,True,4.5590270760454015,1.84993278636558,0.00042092375285871024
up,0.14,1.6,0.0,0.175,1.0,False,ok,True,4.553246061377653,1.8178501829307245,0.0004695512718891911
up,0.14,1.6,0.0,0.2,0.5,False,stall,False,4.239642723236178,1.0975970181948378,2.926185114750801
up,0.14,1.6,0.0,0.2,0.8,False,ok,True,4.184513394784658,1.8301756342690223,0.0004469267562502256
up,0.14,1.6,0.0,0.2,1.0,False,ok,True,4.141995299111748,1.7951501565536072,0.0005036666114896184
up,0.14,1.6,15.0,0.125,0.5,False,stall,False,3.3589238499693117,0.5069803495944148,0.8076618901634449
up,0.14,1.6,15.0,0.125,0.8,False,ok,True,3.3517162890864287,0.8981045847898173,0.00015376764646899248
up,0.14,1.6,15.0,0.125,1.0,False,ok,True,3.2383634324233306,0.913131433569007,0.00015403665418310816
up,0.14,1.6,15.0,0.15,0.5,False,ok,True,1.2486234711912365,1.2289252511594642,0.0001543696457874627
up,0.14,1.6,15.0,0.15,0.8,False,ok,True,1.3070664719870053,1.1708308003643866,0.00015528074833744536
up,0.14,1.6,15.0,0.15,1.0,False,ok,True,1.3952415393834312,1.1546421436128884,0.00015542066732339118
up,0.14,1.6,15.0,0.175,0.5,False,ok,True,1.180384838275607,1.1482375365420985,0.00015288468222845658
up,0.14,1.6,15.0,0.175,0.8,False,ok,True,1.2694764161416472,1.1414505455110804,0.00015499553238766735
up,0.14,1.6,15.0,0.175,1.0,False,ok,True,1.394069355393072,1.1134456158539388,0.00015512024729083838
up,0.14,1.6,15.0,0.2,0.5,False,ok,True,1.1601613550750212,1.125275199910324,0.00015997922860938417
up,0.14,1.6,15.0,0.2,0.8,False,ok,True,1.242438656965404,1.1172702282234874,0.0001608180911408474
up,0.14,1.6,15.0,0.2,1.0,False,ok,True,1.4318195395792286,1.0836085787169092,0.00016010193847234848
up,0.14,1.6,30.0,0.125,0.5,False,ok,True,3.3874713425426237,1.6772851019696837,1.1033387770799172
up,0.14,1.6,30.0,0.125,0.8,False,ok,True,3.2883156365620203,1.7469561485186653,0.1510947749812846
up,0.14,1.6,30.0,0.125,1.0,False,ok,True,3.2840353834747034,1.7491657717065245,0.3037269398717108
up,0.14,1.6,30.0,0.15,0.5,False,ok,True,2.0987271092778523,1.3547009813518802,0.4222493549826197
up,0.14,1.6,30.0,0.15,0.8,False,ok,True,1.9762171912499435,1.2101409046913825,0.3045868348509204
up,0.14,1.6,30.0,0.15,1.0,False,ok,True,2.0924850069786394,1.248364034600333,0.40684507959188554
up,0.14,1.6,30.0,0.175,0.5,False,ok,True,1.9715045314497381,1.3133799479002013,0.3699127893217376
up,0.14,1.6,30.0,0.175,0.8,False,ok,True,2.0230122972747275,1.2684987429764272,0.419245315928416
up,0.14,1.6,30.0,0.175,1.0,False,ok,True,1.7070630468456618,1.1337499533151518,0.167980991644139
up,0.14,1.6,30.0,0.2,0.5,False,ok,True,1.9262141949688305,1.2982074863381796,0.19761163732245193
up,0.14,1.6,30.0,0.2,0.8,False,ok,True,1.9446692179024974,1.252536167570129,0.37724535287376254
up,0.14,1.6,30.0,0.2,1.0,False,ok,True,1.2917409774455062,0.8238897855789775,1.0752844956475998
up,0.14,1.8,0.0,0.125,0.5,False,timeout,False,5.3205943098695085,0.9730451274747859,1.342522363968404
up,0.14,1.8,0.0,0.125,0.8,False,stall,False,5.2413881676003715,1.9852007975712933,14.428374798345208
up,0.14,1.8,0.0,0.125,1.0,False,ok,True,5.160335114946447,2.071995420124423,0.000368107461123693
up,0.14,1.8,0.0,0.15,0.5,False,stall,False,5.484304498341525,1.3378623955556654,4.922132026261356
up,0.14,1.8,0.0,0.15,0.8,False,ok,True,5.314485635834317,2.123384467192574,0.0002713854607055429
up,0.14,1.8,0.0,0.15,1.0,False,ok,True,5.3259575400651205,2.562029892039268,0.0004080576002327295
up,0.14,1.8,0.0,0.175,0.5,False,stall,False,5.128612226603243,1.1668743900162641,4.277465321872107
up,0.14,1.8,0.0,0.175,0.8,False,ok,True,5.0806079686071435,2.074276524810379,0.0003988784756880765
up,0.14,1.8,0.0,0.175,1.0,False,ok,True,5.075898951316307,2.520025441914167,0.0005019391288893605
up,0.14,1.8,0.0,0.2,0.5,False,stall,False,4.71382967388884,1.2578047422739085,2.5716237097940833
up,0.14,1.8,0.0,0.2,0.8,False,ok,True,4.648319139362795,1.9929255168338198,0.0005092873623120342
up,0.14,1.8,0.0,0.2,1.0,False,ok,True,4.653045984897643,2.095727009054303,0.0004818241215306785
up,0.14,1.8,15.0,0.125,0.5,False,stall,False,3.717528997790923,0.5038378528047467,1.3531619897217568
up,0.14,1.8,15.0,0.125,0.8,False,ok,True,3.7148593995232027,1.0114592323521108,0.00015391081097646683
up,0.14,1.8,15.0,0.125,1.0,False,ok,True,3.621033481227155,1.1392142502421951,0.000154119942205422
up,0.14,1.8,15.0,0.15,0.5,False,ok,True,1.359144613971786,1.1846365334886853,0.0001557760076605126
up,0.14,1.8,15.0,0.15,0.8,False,ok,True,1.4601721888341888,1.2210229319959973,0.00015630110017741234
up,0.14,1.8,15.0,0.15,1.0,False,ok,True,1.8793263010425343,1.5428995231422673,0.00015623649467874726
up,0.14,1.8,15.0,0.175,0.5,False,ok,True,1.302665518189296,1.1537206140380625,0.00015614465291085831
up,0.14,1.8,15.0,0.175,0.8,False,ok,True,1.4274365379321723,1.1964584298313559,0.00015791850015040506
up,0.14,1.8,15.0,0.175,1.0,False,ok,True,1.5431319400935029,1.1628315649031213,0.00015739909676986083
up,0.14,1.8,15.0,0.2,0.5,False,ok,True,1.242226103112713,1.1082867771839218,0.00016078471952992097
up,0.14,1.8,15.0,0.2,0.8,False,ok,True,1.4146553516686238,1.1315605714348151,0.00016336745245783087
up,0.14,1.8,15.0,0.2,1.0,False,ok,True,1.5999662532652628,1.1237572480405473,0.00016506177129244835
up,0.14,1.8,30.0,0.125,0.5,False,ok,True,3.6955505086725737,1.6584371756455076,0.7386535200812829
up,0.14,1.8,30.0,0.125,0.8,False,ok,True,3.6827842014994854,1.722306393576766,0.351883266255922
up,0.14,1.8,30.0,0.125,1.0,False,ok,True,3.6307454152230494,1.678478122987232,0.07001299457091378
up,0.14,1.8,30.0,0.15,0.5,False,ok,True,2.0582712565505865,1.3305530854653467,0.33201398589162284
up,0.14,1.8,30.0,0.15,0.8,False,ok,True,1.7475901914234844,1.0795861313831088,0.08392573076208226
up,0.14,1.8,30.0,0.15,1.0,False,ok,True,1.456747343646386,0.9772118785078479,0.3197789374114966
up,0.14,1.8,30.0,0.175,0.5,False,ok,True,2.0369500166174537,1.3412702810287045,0.36791196671106013
up,0.14,1.8,30.0,0.175,0.8,False,ok,True,2.0459581226040764,1.2545779821894787,0.24514046900840683
up,0.14,1.8,30.0,0.175,1.0,False,ok,True,2.04513114917103,1.2114203506620702,0.30705104041197007
up,0.14,1.8,30.0,0.2,0.5,False,ok,True,1.985306700980441,1.303551037219059,0.20728599219704086
up,0.14,1.8,30.0,0.2,0.8,False,ok,True,1.9672366361110638,1.2335549952553972,0.257617429772622
up,0.14,1.8,30.0,0.2,1.0,False,ok,True,1.5258487696570144,0.8639068814813817,0.25138948907496744
up,0.14,2.0,0.0,0.125,0.5,False,timeout,False,5.944909120536323,1.0803826921128412,1.1264712294818042
up,0.14,2.0,0.0,0.125,0.8,False,stall,False,5.764511286188657,2.1322517603193596,14.421530929552942
up,0.14,2.0,0.0,0.125,1.0,False,ok,True,5.646797037943642,2.3226039190949175,0.00038402999039812775
up,0.14,2.0,0.0,0.15,0.5,False,stall,False,6.019826464520719,0.9287838777989247,5.312271687240923
up,0.14,2.0,0.0,0.15,0.8,False,ok,True,5.901571972917081,2.2976887474908123,0.00036926873450421593
up,0.14,2.0,0.0,0.15,1.0,False,ok,True,5.834235411821473,2.7495242039976744,0.00012409055959946755
up,0.14,2.0,0.0,0.175,0.5,False,stall,False,5.625141970149028,1.3313280478467133,4.0516318479749405
up,0.14,2.0,0.0,0.175,0.8,False,ok,True,5.482543071654418,3.1446099272345087,0.00047758192045118525
up,0.14,2.0,0.0,0.175,1.0,False,ok,True,5.462218774711782,1.892423441788419,0.0004855223433365831
up,0.14,2.0,0.0,0.2,0.5,False,ok,True,5.192711863517257,3.3671362863796683,0.00027089939353434076
up,0.14,2.0,0.0,0.2,0.8,False,ok,True,5.094270235336557,3.010240897155966,0.00038819521606392796
up,0.14,2.0,0.0,0.2,1.0,False,ok,True,5.081018771293578,2.5344818039209396,0.00045042583916244034
up,0.14,2.0,15.0,0.125,0.5,False,stall,False,4.05148522848204,0.5861084772278882,0.8700400847390535
up,0.14,2.0,15.0,0.125,0.8,False,ok,True,4.124280343159222,1.0672270560849841,0.0001548037069460801
up,0.14,2.0,15.0,0.125,1.0,False,ok,True,4.026177984297618,1.1813140426990794,0.0001549504304548148
up,0.14,2.0,15.0,0.15,0.5,False,ok,True,1.586386748177489,1.4086282973784126,0.00015454686428024384
up,0.14,2.0,15.0,0.15,0.8,False,ok,True,1.7869986458415048,1.5362974410972594,0.00015555220353049174
up,0.14,2.0,15.0,0.15,1.0,False,ok,True,2.9500002052213805,1.5390121562569836,0.0001586576383174441
up,0.14,2.0,15.0,0.175,0.5,False,ok,True,1.4434340567590638,1.27990556676333,0.00014115536550891083
up,0.14,2.0,15.0,0.175,0.8,False,ok,True,1.7086277421015665,1.6077231127685867,0.00014983727591372063
up,0.14,2.0,15.0,0.175,1.0,False,ok,True,1.7206057051462802,1.4127287962619197,0.00015604986239899145
up,0.14,2.0,15.0,0.2,0.5,False,ok,True,1.3636931701141983,1.1825602411674996,0.00011541599867481473
up,0.14,2.0,15.0,0.2,0.8,False,ok,True,1.6901146337510182,1.4086308491322637,0.00012143759590167209
up,0.14,2.0,15.0,0.2,1.0,False,ok,True,1.8206172505627503,1.4634396400351297,0.00013987870188989345
up,0.14,2.0,30.0,0.125,0.5,False,ok,True,4.138598066330566,1.4212059936118029,0.886587869193256
up,0.14,2.0,30.0,0.125,0.8,False,ok,True,4.019783800542949,1.2579359968596626,0.07071760399987849
up,0.14,2.0,30.0,0.125,1.0,False,ok,True,3.9590208752667477,1.3904280980635897,0.2746620944830825
up,0.14,2.0,30.0,0.15,0.5,False,ok,True,1.8451389754577114,1.142877327218218,0.12436222679698294
up,0.14,2.0,30.0,0.15,0.8,False,ok,True,1.5593385504324935,1.0071488588986135,1.014715198027874
up,0.14,2.0,30.0,0.15,1.0,False,ok,True,1.610426427712338,1.016242910224264,0.6921314523057656
up,0.14,2.0,30.0,0.175,0.5,False,ok,True,2.0290917297981657,1.3160271977093652,0.28480173595753533
up,0.14,2.0,30.0,0.175,0.8,False,ok,True,1.5328089797695765,0.9913605372255625,0.06785532849113313
up,0.14,2.0,30.0,0.175,1.0,False,ok,True,1.6135850900433364,0.991538391793127,0.32802748407185345
up,0.14,2.0,30.0,0.2,0.5,False,ok,True,1.9672045133768663,1.270823094228678,0.21470217297790736
up,0.14,2.0,30.0,0.2,0.8,False,ok,True,1.6324419763974816,1.0803488432701862,0.005425353992103351
up,0.14,2.0,30.0,0.2,1.0,False,ok,True,1.6495998735348054,0.9668228760415718,0.1801287849647887
up,0.14,2.2,0.0,0.125,0.5,False,timeout,False,6.36570715108745,0.6787492313828509,1.1441422344043588
up,0.14,2.2,0.0,0.125,0.8,False,ok,True,6.174386462399919,2.435016991258932,0.0006189587988176018
up,0.14,2.2,0.0,0.125,1.0,False,ok,True,6.088408515264546,2.9407555239968666,0.0003634929647173844
up,0.14,2.2,0.0,0.15,0.5,False,stall,False,6.575474049667266,1.0540821455305207,5.351519891094821
up,0.14,2.2,0.0,0.15,0.8,False,ok,True,6.449235054253853,2.44836300871995,0.0002984490215521113
up,0.14,2.2,0.0,0.15,1.0,False,ok,True,6.333019843141844,1.3691247402709126,0.0003543088520947093
up,0.14,2.2,0.0,0.175,0.5,False,stall,False,6.147542237486686,1.4825787865021973,5.021933063138675
up,0.14,2.2,0.0,0.175,0.8,False,ok,True,6.014815541295362,1.605005842005438,0.0004148814982126538
up,0.14,2.2,0.0,0.175,1.0,False,ok,True,5.969184793897436,1.5874476438064407,0.00048577412138419665
up,0.14,2.2,0.0,0.2,0.5,False,ok,True,5.640218070428814,2.266209532958968,0.00028260221035111843
up,0.14,2.2,0.0,0.2,0.8,False,ok,True,5.5766062635473785,1.7203591269641136,0.0005344310495455104
up,0.14,2.2,0.0,0.2,1.0,False,ok,True,5.46800432099546,1.7107076407356634,0.00026345414098768034
up,0.14,2.2,15.0,0.125,0.5,False,stall,False,4.5816851974130275,0.892904132192757,0.8396502387000085
up,0.14,2.2,15.0,0.125,0.8,False,ok,True,4.465099645312178,1.2748272883905991,0.0001555470444624411
up,0.14,2.2,15.0,0.125,1.0,False,ok,True,4.340560612718238,2.411111423722713,0.0001567989315859715
up,0.14,2.2,15.0,0.15,0.5,False,ok,True,1.7172539051590958,1.5263768146190546,0.00012673036450047006
up,0.14,2.2,15.0,0.15,0.8,False,ok,True,3.1853677417068416,1.5118697934598448,0.00014987348215569614
up,0.14,2.2,15.0,0.15,1.0,False,ok,True,2.7130335278631548,1.1849372813222818,0.00012754495446080311
up,0.14,2.2,15.0,0.175,0.5,False,ok,True,1.677422045756585,1.479654204274773,8.607406533373372e-05
up,0.14,2.2,15.0,0.175,0.8,False,ok,True,2.841001219244814,1.4936254962348612,0.00011060782895892606
up,0.14,2.2,15.0,0.175,1.0,False,ok,True,2.9660847003412516,1.1734653098553525,0.00010183289898182107
up,0.14,2.2,15.0,0.2,0.5,False,ok,True,1.6006052701794782,1.5770299166048527,4.4002388549045026e-05
up,0.14,2.2,15.0,0.2,0.8,False,ok,True,2.3667998743514898,1.4822624479630888,2.3587493846612617e-05
up,0.14,2.2,15.0,0.2,1.0,False,ok,True,2.521999696699917,1.236398788289525,4.356550918538489e-05
up,0.14,2.2,30.0,0.125,0.5,False,ok,True,4.581775658701497,1.3412810945498086,1.0825887305200352
up,0.14,2.2,30.0,0.125,0.8,False,ok,True,4.485452831855089,1.230461225689813,0.23947170235166768
up,0.14,2.2,30.0,0.125,1.0,False,ok,True,4.290690115917718,1.2078867774144615,0.2515489610558376
up,0.14,2.2,30.0,0.15,0.5,False,ok,True,1.4802499990429168,1.0422318603870444,0.6328361839979076
up,0.14,2.2,30.0,0.15,0.8,False,ok,True,1.6665623135750012,1.0672459098367488,0.9909585113331708
up,0.14,2.2,30.0,0.15,1.0,False,ok,True,1.7625853160165266,1.1020313364398502,1.4313834167817718
up,0.14,2.2,30.0,0.175,0.5,False,ok,True,1.9751065805791344,1.218208630351449,0.01421970776824184
up,0.14,2.2,30.0,0.175,0.8,False,ok,True,1.6626675596351577,1.0670427245433192,0.1502330814549958
up,0.14,2.2,30.0,0.175,1.0,False,ok,True,1.8172751608606859,1.1131297952914894,0.9673781346250154
up,0.14,2.2,30.0,0.2,0.5,False,ok,True,2.051018725479806,1.32354852734955,0.1271298671273501
up,0.14,2.2,30.0,0.2,0.8,False,ok,True,1.6395311494760243,1.0368242847870417,0.49479096088337077
up,0.14,2.2,30.0,0.2,1.0,False,ok,True,1.8333004965721835,1.0895636166110176,1.3676760059447421
up,0.14,2.4,0.0,0.125,0.5,False,timeout,False,6.873793917498099,1.0753531436635257,0.8775174281330063
up,0.14,2.4,0.0,0.125,0.8,False,ok,True,6.7396684802737585,2.962888631831585,0.0003656670801730674
up,0.14,2.4,0.0,0.125,1.0,False,ok,True,6.6257032900025985,3.1923863965941073,0.00023613529954104133
up,0.14,2.4,0.0,0.15,0.5,False,stall,False,7.210975140277084,1.094210567484822,5.656715878792118
up,0.14,2.4,0.0,0.15,0.8,False,ok,True,6.887466021043963,2.6456513158124357,0.0003792425151064517
up,0.14,2.4,0.0,0.15,1.0,False,ok,True,6.912460520660852,1.6854133234342512,0.00038547703708408234
up,0.14,2.4,0.0,0.175,0.5,False,ok,True,6.551389387720345,3.070327773094614,4.9558807884173136e-05
up,0.14,2.4,0.0,0.175,0.8,False,ok,True,6.547709545885617,1.7224601769713674,0.00013507345135193268
up,0.14,2.4,0.0,0.175,1.0,False,ok,True,6.482081695521395,1.807069603286385,0.00012025644509391806
up,0.14,2.4,0.0,0.2,0.5,False,ok,True,6.072056407113984,1.7223452069332201,0.00019619509339566783
up,0.14,2.4,0.0,0.2,0.8,False,ok,True,5.974795697979574,1.8631964044837428,0.00022435304937379634
up,0.14,2.4,0.0,0.2,1.0,False,ok,True,5.8878867041109855,1.8777976939327619,0.00015741347778212408
up,0.14,2.4,15.0,0.125,0.5,False,ok,True,4.937612733244494,1.0692681208616912,0.00010192457894213713
up,0.14,2.4,15.0,0.125,0.8,False,ok,True,4.852124547575561,1.2892091423006657,0.00014341574919203364
up,0.14,2.4,15.0,0.125,1.0,False,ok,True,4.752818612744557,2.530558486113928,0.0001425044026966326
up,0.14,2.4,15.0,0.15,0.5,False,ok,True,2.965818527596067,1.7036978961432607,5.211460159564087e-05
up,0.14,2.4,15.0,0.15,0.8,False,ok,True,2.614204921449069,1.272857049657369,6.351969234090463e-05
up,0.14,2.4,15.0,0.15,1.0,False,ok,True,2.0791236064382974,1.3069889625530284,4.013806482556351e-05
up,0.14,2.4,15.0,0.175,0.5,False,ok,True,2.75442338750525,1.6463409549338126,5.899099456172485e-05
up,0.14,2.4,15.0,0.175,0.8,False,ok,True,2.7310091567594807,1.229414669298964,5.2567367325279135e-05
up,0.14,2.4,15.0,0.175,1.0,False,ok,True,2.18309088633052,1.3052478168269839,5.635982146343064e-05
up,0.14,2.4,15.0,0.2,0.5,False,ok,True,2.625217207949954,1.6778697492399475,0.00014779650106106138
up,0.14,2.4,15.0,0.2,0.8,False,ok,True,2.787264389394727,1.1987714921506962,0.00019423274713439132
up,0.14,2.4,15.0,0.2,1.0,False,ok,True,2.835479014285614,1.2652940264340136,0.00016328087263853036
up,0.14,2.4,30.0,0.125,0.5,False,stall,False,4.797931729260926,0.6422300382792356,0.8543362544938679
up,0.14,2.4,30.0,0.125,0.8,False,ok,True,4.857696064840232,1.1645717640608866,0.13440888386140906
up,0.14,2.4,30.0,0.125,1.0,False,ok,True,4.732291787959229,1.1913335999153998,0.3315886220443444
up,0.14,2.4,30.0,0.15,0.5,False,ok,True,1.5098983673921877,1.1171362286993174,0.9139872721010909
up,0.14,2.4,30.0,0.15,0.8,False,ok,True,1.7658193460300573,1.1409745818297734,1.8236706711599158
up,0.14,2.4,30.0,0.15,1.0,False,ok,True,1.9435835903023764,1.1915051497458824,1.7722371072138492
up,0.14,2.4,30.0,0.175,0.5,False,ok,True,1.5586562635897994,1.086606910847127,0.16608356553362277
up,0.14,2.4,30.0,0.175,0.8,False,ok,True,1.8040499057433725,1.1515212708899905,1.2498207511243227
up,0.14,2.4,30.0,0.175,1.0,False,ok,True,1.9918778625834932,1.2234472287179987,1.5730567054750104
up,0.14,2.4,30.0,0.2,0.5,False,ok,True,2.080616999747082,1.2983021024055081,0.10441642664336921
up,0.14,2.4,30.0,0.2,0.8,False,ok,True,1.781307804185288,1.127184710519966,0.36398888182191774
up,0.14,2.4,30.0,0.2,1.0,False,ok,True,2.008553162465829,1.2069594612531638,1.446732677077127
up,0.14,2.6,0.0,0.125,0.5,False,timeout,False,7.523887900144291,0.9904786777369493,1.332628057130425
up,0.14,2.6,0.0,0.125,0.8,False,ok,True,7.236790462715662,2.704379395300289,0.0002777655121669389
up,0.14,2.6,0.0,0.125,1.0,False,ok,True,7.297639836630768,2.662842441681899,0.0003481743185595064
up,0.14,2.6,0.0,0.15,0.5,False,stall,False,7.663043777383015,1.1045356204559564,5.675480391041078
up,0.14,2.6,0.0,0.15,0.8,False,ok,True,8.341125905938183,2.8238301131316663,6.404599784988914e-05
up,0.14,2.6,0.0,0.15,1.0,False,ok,True,7.341943251058323,1.8778918275559686,0.00016645960874967083
up,0.14,2.6,0.0,0.175,0.5,False,ok,True,7.093415885808942,1.917805101061878,6.069273406060935e-05
up,0.14,2.6,0.0,0.175,0.8,False,ok,True,6.968660891806324,1.8830053678416794,0.0002918103462866824
up,0.14,2.6,0.0,0.175,1.0,False,ok,True,6.8682308727745776,1.9613252491051394,0.00022842280680847814
up,0.14,2.6,0.0,0.2,0.5,False,ok,True,6.4334444545288765,2.013179791189134,0.0006954449976408154
up,0.14,2.6,0.0,0.2,0.8,False,ok,True,6.384068191803079,2.0650028153355797,0.0007847653804899682
up,0.14,2.6,0.0,0.2,1.0,False,ok,True,6.309903100766836,2.047559856669792,0.0002055315915287727
up,0.14,2.6,15.0,0.125,0.5,False,ok,True,5.208156228807628,1.0701020677724504,0.00011745000985313904
up,0.14,2.6,15.0,0.125,0.8,False,ok,True,5.155831497837021,1.482570908544804,7.058348075779678e-05
up,0.14,2.6,15.0,0.125,1.0,False,ok,True,5.068834114480945,1.46967417690747,7.760532519667048e-05
up,0.14,2.6,15.0,0.15,0.5,False,ok,True,2.633061079601537,1.3363030666864382,4.864560286818466e-05
up,0.14,2.6,15.0,0.15,0.8,False,ok,True,2.046478800753644,1.3594985550458984,3.493034652006709e-05
up,0.14,2.6,15.0,0.15,1.0,False,ok,True,2.2136305525515905,1.3846866211957432,1.5490468933855807e-06
up,0.14,2.6,15.0,0.175,0.5,False,ok,True,2.3870753030397034,1.4103488866248395,6.523537152781552e-05
up,0.14,2.6,15.0,0.175,0.8,False,ok,True,2.0629196807950243,1.3393776312447636,0.0001977869496180235
up,0.14,2.6,15.0,0.175,1.0,False,ok,True,2.254315864709348,1.3874948710370716,8.913416747422999e-05
up,0.14,2.6,15.0,0.2,0.5,False,ok,True,2.3135516030216294,1.3900242088300248,0.0005991931190394514
up,0.14,2.6,15.0,0.2,0.8,False,ok,True,2.1741948691595425,1.318142280618179,0.0006555747159017591
up,0.14,2.6,15.0,0.2,1.0,False,ok,True,2.3076270829112406,1.3699341543676398,0.0007520143513356925
up,0.14,2.6,30.0,0.125,0.5,False,ok,True,5.176040658274821,1.2326921377372808,1.6621585544200561
up,0.14,2.6,30.0,0.125,0.8,False,ok,True,5.146489810901823,1.5837581299936963,1.5296493563286049
up,0.14,2.6,30.0,0.125,1.0,False,ok,True,4.997184072806642,1.8199118736953936,1.6559480002136258
up,0.14,2.6,30.0,0.15,0.5,False,ok,True,1.611354509499725,1.0952124737433282,1.7083871971730482
up,0.14,2.6,30.0,0.15,0.8,False,ok,True,1.8759827428722884,1.1813898946814467,1.8165935398992987
up,0.14,2.6,30.0,0.15,1.0,False,ok,True,2.0863155359742964,1.2654515870583223,2.224931998312538
up,0.14,2.6,30.0,0.175,0.5,False,ok,True,1.6619669915121715,1.1123220757339574,0.7366860444910167
up,0.14,2.6,30.0,0.175,0.8,False,ok,True,1.9229145813517585,1.219125945199138,1.5710551617497033
up,0.14,2.6,30.0,0.175,1.0,False,ok,True,2.143494502736318,1.315905657028301,2.075956382590978
up,0.14,2.6,30.0,0.2,0.5,False,ok,True,1.6397114398822847,1.0968570535989628,0.5631716300389191
up,0.14,2.6,30.0,0.2,0.8,False,ok,True,1.9430947578640434,1.2305632555961095,0.7345977244149933
up,0.14,2.6,30.0,0.2,1.0,False,ok,True,2.2013532888592193,1.321760112913935,1.5515166164500733
up,0.14,2.8,0.0,0.125,0.5,False,stall,False,9.21893428195259,1.331769401170777,7.287964808029644
up,0.14,2.8,0.0,0.125,0.8,False,ok,True,10.107573681186311,2.9427188095403234,0.00011448839232282864
up,0.14,2.8,0.0,0.125,1.0,False,ok,True,8.716583802097714,2.754057854475616,0.0005779761005171965
up,0.14,2.8,0.0,0.15,0.5,False,ok,True,9.820104655555953,2.519698391110518,0.0007759493058626995
up,0.14,2.8,0.0,0.15,0.8,False,ok,True,10.330029078392801,2.7975365066784192,1.33179840101989e-06
up,0.14,2.8,0.0,0.15,1.0,False,ok,True,9.670966044097817,1.9037099959173571,0.00032211010128597827
up,0.14,2.8,0.0,0.175,0.5,False,ok,True,7.566459930068114,1.91428819688117,0.0016786074070118562
up,0.14,2.8,0.0,0.175,0.8,False,ok,True,7.425892867592922,1.9856065358360517,0.000280178160189993
up,0.14,2.8,0.0,0.175,1.0,False,ok,True,7.3746005387875115,2.045107391479535,0.0003282085892010418
up,0.14,2.8,0.0,0.2,0.5,False,ok,True,6.831421558929367,2.445728468362279,0.002121322932438129
up,0.14,2.8,0.0,0.2,0.8,False,ok,True,6.760164705023344,2.216858590077754,0.0008849011625113595
up,0.14,2.8,0.0,0.2,1.0,False,ok,True,6.728090089291976,2.239629684222516,0.0010672912938828106
up,0.14,2.8,15.0,0.125,0.5,False,ok,True,5.624279261352525,1.7831940910581094,0.000704511168447315
up,0.14,2.8,15.0,0.125,0.8,False,ok,True,5.491538995682571,1.9617446793106617,1.0606387781565246e-05
up,0.14,2.8,15.0,0.125,1.0,False,ok,True,5.370643251486433,2.5847004228046515,2.9324240327794092e-05
up,0.14,2.8,15.0,0.15,0.5,False,ok,True,2.0375788757031112,1.4658230617375632,0.0003002929426132722
up,0.14,2.8,15.0,0.15,0.8,False,ok,True,2.1738174230946306,1.4486511566871685,0.00033896555971951563
up,0.14,2.8,15.0,0.15,1.0,False,ok,True,2.402995040653526,1.4848457186558932,0.0006321811646373104
up,0.14,2.8,15.0,0.175,0.5,False,ok,True,2.0749958600679195,1.5410513600071032,0.0011091439691573932
up,0.14,2.8,15.0,0.175,0.8,False,ok,True,2.180253789538772,1.4461840432380502,0.0018347256128397836
up,0.14,2.8,15.0,0.175,1.0,False,ok,True,2.445599387564601,1.5440827466308868,0.0011078539202628282
up,0.14,2.8,15.0,0.2,0.5,False,ok,True,2.0271365835160613,1.4971399257131728,0.002705286189065099
up,0.14,2.8,15.0,0.2,0.8,False,ok,True,2.2010828080415825,1.42590781483787,0.003093447328124613
up,0.14,2.8,15.0,0.2,1.0,False,ok,True,2.493527506167994,1.4860063378103565,0.002770764542146798
up,0.14,2.8,30.0,0.125,0.5,False,stall,False,5.514060076398916,0.7088034645252504,0.8438399740733981
up,0.14,2.8,30.0,0.125,0.8,False,ok,True,5.39191915561741,1.367419795079314,2.781998247521003
up,0.14,2.8,30.0,0.125,1.0,False,ok,True,5.316452745678709,1.9197513167098288,3.054389302005798
up,0.14,2.8,30.0,0.15,0.5,False,ok,True,1.773880816385419,1.1619928326193047,1.4792225344696197
up,0.14,2.8,30.0,0.15,0.8,False,ok,True,1.9691822881003862,1.2397882583731097,1.8185568721535914
up,0.14,2.8,30.0,0.15,1.0,False,ok,True,2.1985529338119845,1.333878707059057,1.7405232084941427
up,0.14,2.8,30.0,0.175,0.5,False,ok,True,1.729671082725558,1.1764270729241317,1.295535031446853
up,0.14,2.8,30.0,0.175,0.8,False,ok,True,2.0637651960281143,1.3019150765621368,1.2808043498156714
up,0.14,2.8,30.0,0.175,1.0,False,ok,True,2.3439477577489134,1.4302953750067817,2.0454155176108535
up,0.14,2.8,30.0,0.2,0.5,False,ok,True,1.7199439360855835,1.1763540100332723,0.8337274749748084
up,0.14,2.8,30.0,0.2,0.8,False,ok,True,2.092560474447482,1.3246559072766513,1.3626714174569423
up,0.14,2.8,30.0,0.2,1.0,False,ok,True,2.3270309802860942,1.4068113819849413,2.26747789821807
up,0.14,3.0,0.0,0.125,0.5,False,timeout,False,10.932709117961496,0.9477557467840935,0.9994980815502672
up,0.14,3.0,0.0,0.125,0.8,False,ok,True,12.584534244165992,2.3848892295616677,0.0006412738195046696
up,0.14,3.0,0.0,0.125,1.0,False,ok,True,10.051537772640879,2.744761317439767,7.89507942176333e-05
up,0.14,3.0,0.0,0.15,0.5,False,stall,False,11.384903082961804,1.318652992935661,5.831607497684954
up,0.14,3.0,0.0,0.15,0.8,False,ok,True,12.014561073345229,3.012083765985371,0.001114871305902931
up,0.14,3.0,0.0,0.15,1.0,False,ok,True,10.394349853139534,1.8405758512914077,0.00027109423548953796
up,0.14,3.0,0.0,0.175,0.5,False,ok,True,8.116500297831415,2.7747506094949537,0.00439961293087894
up,0.14,3.0,0.0,0.175,0.8,False,ok,True,7.9206703154204865,2.1042738742753464,0.0023116111664022764
up,0.14,3.0,0.0,0.175,1.0,False,ok,True,7.803550947468873,2.2090737426567615,0.001964941146483654
up,0.14,3.0,0.0,0.2,0.5,False,ok,True,7.193327490704243,2.7602673841642877,0.010246882808565293
up,0.14,3.0,0.0,0.2,0.8,False,ok,True,7.139268657374895,2.347928946042542,0.005394755400126592
up,0.14,3.0,0.0,0.2,1.0,False,ok,True,7.090895556995198,2.3738866234636573,0.004212906723291041
up,0.14,3.0,15.0,0.125,0.5,False,ok,True,6.1080648989186415,1.7936517248710544,0.00189837706106173
up,0.14,3.0,15.0,0.125,0.8,False,ok,True,5.980286322147828,2.507563044508303,0.0002871774728959855
up,0.14,3.0,15.0,0.125,1.0,False,ok,True,5.702751307303881,1.8628353021835846,2.0533432848853617e-05
up,0.14,3.0,15.0,0.15,0.5,False,ok,True,2.1322153908687245,1.5502752336533583,0.002328472827305123
up,0.14,3.0,15.0,0.15,0.8,False,ok,True,2.358419036229173,1.583938727752221,0.0016853310253574728
up,0.14,3.0,15.0,0.15,1.0,False,ok,True,2.540431308083586,1.5794719514125513,0.0029368018160298008
up,0.14,3.0,15.0,0.175,0.5,False,ok,True,2.2208229495363163,1.6451195702741364,0.00540120312253249
up,0.14,3.0,15.0,0.175,0.8,False,ok,True,2.3716933699421734,1.6717263963093472,0.005197955893693295
up,0.14,3.0,15.0,0.175,1.0,False,ok,True,2.614841891108886,1.60560824897444,0.004854207729221155
up,0.14,3.0,15.0,0.2,0.5,False,ok,True,2.183271191883392,1.6141598789089293,0.007920461253038809
up,0.14,3.0,15.0,0.2,0.8,False,ok,True,2.344538530214412,1.5762084505582812,0.008728397595652304
up,0.14,3.0,15.0,0.2,1.0,False,ok,True,2.704798152454737,1.623520419488784,0.008817813656822857
up,0.14,3.0,30.0,0.125,0.5,False,stall,False,5.954052134284386,0.7635556426491116,1.048984286793806
up,0.14,3.0,30.0,0.125,0.8,False,ok,True,5.826455298609501,1.6515009154841165,2.9592416807813544
up,0.14,3.0,30.0,0.125,1.0,False,ok,True,5.708343188883069,1.9854452800784343,3.3221674766395464
up,0.14,3.0,30.0,0.15,0.5,False,ok,True,2.223367055097488,1.2073255327827017,1.1846910042259546
up,0.14,3.0,30.0,0.15,0.8,False,ok,True,2.7268878188292565,1.306597158947929,1.8250618929947398
up,0.14,3.0,30.0,0.15,1.0,False,ok,True,2.316203649202162,1.397676770960267,1.9511148699383782
up,0.14,3.0,30.0,0.175,0.5,False,ok,True,1.7957746910087553,1.2273918805709574,1.4695524319946651
up,0.14,3.0,30.0,0.175,0.8,False,ok,True,2.1830022304821983,1.3761101740201833,1.4684411136053235
up,0.14,3.0,30.0,0.175,1.0,False,ok,True,2.4870984989414775,1.5144910726071643,1.6688238176901649
up,0.14,3.0,30.0,0.2,0.5,False,ok,True,1.8276064000211283,1.240414267304749,1.316289377771222
up,0.14,3.0,30.0,0.2,0.8,False,ok,True,2.2169703593391197,1.402909931217596,1.549265048585423
up,0.14,3.0,30.0,0.2,1.0,False,ok,True,2.527574263318194,1.5287650202566319,1.6991748914647975
up,0.16,0.4,0.0,0.125,0.5,False,stall,False,1.277238812464619,0.32562866905469545,0.8030133906605729
up,0.16,0.4,0.0,0.125,0.8,False,stall,False,1.2769331491400395,0.7177285813626582,14.88703702021198
up,0.16,0.4,0.0,0.125,1.0,False,stall,False,1.2380835964129273,0.4816358432274929,14.980980838437045
up,0.16,0.4,0.0,0.15,0.5,False,stall,False,1.2375400808617056,0.2252403742175376,1.1098874673996204
up,0.16,0.4,0.0,0.15,0.8,False,stall,False,1.3950598978096416,1.2454052695613926,16.580494160618688
up,0.16,0.4,0.0,0.15,1.0,False,stall,False,1.2224378953292532,0.8375439526697186,16.906127332105033
up,0.16,0.4,0.0,0.175,0.5,False,stall,False,1.333425677524271,0.2512669169093507,1.4957054056411034
up,0.16,0.4,0.0,0.175,0.8,False,stall,False,2.4094323840810508,2.0942922177898757,16.709093579945836
up,0.16,0.4,0.0,0.175,1.0,False,stall,False,1.56602055977929,1.4042890597241673,16.780875687046137
up,0.16,0.4,0.0,0.2,0.5,False,stall,False,1.2660356263298345,0.22328924427136917,1.2214410716662705
up,0.16,0.4,0.0,0.2,0.8,False,stall,False,1.2684485833221621,0.10933485455794548,10.864886251411424
up,0.16,0.4,0.0,0.2,1.0,False,stall,False,2.0103037873556366,1.751542770640289,16.89366396050331
up,0.16,0.4,15.0,0.125,0.5,False,stall,False,0.9136520024273694,0.20900633429092844,0.8640109766691743
up,0.16,0.4,15.0,0.125,0.8,False,stall,False,0.914960145028635,0.2660711852221857,15.230602267524354
up,0.16,0.4,15.0,0.125,1.0,False,stall,False,0.9002571282843213,0.3103845246583932,15.258853141601575
up,0.16,0.4,15.0,0.15,0.5,False,stall,False,0.878280193044072,0.1697575206432857,0.9505113168733897
up,0.16,0.4,15.0,0.15,0.8,False,stall,False,0.8994198759924878,0.22466212571535515,16.86784577066559
up,0.16,0.4,15.0,0.15,1.0,False,stall,False,0.9150703378992151,0.22230998811111188,17.062788376708873
up,0.16,0.4,15.0,0.175,0.5,False,stall,False,1.12595686261063,0.8715139583520479,16.57551986245052
up,0.16,0.4,15.0,0.175,0.8,False,stall,False,0.5971755658363797,0.567023720518474,16.813891853218944
up,0.16,0.4,15.0,0.175,1.0,False,ok,True,0.3623919790853611,0.15509018366243124,0.00015485107802867685
up,0.16,0.4,15.0,0.2,0.5,False,stall,False,0.7998821933409878,0.2723377554135002,16.57562200734187
up,0.16,0.4,15.0,0.2,0.8,False,stall,False,0.3213736752630454,0.14917031657093732,16.865679433521063
up,0.16,0.4,15.0,0.2,1.0,False,stall,False,0.3880470246191001,0.1513807153165978,16.987624567184998
up,0.16,0.4,30.0,0.125,0.5,False,stall,False,0.9016945211956341,0.23614378097018185,0.5389589435838715
up,0.16,0.4,30.0,0.125,0.8,False,stall,False,0.9155079651023628,0.2014862756802355,15.212151969626653
up,0.16,0.4,30.0,0.125,1.0,False,stall,False,0.9175192888535018,0.24291429318535018,15.301785328086126
up,0.16,0.4,30.0,0.15,0.5,False,stall,False,0.8803661878509278,0.1956628712528687,0.6756590981490265
up,0.16,0.4,30.0,0.15,0.8,False,stall,False,0.9030884125616189,0.1902181613305907,16.766124740281064
up,0.16,0.4,30.0,0.15,1.0,False,stall,False,0.9002512079529938,0.21009909881091055,16.144436416547293
up,0.16,0.4,30.0,0.175,0.5,False,stall,False,0.6428818410996254,0.4093649982051475,16.539304668654616
up,0.16,0.4,30.0,0.175,0.8,False,stall,False,0.35004234282135327,0.24871093829615146,13.902834496317933
up,0.16,0.4,30.0,0.175,1.0,False,ok,True,1.6182664956583988,0.9987974458503831,0.01722502919056452
up,0.16,0.4,30.0,0.2,0.5,False,stall,False,0.4372571129570877,0.18460698750481994,16.560683219301108
up,0.16,0.4,30.0,0.2,0.8,False,stall,False,0.31727579072786094,0.16641295953073854,13.976455016375915
up,0.16,0.4,30.0,0.2,1.0,False,stall,False,0.3431877905410395,0.17857296351758456,15.056511230851243
up,0.16,0.6,0.0,0.125,0.5,False,stall,False,1.8940749201777471,0.560003158913521,0.7666945802351458
up,0.16,0.6,0.0,0.125,0.8,False,stall,False,1.8807847203735442,0.7663457663830423,14.84750133387861
up,0.16,0.6,0.0,0.125,1.0,False,stall,False,1.9087187676399888,0.6199097775295723,14.979044074428502
up,0.16,0.6,0.0,0.15,0.5,False,stall,False,1.8355539613240943,0.44625618487866836,1.0261309103564653
up,0.16,0.6,0.0,0.15,0.8,False,stall,False,1.8417323699820272,0.7423618085856648,16.675599313467682
up,0.16,0.6,0.0,0.15,1.0,False,stall,False,1.8365085215483847,0.669569375848355,17.013811922939407
up,0.16,0.6,0.0,0.175,0.5,False,stall,False,1.9792436084664473,0.3538415198994104,1.6213376288397998
up,0.16,0.6,0.0,0.175,0.8,False,stall,False,2.0518304678539763,1.236757731085387,16.85644968967124
up,0.16,0.6,0.0,0.175,1.0,False,stall,False,2.016140933758658,0.8257195114389982,16.277320619020497
up,0.16,0.6,0.0,0.2,0.5,False,stall,False,1.866580155312594,0.4740165989143989,1.7747961764984477
up,0.16,0.6,0.0,0.2,0.8,False,stall,False,2.1435758190156826,1.9217112543271335,16.900753568087033
up,0.16,0.6,0.0,0.2,1.0,False,stall,False,1.8334259074109158,1.2867114719015873,17.131967410575946
up,0.16,0.6,15.0,0.125,0.5,False,stall,False,1.3669271234024147,0.30049552214566333,0.9494750557376369
up,0.16,0.6,15.0,0.125,0.8,False,stall,False,1.3386246135563102,0.4116810182281047,15.317529744681366
up,0.16,0.6,15.0,0.125,1.0,False,stall,False,1.3553540439147915,0.4296076873258746,15.3177511851303
up,0.16,0.6,15.0,0.15,0.5,False,stall,False,1.3292867433096731,0.2801861991138967,0.906167489874353
up,0.16,0.6,15.0,0.15,0.8,False,stall,False,1.475956103422582,0.9296428364600877,16.912962759730984
up,0.16,0.6,15.0,0.15,1.0,False,ok,True,1.2940976077667095,0.3614790365518975,0.0001541492430293382
up,0.16,0.6,15.0,0.175,0.5,False,timeout,False,1.6405267427857744,0.9826814285725399,16.708586831981044
up,0.16,0.6,15.0,0.175,0.8,False,ok,True,0.604905419126504,0.2912164596486806,0.00015415701720230068
up,0.16,0.6,15.0,0.175,1.0,False,ok,True,0.7459920136461532,0.28413641791216165,0.0001550122124602863
up,0.16,0.6,15.0,0.2,0.5,False,stall,False,1.6037224656295601,0.7496939828916704,16.661667125935665
up,0.16,0.6,15.0,0.2,0.8,False,ok,True,0.5065858227663821,0.23443797813319914,0.00015563003094713212
up,0.16,0.6,15.0,0.2,1.0,False,ok,True,0.6019727471525331,0.27857084671084165,0.0001555159796789547
up,0.16,0.6,30.0,0.125,0.5,False,stall,False,1.3504455384807994,0.3267005228035553,0.8097116120963204
up,0.16,0.6,30.0,0.125,0.8,False,stall,False,1.3262347237214123,0.3327358831798985,15.276515498303162
up,0.16,0.6,30.0,0.125,1.0,False,stall,False,1.3163168544448567,0.4058478624281117,15.36814968594584
up,0.16,0.6,30.0,0.15,0.5,False,stall,False,1.2761897354541434,0.2872952603721547,1.0210673304794144
up,0.16,0.6,30.0,0.15,0.8,False,stall,False,1.3088825686341428,0.3017108114334279,16.924826169179596
up,0.16,0.6,30.0,0.15,1.0,False,ok,True,1.3198758889098499,0.6598789469738219,2.8008801382597124
up,0.16,0.6,30.0,0.175,0.5,False,ok,True,2.236726748889618,1.2819747167646258,0.33784756291446544
up,0.16,0.6,30.0,0.175,0.8,False,ok,True,0.9055953342495926,0.5588716924634386,2.350711254279336
up,0.16,0.6,30.0,0.175,1.0,False,ok,True,0.6742304206971829,0.39399078644955543,3.560235913681726
up,0.16,0.6,30.0,0.2,0.5,False,stall,False,0.6600069721612635,0.34613693319097033,16.64223003439734
up,0.16,0.6,30.0,0.2,0.8,False,ok,True,1.6747988635016866,1.025287006899841,0.019961763784385494
up,0.16,0.6,30.0,0.2,1.0,False,ok,True,0.7046126668429534,0.3662436974349686,4.883284328783804
up,0.16,0.8,0.0,0.125,0.5,False,timeout,False,2.5773893573675326,0.6299434767202459,0.9491778771756714
up,0.16,0.8,0.0,0.125,0.8,False,stall,False,2.5405920491349026,0.638275704687632,14.797801141466898
up,0.16,0.8,0.0,0.125,1.0,False,stall,False,2.487527194613429,0.732755769235683,15.051474432411549
up,0.16,0.8,0.0,0.15,0.5,False,timeout,False,2.4900726093060204,0.648144728956933,1.2302706550212168
up,0.16,0.8,0.0,0.15,0.8,False,stall,False,2.4658257769132748,0.8955350886417531,16.721733936240792
up,0.16,0.8,0.0,0.15,1.0,False,stall,False,2.466543311009199,0.9215059968774898,8.374610867588828
up,0.16,0.8,0.0,0.175,0.5,False,stall,False,2.574015607798777,0.3941437988518781,5.089055998830557
up,0.16,0.8,0.0,0.175,0.8,False,stall,False,2.5859336519373035,0.8950092370580962,16.642789645310568
up,0.16,0.8,0.0,0.175,1.0,False,stall,False,2.596866412009826,0.9476263627107995,16.466618465432454
up,0.16,0.8,0.0,0.2,0.5,False,stall,False,2.4468202499134546,0.5126724594550296,4.072835931984634
up,0.16,0.8,0.0,0.2,0.8,False,stall,False,2.385840401172562,1.2505533339695751,16.943702009004088
up,0.16,0.8,0.0,0.2,1.0,False,stall,False,2.3813949755016193,0.9354603414239329,17.046859706470155
up,0.16,0.8,15.0,0.125,0.5,False,stall,False,1.837042877484142,0.38736062992612136,0.8583387140863674
up,0.16,0.8,15.0,0.125,0.8,False,stall,False,1.7752732917937064,0.6157667830750121,15.232757130088906
up,0.16,0.8,15.0,0.125,1.0,False,stall,False,1.7737588647289084,0.5775469567078739,15.328088032693584
up,0.16,0.8,15.0,0.15,0.5,False,stall,False,1.746525369042109,0.5008969846947274,1.2737271874699212
up,0.16,0.8,15.0,0.15,0.8,False,stall,False,1.6996517326043883,0.7755649832184623,16.957131532108004
up,0.16,0.8,15.0,0.15,1.0,False,ok,True,1.7270634563973801,0.4724872640663994,0.00015432603995317444
up,0.16,0.8,15.0,0.175,0.5,False,ok,True,0.9528200489678967,0.9193775906589716,0.00015340768085992976
up,0.16,0.8,15.0,0.175,0.8,False,ok,True,0.7092048608491351,0.4793242640828304,0.00015426015227356453
up,0.16,0.8,15.0,0.175,1.0,False,ok,True,0.7593814064744876,0.3752813060057936,0.00015451882589934482
up,0.16,0.8,15.0,0.2,0.5,False,ok,True,0.7812150166715444,0.7252341897742693,0.0001573622165409628
up,0.16,0.8,15.0,0.2,0.8,False,ok,True,0.6850957094914747,0.3529986072343189,0.0001577704611273702
up,0.16,0.8,15.0,0.2,1.0,False,ok,True,0.765739468667461,0.36679818691336297,0.00015621278932300548
up,0.16,0.8,30.0,0.125,0.5,False,stall,False,1.8058278399458045,0.3996187119835977,0.7884134914801791
up,0.16,0.8,30.0,0.125,0.8,False,stall,False,1.7359965728261322,0.4721135956715695,15.285286009104887
up,0.16,0.8,30.0,0.125,1.0,False,stall,False,1.7271155695393503,0.49825851475846034,15.352619030849754
up,0.16,0.8,30.0,0.15,0.5,False,stall,False,1.7171116363555097,0.36620867061448303,16.514463115031404
up,0.16,0.8,30.0,0.15,0.8,False,ok,True,2.742828383059182,1.6116031693699546,0.3609865316697714
up,0.16,0.8,30.0,0.15,1.0,False,ok,True,1.6967397098162031,0.5212385487301597,2.4419836655737606
up,0.16,0.8,30.0,0.175,0.5,False,ok,True,2.3156045876809954,1.349491507211942,0.1125787622426023
up,0.16,0.8,30.0,0.175,0.8,False,ok,True,1.0172879179745715,0.6426869824867899,1.2811072183051284
up,0.16,0.8,30.0,0.175,1.0,False,ok,True,0.8238264340234422,0.5428235734147367,3.5140952164437875
up,0.16,0.8,30.0,0.2,0.5,False,ok,True,1.959286167963672,1.2864558864293034,2.566344206069342
up,0.16,0.8,30.0,0.2,0.8,False,ok,True,0.8878986177199146,0.6190409187568939,1.1941043128488686
up,0.16,0.8,30.0,0.2,1.0,False,ok,True,0.8061573160637892,0.431830120379187,5.8045022075912955
up,0.16,1.0,0.0,0.125,0.5,False,timeout,False,3.169742573398798,0.7132129694239902,0.8863250428475686
up,0.16,1.0,0.0,0.125,0.8,False,stall,False,3.1278590887004962,0.9061995777323085,8.361441429801374
up,0.16,1.0,0.0,0.125,1.0,False,stall,False,3.1242571207927474,0.8918372606190752,5.867304027234945
up,0.16,1.0,0.0,0.15,0.5,False,stall,False,3.06522240592475,0.5418842076999812,6.885552006701969
up,0.16,1.0,0.0,0.15,0.8,False,stall,False,3.091365113968967,1.0870511942390784,16.664602336335964
up,0.16,1.0,0.0,0.15,1.0,False,stall,False,3.0883481092387655,1.1702796908925244,11.19507341279875
up,0.16,1.0,0.0,0.175,0.5,False,stall,False,3.2192714062343977,0.5716686451206855,5.299429059109299
up,0.16,1.0,0.0,0.175,0.8,False,stall,False,3.2097818172674817,1.2041747036412376,16.21302788091261
up,0.16,1.0,0.0,0.175,1.0,False,stall,False,3.188770563585912,1.1840917360039755,16.19839582743387
up,0.16,1.0,0.0,0.2,0.5,False,stall,False,2.9882761895524603,0.504963267437144,4.014134987954775
up,0.16,1.0,0.0,0.2,0.8,False,stall,False,2.9700069884888167,1.225662077462787,16.98493273362148
up,0.16,1.0,0.0,0.2,1.0,False,stall,False,2.936762208146506,1.2152391353885543,17.033897261547896
up,0.16,1.0,15.0,0.125,0.5,False,timeout,False,2.198621295595586,0.5207244932034671,0.6797135742859726
up,0.16,1.0,15.0,0.125,0.8,False,stall,False,2.21918539538147,0.8196505151284329,15.280243176211524
up,0.16,1.0,15.0,0.125,1.0,False,stall,False,2.130410902920715,0.6990564437962881,15.356735550570296
up,0.16,1.0,15.0,0.15,0.5,False,stall,False,2.133971832998894,0.6439469163279944,16.52960079009012
up,0.16,1.0,15.0,0.15,0.8,False,stall,False,2.1575280666069947,0.6205857209024764,16.977421918695597
up,0.16,1.0,15.0,0.15,1.0,False,ok,True,2.09065020581783,0.620782439012671,0.00015478227014283576
up,0.16,1.0,15.0,0.175,0.5,False,ok,True,1.1166364989762887,1.091210892100181,0.00015268108155964085
up,0.16,1.0,15.0,0.175,0.8,False,ok,True,0.8622474378506556,0.8549137210777462,0.00015449834997976694
up,0.16,1.0,15.0,0.175,1.0,False,ok,True,0.8210832521998801,0.6697926146732274,0.00015466219535070964
up,0.16,1.0,15.0,0.2,0.5,False,ok,True,1.0628264915573706,1.0343279967011196,0.00015810163935656586
up,0.16,1.0,15.0,0.2,0.8,False,ok,True,0.7912551353441017,0.6117707747956364,0.00015855556922102657
up,0.16,1.0,15.0,0.2,1.0,False,ok,True,0.862839220637829,0.45584809832785256,0.00015802947253307906
up,0.16,1.0,30.0,0.125,0.5,False,timeout,False,2.1581238744478095,0.4854840031743846,1.133567781044389
up,0.16,1.0,30.0,0.125,0.8,False,stall,False,2.1601055042497928,0.6036979169731618,15.173248809621171
up,0.16,1.0,30.0,0.125,1.0,False,stall,False,2.1429514315728015,0.6290808265976162,15.355888337208878
up,0.16,1.0,30.0,0.15,0.5,False,ok,True,2.5951805013101317,1.5985809716051862,2.5305163874077095
up,0.16,1.0,30.0,0.15,0.8,False,ok,True,2.803987294682029,1.6313223694935262,0.09835696882125199
up,0.16,1.0,30.0,0.15,1.0,False,ok,True,2.07482172542463,0.6048033827975067,1.0008621317745385
up,0.16,1.0,30.0,0.175,0.5,False,ok,True,2.3321796634323877,1.408492299870027,0.23011576867424308
up,0.16,1.0,30.0,0.175,0.8,False,ok,True,2.159547739577586,1.3067633996597823,0.45415045207441523
up,0.16,1.0,30.0,0.175,1.0,False,ok,True,1.0310663972158158,0.7855340873934913,1.5140090550066678
up,0.16,1.0,30.0,0.2,0.5,False,ok,True,2.0831120150434694,1.3874808277565414,2.1598541296358937
up,0.16,1.0,30.0,0.2,0.8,False,ok,True,1.9188850318808721,1.2452723816111213,0.6172282328359573
up,0.16,1.0,30.0,0.2,1.0,False,ok,True,0.9359696703790562,0.6806173234047485,3.441661776926955
up,0.16,1.2,0.0,0.125,0.5,False,timeout,False,3.7011795202019075,0.8076147096124003,0.7617229057488891
up,0.16,1.2,0.0,0.125,0.8,False,stall,False,3.6887978128895154,0.9848049195935056,14.883730432402338
up,0.16,1.2,0.0,0.125,1.0,False,ok,True,3.695395649202594,1.0367824483112422,0.000478813967656917
up,0.16,1.2,0.0,0.15,0.5,False,stall,False,3.576588483475366,0.5374331331209049,6.786133539444529
up,0.16,1.2,0.0,0.15,0.8,False,stall,False,3.6339375407843657,1.2766759901526614,16.68705164799256
up,0.16,1.2,0.0,0.15,1.0,False,stall,False,3.5743197368120128,1.366240637894233,7.1805901661272395
up,0.16,1.2,0.0,0.175,0.5,False,stall,False,3.7956243609400917,0.7681118228889111,5.431743993777051
up,0.16,1.2,0.0,0.175,0.8,False,timeout,False,3.774907234469806,1.4630427727144546,16.828497956456722
up,0.16,1.2,0.0,0.175,1.0,False,stall,False,3.7812578768830356,1.476382067779389,8.907986584630786
up,0.16,1.2,0.0,0.2,0.5,False,stall,False,3.5772635109857123,0.6775467402110191,4.527706351496106
up,0.16,1.2,0.0,0.2,0.8,False,stall,False,3.5328465308259447,1.4775506866718164,16.929821395776116
up,0.16,1.2,0.0,0.2,1.0,False,stall,False,3.4707300989954213,1.475560460121985,16.841483401008176
up,0.16,1.2,15.0,0.125,0.5,False,timeout,False,2.6058776659866423,0.6221349201172242,1.0654908756626846
up,0.16,1.2,15.0,0.125,0.8,False,stall,False,2.556875871485661,0.8673561884129758,15.219880238498732
up,0.16,1.2,15.0,0.125,1.0,False,stall,False,2.539205955456986,0.985430490760159,5.216493779118603
up,0.16,1.2,15.0,0.15,0.5,False,stall,False,2.4920546660611413,0.6730423125589933,16.51860912509667
up,0.16,1.2,15.0,0.15,0.8,False,stall,False,2.4842625932420983,0.6961693346133789,16.869024482970723
up,0.16,1.2,15.0,0.15,1.0,False,ok,True,2.4403678734063528,0.6614042025352131,0.0001551604261204554
up,0.16,1.2,15.0,0.175,0.5,False,ok,True,1.1774767156938923,1.1544812937104298,0.00015237623007219217
up,0.16,1.2,15.0,0.175,0.8,False,ok,True,1.109105159117767,1.1003871557720455,0.00015432730320882738
up,0.16,1.2,15.0,0.175,1.0,False,ok,True,1.0294871168404809,1.0201561621869715,0.0001548319526914196
up,0.16,1.2,15.0,0.2,0.5,False,ok,True,1.1462689463207898,1.119820568420211,0.0001568603785071756
up,0.16,1.2,15.0,0.2,0.8,False,ok,True,1.069096782226079,1.056793600126649,0.00015937244260272437
up,0.16,1.2,15.0,0.2,1.0,False,ok,True,0.9775340751972497,0.7603210751407353,0.00015852695619952514
up,0.16,1.2,30.0,0.125,0.5,False,stall,False,2.6154737533732026,0.46125991846442,0.8956154341827943
up,0.16,1.2,30.0,0.125,0.8,False,stall,False,2.5696323419012734,0.7927679143506143,15.262399840179638
up,0.16,1.2,30.0,0.125,1.0,False,stall,False,2.485227083907471,0.765321935284693,15.366145724698159
up,0.16,1.2,30.0,0.15,0.5,False,ok,True,2.688130215935312,1.6479920109955188,1.8502625220074627
up,0.16,1.2,30.0,0.15,0.8,False,ok,True,2.7836531965353277,1.6802417347521212,0.05289963551079853
up,0.16,1.2,30.0,0.15,1.0,False,ok,True,2.9079558485219086,1.8186894114268297,0.18875572889309863
up,0.16,1.2,30.0,0.175,0.5,False,ok,True,2.3555638541625004,1.484598115955712,0.42919077365165464
up,0.16,1.2,30.0,0.175,0.8,False,ok,True,2.334310899759367,1.3962318108074498,0.41080347195235306
up,0.16,1.2,30.0,0.175,1.0,False,ok,True,2.2630237729722236,1.3621676562504887,0.4422708093737
up,0.16,1.2,30.0,0.2,0.5,False,ok,True,2.168822519510483,1.4424898170050962,2.185635009797994
up,0.16,1.2,30.0,0.2,0.8,False,ok,True,2.0891545660309396,1.3452167615887358,0.3805248027310632
up,0.16,1.2,30.0,0.2,1.0,False,ok,True,1.6165789505738137,1.0892527410654607,0.13857695398957076
up,0.16,1.4,0.0,0.125,0.5,False,timeout,False,4.26241294278913,0.9175157790499603,1.0551421644526324
up,0.16,1.4,0.0,0.125,0.8,False,stall,False,4.195741801694448,1.4275514290607374,14.81568801880418
up,0.16,1.4,0.0,0.125,1.0,False,ok,True,4.228130339653814,1.1074396347866817,0.0003757674262021016
up,0.16,1.4,0.0,0.15,0.5,False,stall,False,4.0931968710369935,0.591442739889335,6.530653736895008
up,0.16,1.4,0.0,0.15,0.8,False,stall,False,4.166315786500865,1.5933132660663811,16.610947794626007
up,0.16,1.4,0.0,0.15,1.0,False,stall,False,4.149368746834462,1.6260003908692686,6.664261186677541
up,0.16,1.4,0.0,0.175,0.5,False,stall,False,4.3498770843266055,0.6791823911710863,5.520116195712835
up,0.16,1.4,0.0,0.175,0.8,False,stall,False,4.3716873062582895,1.6850410117018735,16.202669995734126
up,0.16,1.4,0.0,0.175,1.0,False,stall,False,4.332008370935832,1.7071657048635553,13.20263810592795
up,0.16,1.4,0.0,0.2,0.5,False,stall,False,4.098960881583656,0.8177147909715436,3.9754902695177003
up,0.16,1.4,0.0,0.2,0.8,False,stall,False,4.057333124233141,1.6963975090926589,17.033157197354274
up,0.16,1.4,0.0,0.2,1.0,False,ok,True,4.028655172015733,2.075309946771947,0.000551414727462788
up,0.16,1.4,15.0,0.125,0.5,False,stall,False,2.9900206716997593,0.49788060872849266,0.9807881566511117
up,0.16,1.4,15.0,0.125,0.8,False,stall,False,2.9656227503842576,1.0173193923105377,15.3221505921496
up,0.16,1.4,15.0,0.125,1.0,False,stall,False,2.8722244631575395,1.1047221123977873,5.176691855777601
up,0.16,1.4,15.0,0.15,0.5,False,stall,False,2.8991947526301667,0.795782722401864,16.52103622114703
up,0.16,1.4,15.0,0.15,0.8,False,stall,False,2.8257806822146487,0.8461260656248571,17.006620164338468
up,0.16,1.4,15.0,0.15,1.0,False,ok,True,2.8492401212891107,0.9298807675755587,0.0001552278156573409
up,0.16,1.4,15.0,0.175,0.5,False,ok,True,1.2332059975449272,1.2046282146799998,0.00015216886028646045
up,0.16,1.4,15.0,0.175,0.8,False,ok,True,1.1808237877502454,1.1492041928690329,0.0001535258168583668
up,0.16,1.4,15.0,0.175,1.0,False,ok,True,1.1473747064040132,1.1185081562061627,0.00015387458023626585
up,0.16,1.4,15.0,0.2,0.5,False,ok,True,1.168566410473882,1.1354076447320107,0.0001571790810872588
up,0.16,1.4,15.0,0.2,0.8,False,ok,True,1.1239304432973738,1.1132426960928945,0.00015880015338546471
up,0.16,1.4,15.0,0.2,1.0,False,ok,True,1.1367446507574812,1.0838220948625148,0.00015888479760952414
up,0.16,1.4,30.0,0.125,0.5,False,stall,False,2.9270723595621635,0.47862500914443123,0.9304719204356433
up,0.16,1.4,30.0,0.125,0.8,False,stall,False,2.8984884805083078,0.9226432005704633,15.222678191240275
up,0.16,1.4,30.0,0.125,1.0,False,stall,False,2.8610980562854076,0.8765901691409772,15.39379538745998
up,0.16,1.4,30.0,0.15,0.5,False,ok,True,2.8311617952829193,1.6157785195653414,1.0155475674904921
up,0.16,1.4,30.0,0.15,0.8,False,ok,True,2.8272875444877075,1.414629614169896,0.3306400098612783
up,0.16,1.4,30.0,0.15,1.0,False,ok,True,2.767458421497248,1.4946011077098527,0.33326717565742897
up,0.16,1.4,30.0,0.175,0.5,False,ok,True,2.418191396613357,1.516410594120176,0.09638538568688512
up,0.16,1.4,30.0,0.175,0.8,False,ok,True,2.4091119641092402,1.420833647120231,0.03371873700829279
up,0.16,1.4,30.0,0.175,1.0,False,ok,True,2.353316234419971,1.3852024184952838,0.3807782261292259
up,0.16,1.4,30.0,0.2,0.5,False,ok,True,2.29160601362547,1.4891200612326558,0.6875738594358987
up,0.16,1.4,30.0,0.2,0.8,False,ok,True,2.304199570506453,1.4197934473228926,0.008216827801259693
up,0.16,1.4,30.0,0.2,1.0,False,ok,True,2.199633838229906,1.349326976544818,0.4216369648248853
up,0.16,1.6,0.0,0.125,0.5,False,timeout,False,4.845082262192021,0.9858665671479007,1.0702045000025378
up,0.16,1.6,0.0,0.125,0.8,False,stall,False,4.749458816425839,1.3530897292915147,14.93521712287049
up,0.16,1.6,0.0,0.125,1.0,False,ok,True,4.666216872536154,2.700605263806588,0.00039848864540305024
up,0.16,1.6,0.0,0.15,0.5,False,stall,False,4.752023620191155,0.70353712444619,7.173027166962165
up,0.16,1.6,0.0,0.15,0.8,False,stall,False,4.697870248368757,1.7525657273961828,16.679698069982663
up,0.16,1.6,0.0,0.15,1.0,False,stall,False,4.655827425286831,1.75987254828257,5.729628242823329
up,0.16,1.6,0.0,0.175,0.5,False,stall,False,4.874396658448759,0.9914174068130021,6.1730398438371195
up,0.16,1.6,0.0,0.175,0.8,False,stall,False,4.896133870530052,1.9147708872864646,16.22275829072357
up,0.16,1.6,0.0,0.175,1.0,False,ok,True,4.866008898806716,2.144021018719761,0.00046754190555765217
up,0.16,1.6,0.0,0.2,0.5,False,stall,False,4.616493843455181,0.9657437692783424,4.940414618752687
up,0.16,1.6,0.0,0.2,0.8,False,ok,True,4.590451572744613,2.5467587639431013,0.0004538433250206978
up,0.16,1.6,0.0,0.2,1.0,False,ok,True,4.569757590100392,1.9335019032807377,0.0005013538835782435
up,0.16,1.6,15.0,0.125,0.5,False,stall,False,3.360440113841586,0.6798870585611618,0.8499273458933944
up,0.16,1.6,15.0,0.125,0.8,False,stall,False,3.3528382964855026,2.5860009739956844,15.303808159263502
up,0.16,1.6,15.0,0.125,1.0,False,stall,False,3.2396755076394954,1.4437418361678078,5.086077988760388
up,0.16,1.6,15.0,0.15,0.5,False,stall,False,3.253011311499982,0.9354852681011505,16.50276834588653
up,0.16,1.6,15.0,0.15,0.8,False,stall,False,3.2215648409160718,0.9118289987526577,16.97366761583983
up,0.16,1.6,15.0,0.15,1.0,False,ok,True,3.221296145597543,0.8900311464451833,0.00015513528239248305
up,0.16,1.6,15.0,0.175,0.5,False,ok,True,1.3830407126854527,1.3208333800615621,0.00015273427158086255
up,0.16,1.6,15.0,0.175,0.8,False,ok,True,1.3400598455475512,1.1958864141066508,0.00015406312258848027
up,0.16,1.6,15.0,0.175,1.0,False,ok,True,1.30131030475419,1.1631420869656794,0.0001535881348706078
up,0.16,1.6,15.0,0.2,0.5,False,ok,True,1.2856741296149743,1.1963462112466356,0.00015880012500607435
up,0.16,1.6,15.0,0.2,0.8,False,ok,True,1.2940779303138321,1.1478160899880832,0.00015935944554025495
up,0.16,1.6,15.0,0.2,1.0,False,ok,True,1.2936828776431988,1.1325046499682874,0.0001585361704443153
up,0.16,1.6,30.0,0.125,0.5,False,stall,False,3.3906036254703404,0.6755482502828418,0.793476494330339
up,0.16,1.6,30.0,0.125,0.8,False,ok,True,3.2893429231143507,1.7443768807756814,1.425733018323515
up,0.16,1.6,30.0,0.125,1.0,False,ok,True,3.285981413894598,1.8048504996393606,0.6498520359551303
up,0.16,1.6,30.0,0.15,0.5,False,ok,True,3.187696110406169,1.4940406004530804,0.4015462262804017
up,0.16,1.6,30.0,0.15,0.8,False,ok,True,3.230586358656401,1.4092494770060615,0.0006638372871564521
up,0.16,1.6,30.0,0.15,1.0,False,ok,True,3.135483817655969,1.3607717725968191,0.31788074657755816
up,0.16,1.6,30.0,0.175,0.5,False,ok,True,2.4706539379992716,1.5303036789181008,0.00826109974334244
up,0.16,1.6,30.0,0.175,0.8,False,ok,True,2.410008233872707,1.4092947843746861,0.3352708650717482
up,0.16,1.6,30.0,0.175,1.0,False,ok,True,2.398076543433709,1.362421108820696,0.3204676300639238
up,0.16,1.6,30.0,0.2,0.5,False,ok,True,2.3628128267658486,1.5070236637944063,0.3705513972976692
up,0.16,1.6,30.0,0.2,0.8,False,ok,True,2.3483793965260227,1.3884859695440135,0.15694699642050552
up,0.16,1.6,30.0,0.2,1.0,False,ok,True,2.3221076169202814,1.3566592232165824,0.1705444208875376
up,0.16,1.8,0.0,0.125,0.5,False,timeout,False,5.323473328785178,1.0326962556222088,0.9305800736945108
up,0.16,1.8,0.0,0.125,0.8,False,ok,True,5.239544350570293,2.2552460758321957,0.00034097846512205456
up,0.16,1.8,0.0,0.125,1.0,False,ok,True,5.162004303697686,3.26311607386161,0.0003640745275690254
up,0.16,1.8,0.0,0.15,0.5,False,stall,False,5.199783351672995,0.830013681536974,7.27266915283947
up,0.16,1.8,0.0,0.15,0.8,False,stall,False,5.197894595940236,2.0892669044420886,16.653664133806
up,0.16,1.8,0.0,0.15,1.0,False,ok,True,5.151467581106822,2.362498366683009,0.0004885984863818768
up,0.16,1.8,0.0,0.175,0.5,False,stall,False,5.416762118097467,0.8522321372690498,5.97710263074964
up,0.16,1.8,0.0,0.175,0.8,False,ok,True,5.449146869558724,2.5302693206054125,0.00042390670921868133
up,0.16,1.8,0.0,0.175,1.0,False,ok,True,5.402964126288139,2.4252718569088256,0.00027686343362623596
up,0.16,1.8,0.0,0.2,0.5,False,stall,False,5.137441523603393,1.1338259743389938,4.868117913510507
up,0.16,1.8,0.0,0.2,0.8,False,ok,True,5.155293006516012,2.1565158971005,0.0004385020603785503
up,0.16,1.8,0.0,0.2,1.0,False,ok,True,5.11696732378349,2.2737058452393444,0.0005568310536981679
up,0.16,1.8,15.0,0.125,0.5,False,stall,False,3.716196606206438,0.5258225782328512,0.9372637558171809
up,0.16,1.8,15.0,0.125,0.8,False,ok,True,3.715589908919581,1.9079428731539878,0.00015393615340512375
up,0.16,1.8,15.0,0.125,1.0,False,ok,True,3.618446991798993,1.7796321064283085,0.00015417222195769626
up,0.16,1.8,15.0,0.15,0.5,False,stall,False,3.5978201025509966,0.9430391803657341,16.498158872828096
up,0.16,1.8,15.0,0.15,0.8,False,ok,True,3.5880930945237246,0.9913656726705078,0.00015595466823924023
up,0.16,1.8,15.0,0.15,1.0,False,ok,True,3.494662083717576,0.9373194071390858,0.00015502733470387485
up,0.16,1.8,15.0,0.175,0.5,False,ok,True,1.6132333613492778,1.5530610881703741,0.0001560879554924056
up,0.16,1.8,15.0,0.175,0.8,False,ok,True,1.5767598865157104,1.5733841423985817,0.00015807344103941346
up,0.16,1.8,15.0,0.175,1.0,False,ok,True,1.7477826129090492,1.687007286228481,0.0001588983230728842
up,0.16,1.8,15.0,0.2,0.5,False,ok,True,1.5627837445028407,1.4045214759279505,0.00015646013167723048
up,0.16,1.8,15.0,0.2,0.8,False,ok,True,1.4588157299181996,1.2183464953123735,0.0001610483751581904
up,0.16,1.8,15.0,0.2,1.0,False,ok,True,1.4927075495955655,1.1925508944023835,0.00016385922124501464
up,0.16,1.8,30.0,0.125,0.5,False,stall,False,3.698662259472763,0.5537193584146124,0.9689175955444342
up,0.16,1.8,30.0,0.125,0.8,False,timeout,False,3.6829430066139395,1.7629089610056177,0.00015305898973255245
up,0.16,1.8,30.0,0.125,1.0,False,ok,True,3.629677739423702,1.7157857754429235,0.7885909610025966
up,0.16,1.8,30.0,0.15,0.5,False,ok,True,3.5952781397602793,1.4692624755328894,0.6572818013895884
up,0.16,1.8,30.0,0.15,0.8,False,ok,True,3.5602695472286645,1.42183217084657,0.3680269885420195
up,0.16,1.8,30.0,0.15,1.0,False,ok,True,3.426938318264419,1.3787578787540478,0.15342758575378385
up,0.16,1.8,30.0,0.175,0.5,False,ok,True,2.4337718743667383,1.4798363820264762,0.23686226882600467
up,0.16,1.8,30.0,0.175,0.8,False,ok,True,2.46354647376269,1.3895609766341979,0.2898529914596276
up,0.16,1.8,30.0,0.175,1.0,False,ok,True,2.480448334409052,1.3515180150591177,0.29281625725761673
up,0.16,1.8,30.0,0.2,0.5,False,ok,True,2.429843078170405,1.4794176686268057,0.3088186570952123
up,0.16,1.8,30.0,0.2,0.8,False,ok,True,2.3955919220262123,1.355209699528714,0.19524959495310526
up,0.16,1.8,30.0,0.2,1.0,False,ok,True,2.3829919215696775,1.327168452207732,0.22537368553250964
up,0.16,2.0,0.0,0.125,0.5,False,timeout,False,5.9435622219545765,1.0960507108016493,1.3078692722490786
up,0.16,2.0,0.0,0.125,0.8,False,ok,True,5.767438703070293,2.045560607450989,0.0003031044760000955
up,0.16,2.0,0.0,0.125,1.0,False,ok,True,5.645257555494258,3.196750645241596,0.0003550886773607729
up,0.16,2.0,0.0,0.15,0.5,False,stall,False,5.779762330477475,2.8770750572997925,16.19612597239405
up,0.16,2.0,0.0,0.15,0.8,False,stall,False,5.729184527661052,2.340533990565626,16.580742203047212
up,0.16,2.0,0.0,0.15,1.0,False,ok,True,5.715286964234781,3.2067502834638524,0.00044870741342262584
up,0.16,2.0,0.0,0.175,0.5,False,stall,False,6.031941854665065,1.0828499053896286,6.2635868200757905
up,0.16,2.0,0.0,0.175,0.8,False,ok,True,6.029763436251416,2.388664652857207,0.0002882917616306761
up,0.16,2.0,0.0,0.175,1.0,False,ok,True,5.933663622963755,2.7427675299798553,0.00047092028366164576
up,0.16,2.0,0.0,0.2,0.5,False,stall,False,5.705084599170606,1.3014590076184662,5.134130894136157
up,0.16,2.0,0.0,0.2,0.8,False,ok,True,5.63212264708146,3.067747355396004,0.0005513293404792777
up,0.16,2.0,0.0,0.2,1.0,False,ok,True,5.59073412229821,2.426623712529737,0.0005340316658955151
up,0.16,2.0,15.0,0.125,0.5,False,stall,False,4.051325148524753,0.6273679143724655,0.8362713272287391
up,0.16,2.0,15.0,0.125,0.8,False,ok,True,4.12519258854321,1.5491738679725733,0.00015491856036076534
up,0.16,2.0,15.0,0.125,1.0,False,ok,True,4.022491539722345,1.375089240003981,0.0001549526190567025
up,0.16,2.0,15.0,0.15,0.5,False,ok,True,4.005450814551826,0.9675855149775399,0.0001563377063799939
up,0.16,2.0,15.0,0.15,0.8,False,ok,True,3.962922557198748,1.902844034949363,0.0001599256887601313
up,0.16,2.0,15.0,0.15,1.0,False,ok,True,3.8847727416369464,1.4105890107778587,0.0001575144476021117
up,0.16,2.0,15.0,0.175,0.5,False,ok,True,2.0322729844935994,2.028687990345519,0.00014169832817220032
up,0.16,2.0,15.0,0.175,0.8,False,ok,True,2.896589550754548,1.8138218927487177,0.00016152916680942805
up,0.16,2.0,15.0,0.175,1.0,False,ok,True,2.886491238928943,1.173570806054544,0.00015866303656638118
up,0.16,2.0,15.0,0.2,0.5,False,ok,True,1.791450913302844,1.716328092971452,0.00011776623809682429
up,0.16,2.0,15.0,0.2,0.8,False,ok,True,1.6956810368215565,1.5198744046206512,0.00011773839506478785
up,0.16,2.0,15.0,0.2,1.0,False,ok,True,2.486419840094529,1.494240806697116,0.00015118719186717894
up,0.16,2.0,30.0,0.125,0.5,False,stall,False,4.138292335261551,0.6304636424406149,0.820636902697995
up,0.16,2.0,30.0,0.125,0.8,False,ok,True,4.022403741440638,2.5178753042789017,1.46717014705523
up,0.16,2.0,30.0,0.125,1.0,False,ok,True,3.9601665965328197,1.815646759887424,1.382699753788588
up,0.16,2.0,30.0,0.15,0.5,False,ok,True,3.922072787050142,1.4727760626913806,0.3039279524597086
up,0.16,2.0,30.0,0.15,0.8,False,ok,True,3.894569574803966,1.3892350717586848,0.19179894643287004
up,0.16,2.0,30.0,0.15,1.0,False,ok,True,3.8273856836383713,1.338272873305987,0.20195089532699168
up,0.16,2.0,30.0,0.175,0.5,False,ok,True,2.4826022308754467,1.528363760664596,0.08106685292131059
up,0.16,2.0,30.0,0.175,0.8,False,ok,True,2.5019617899403968,1.324419154457335,0.18160096820768276
up,0.16,2.0,30.0,0.175,1.0,False,ok,True,2.4906849788672725,1.305364393168446,0.20778552669237388
up,0.16,2.0,30.0,0.2,0.5,False,ok,True,2.42774033165046,1.5225651802255873,0.29959367887700367
up,0.16,2.0,30.0,0.2,0.8,False,ok,True,2.433319582587967,1.3901810489207544,0.1003419362089065
up,0.16,2.0,30.0,0.2,1.0,False,ok,True,2.365139351429845,1.2691946559312617,0.1667957104301014
up,0.16,2.2,0.0,0.125,0.5,False,timeout,False,6.371231107783316,1.3262866143457166,1.5052858671946934
up,0.16,2.2,0.0,0.125,0.8,False,ok,True,6.170244109935829,2.348788423576124,0.00034340991503061056
up,0.16,2.2,0.0,0.125,1.0,False,ok,True,6.090701626570921,3.0011669637673495,0.0003631863354744889
up,0.16,2.2,0.0,0.15,0.5,False,timeout,False,6.275770311940209,1.3050778367886562,6.791401629611348
up,0.16,2.2,0.0,0.15,0.8,False,ok,True,6.192696417034597,2.4284792201519756,2.424653915036051e-05
up,0.16,2.2,0.0,0.15,1.0,False,ok,True,6.185892086621376,2.6932461405483856,0.000514626123402968
up,0.16,2.2,0.0,0.175,0.5,False,stall,False,6.62733011974908,1.0316485181440789,5.994342191413224
up,0.16,2.2,0.0,0.175,0.8,False,ok,True,6.484452930316469,2.7333547802197162,0.00045719317193674685
up,0.16,2.2,0.0,0.175,1.0,False,ok,True,6.436932437800727,1.4905341305456101,0.0003477216957747714
up,0.16,2.2,0.0,0.2,0.5,False,timeout,False,6.166995694152332,1.4382521599739535,1.6642995874308824
up,0.16,2.2,0.0,0.2,0.8,False,ok,True,6.078666945542254,1.539155179035672,0.0005065248256708305
up,0.16,2.2,0.0,0.2,1.0,False,ok,True,6.049430234762095,1.5733664100336024,0.0005689766903144938
up,0.16,2.2,15.0,0.125,0.5,False,stall,False,4.5802724972618245,0.6928649382176209,0.8180633612996037
up,0.16,2.2,15.0,0.125,0.8,False,ok,True,4.465827288316533,1.1816892817154845,0.00015243818806199438
up,0.16,2.2,15.0,0.125,1.0,False,ok,True,4.33750817315348,0.973118814465715,0.00015499338226944418
up,0.16,2.2,15.0,0.15,0.5,False,ok,True,4.372754232809066,1.0734481141469234,0.00013529673638646897
up,0.16,2.2,15.0,0.15,0.8,False,ok,True,4.349893104212606,1.4313666265638538,0.00014615171432193054
up,0.16,2.2,15.0,0.15,1.0,False,ok,True,4.2791363569372685,0.6679352466989427,0.0001476133137285582
up,0.16,2.2,15.0,0.175,0.5,False,ok,True,2.8954828610651826,1.936794520311435,7.376113958507478e-05
up,0.16,2.2,15.0,0.175,0.8,False,ok,True,2.4870401225499403,1.38678321521886,9.460827954496964e-05
up,0.16,2.2,15.0,0.175,1.0,False,ok,True,2.0991804427212792,1.2448694624153729,0.00010062499740425607
up,0.16,2.2,15.0,0.2,0.5,False,ok,True,2.74340277437577,1.9371948694912444,4.5744601792406896e-05
up,0.16,2.2,15.0,0.2,0.8,False,ok,True,2.6143893417751713,1.3041035883397207,1.6182112898307346e-05
up,0.16,2.2,15.0,0.2,1.0,False,ok,True,2.4065513015669406,1.1595730293719169,2.0346251327744313e-05
up,0.16,2.2,30.0,0.125,0.5,False,stall,False,4.582062016583551,0.6079953760197859,1.103643400393178
up,0.16,2.2,30.0,0.125,0.8,False,timeout,False,4.4855616107077205,1.7884986226226776,0.00015305901309461552
up,0.16,2.2,30.0,0.125,1.0,False,ok,True,4.287739392810485,2.2707461263082815,0.839775745073139
up,0.16,2.2,30.0,0.15,0.5,False,ok,True,4.357651477585689,1.4990032381092229,0.16409676597910045
up,0.16,2.2,30.0,0.15,0.8,False,ok,True,4.271831534704658,1.3193266612321997,0.020979846532090476
up,0.16,2.2,30.0,0.15,1.0,False,ok,True,4.186416538356338,1.3021414529133597,0.12492887441253876
up,0.16,2.2,30.0,0.175,0.5,False,ok,True,2.4998382943725934,1.5283771387828244,0.02994659259533709
up,0.16,2.2,30.0,0.175,0.8,False,ok,True,2.493536551407487,1.3317901541251518,0.12664122658238272
up,0.16,2.2,30.0,0.175,1.0,False,ok,True,1.840194615279004,1.1572831220859663,0.5386939376951477
up,0.16,2.2,30.0,0.2,0.5,False,ok,True,2.4440231629553812,1.497031133544471,0.19983335279907394
up,0.16,2.2,30.0,0.2,0.8,False,ok,True,2.4020660089206536,1.3365949350088229,0.042813663226651186
up,0.16,2.2,30.0,0.2,1.0,False,ok,True,1.9063274822915448,1.1202079409145909,0.08145935283361162
up,0.16,2.4,0.0,0.125,0.5,False,timeout,False,6.896766415121463,1.0532546016344795,1.0987256022683056
up,0.16,2.4,0.0,0.125,0.8,False,ok,True,6.737713968622385,2.8391748031815696,8.307301617915763e-05
up,0.16,2.4,0.0,0.125,1.0,False,ok,True,6.638415469304199,2.120860847164769,0.0002371300684861814
up,0.16,2.4,0.0,0.15,0.5,False,timeout,False,6.881387613622469,1.3843752115241375,1.0249806626257578
up,0.16,2.4,0.0,0.15,0.8,False,ok,True,6.857497039090677,3.0061614833505512,7.292403210788434e-05
up,0.16,2.4,0.0,0.15,1.0,False,ok,True,6.686548019115235,1.8461066176044796,0.0006784727889927779
up,0.16,2.4,0.0,0.175,0.5,False,stall,False,7.042167347601468,1.2615450218395672,6.08240506058833
up,0.16,2.4,0.0,0.175,0.8,False,ok,True,6.9976861879922465,2.64256423363003,1.9850669345097026e-05
up,0.16,2.4,0.0,0.175,1.0,False,ok,True,6.985495021382504,1.796502888588981,1.5092404979960488e-05
up,0.16,2.4,0.0,0.2,0.5,False,timeout,False,6.682668702372859,2.637868466455881,16.47354777856232
up,0.16,2.4,0.0,0.2,0.8,False,ok,True,6.6518209758015345,1.754739033232741,0.0006797255006244586
up,0.16,2.4,0.0,0.2,1.0,False,ok,True,6.562636320091957,1.7143253329201757,0.00031551615021291216
up,0.16,2.4,15.0,0.125,0.5,False,stall,False,4.939131020122457,0.8229972411772319,1.1117303898301008
up,0.16,2.4,15.0,0.125,0.8,False,ok,True,4.853048845175482,1.8276782881441935,0.00013287540667994462
up,0.16,2.4,15.0,0.125,1.0,False,ok,True,4.748878373884026,0.9391533887860267,0.00013593434079034382
up,0.16,2.4,15.0,0.15,0.5,False,stall,False,4.719409285885499,1.5616657398075247,16.482309264908285
up,0.16,2.4,15.0,0.15,0.8,False,ok,True,4.680989205940662,1.0779994055771385,9.127794684462236e-05
up,0.16,2.4,15.0,0.15,1.0,False,ok,True,4.602602685142392,1.601781499167016,0.00011206821748856563
up,0.16,2.4,15.0,0.175,0.5,False,ok,True,2.1556337103495276,1.5926967390252968,7.4227696497044e-05
up,0.16,2.4,15.0,0.175,0.8,False,ok,True,2.0852768533463713,1.5199172071689953,9.697844162211056e-06
up,0.16,2.4,15.0,0.175,1.0,False,ok,True,2.328118868399774,1.4333514755458518,4.432248611418925e-05
up,0.16,2.4,15.0,0.2,0.5,False,ok,True,2.1645690583502235,1.5809450320361913,2.7608679806344796e-05
up,0.16,2.4,15.0,0.2,0.8,False,ok,True,2.0388067093732993,1.461175421360515,1.0358593317733531e-05
up,0.16,2.4,15.0,0.2,1.0,False,ok,True,2.0520172575539855,1.2806480260032642,0.0001186137973494028
up,0.16,2.4,30.0,0.125,0.5,False,stall,False,4.798916349346478,0.6201406505162921,0.9231812327683555
up,0.16,2.4,30.0,0.125,0.8,False,ok,True,4.858174628048149,1.2266720348460052,2.9803376716386256
up,0.16,2.4,30.0,0.125,1.0,False,ok,True,4.726067355291856,1.1915207941975732,3.898592112768879
up,0.16,2.4,30.0,0.15,0.5,False,ok,True,4.681082507609119,1.1631613222453996,0.11612362662956455
up,0.16,2.4,30.0,0.15,0.8,False,ok,True,4.625035429658087,1.3306675522150024,0.08628084045610739
up,0.16,2.4,30.0,0.15,1.0,False,ok,True,4.482024702457746,1.2758817290906568,0.07366512232772181
up,0.16,2.4,30.0,0.175,0.5,False,ok,True,1.673668085805884,1.2298666254364272,0.7615719813885684
up,0.16,2.4,30.0,0.175,0.8,False,ok,True,1.8200473378630855,1.169314391817284,0.43531220779470575
up,0.16,2.4,30.0,0.175,1.0,False,ok,True,1.9389958597898873,1.2074250864530607,1.0790329414634925
up,0.16,2.4,30.0,0.2,0.5,False,ok,True,2.439860788199899,1.460700760901363,0.14710971467060624
up,0.16,2.4,30.0,0.2,0.8,False,ok,True,2.487108134905892,1.3307758633592999,0.023989161002492022
up,0.16,2.4,30.0,0.2,1.0,False,ok,True,2.0715761348371866,1.22492276878407,0.13590835209356397
up,0.16,2.6,0.0,0.125,0.5,False,timeout,False,7.932162942055499,1.07787112688021,1.1011751051351717
up,0.16,2.6,0.0,0.125,0.8,False,ok,True,7.233580947680976,2.107828227876952,0.0008244123573100098
up,0.16,2.6,0.0,0.125,1.0,False,ok,True,7.620100198364835,2.360461040471176,0.0001077398719358427
up,0.16,2.6,0.0,0.15,0.5,False,timeout,False,7.9390317112452005,1.2862390042070293,1.1827666411891953
up,0.16,2.6,0.0,0.15,0.8,False,ok,True,7.3126173819527205,2.519967425004217,0.00010168991019802751
up,0.16,2.6,0.0,0.15,1.0,False,ok,True,7.257589730597049,2.7607559293266424,0.0006573593557115757
up,0.16,2.6,0.0,0.175,0.5,False,stall,False,8.851476801829246,1.16469998646906,6.265129658513174
up,0.16,2.6,0.0,0.175,0.8,False,ok,True,7.666438115327967,2.1489817903040174,0.00043829240237015424
up,0.16,2.6,0.0,0.175,1.0,False,ok,True,8.202904589706428,1.9958308545053085,0.00028910166800217516
up,0.16,2.6,0.0,0.2,0.5,False,ok,True,7.243394632972532,2.6826244286882006,0.004255549374076955
up,0.16,2.6,0.0,0.2,0.8,False,ok,True,7.1181251973403405,1.8943032971360967,0.00024844482500044666
up,0.16,2.6,0.0,0.2,1.0,False,ok,True,7.106903311196371,1.9433679719278092,5.141879684773819e-05
up,0.16,2.6,15.0,0.125,0.5,False,stall,False,5.20887026666613,0.604891152153853,0.9248881956723246
up,0.16,2.6,15.0,0.125,0.8,False,ok,True,5.15712073803638,2.252848593495308,7.14510311239882e-05
up,0.16,2.6,15.0,0.125,1.0,False,ok,True,5.067109420254115,2.03087827167776,9.339290439054758e-05
up,0.16,2.6,15.0,0.15,0.5,False,ok,True,5.1107435371829295,2.3923699916822834,0.00031086431437921835
up,0.16,2.6,15.0,0.15,0.8,False,ok,True,5.034407343605088,1.3428504549525642,5.4383458183455536e-05
up,0.16,2.6,15.0,0.15,1.0,False,ok,True,4.928543358649507,1.731504886054746,2.187049272000258e-05
up,0.16,2.6,15.0,0.175,0.5,False,ok,True,2.3159902721945373,1.710763844436806,0.00019603495329463666
up,0.16,2.6,15.0,0.175,0.8,False,ok,True,2.3040832988420936,1.6522844988432392,8.985700464619885e-05
up,0.16,2.6,15.0,0.175,1.0,False,ok,True,2.510948737616131,1.604381008550774,0.00012421696512022407
up,0.16,2.6,15.0,0.2,0.5,False,ok,True,2.322178519621116,1.6949023549525046,0.0009570324338728961
up,0.16,2.6,15.0,0.2,0.8,False,ok,True,2.363066125699105,1.659675498246561,0.0006876693325899768
up,0.16,2.6,15.0,0.2,1.0,False,ok,True,2.267836017633231,1.5028038174932992,0.00016462113962545578
up,0.16,2.6,30.0,0.125,0.5,False,stall,False,5.179490655515039,0.6734696249052597,1.1085046643246028
up,0.16,2.6,30.0,0.125,0.8,False,ok,True,5.146899129271088,1.1099251966059815,3.5384809239449897
up,0.16,2.6,30.0,0.125,1.0,False,ok,True,4.9887138681086824,1.2167307846293482,2.7921523977933655
up,0.16,2.6,30.0,0.15,0.5,False,ok,True,4.9987404225500685,1.4423796580256265,0.3430760299624379
up,0.16,2.6,30.0,0.15,0.8,False,ok,True,4.947907439378223,1.8837153569776872,1.3808873776960828
up,0.16,2.6,30.0,0.15,1.0,False,ok,True,4.832852598651874,1.4782395500763315,0.20451000796403135
up,0.16,2.6,30.0,0.175,0.5,False,ok,True,1.7395053383553538,1.29859915159784,0.44678191295484937
up,0.16,2.6,30.0,0.175,0.8,False,ok,True,1.9041637012706705,1.2700508024011297,1.0760446435122528
up,0.16,2.6,30.0,0.175,1.0,False,ok,True,2.0581752830403026,1.275413315901994,2.2095604181815993
up,0.16,2.6,30.0,0.2,0.5,False,ok,True,1.8083036472430736,1.2423388595554965,0.284982504764089
up,0.16,2.6,30.0,0.2,0.8,False,ok,True,2.0156864744593714,1.2949791471330767,0.9130682203181206
up,0.16,2.6,30.0,0.2,1.0,False,ok,True,2.14280624048716,1.3299571297389678,1.3397120908766154
up,0.16,2.8,0.0,0.125,0.5,False,stall,False,8.990050728347843,1.2283271761488102,0.935162488569938
up,0.16,2.8,0.0,0.125,0.8,False,ok,True,9.8366256343587,2.706318484381775,0.00016100351890999874
up,0.16,2.8,0.0,0.125,1.0,False,ok,True,8.529185636208213,1.9184242945950198,6.967567588949207e-05
up,0.16,2.8,0.0,0.15,0.5,False,timeout,False,7.86922488071021,1.73570831208073,16.095367152868757
up,0.16,2.8,0.0,0.15,0.8,False,ok,True,8.364817441361032,1.7748845100438353,5.051138044036319e-05
up,0.16,2.8,0.0,0.15,1.0,False,ok,True,7.840865845020163,2.090533142185964,1.9918938489317084e-05
up,0.16,2.8,0.0,0.175,0.5,False,ok,True,10.912752944111489,2.7304280890919785,0.0025689890053971023
up,0.16,2.8,0.0,0.175,0.8,False,ok,True,9.10966313535113,1.5870702061018394,0.0007263571034644789
up,0.16,2.8,0.0,0.175,1.0,False,ok,True,9.867985656566033,2.112833918648859,0.0001196973121219443
up,0.16,2.8,0.0,0.2,0.5,False,ok,True,7.817662414879465,1.9316275940327998,0.005874345340962583
up,0.16,2.8,0.0,0.2,0.8,False,ok,True,7.588746414193937,2.041688118067349,0.0018215606465822778
up,0.16,2.8,0.0,0.2,1.0,False,ok,True,7.6125113907633635,2.103837175579652,0.001088277955616208
up,0.16,2.8,15.0,0.125,0.5,False,stall,False,5.624476061586672,0.7395667701249065,1.0533334405169794
up,0.16,2.8,15.0,0.125,0.8,False,ok,True,5.492481764423197,0.9180921896546249,0.00012876133043112495
up,0.16,2.8,15.0,0.125,1.0,False,ok,True,5.366062079982038,1.7688233928458048,1.6302372277003638e-05
up,0.16,2.8,15.0,0.15,0.5,False,ok,True,5.536808126422032,2.041129171099997,0.002597102450118858
up,0.16,2.8,15.0,0.15,0.8,False,ok,True,5.3110768262922345,1.1945176957533021,2.5288220531086363e-06
up,0.16,2.8,15.0,0.15,1.0,False,ok,True,5.253749369790714,1.702814361330371,0.0001682677630417641
up,0.16,2.8,15.0,0.175,0.5,False,ok,True,2.380483771124651,1.7503888197921502,0.0017903587947446593
up,0.16,2.8,15.0,0.175,0.8,False,ok,True,2.540430994495937,1.7902320132899552,0.001056427490365029
up,0.16,2.8,15.0,0.175,1.0,False,ok,True,2.474131988908787,1.7330015607647842,0.0007973442032895386
up,0.16,2.8,15.0,0.2,0.5,False,ok,True,2.4621616786043887,1.7889585422501677,0.003942323787399604
up,0.16,2.8,15.0,0.2,0.8,False,ok,True,2.510377372418181,1.76029515475472,0.003613279848159422
up,0.16,2.8,15.0,0.2,1.0,False,ok,True,2.445417569695132,1.6788759154460444,0.0018883613605302546
up,0.16,2.8,30.0,0.125,0.5,False,stall,False,5.512473077907571,0.6467171264303935,1.1999543872980436
up,0.16,2.8,30.0,0.125,0.8,False,ok,True,5.3956000307613055,1.1761704511184556,2.907116105376857
up,0.16,2.8,30.0,0.125,1.0,False,ok,True,5.31499776928714,2.1062106413017236,3.093860743877389
up,0.16,2.8,30.0,0.15,0.5,False,ok,True,5.418338051813668,1.4396700130735094,0.46010256041138237
up,0.16,2.8,30.0,0.15,0.8,False,ok,True,5.356199599685187,1.2966190462188534,3.1936210746030116
up,0.16,2.8,30.0,0.15,1.0,False,ok,True,5.164688565091249,1.7107134310375713,2.107289997151896
up,0.16,2.8,30.0,0.175,0.5,False,ok,True,2.1148273358385974,1.2964220710220307,0.259023085556434
up,0.16,2.8,30.0,0.175,0.8,False,ok,True,2.0486737182555954,1.3137419679809816,0.8067770936907573
up,0.16,2.8,30.0,0.175,1.0,False,ok,True,2.251497250043706,1.380115690517029,1.3495738493756606
up,0.16,2.8,30.0,0.2,0.5,False,ok,True,1.8771136027943969,1.3726817698191314,0.31306217483309606
up,0.16,2.8,30.0,0.2,0.8,False,ok,True,2.1398010013562683,1.3660897558301794,0.8629450199790951
up,0.16,2.8,30.0,0.2,1.0,False,ok,True,2.312481281776057,1.4324322048592497,1.5974853558799222
up,0.16,3.0,0.0,0.125,0.5,False,timeout,False,10.973330998772596,1.488160263632322,0.9175627579258531
up,0.16,3.0,0.0,0.125,0.8,False,ok,True,12.30742077387284,2.303962882869361,0.0007479815967064096
up,0.16,3.0,0.0,0.125,1.0,False,ok,True,9.886288652160513,1.8853021775646321,0.00024373309936568264
up,0.16,3.0,0.0,0.15,0.5,False,timeout,False,8.711045311632057,1.3025760992600581,1.0927123376308312
up,0.16,3.0,0.0,0.15,0.8,False,ok,True,10.155511786759172,2.6272083939762014,0.0007895180539854064
up,0.16,3.0,0.0,0.15,1.0,False,ok,True,8.217215768568495,2.3844112433633655,0.0005717528213493548
up,0.16,3.0,0.0,0.175,0.5,False,timeout,False,11.150518602003462,1.5728096326211916,0.9182286855317309
up,0.16,3.0,0.0,0.175,0.8,False,ok,True,12.270587224629388,1.6947489793391646,0.0021031994683711848
up,0.16,3.0,0.0,0.175,1.0,False,ok,True,9.995703805979902,2.1764356451003066,0.0023240495492360676
up,0.16,3.0,0.0,0.2,0.5,False,ok,True,8.283765399794186,2.074832886418095,0.013750550682760092
up,0.16,3.0,0.0,0.2,0.8,False,ok,True,9.000930728405896,2.1491024437248867,0.00678024675252948
up,0.16,3.0,0.0,0.2,1.0,False,ok,True,8.039736850592774,2.229598493907058,0.0068965281215704445
up,0.16,3.0,15.0,0.125,0.5,False,stall,False,6.108784823806696,0.6712364019203564,1.1267078448989316
up,0.16,3.0,15.0,0.125,0.8,False,ok,True,5.978785988907449,0.9420632688971226,0.0005677658467215299
up,0.16,3.0,15.0,0.125,1.0,False,ok,True,5.697605508277285,2.1257259039644443,3.4600097417700325e-05
up,0.16,3.0,15.0,0.15,0.5,False,ok,True,5.737248837648452,1.835329674516725,0.006074654841701185
up,0.16,3.0,15.0,0.15,0.8,False,ok,True,5.707602574513071,1.6740142196307624,0.0004894389476939204
up,0.16,3.0,15.0,0.15,1.0,False,ok,True,5.643266353543352,1.6874551937067586,0.00033734213100871844
up,0.16,3.0,15.0,0.175,0.5,False,ok,True,2.4915371198580414,1.8270767708331423,0.00635007234993652
up,0.16,3.0,15.0,0.175,0.8,False,ok,True,2.720331009492612,1.899343127003191,0.005187264400716578
up,0.16,3.0,15.0,0.175,1.0,False,ok,True,2.845386799862992,1.8667557554333722,0.004154626852693202
up,0.16,3.0,15.0,0.2,0.5,False,ok,True,2.587211481944065,1.8838520245548989,0.00894713191642657
up,0.16,3.0,15.0,0.2,0.8,False,ok,True,2.7572097315931283,1.9212772201508659,0.0087868931224011
up,0.16,3.0,15.0,0.2,1.0,False,ok,True,2.640167975662083,1.830210835902536,0.007653955159322473
up,0.16,3.0,30.0,0.125,0.5,False,stall,False,5.957589600749099,0.6496299798551779,0.8885201626619185
up,0.16,3.0,30.0,0.125,0.8,False,ok,True,5.826825728110154,1.0690131603173822,2.656505056636949
up,0.16,3.0,30.0,0.125,1.0,False,ok,True,5.7142570124143734,2.4821035781764462,2.6796189166956244
up,0.16,3.0,30.0,0.15,0.5,False,ok,True,5.789560191195947,1.4563774126844045,0.8877880350161226
up,0.16,3.0,30.0,0.15,0.8,False,ok,True,5.70166115857602,1.2161147182391436,1.0004306068015145
up,0.16,3.0,30.0,0.15,1.0,False,ok,True,5.479074409898486,1.7026690316013404,2.2495711040187545
up,0.16,3.0,30.0,0.175,0.5,False,ok,True,2.587236519979379,1.453357764990614,0.2515792962355011
up,0.16,3.0,30.0,0.175,0.8,False,ok,True,2.465623161897463,1.403445361932578,0.9091311161096953
up,0.16,3.0,30.0,0.175,1.0,False,ok,True,2.403724236618391,1.4624690364313262,1.047578812608478
up,0.16,3.0,30.0,0.2,0.5,False,ok,True,2.3608746691268303,1.4129684536597946,0.5436858940291537
up,0.16,3.0,30.0,0.2,0.8,False,ok,True,2.2477636860814205,1.4322250477134593,0.5470467381468888
up,0.16,3.0,30.0,0.2,1.0,False,ok,True,2.513941552198144,1.545524799715039,1.0915710227438966
down,0.06,0.4,0.0,0.125,0.5,False,ok,True,1.5550683243518233,1.0556898046187735,0.0001520392014350069
down,0.06,0.4,0.0,0.125,0.8,False,ok,True,1.07407909738196,0.5648224682812256,0.00015305903664217764
down,0.06,0.4,0.0,0.125,1.0,False,ok,True,0.9850868769912249,0.5568073826153543,0.00015344461321401158
down,0.06,0.4,0.0,0.15,0.5,False,ok,True,1.6177074154346922,1.1072066288778344,0.00015203910477922205
down,0.06,0.4,0.0,0.15,0.8,False,ok,True,1.2340609096720139,0.6313072448934097,0.00015306013277032767
down,0.06,0.4,0.0,0.15,1.0,False,ok,True,1.2842870399634347,0.48367286080282446,0.00015344487778988093
down,0.06,0.4,0.0,0.175,0.5,False,ok,True,1.55684173507918,1.1604885735958541,0.0001520389984300391
down,0.06,0.4,0.0,0.175,0.8,False,ok,True,0.999665242995766,0.7630624392541016,0.00015305525159524144
down,0.06,0.4,0.0,0.175,1.0,False,ok,True,1.3776621448242548,0.4148851584444486,0.00015344479669407673
down,0.06,0.4,0.0,0.2,0.5,False,ok,True,1.4944378677217518,1.1800542579608249,0.00015203936178471812
down,0.06,0.4,0.0,0.2,0.8,False,ok,True,1.122399867133861,0.9532313564648736,0.00015306014537006627
down,0.06,0.4,0.0,0.2,1.0,False,ok,True,1.437716102730913,0.6293537266354808,0.00015344553891040392
down,0.06,0.4,15.0,0.125,0.5,False,ok,True,0.4824465474835394,0.2651659090609338,0.00015203948816881234
down,0.06,0.4,15.0,0.125,0.8,False,ok,True,0.44804043675843125,0.39287888807792404,0.00015305807176795006
down,0.06,0.4,15.0,0.125,1.0,False,ok,True,0.5051520127637256,0.28262066885066867,0.0001534446352089006
down,0.06,0.4,15.0,0.15,0.5,False,ok,True,0.5119563175472831,0.34577812840215344,0.00015203909560696576
down,0.06,0.4,15.0,0.15,0.8,False,ok,True,0.38878593517956855,0.34906043107345325,0.00015305800623526648
down,0.06,0.4,15.0,0.15,1.0,False,ok,True,0.4887861557340418,0.28178368592642794,0.00015344441824954354
down,0.06,0.4,15.0,0.175,0.5,False,ok,True,0.5859654735328298,0.2235361192611371,0.00015203907838998675
down,0.06,0.4,15.0,0.175,0.8,False,ok,True,0.3389168311446164,0.22874741535509618,0.00015305834420068472
down,0.06,0.4,15.0,0.175,1.0,False,ok,True,0.5075297607600627,0.23272524494884636,0.00015344511819818485
down,0.06,0.4,15.0,0.2,0.5,False,ok,True,0.3480865001547255,0.20666511150535283,0.0001520388442672586
down,0.06,0.4,15.0,0.2,0.8,False,ok,True,0.31894561588337456,0.21559828459903582,0.0001530580288527868
down,0.06,0.4,15.0,0.2,1.0,False,ok,True,0.44968871946408495,0.23036586688509167,0.0001534453256378858
down,0.06,0.4,30.0,0.125,0.5,False,ok,True,0.9649865957388091,0.2638441737847358,0.00015203919197115246
down,0.06,0.4,30.0,0.125,0.8,False,ok,True,0.519365880109075,0.29105758099017803,0.0001530553637691029
down,0.06,0.4,30.0,0.125,1.0,False,ok,True,0.5081168175062305,0.3012376222886948,0.00015344457150895242
down,0.06,0.4,30.0,0.15,0.5,False,ok,True,0.5053262928329628,0.23205244548677204,0.00015203909810132852
down,0.06,0.4,30.0,0.15,0.8,False,ok,True,0.5247117210066004,0.28639398904200375,0.00015305529191683598
down,0.06,0.4,30.0,0.15,1.0,False,ok,True,0.5050579972756744,0.26368100576154324,0.00015344477989088443
down,0.06,0.4,30.0,0.175,0.5,False,ok,True,1.144890623633137,0.21411829631139215,0.0001520390053670237
down,0.06,0.4,30.0,0.175,0.8,False,ok,True,0.5458764461884887,0.24561519372903381,0.000153055312439911
down,0.06,0.4,30.0,0.175,1.0,False,ok,True,0.48949087852124024,0.2705273154687935,0.00015344443698677096
down,0.06,0.4,30.0,0.2,0.5,False,ok,True,0.4437935334919832,0.2018241956432306,0.00015203888322991318
down,0.06,0.4,30.0,0.2,0.8,False,ok,True,0.4532664487064036,0.24233787639282775,0.0001530601295755006
down,0.06,0.4,30.0,0.2,1.0,False,ok,True,0.4646358224075268,0.23695531075108897,0.00015344557340875173
down,0.06,0.6,0.0,0.125,0.5,False,ok,True,1.2694155158131264,0.9418591168589734,0.00015203892273210265
down,0.06,0.6,0.0,0.125,0.8,False,ok,True,1.193945899820754,0.7522647760821131,0.00015305993023137965
down,0.06,0.6,0.0,0.125,1.0,False,ok,True,1.118943322692454,0.7556365279005045,0.0001534446289979724
down,0.06,0.6,0.0,0.15,0.5,False,ok,True,1.4809428476159168,1.092662803503833,0.00015203884613887146
down,0.06,0.6,0.0,0.15,0.8,False,ok,True,1.1345381222056141,0.7371816650504913,0.00015305766768518257
down,0.06,0.6,0.0,0.15,1.0,False,ok,True,1.0745506800283084,0.6944368079803264,0.00015344489931576024
down,0.06,0.6,0.0,0.175,0.5,False,ok,True,1.541907289065175,1.1333173913312788,0.00015203900118397292
down,0.06,0.6,0.0,0.175,0.8,False,ok,True,1.1196583731875833,0.8137026873617836,0.00015305643237805984
down,0.06,0.6,0.0,0.175,1.0,False,ok,True,1.1999635515573812,0.6236551303828746,0.00015344514677684387
down,0.06,0.6,0.0,0.2,0.5,False,ok,True,1.5359242521623386,1.1939449846532288,0.00015203885265142102
down,0.06,0.6,0.0,0.2,0.8,False,ok,True,1.1663698075021889,0.9314632723334004,0.00015305517758510778
down,0.06,0.6,0.0,0.2,1.0,False,ok,True,1.5456398126962958,0.6044427582699246,0.00015344564615707378
down,0.06,0.6,15.0,0.125,0.5,False,ok,True,0.6256364572093418,0.36677616669146607,0.0001520391582013007
down,0.06,0.6,15.0,0.125,0.8,False,ok,True,0.6590775338798358,0.3950342742158995,0.00015305653177096075
down,0.06,0.6,15.0,0.125,1.0,False,ok,True,0.6556358641819883,0.4006107803390412,0.0001534446167919101
down,0.06,0.6,15.0,0.15,0.5,False,ok,True,0.5917028599301398,0.4105264150213664,0.00015203923911667926
down,0.06,0.6,15.0,0.15,0.8,False,ok,True,0.640935515323757,0.3711563348394225,0.00015305559623999803
down,0.06,0.6,15.0,0.15,1.0,False,ok,True,0.6126691822904387,0.3629411579493548,0.00015344485646582716
down,0.06,0.6,15.0,0.175,0.5,False,ok,True,0.5610652954761473,0.38701534837089113,0.00015203899317820947
down,0.06,0.6,15.0,0.175,0.8,False,ok,True,0.653876922282031,0.3191174461558097,0.00015305891005995743
down,0.06,0.6,15.0,0.175,1.0,False,ok,True,0.5951421855981335,0.3311426964167906,0.00015344520746230514
down,0.06,0.6,15.0,0.2,0.5,False,ok,True,0.5092738097582435,0.28410511509205016,0.00015203789796197485
down,0.06,0.6,15.0,0.2,0.8,False,ok,True,0.5965966485321875,0.327697842087088,0.00015305686082833932
down,0.06,0.6,15.0,0.2,1.0,False,ok,True,0.647812622464087,0.30145875104433706,0.00015344541471342375
down,0.06,0.6,30.0,0.125,0.5,False,ok,True,0.6712944387787021,0.43411187163868714,0.00015203919449326484
down,0.06,0.6,30.0,0.125,0.8,False,ok,True,0.6726034711057904,0.40156114101453655,0.00015305877836711972
down,0.06,0.6,30.0,0.125,1.0,False,ok,True,0.6678282862016378,0.40693576062404196,0.00015344458045100183
down,0.06,0.6,30.0,0.15,0.5,False,ok,True,0.9923617451264529,0.3651258246231789,0.00015203911308143218
down,0.06,0.6,30.0,0.15,0.8,False,ok,True,0.6524216029992452,0.3633115986491025,0.00015305979749752897
down,0.06,0.6,30.0,0.15,1.0,False,ok,True,0.6348518994383437,0.3614802118036666,0.00015344485737315032
down,0.06,0.6,30.0,0.175,0.5,False,ok,True,1.2406198245468076,0.3223255275669148,0.00015203911458102604
down,0.06,0.6,30.0,0.175,0.8,False,ok,True,0.6295404560777008,0.31146589409850006,0.00015305528549170038
down,0.06,0.6,30.0,0.175,1.0,False,ok,True,0.6083543994684582,0.33981617871803027,0.00015344627794696507
down,0.06,0.6,30.0,0.2,0.5,False,ok,True,0.5142042372622642,0.29636442429617543,0.00015203894291688258
down,0.06,0.6,30.0,0.2,0.8,False,ok,True,0.6262028293905991,0.3293519650066282,0.0001530596227424487
down,0.06,0.6,30.0,0.2,1.0,False,ok,True,0.5992233277844355,0.32903034619217103,0.00015344433647215402
down,0.06,0.8,0.0,0.125,0.5,False,ok,True,1.382827943363715,1.0013791469327125,0.00015203915548782699
down,0.06,0.8,0.0,0.125,0.8,False,ok,True,1.382866507331513,0.9593879921095517,0.0001530577653465692
down,0.06,0.8,0.0,0.125,1.0,False,ok,True,1.349236382449069,0.9455247804869168,0.00015344456587903344
down,0.06,0.8,0.0,0.15,0.5,False,ok,True,1.2814238919123764,0.9867456476907274,0.0001520390855205499
down,0.06,0.8,0.0,0.15,0.8,False,ok,True,1.2053027261296783,0.8407333396749811,0.00015305919099675006
down,0.06,0.8,0.0,0.15,1.0,False,ok,True,1.233539344330649,0.8814043008945199,0.00015344486781647518
down,0.06,0.8,0.0,0.175,0.5,False,ok,True,1.3863335733924123,1.0802837240444099,0.00015203896729824515
down,0.06,0.8,0.0,0.175,0.8,False,ok,True,1.117540809401067,0.8665617245847402,0.00015305767738817478
down,0.06,0.8,0.0,0.175,1.0,False,ok,True,1.1551969854618762,0.7836456152555688,0.00015344758448309942
down,0.06,0.8,0.0,0.2,0.5,False,ok,True,1.418104756982795,1.1300241947214504,0.00015203895949823337
down,0.06,0.8,0.0,0.2,0.8,False,ok,True,1.0859810468559579,0.9236892138483733,0.00015305770714419035
down,0.06,0.8,0.0,0.2,1.0,False,ok,True,1.1485665016283515,0.7107900550161069,0.00015344565491143676
down,0.06,0.8,15.0,0.125,0.5,False,ok,True,0.7429877918812722,0.42463769014868613,0.0001520390271762476
down,0.06,0.8,15.0,0.125,0.8,False,ok,True,0.780484106857262,0.45294024248457027,0.00015305778379000093
down,0.06,0.8,15.0,0.125,1.0,False,ok,True,0.7501779564271646,0.4428806112406613,0.0001534447050890815
down,0.06,0.8,15.0,0.15,0.5,False,ok,True,0.7110044068292025,0.5338388985123214,0.00015203855120532957
down,0.06,0.8,15.0,0.15,0.8,False,ok,True,0.7510405157408933,0.42124646071984495,0.00015305710814151742
down,0.06,0.8,15.0,0.15,1.0,False,ok,True,0.7298104331559788,0.4233141994456147,0.0001534448680432285
down,0.06,0.8,15.0,0.175,0.5,False,ok,True,0.6759936149765988,0.43967877563697977,0.0001520389684295111
down,0.06,0.8,15.0,0.175,0.8,False,ok,True,0.7348072499007754,0.401057954016645,0.00015305772644803664
down,0.06,0.8,15.0,0.175,1.0,False,ok,True,0.722537261036747,0.40429975245980543,0.0001534451461128729
down,0.06,0.8,15.0,0.2,0.5,False,ok,True,0.6639518257709294,0.36703523256896764,0.00015203912577634282
down,0.06,0.8,15.0,0.2,0.8,False,ok,True,0.7467748451273734,0.3807144597701131,0.00015305739594873328
down,0.06,0.8,15.0,0.2,1.0,False,ok,True,0.7208626547596616,0.3786427732663014,0.00015344548741056787
down,0.06,0.8,30.0,0.125,0.5,False,ok,True,0.7880960320618644,0.4549423207070252,0.00015203918811994586
down,0.06,0.8,30.0,0.125,0.8,False,ok,True,0.7998532032631271,0.4715083601895445,0.00015305847198135544
down,0.06,0.8,30.0,0.125,1.0,False,ok,True,0.7681835464105046,0.46507243262790154,0.0001534446077628688
down,0.06,0.8,30.0,0.15,0.5,False,ok,True,0.7647083582714324,0.43969779039559276,0.0001520390888218454
down,0.06,0.8,30.0,0.15,0.8,False,ok,True,0.7457611460517571,0.4343359417371183,0.00015305729225270298
down,0.06,0.8,30.0,0.15,1.0,False,ok,True,0.7271809258577328,0.4343215072936401,0.00015344493503869578
down,0.06,0.8,30.0,0.175,0.5,False,ok,True,0.7597513021166914,0.4284324269568238,0.0001520389407093646
down,0.06,0.8,30.0,0.175,0.8,False,ok,True,0.744182382833508,0.42718118484400136,0.00015305743252263995
down,0.06,0.8,30.0,0.175,1.0,False,ok,True,0.7074399385346498,0.41604550292414727,0.0001534448347096395
down,0.06,0.8,30.0,0.2,0.5,False,ok,True,1.4998720653399447,0.37135530928995886,0.00015203875613569053
down,0.06,0.8,30.0,0.2,0.8,False,ok,True,0.7162841688433266,0.3732568029663301,0.0001530563129597118
down,0.06,0.8,30.0,0.2,1.0,False,ok,True,0.6840380295507587,0.3828717815656063,0.00015344554091989692
down,0.06,1.0,0.0,0.125,0.5,False,ok,True,1.4477953564757453,1.0551054583263624,0.0001520391950200172
down,0.06,1.0,0.0,0.125,0.8,False,ok,True,1.3957487257662555,1.0076455332597634,0.00015305782754827688
down,0.06,1.0,0.0,0.125,1.0,False,ok,True,1.3773815592692729,0.9940253812759816,0.0001534446190606972
down,0.06,1.0,0.0,0.15,0.5,False,ok,True,1.3819414074654706,1.0188236309838261,0.00015203877283837184
down,0.06,1.0,0.0,0.15,0.8,False,ok,True,1.3523052614792548,0.9940351327853127,0.00015305687292493543
down,0.06,1.0,0.0,0.15,1.0,False,ok,True,1.3096034526553137,0.9667332535128698,0.00015344548687735193
down,0.06,1.0,0.0,0.175,0.5,False,ok,True,1.2865094769176249,1.0305087888745494,0.00015203889367868865
down,0.06,1.0,0.0,0.175,0.8,False,ok,True,1.1937488438538995,0.8936964953484027,0.00015305622147266464
down,0.06,1.0,0.0,0.175,1.0,False,ok,True,1.258374570870551,0.9436022732410684,0.0001534432068618084
down,0.06,1.0,0.0,0.2,0.5,False,ok,True,1.312399046490072,1.0500510278758433,0.0001520379364832999
down,0.06,1.0,0.0,0.2,0.8,False,ok,True,1.1462010778606184,0.9357740503098887,0.00015306010739195744
down,0.06,1.0,0.0,0.2,1.0,False,ok,True,1.176964735496161,0.8741349849382475,0.00015344793826043633
down,0.06,1.0,15.0,0.125,0.5,False,ok,True,0.7919278362640658,0.5281886137164887,0.00015203917213153467
down,0.06,1.0,15.0,0.125,0.8,False,ok,True,0.8289358677783685,0.45586581900345163,0.00015305786372753978
down,0.06,1.0,15.0,0.125,1.0,False,ok,True,0.8049728951586551,0.46075156446577664,0.00015344461916926667
down,0.06,1.0,15.0,0.15,0.5,False,ok,True,0.7930263368781114,0.6335238300105223,0.00015203911923450668
down,0.06,1.0,15.0,0.15,0.8,False,ok,True,0.8434769397041653,0.45411484196435303,0.0001530580727916912
down,0.06,1.0,15.0,0.15,1.0,False,ok,True,0.7968011636012908,0.4455557094539936,0.00015344486374028882
down,0.06,1.0,15.0,0.175,0.5,False,ok,True,0.7571970816102412,0.5752749669928914,0.0001520396664067662
down,0.06,1.0,15.0,0.175,0.8,False,ok,True,0.8059316827877103,0.42426458425511526,0.0001530577534318864
down,0.06,1.0,15.0,0.175,1.0,False,ok,True,0.7971690788646215,0.4377493952805303,0.00015344722422706066
down,0.06,1.0,15.0,0.2,0.5,False,ok,True,0.7267389332625188,0.46978103561366646,0.0001520377004293442
down,0.06,1.0,15.0,0.2,0.8,False,ok,True,0.7853413570117068,0.40459121305686646,0.0001530554176421348
down,0.06,1.0,15.0,0.2,1.0,False,ok,True,0.7739730635579846,0.41633835457315066,0.00015344301870363672
down,0.06,1.0,30.0,0.125,0.5,False,ok,True,0.8475297914720078,0.4889261033869228,0.000152039269619284
down,0.06,1.0,30.0,0.125,0.8,False,ok,True,0.8252163070844208,0.48771490331013695,0.00015305636533434553
down,0.06,1.0,30.0,0.125,1.0,False,ok,True,0.9022976816605474,0.4999637204418985,0.00015344462950733117
down,0.06,1.0,30.0,0.15,0.5,False,ok,True,0.8102721402320029,0.46764662808684393,0.00015203908488985228
down,0.06,1.0,30.0,0.15,0.8,False,ok,True,0.8061228469986902,0.472461841213554,0.00015305777465476265
down,0.06,1.0,30.0,0.15,1.0,False,ok,True,0.8548806734148533,0.4767674151977096,0.00015344487612009024
down,0.06,1.0,30.0,0.175,0.5,False,ok,True,0.7741972217550872,0.44413090624956214,0.0001520389013960617
down,0.06,1.0,30.0,0.175,0.8,False,ok,True,0.7957488641202336,0.4624431053171883,0.0001530567891483853
down,0.06,1.0,30.0,0.175,1.0,False,ok,True,0.8215182192123685,0.4600177114534622,0.00015344386743422608
down,0.06,1.0,30.0,0.2,0.5,False,ok,True,0.7919509666173231,0.4569382329047801,0.00015203895170375054
down,0.06,1.0,30.0,0.2,0.8,False,ok,True,0.7715473929823241,0.44558627456000266,0.00015305537771264998
down,0.06,1.0,30.0,0.2,1.0,False,ok,True,0.7977548868102096,0.45096622341492176,0.0001534430089291681
down,0.06,1.2,0.0,0.125,0.5,False,ok,True,1.4638355760932067,1.0664610040327689,0.00015203917973454523
down,0.06,1.2,0.0,0.125,0.8,False,ok,True,1.4767929780049842,1.0638759981150663,0.00015305767438640204
down,0.06,1.2,0.0,0.125,1.0,False,ok,True,1.4576729754136115,1.0533726645800932,0.00015344477846627381
down,0.06,1.2,0.0,0.15,0.5,False,ok,True,1.3534329105097043,1.0498843908290787,0.0001520391128171975
down,0.06,1.2,0.0,0.15,0.8,False,ok,True,1.3981794346370118,1.0501513853258981,0.00015305733987198267
down,0.06,1.2,0.0,0.15,1.0,False,ok,True,1.369171695785718,1.03347419692209,0.00015344652413964245
down,0.06,1.2,0.0,0.175,0.5,False,ok,True,1.3224916531106576,1.0212837638146952,0.0001520390194366091
down,0.06,1.2,0.0,0.175,0.8,False,ok,True,1.322298828927753,1.0159930518614049,0.00015305790352974279
down,0.06,1.2,0.0,0.175,1.0,False,ok,True,1.279174874269747,0.9899962028521921,0.00015344490246564795
down,0.06,1.2,0.0,0.2,0.5,False,ok,True,1.2728558189132795,0.9927280820212008,0.00015203972322136656
down,0.06,1.2,0.0,0.2,0.8,False,ok,True,1.2589801812747798,0.9848807567116066,0.00015305994230691835
down,0.06,1.2,0.0,0.2,1.0,False,ok,True,1.2150168385905549,0.9523471062314446,0.00015344785907504466
down,0.06,1.2,15.0,0.125,0.5,False,ok,True,0.8274704725072951,0.6447322946324414,0.0001520392266346021
down,0.06,1.2,15.0,0.125,0.8,False,ok,True,0.8809062657051243,0.5179619097539185,0.00015305768952762305
down,0.06,1.2,15.0,0.125,1.0,False,ok,True,0.8766911367684425,0.5440660545071404,0.00015344447237917018
down,0.06,1.2,15.0,0.15,0.5,False,ok,True,0.764277312089493,0.7113486624862287,0.00015203887590695042
down,0.06,1.2,15.0,0.15,0.8,False,ok,True,0.8648562948710045,0.4859759240355728,0.00015305674331110485
down,0.06,1.2,15.0,0.15,1.0,False,ok,True,0.8520668118141758,0.49242890598563377,0.0001534422325477816
down,0.06,1.2,15.0,0.175,0.5,False,ok,True,0.7210229367410681,0.6766739319228546,0.00015203776847113955
down,0.06,1.2,15.0,0.175,0.8,False,ok,True,0.8398519023422455,0.46448189735886414,0.00015305546517219913
down,0.06,1.2,15.0,0.175,1.0,False,ok,True,0.8208455554635131,0.4560119600658164,0.00015344269090338181
down,0.06,1.2,15.0,0.2,0.5,False,ok,True,0.7247854901961744,0.5567377066237147,0.00015203998419038555
down,0.06,1.2,15.0,0.2,0.8,False,ok,True,0.7906517892046502,0.4461276454068622,0.00015305692058845718
down,0.06,1.2,15.0,0.2,1.0,False,ok,True,0.7654811875783152,0.4198668137662415,0.00015344481273646903
down,0.06,1.2,30.0,0.125,0.5,False,ok,True,0.8629003257773679,0.5280267302173927,0.00015203927168013322
down,0.06,1.2,30.0,0.125,0.8,False,ok,True,0.9802849357402914,0.5599007031042827,0.00015305722578029733
down,0.06,1.2,30.0,0.125,1.0,False,ok,True,1.05567725328221,0.5688838293903812,0.00015344463927954147
down,0.06,1.2,30.0,0.15,0.5,False,ok,True,0.8461171623145015,0.4843227454644583,0.00015203909968217533
down,0.06,1.2,30.0,0.15,0.8,False,ok,True,0.9243516141056818,0.5131889249288619,0.0001530579103319729
down,0.06,1.2,30.0,0.15,1.0,False,ok,True,1.0019176449047353,0.5254485216118929,0.00015344478283355954
down,0.06,1.2,30.0,0.175,0.5,False,ok,True,0.8329313784003257,0.47553271444495493,0.00015203896406513833
down,0.06,1.2,30.0,0.175,0.8,False,ok,True,0.8777545334501508,0.4872172653287562,0.00015305611922698242
down,0.06,1.2,30.0,0.175,1.0,False,ok,True,0.9548059923340927,0.49936001959227266,0.00015344257081906394
down,0.06,1.2,30.0,0.2,0.5,False,ok,True,0.801472672652699,0.4597441047056452,0.00015203883119681064
down,0.06,1.2,30.0,0.2,0.8,False,ok,True,0.8281519151609215,0.4666277366470007,0.00015305815882819696
down,0.06,1.2,30.0,0.2,1.0,False,ok,True,0.9313320154541818,0.47838866311420836,0.00015344678331401284
down,0.06,1.4,0.0,0.125,0.5,False,ok,True,1.4729084853521863,1.0647826214466063,0.00015203917958579288
down,0.06,1.4,0.0,0.125,0.8,False,ok,True,1.4619783507587036,1.0602231789130534,0.0001530578167981575
down,0.06,1.4,0.0,0.125,1.0,False,ok,True,1.4074341024178298,1.0253919962311697,0.0001534446177651857
down,0.06,1.4,0.0,0.15,0.5,False,ok,True,1.4078695935634244,1.0644101310053584,0.0001520390897784593
down,0.06,1.4,0.0,0.15,0.8,False,ok,True,1.4028122846716393,1.064569390793335,0.00015305759341081607
down,0.06,1.4,0.0,0.15,1.0,False,ok,True,1.3798770057020646,1.0476332481658985,0.0001534444861553017
down,0.06,1.4,0.0,0.175,0.5,False,ok,True,1.3640969834448433,1.0596689719358463,0.00015203897231465428
down,0.06,1.4,0.0,0.175,0.8,False,ok,True,1.339367640989511,1.0440133064815553,0.0001530569937314612
down,0.06,1.4,0.0,0.175,1.0,False,ok,True,1.3394331177107772,1.0491628835301452,0.0001534452583006451
down,0.06,1.4,0.0,0.2,0.5,False,ok,True,1.3235690366813935,1.052261484564726,0.00015203964814683763
down,0.06,1.4,0.0,0.2,0.8,False,ok,True,1.295676192550496,1.0338273195434529,0.00015305979591536615
down,0.06,1.4,0.0,0.2,1.0,False,ok,True,1.2520525329331027,1.0037544969607572,0.00015344779793410545
down,0.06,1.4,15.0,0.125,0.5,False,ok,True,0.984677525768393,0.609991170849662,0.00015203917922896885
down,0.06,1.4,15.0,0.125,0.8,False,ok,True,0.9757346673187507,0.5986363589423592,0.00015305781648276238
down,0.06,1.4,15.0,0.125,1.0,False,ok,True,0.9806849628423041,0.6056313682382235,0.00015344461812425374
down,0.06,1.4,15.0,0.15,0.5,False,ok,True,0.9372446729470482,0.5877841659219724,0.00015203908836115699
down,0.06,1.4,15.0,0.15,0.8,False,ok,True,0.9316726716256505,0.5795915422543075,0.00015305777343736478
down,0.06,1.4,15.0,0.15,1.0,False,ok,True,0.9412098212689467,0.5699392888858147,0.000153444727276206
down,0.06,1.4,15.0,0.175,0.5,False,ok,True,0.8787098943566538,0.5404774546194746,0.00015203897451738772
down,0.06,1.4,15.0,0.175,0.8,False,ok,True,0.8790834426302707,0.5511184662195436,0.00015305718678900498
down,0.06,1.4,15.0,0.175,1.0,False,ok,True,0.8883633407991154,0.5513622514235796,0.0001534450621299075
down,0.06,1.4,15.0,0.2,0.5,False,ok,True,0.8252422008441072,0.5170208692957833,0.00015203889528539702
down,0.06,1.4,15.0,0.2,0.8,False,ok,True,0.8177426337937558,0.507232700303657,0.00015305991673715913
down,0.06,1.4,15.0,0.2,1.0,False,ok,True,0.8221592873295026,0.5147099114749542,0.0001534472167213009
down,0.06,1.4,30.0,0.125,0.5,False,ok,True,0.9160331103830754,0.5958733341091922,0.00015203917592800808
down,0.06,1.4,30.0,0.125,0.8,False,ok,True,1.11663740646976,0.6477562404913955,0.00015305781978980048
down,0.06,1.4,30.0,0.125,1.0,False,ok,True,1.1616102329260447,0.6338950581341903,0.00015344461934430255
down,0.06,1.4,30.0,0.15,0.5,False,ok,True,0.8755888263867054,0.5358911953731732,0.00015203908645483515
down,0.06,1.4,30.0,0.15,0.8,False,ok,True,1.0577012768664118,0.5809146786031383,0.00015305777661441235
down,0.06,1.4,30.0,0.15,1.0,False,ok,True,1.1364865677112466,0.6081843537446625,0.0001534447229407282
down,0.06,1.4,30.0,0.175,0.5,False,ok,True,0.8519584960671065,0.504659280152102,0.00015203898193873693
down,0.06,1.4,30.0,0.175,0.8,False,ok,True,1.0052210489415334,0.5405059794124255,0.0001530577931294817
down,0.06,1.4,30.0,0.175,1.0,False,ok,True,1.0889362000536909,0.5604663341815842,0.00015344688848659534
down,0.06,1.4,30.0,0.2,0.5,False,ok,True,0.8544828969488631,0.47795441616338663,0.00015203876670812853
down,0.06,1.4,30.0,0.2,0.8,False,ok,True,0.9567090357711053,0.5192599679330936,0.0001530584139248224
down,0.06,1.4,30.0,0.2,1.0,False,ok,True,1.05085861175462,0.5306774280230185,0.00015344691935970475
down,0.06,1.6,0.0,0.125,0.5,False,ok,True,1.4337424324812544,1.075448404157883,0.0001520391794516397
down,0.06,1.6,0.0,0.125,0.8,False,ok,True,1.4768418956823517,1.0689576770880513,0.00015305781648298174
down,0.06,1.6,0.0,0.125,1.0,False,ok,True,1.4038965111818884,1.0227669125344088,0.0001534446177162617
down,0.06,1.6,0.0,0.15,0.5,False,ok,True,1.3591471037786111,1.046961485844162,0.00015203908663646547
down,0.06,1.6,0.0,0.15,0.8,False,ok,True,1.359947888248589,1.0362261237253494,0.00015305777060764213
down,0.06,1.6,0.0,0.15,1.0,False,ok,True,1.3627826146948594,1.0367326703341537,0.00015344485541917273
down,0.06,1.6,0.0,0.175,0.5,False,ok,True,1.3450555013470522,1.057355553699903,0.00015203898236036705
down,0.06,1.6,0.0,0.175,0.8,False,ok,True,1.3131324552429215,1.0520310769453973,0.00015305774860534986
down,0.06,1.6,0.0,0.175,1.0,False,ok,True,1.3486165162367378,1.063527461344015,0.00015344505568663927
down,0.06,1.6,0.0,0.2,0.5,False,ok,True,1.3195426489843438,1.0640365723031315,0.000152038685001776
down,0.06,1.6,0.0,0.2,0.8,False,ok,True,1.293446810162391,1.0427254825844836,0.0001530566183944283
down,0.06,1.6,0.0,0.2,1.0,False,ok,True,1.29642948344642,1.047283552394775,0.00015344675887166338
down,0.06,1.6,15.0,0.125,0.5,False,ok,True,1.067113780479541,0.7096044356219838,0.0001520391794574318
down,0.06,1.6,15.0,0.125,0.8,False,ok,True,1.1494959802283105,0.7347343862419807,0.00015305781639698117
down,0.06,1.6,15.0,0.125,1.0,False,ok,True,1.06957422575068,0.7063088369373787,0.00015344461785418747
down,0.06,1.6,15.0,0.15,0.5,False,ok,True,1.0371515038209913,0.7023904036540525,0.00015203908183737607
down,0.06,1.6,15.0,0.15,0.8,False,ok,True,1.0340251887507383,0.703573527361357,0.00015305777322765083
down,0.06,1.6,15.0,0.15,1.0,False,ok,True,1.014677663177028,0.6771571646363859,0.00015344485996213845
down,0.06,1.6,15.0,0.175,0.5,False,ok,True,0.9832059855098124,0.6979158490630722,0.0001520389800243181
down,0.06,1.6,15.0,0.175,0.8,False,ok,True,0.971706541124114,0.6759761742073036,0.00015305804321277285
down,0.06,1.6,15.0,0.175,1.0,False,ok,True,0.9647366726580189,0.6668924167722516,0.00015344421454924973
down,0.06,1.6,15.0,0.2,0.5,False,ok,True,0.895633657019671,0.6319599551184426,0.0001520389339742169
down,0.06,1.6,15.0,0.2,0.8,False,ok,True,0.8921199877549418,0.6262608020731224,0.0001530572497382033
down,0.06,1.6,15.0,0.2,1.0,False,ok,True,0.9056097155080644,0.6367566114145594,0.00015344338504061426
down,0.06,1.6,30.0,0.125,0.5,False,ok,True,0.9863070270874642,0.6612228497328981,0.00015203917837611225
down,0.06,1.6,30.0,0.125,0.8,False,ok,True,1.2113195421405132,0.7226788977357961,0.00015305781656312791
down,0.06,1.6,30.0,0.125,1.0,False,ok,True,1.3323169234012442,0.7323125144019588,0.00015344461748993766
down,0.06,1.6,30.0,0.15,0.5,False,ok,True,0.9559403059383068,0.6238137280343259,0.0001520390867586766
down,0.06,1.6,30.0,0.15,0.8,False,ok,True,1.172953073361952,0.6581937656516482,0.00015305777605333057
down,0.06,1.6,30.0,0.15,1.0,False,ok,True,1.2721587828635845,0.6815677077167488,0.00015344486681094076
down,0.06,1.6,30.0,0.175,0.5,False,ok,True,0.9289441501956193,0.5628977422239898,0.00015203898068239758
down,0.06,1.6,30.0,0.175,0.8,False,ok,True,1.1201888833660474,0.6159913667648793,0.00015305763384739916
down,0.06,1.6,30.0,0.175,1.0,False,ok,True,1.210854862837636,0.6333181112917164,0.0001534448314558334
down,0.06,1.6,30.0,0.2,0.5,False,ok,True,0.8848610433474162,0.535895704750691,0.00015203888749158167
down,0.06,1.6,30.0,0.2,0.8,False,ok,True,1.0821019994098362,0.584113349274327,0.000153057123530687
down,0.06,1.6,30.0,0.2,1.0,False,ok,True,1.1622681328328017,0.5946708886292061,0.00015344292127886328
down,0.06,1.8,0.0,0.125,0.5,False,ok,True,1.4597517396749444,1.0784244919054777,0.0001520391786157661
down,0.06,1.8,0.0,0.125,0.8,False,ok,True,1.4175333267347856,1.0369058052907867,0.00015305781498988144
down,0.06,1.8,0.0,0.125,1.0,False,ok,True,1.4305352959884268,1.0365088941469394,0.00015344461574971733
down,0.06,1.8,0.0,0.15,0.5,False,ok,True,1.3622312174406679,1.040487977733497,0.00015203910174374933
down,0.06,1.8,0.0,0.15,0.8,False,ok,True,1.3869398254460867,1.0536556510814272,0.0001530577910354419
down,0.06,1.8,0.0,0.15,1.0,False,ok,True,1.404754811812945,1.0635211380102931,0.00015344486456404845
down,0.06,1.8,0.0,0.175,0.5,False,ok,True,1.3714606884618366,1.0769778356998796,0.00015203924597939137
down,0.06,1.8,0.0,0.175,0.8,False,ok,True,1.325289107775456,1.047843419881525,0.00015305805295133664
down,0.06,1.8,0.0,0.175,1.0,False,ok,True,1.3272324004849738,1.0470423471247723,0.00015344539352675108
down,0.06,1.8,0.0,0.2,0.5,False,ok,True,1.3030233358618528,1.0544561336557101,0.0001520389790101504
down,0.06,1.8,0.0,0.2,0.8,False,ok,True,1.2924684549586791,1.0500090799477133,0.00015305835292890734
down,0.06,1.8,0.0,0.2,1.0,False,ok,True,1.2964719086134229,1.0498730117390038,0.00015344662035570193
down,0.06,1.8,15.0,0.125,0.5,False,ok,True,1.1529950123675237,0.8130052334738741,0.00015203917898706155
down,0.06,1.8,15.0,0.125,0.8,False,ok,True,1.168254404331442,0.8157390415226445,0.00015305781586874616
down,0.06,1.8,15.0,0.125,1.0,False,ok,True,1.1676766563488015,0.8079533145127697,0.00015344461666977718
down,0.06,1.8,15.0,0.15,0.5,False,ok,True,1.0980559150628884,0.7989879473166721,0.00015203908652349754
down,0.06,1.8,15.0,0.15,0.8,False,ok,True,1.1021698048088675,0.7850887241652149,0.00015305777455710087
down,0.06,1.8,15.0,0.15,1.0,False,ok,True,1.1190852717734983,0.810608902308904,0.00015344486102133388
down,0.06,1.8,15.0,0.175,0.5,False,ok,True,1.0428757027591358,0.778125926949355,0.00015203907137136175
down,0.06,1.8,15.0,0.175,0.8,False,ok,True,1.0413984538852177,0.7761204752159868,0.00015305780387205246
down,0.06,1.8,15.0,0.175,1.0,False,ok,True,1.0464338224067948,0.7828919281369213,0.00015344516662320963
down,0.06,1.8,15.0,0.2,0.5,False,ok,True,0.9861339575140012,0.7685952425418457,0.00015203922044989524
down,0.06,1.8,15.0,0.2,0.8,False,ok,True,1.0112473686913868,0.7743988375084031,0.00015305814750664755
down,0.06,1.8,15.0,0.2,1.0,False,ok,True,0.9718579493499827,0.7432541733896912,0.00015344616915246003
down,0.06,1.8,30.0,0.125,0.5,False,ok,True,1.1005740977982807,0.7701632747648268,0.00015203917941110484
down,0.06,1.8,30.0,0.125,0.8,False,ok,True,1.2912613042839143,0.8196712345936542,0.00015305781627784933
down,0.06,1.8,30.0,0.125,1.0,False,ok,True,1.4356845846726478,0.8135221009832218,0.0001534446171304993
down,0.06,1.8,30.0,0.15,0.5,False,ok,True,1.0282456152416972,0.7216527515763035,0.00015203908627855215
down,0.06,1.8,30.0,0.15,0.8,False,ok,True,1.2848894177370416,0.7598459371271932,0.0001530577749444571
down,0.06,1.8,30.0,0.15,1.0,False,ok,True,1.404573467757871,0.7603828853822897,0.00015344486596630114
down,0.06,1.8,30.0,0.175,0.5,False,ok,True,1.0076112661292267,0.6820410471550028,0.00015203898497485839
down,0.06,1.8,30.0,0.175,0.8,False,ok,True,1.2383578494622065,0.6890678359096843,0.0001530577572819875
down,0.06,1.8,30.0,0.175,1.0,False,ok,True,1.3369138661252926,0.7148380100868518,0.00015344514470951213
down,0.06,1.8,30.0,0.2,0.5,False,ok,True,0.9876419139248934,0.6318874830205842,0.00015203887379357613
down,0.06,1.8,30.0,0.2,0.8,False,ok,True,1.1954308566067315,0.6454838361955708,0.0001530575972100269
down,0.06,1.8,30.0,0.2,1.0,False,ok,True,1.280140710902897,0.6648928949220846,0.0001534456657476276
down,0.06,2.0,0.0,0.125,0.5,False,ok,True,1.470635863309164,1.0588749486204307,0.00015203919457155372
down,0.06,2.0,0.0,0.125,0.8,False,ok,True,1.4374516310569192,1.0449381022257636,0.00015305783687780835
down,0.06,2.0,0.0,0.125,1.0,False,ok,True,1.42198421713708,1.0340481954038483,0.0001534446355664386
down,0.06,2.0,0.0,0.15,0.5,False,ok,True,1.378343839648027,1.048609720484832,0.00015203918447508543
down,0.06,2.0,0.0,0.15,0.8,False,ok,True,1.4253346133276268,1.0744909816068342,0.00015305802392497116
down,0.06,2.0,0.0,0.15,1.0,False,ok,True,1.3786507998895903,1.0470353873487208,0.0001534452044637772
down,0.06,2.0,0.0,0.175,0.5,False,ok,True,1.316757895858046,1.0398498235571862,0.00015203888829950008
down,0.06,2.0,0.0,0.175,0.8,False,ok,True,1.3044852163539549,1.033747374112284,0.0001530580484537372
down,0.06,2.0,0.0,0.175,1.0,False,ok,True,1.3085079100567514,1.045071828212691,0.00015344596722398517
down,0.06,2.0,0.0,0.2,0.5,False,ok,True,1.3341800978144653,1.080357334726507,0.00015202225939139397
down,0.06,2.0,0.0,0.2,0.8,False,ok,True,1.3241363876393761,1.0682799159727243,0.00015304372214304014
down,0.06,2.0,0.0,0.2,1.0,False,ok,True,1.2756052595454146,1.0409741086361288,0.00015343199814663372
down,0.06,2.0,15.0,0.125,0.5,False,ok,True,1.2434911792090644,0.8876650057643741,0.0001520391853318433
down,0.06,2.0,15.0,0.125,0.8,False,ok,True,1.3002188706648774,0.8904362727653656,0.00015305782233529267
down,0.06,2.0,15.0,0.125,1.0,False,ok,True,1.2437859109822464,0.9459416889584066,0.00015344461664854495
down,0.06,2.0,15.0,0.15,0.5,False,ok,True,1.1901247108286332,0.8759164524095425,0.00015203920148486533
down,0.06,2.0,15.0,0.15,0.8,False,ok,True,1.1600485183216933,0.8894618741742507,0.00015305794286183
down,0.06,2.0,15.0,0.15,1.0,False,ok,True,1.1615679999855748,0.8696982333365227,0.00015344504774503622
down,0.06,2.0,15.0,0.175,0.5,False,ok,True,1.1177008024434598,0.8628282035009799,0.00015203947835247243
down,0.06,2.0,15.0,0.175,0.8,False,ok,True,1.1429871496466764,0.8699926561481638,0.0001530584676043842
down,0.06,2.0,15.0,0.175,1.0,False,ok,True,1.1092816233010432,0.849370640224303,0.00015344619043822772
down,0.06,2.0,15.0,0.2,0.5,False,ok,True,1.077154763831785,0.8493007811952347,0.00015203190235155313
down,0.06,2.0,15.0,0.2,0.8,False,ok,True,1.0759625722095982,0.8514694386108049,0.00015305037848647004
down,0.06,2.0,15.0,0.2,1.0,False,ok,True,1.0511309502859345,0.8344533231570381,0.000153437906260778
down,0.06,2.0,30.0,0.125,0.5,False,ok,True,1.1929176429183677,0.8676399238107436,0.00015203917782841955
down,0.06,2.0,30.0,0.125,0.8,False,ok,True,1.3868084458859156,0.9822337236136968,0.00015305781693765238
down,0.06,2.0,30.0,0.125,1.0,False,ok,True,1.5422168171169042,0.9878855771557707,0.0001534446162000956
down,0.06,2.0,30.0,0.15,0.5,False,ok,True,1.0939776645633799,0.8409902359636886,0.00015203908590781051
down,0.06,2.0,30.0,0.15,0.8,False,ok,True,1.3640262291389762,0.903474749420611,0.00015305777062700883
down,0.06,2.0,30.0,0.15,1.0,False,ok,True,1.5146535807171653,0.9011793030694842,0.0001534448579588738
down,0.06,2.0,30.0,0.175,0.5,False,ok,True,1.0586642336602896,0.78541016986228,0.00015203911728438698
down,0.06,2.0,30.0,0.175,0.8,False,ok,True,1.3418695008775354,0.8486263835560757,0.00015305784738893014
down,0.06,2.0,30.0,0.175,1.0,False,ok,True,1.4451543163152507,0.8428169870822798,0.00015344527647584002
down,0.06,2.0,30.0,0.2,0.5,False,ok,True,1.0302822671465797,0.752909198659115,0.00015203883847602972
down,0.06,2.0,30.0,0.2,0.8,False,ok,True,1.2920300562286364,0.7635626942773129,0.00015305801756104062
down,0.06,2.0,30.0,0.2,1.0,False,ok,True,1.3910815487827155,0.7712461048070145,0.00015344598393991668
down,0.06,2.2,0.0,0.125,0.5,False,ok,True,1.4786339393128192,1.064617570139885,0.000152039188288078
down,0.06,2.2,0.0,0.125,0.8,False,ok,True,1.4456817907900303,1.040218273347454,0.00015305796298125892
down,0.06,2.2,0.0,0.125,1.0,False,ok,True,1.4300866998867887,1.0323300885505826,0.00015344485531504584
down,0.06,2.2,0.0,0.15,0.5,False,ok,True,1.3958465193022553,1.0595526734110032,0.00015203732624853404
down,0.06,2.2,0.0,0.15,0.8,False,ok,True,1.3915599373877128,1.0523928854378033,0.00015305705906724972
down,0.06,2.2,0.0,0.15,1.0,False,ok,True,1.414966046758091,1.0659691333846977,0.0001534445939618129
down,0.06,2.2,0.0,0.175,0.5,False,ok,True,1.330205368292815,1.0518713817359964,0.00015201944969328764
down,0.06,2.2,0.0,0.175,0.8,False,ok,True,1.3257279954846606,1.0439232194346217,0.00015303415451120312
down,0.06,2.2,0.0,0.175,1.0,False,ok,True,1.3126708384266408,1.0365980154717387,0.0001534260170024064
down,0.06,2.2,0.0,0.2,0.5,False,ok,True,1.2871203911633244,1.04821097408182,0.00015201856229697883
down,0.06,2.2,0.0,0.2,0.8,False,ok,True,1.3137794365972153,1.0624141599120773,0.00015301955226025327
down,0.06,2.2,0.0,0.2,1.0,False,ok,True,1.2759071955439243,1.0376780179450749,0.00015339617137463755
down,0.06,2.2,15.0,0.125,0.5,False,ok,True,1.3072898173701442,0.9372464151523046,0.00015203924114426298
down,0.06,2.2,15.0,0.125,0.8,False,ok,True,1.2724942390708165,1.0118999781001408,0.0001530579384468266
down,0.06,2.2,15.0,0.125,1.0,False,ok,True,1.3521461027106079,1.034784967548287,0.00015344475928035398
down,0.06,2.2,15.0,0.15,0.5,False,ok,True,1.212804429304915,0.9081960313479629,0.0001520390782184127
down,0.06,2.2,15.0,0.15,0.8,False,ok,True,1.2044843126518139,0.9857885325923479,0.00015305800256628925
down,0.06,2.2,15.0,0.15,1.0,False,ok,True,1.2510568153448178,0.9921248942864747,0.00015344541873640546
down,0.06,2.2,15.0,0.175,0.5,False,ok,True,1.142999595288099,0.8964122950481953,0.00015203038891665113
down,0.06,2.2,15.0,0.175,0.8,False,ok,True,1.1705508341543713,0.9034543461728206,0.00015304735110935246
down,0.06,2.2,15.0,0.175,1.0,False,ok,True,1.1695292075563495,0.9412173725978984,0.000153434827880917
down,0.06,2.2,15.0,0.2,0.5,False,ok,True,1.1009065982225292,0.8987288911805856,0.00015200655240789817
down,0.06,2.2,15.0,0.2,0.8,False,ok,True,1.1245777094281744,0.8980703826210469,0.00015301782495964717
down,0.06,2.2,15.0,0.2,1.0,False,ok,True,1.135520361206909,0.9072475057774312,0.0001533995494256763
down,0.06,2.2,30.0,0.125,0.5,False,ok,True,1.2946833792344068,0.8523002740872463,0.00015203918328066427
down,0.06,2.2,30.0,0.125,0.8,False,ok,True,1.4807566138898434,0.967976177155024,0.00015305781959695978
down,0.06,2.2,30.0,0.125,1.0,False,ok,True,1.6441964280238903,1.0198625004657536,0.00015344461783717037
down,0.06,2.2,30.0,0.15,0.5,False,ok,True,1.1891780137885402,0.8540044272947204,0.0001520391938356232
down,0.06,2.2,30.0,0.15,0.8,False,ok,True,1.447049148090074,0.9279214262609918,0.00015305792926412058
down,0.06,2.2,30.0,0.15,1.0,False,ok,True,1.609800864235077,0.9704959527606695,0.00015344499111241084
down,0.06,2.2,30.0,0.175,0.5,False,ok,True,1.1338509942428376,0.8301856756810378,0.00015203919297486536
down,0.06,2.2,30.0,0.175,0.8,False,ok,True,1.4341652649450134,0.88675698266543,0.00015305814227876375
down,0.06,2.2,30.0,0.175,1.0,False,ok,True,1.5638511608357875,0.9202899530863353,0.0001534458596494561
down,0.06,2.2,30.0,0.2,0.5,False,ok,True,1.1110987191346595,0.7802984640206845,0.00015203214734939703
down,0.06,2.2,30.0,0.2,0.8,False,ok,True,1.3885189135909437,0.8331344401220693,0.0001530515974873279
down,0.06,2.2,30.0,0.2,1.0,False,ok,True,1.4956891176579825,0.8724773959788655,0.00015343920998213748
down,0.06,2.4,0.0,0.125,0.5,False,ok,True,1.4827360391938487,1.0689858936718133,0.0001520372822618236
down,0.06,2.4,0.0,0.125,0.8,False,ok,True,1.425402425666393,1.0351660318810616,0.00015305613959312563
down,0.06,2.4,0.0,0.125,1.0,False,ok,True,1.440370385898012,1.036172468867286,0.00015344305441350562
down,0.06,2.4,0.0,0.15,0.5,False,ok,True,1.3940374721290227,1.0556203224466287,0.00015202457769026225
down,0.06,2.4,0.0,0.15,0.8,False,ok,True,1.4162225391647607,1.0679276641257283,0.00015304147259388642
down,0.06,2.4,0.0,0.15,1.0,False,ok,True,1.3644713897625276,1.0346989587672448,0.00015342685405209575
down,0.06,2.4,0.0,0.175,0.5,False,ok,True,1.3306379441796938,1.051589531700066,0.00015202320998665566
down,0.06,2.4,0.0,0.175,0.8,False,ok,True,1.3223977489572671,1.041826208037539,0.0001530175426711378
down,0.06,2.4,0.0,0.175,1.0,False,ok,True,1.3136000003059043,1.0378563776711032,0.00015338687142175297
down,0.06,2.4,0.0,0.2,0.5,False,ok,True,1.285599586618172,1.045026946196727,0.00015240721630917854
down,0.06,2.4,0.0,0.2,0.8,False,ok,True,1.2903379641348542,1.0473118320326174,0.00015341864612525473
down,0.06,2.4,0.0,0.2,1.0,False,ok,True,1.3155683893477865,1.065005335938617,0.00015368789405670116
down,0.06,2.4,15.0,0.125,0.5,False,ok,True,1.305617998236504,0.9370676115057912,0.00015203855537107414
down,0.06,2.4,15.0,0.125,0.8,False,ok,True,1.3464993907867193,1.0160881249058713,0.00015305737083003693
down,0.06,2.4,15.0,0.125,1.0,False,ok,True,1.4132130354809558,1.1030496552029185,0.00015344442258886652
down,0.06,2.4,15.0,0.15,0.5,False,ok,True,1.2206546480424452,0.9120833102059192,0.00015203097418464506
down,0.06,2.4,15.0,0.15,0.8,False,ok,True,1.251729983939598,0.9381893769274745,0.0001530472201988959
down,0.06,2.4,15.0,0.15,1.0,False,ok,True,1.2898015705529087,0.9531708946996027,0.00015343651803355923
down,0.06,2.4,15.0,0.175,0.5,False,ok,True,1.2206859592530077,0.9440573394159614,0.0001520055903586897
down,0.06,2.4,15.0,0.175,0.8,False,ok,True,1.1926430421024679,0.9329341169846994,0.00015301172092479785
down,0.06,2.4,15.0,0.175,1.0,False,ok,True,1.178367887336606,0.9318890706095992,0.00015338877699380536
down,0.06,2.4,15.0,0.2,0.5,False,ok,True,1.1803054090363136,0.945678629957254,0.00015215782338217092
down,0.06,2.4,15.0,0.2,0.8,False,ok,True,1.1586176187379353,0.929739464527537,0.00015319526304171367
down,0.06,2.4,15.0,0.2,1.0,False,ok,True,1.1327267818626463,0.907710427681198,0.000153566126400482
down,0.06,2.4,30.0,0.125,0.5,False,ok,True,1.3659757986372127,0.8373264402127897,0.00015203922273392934
down,0.06,2.4,30.0,0.125,0.8,False,ok,True,1.5846014129852466,0.9860870722021211,0.00015305788723777824
down,0.06,2.4,30.0,0.125,1.0,False,ok,True,1.7453069190233594,1.0470708110863114,0.00015344471278035818
down,0.06,2.4,30.0,0.15,0.5,False,ok,True,1.2777038996609893,0.784168467371286,0.00015203908148906552
down,0.06,2.4,30.0,0.15,0.8,False,ok,True,1.5375226394669486,0.9066611087311424,0.0001530579583946675
down,0.06,2.4,30.0,0.15,1.0,False,ok,True,1.701115276001277,0.9948818557480451,0.0001534453056722239
down,0.06,2.4,30.0,0.175,0.5,False,ok,True,1.1933012856426455,0.7455213036996865,0.0001520328798373531
down,0.06,2.4,30.0,0.175,0.8,False,ok,True,1.5101914191926848,0.8531124932413559,0.00015305057708678069
down,0.06,2.4,30.0,0.175,1.0,False,ok,True,1.6524330423154405,0.9272987084759139,0.0001534377000770524
down,0.06,2.4,30.0,0.2,0.5,False,ok,True,1.1726282332276385,0.726041219849536,0.00015201557844237421
down,0.06,2.4,30.0,0.2,0.8,False,ok,True,1.484407313017352,0.8272843285019221,0.00015302756136616386
down,0.06,2.4,30.0,0.2,1.0,False,ok,True,1.5962797982358967,0.899181775970217,0.00015341004953673716
down,0.06,2.6,0.0,0.125,0.5,False,ok,True,1.4702278423996666,1.0538017400864341,0.00015203390019961828
down,0.06,2.6,0.0,0.125,0.8,False,ok,True,1.4403159466548967,1.040208924464733,0.0001530474100641081
down,0.06,2.6,0.0,0.125,1.0,False,ok,True,1.4594997732755204,1.045516382025777,0.00015343134653175827
down,0.06,2.6,0.0,0.15,0.5,False,ok,True,1.3969614654226632,1.0576705178991703,0.00015203532365320029
down,0.06,2.6,0.0,0.15,0.8,False,ok,True,1.3655933218397356,1.0348090936247565,0.00015303142057482972
down,0.06,2.6,0.0,0.15,1.0,False,ok,True,1.3693473048755833,1.0361489446675067,0.00015340418029962104
down,0.06,2.6,0.0,0.175,0.5,False,ok,True,1.3336080827025734,1.0508562950870588,0.00015229412117794667
down,0.06,2.6,0.0,0.175,0.8,False,ok,True,1.3178364457848677,1.0375039097176975,0.00015330808434020645
down,0.06,2.6,0.0,0.175,1.0,False,ok,True,1.315864696435035,1.0381976484804563,0.00015368003889288629
down,0.06,2.6,0.0,0.2,0.5,False,ok,True,1.293032543060805,1.0510191348674645,0.00015329280227387154
down,0.06,2.6,0.0,0.2,0.8,False,ok,True,1.286105649337567,1.043113965174571,0.00015449971376492642
down,0.06,2.6,0.0,0.2,1.0,False,ok,True,1.3178531358260013,1.0660951461911998,0.00015496550373948065
down,0.06,2.6,15.0,0.125,0.5,False,ok,True,1.3847233290361218,0.9929982414660703,0.00015203483130614429
down,0.06,2.6,15.0,0.125,0.8,False,ok,True,1.361161833870267,0.9414309270341292,0.0001530510829494402
down,0.06,2.6,15.0,0.125,1.0,False,ok,True,1.4451674410388315,0.9693963126381461,0.00015343619667441199
down,0.06,2.6,15.0,0.15,0.5,False,ok,True,1.3058925697297668,0.9766802346343962,0.00015202179631641397
down,0.06,2.6,15.0,0.15,0.8,False,ok,True,1.3105373087412635,0.9499001896741776,0.0001530277865829524
down,0.06,2.6,15.0,0.15,1.0,False,ok,True,1.3321644530867476,0.9407810545917996,0.0001534053178006607
down,0.06,2.6,15.0,0.175,0.5,False,ok,True,1.2454895453772101,0.9673499468544716,0.00015217480731162056
down,0.06,2.6,15.0,0.175,0.8,False,ok,True,1.2632877692114433,0.9503460367488324,0.0001531316200837135
down,0.06,2.6,15.0,0.175,1.0,False,ok,True,1.3057301884462797,0.9350347794440361,0.00015350002649050734
down,0.06,2.6,15.0,0.2,0.5,False,ok,True,1.2069689584818357,0.9684264378743878,0.0001530237992135486
down,0.06,2.6,15.0,0.2,0.8,False,ok,True,1.1913031031740708,0.9410635254795098,0.00015399605872104714
down,0.06,2.6,15.0,0.2,1.0,False,ok,True,1.218175996731405,0.9605645338621703,0.00015442768524163191
down,0.06,2.6,30.0,0.125,0.5,False,ok,True,1.4101057481305073,0.8313003480041696,0.00015203893456568969
down,0.06,2.6,30.0,0.125,0.8,False,ok,True,1.6631770507797503,0.959416267736026,0.00015305756004019026
down,0.06,2.6,30.0,0.125,1.0,False,ok,True,1.8046822411222998,1.039754034749883,0.00015344454841733696
down,0.06,2.6,30.0,0.15,0.5,False,ok,True,1.3368375170951545,0.7950935578855041,0.00015203505468919668
down,0.06,2.6,30.0,0.15,0.8,False,ok,True,1.6272309618179845,0.9583881999642009,0.00015305288813663697
down,0.06,2.6,30.0,0.15,1.0,False,ok,True,1.803412908832513,1.012197682530197,0.0001534398879682529
down,0.06,2.6,30.0,0.175,0.5,False,ok,True,1.2918267433121557,0.787726076529561,0.00015201412598407816
down,0.06,2.6,30.0,0.175,0.8,False,ok,True,1.598305169683615,0.9101307157911998,0.0001530269473926559
down,0.06,2.6,30.0,0.175,1.0,False,ok,True,1.754950083628436,0.9612335100496573,0.0001534085055121149
down,0.06,2.6,30.0,0.2,0.5,False,ok,True,1.230817145128273,0.7599977361870834,0.00015211421542809852
down,0.06,2.6,30.0,0.2,0.8,False,ok,True,1.5376422202576288,0.8774826674146454,0.00015309396642026592
down,0.06,2.6,30.0,0.2,1.0,False,ok,True,1.6860676058626223,0.9056601763595798,0.00015347246341401466
down,0.06,2.8,0.0,0.125,0.5,False,ok,True,1.4876108120488367,1.0652263986597874,0.0001520516879539924
down,0.06,2.8,0.0,0.125,0.8,False,ok,True,1.4682628109155147,1.048321420857623,0.00015306141175476761
down,0.06,2.8,0.0,0.125,1.0,False,ok,True,1.449216525002499,1.0375850000871252,0.00015343746617175864
down,0.06,2.8,0.0,0.15,0.5,False,ok,True,1.4050090876739532,1.060274389837722,0.00015231046493719265
down,0.06,2.8,0.0,0.15,0.8,False,ok,True,1.3994256923771418,1.051638852715683,0.00015324123076524058
down,0.06,2.8,0.0,0.15,1.0,False,ok,True,1.4238521097894783,1.069098978745057,0.0001536161601577997
down,0.06,2.8,0.0,0.175,0.5,False,ok,True,1.3423788748437626,1.0566565828372598,0.00015333274039518275
down,0.06,2.8,0.0,0.175,0.8,False,ok,True,1.3163771140237035,1.0377161967561248,0.00015433406750119377
down,0.06,2.8,0.0,0.175,1.0,False,ok,True,1.359815515926813,1.065749194746756,0.00015483497629725353
down,0.06,2.8,0.0,0.2,0.5,False,ok,True,1.2974410700595618,1.05298494445338,0.0001532897985416572
down,0.06,2.8,0.0,0.2,0.8,False,ok,True,1.2857131527112664,1.0441575855021659,0.00015513447649337698
down,0.06,2.8,0.0,0.2,1.0,False,ok,True,1.315793736187044,1.063638976221816,0.00015594322433226253
down,0.06,2.8,15.0,0.125,0.5,False,ok,True,1.3729100844655917,0.9816238536774177,0.00015203905819245045
down,0.06,2.8,15.0,0.125,0.8,False,ok,True,1.4250243277098638,0.9780546982170134,0.0001530510255935355
down,0.06,2.8,15.0,0.125,1.0,False,ok,True,1.5654679965661686,0.9536562186112095,0.00015342814431828825
down,0.06,2.8,15.0,0.15,0.5,False,ok,True,1.3012277666303083,0.9754789684552301,0.00015211704886867788
down,0.06,2.8,15.0,0.15,0.8,False,ok,True,1.338731109313483,0.9705542926332079,0.0001531327808398885
down,0.06,2.8,15.0,0.15,1.0,False,ok,True,1.4578674929278002,0.9704347451437402,0.00015351046035747397
down,0.06,2.8,15.0,0.175,0.5,False,ok,True,1.2607721914239272,0.9792923182374957,0.00015275974991229028
down,0.06,2.8,15.0,0.175,0.8,False,ok,True,1.356541375992263,0.9703319187114169,0.00015392651189119746
down,0.06,2.8,15.0,0.175,1.0,False,ok,True,1.3415973856169114,0.9510412931848775,0.00015437599309822345
down,0.06,2.8,15.0,0.2,0.5,False,ok,True,1.2152075880031912,0.9786721315550392,0.00015382428466298903
down,0.06,2.8,15.0,0.2,0.8,False,ok,True,1.270378514525356,0.9661629559875019,0.000155194868106992
down,0.06,2.8,15.0,0.2,1.0,False,ok,True,1.2781531854706836,0.9508541488649416,0.00015583525259147392
down,0.06,2.8,30.0,0.125,0.5,False,ok,True,1.4608524275989245,0.8766437951789965,0.00015203658659528106
down,0.06,2.8,30.0,0.125,0.8,False,ok,True,1.7190896502208424,1.0351667248980614,0.0001530546718517136
down,0.06,2.8,30.0,0.125,1.0,False,ok,True,1.9062687426562746,1.1058291330755519,0.00015344098900975646
down,0.06,2.8,30.0,0.15,0.5,False,ok,True,1.4047904865173686,0.8342927948309404,0.00015202472474562832
down,0.06,2.8,30.0,0.15,0.8,False,ok,True,1.692590021131423,1.0076175258044517,0.0001530377932527925
down,0.06,2.8,30.0,0.15,1.0,False,ok,True,1.8787975998222808,1.0596332600081748,0.0001534201677856334
down,0.06,2.8,30.0,0.175,0.5,False,ok,True,1.3447847644832105,0.8312584266692393,0.00015206692688647105
down,0.06,2.8,30.0,0.175,0.8,False,ok,True,1.6745898271556217,0.9707636207262565,0.00015307794381102727
down,0.06,2.8,30.0,0.175,1.0,False,ok,True,1.856895750552894,1.018219478607005,0.0001534468149191141
down,0.06,2.8,30.0,0.2,0.5,False,ok,True,1.3065963411947836,0.8215388516535661,0.00015257783428328713
down,0.06,2.8,30.0,0.2,0.8,False,ok,True,1.651272733083752,0.945510171644461,0.0001536360450550397
down,0.06,2.8,30.0,0.2,1.0,False,ok,True,1.7862331687376198,0.969397956512233,0.0001540569028555182
down,0.06,3.0,0.0,0.125,0.5,False,ok,True,1.4912788339400327,1.0766912730370595,0.000152199437218415
down,0.06,3.0,0.0,0.125,0.8,False,ok,True,1.4834056556465163,1.0644215466178188,0.00015326994177258284
down,0.06,3.0,0.0,0.125,1.0,False,ok,True,1.4619934377502184,1.0494185498942286,0.00015358219618688725
down,0.06,3.0,0.0,0.15,0.5,False,ok,True,1.4102247335605678,1.0593024868074727,0.00015288730798251234
down,0.06,3.0,0.0,0.15,0.8,False,ok,True,1.3783841688049823,1.0387399098922216,0.000154176077974974
down,0.06,3.0,0.0,0.15,1.0,False,ok,True,1.37506742408784,1.0347934208102203,0.00015469330914462656
down,0.06,3.0,0.0,0.175,0.5,False,ok,True,1.3461402560061924,1.0569440232768879,0.0001536628271150093
down,0.06,3.0,0.0,0.175,0.8,False,ok,True,1.3172878025592958,1.0366833545250727,0.0001554846733460113
down,0.06,3.0,0.0,0.175,1.0,False,ok,True,1.3152908877602412,1.0334372286188946,0.0001563341512507158
down,0.06,3.0,0.0,0.2,0.5,False,ok,True,1.301558859588258,1.0550572169664392,0.00014682368839919705
down,0.06,3.0,0.0,0.2,0.8,False,ok,True,1.3432368196786297,1.0799151794344528,0.00014930878070220204
down,0.06,3.0,0.0,0.2,1.0,False,ok,True,1.285089402662883,1.043001089537031,0.0001500114905753808
down,0.06,3.0,15.0,0.125,0.5,False,ok,True,1.3671336807925225,0.9773137724577647,0.0001521122698505843
down,0.06,3.0,15.0,0.125,0.8,False,ok,True,1.6107501254499366,0.9704886866688596,0.00015312458074040632
down,0.06,3.0,15.0,0.125,1.0,False,ok,True,1.708309735831348,0.961276921640382,0.0001535094698086247
down,0.06,3.0,15.0,0.15,0.5,False,ok,True,1.3630731781528485,0.9904338668696399,0.00015258905424352635
down,0.06,3.0,15.0,0.15,0.8,False,ok,True,1.4425724360578955,0.9764701580943813,0.00015357756022453016
down,0.06,3.0,15.0,0.15,1.0,False,ok,True,1.5598722401276839,0.9632897838723472,0.00015401898454532435
down,0.06,3.0,15.0,0.175,0.5,False,ok,True,1.314494146999349,1.0016025556290384,0.00015378921549326382
down,0.06,3.0,15.0,0.175,0.8,False,ok,True,1.4759584651982829,0.9844173427876098,0.00015534202257981916
down,0.06,3.0,15.0,0.175,1.0,False,ok,True,1.4309581574234078,0.9625715320916394,0.00015601112281867532
down,0.06,3.0,15.0,0.2,0.5,False,ok,True,1.2748386844834891,0.9858079067575346,0.00015141740202611316
down,0.06,3.0,15.0,0.2,0.8,False,ok,True,1.4140550335011792,0.9848443552570981,0.00015266363854848295
down,0.06,3.0,15.0,0.2,1.0,False,ok,True,1.3671070062172581,0.9807635978504837,0.0001536628287395408
down,0.06,3.0,30.0,0.125,0.5,False,ok,True,1.5332053692735919,0.9342810489698175,0.00015203603327250886
down,0.06,3.0,30.0,0.125,0.8,False,ok,True,1.7917419652404605,1.0796816564562348,0.00015304953175388638
down,0.06,3.0,30.0,0.125,1.0,False,ok,True,2.0088139041245014,1.1650031884523864,0.0001534318608029092
down,0.06,3.0,30.0,0.15,0.5,False,ok,True,1.5482757611174756,0.8906217896243163,0.00015206032150288159
down,0.06,3.0,30.0,0.15,0.8,False,ok,True,1.758528591080886,1.0427662368524517,0.0001530506641071415
down,0.06,3.0,30.0,0.15,1.0,False,ok,True,1.9865337804881782,1.1339401960906301,0.0001534346466367922
down,0.06,3.0,30.0,0.175,0.5,False,ok,True,1.536581914268915,0.8616011001458562,0.00015242964062507058
down,0.06,3.0,30.0,0.175,0.8,False,ok,True,1.731011989832248,1.0162327419927741,0.00015348518681417456
down,0.06,3.0,30.0,0.175,1.0,False,ok,True,1.9331318530502735,1.0800791509263405,0.00015387977241281285
down,0.06,3.0,30.0,0.2,0.5,False,ok,True,1.4655027835446022,0.8493801684143273,0.0001533113522228127
down,0.06,3.0,30.0,0.2,0.8,False,ok,True,1.7117827634600025,0.9922289386162292,0.0001545987799258999
down,0.06,3.0,30.0,0.2,1.0,False,ok,True,1.8771267400033445,1.0281051989545171,0.00015516201225200754
down,0.08,0.4,0.0,0.125,0.5,False,ok,True,1.5661725925748908,1.0389260679615873,0.00015203916145419384
down,0.08,0.4,0.0,0.125,0.8,False,ok,True,1.2950647213865891,0.7605599342583307,0.00015305544640316533
down,0.08,0.4,0.0,0.125,1.0,False,ok,True,1.2983591120526576,0.7666039596483513,0.00015344459874568918
down,0.08,0.4,0.0,0.15,0.5,False,ok,True,1.9279420070903184,1.2078662908405935,0.0001520390325488349
down,0.08,0.4,0.0,0.15,0.8,False,ok,True,1.2571890450634375,0.6509404338069489,0.00015306030411667073
down,0.08,0.4,0.0,0.15,1.0,False,ok,True,1.2054776949784185,0.6671877626880399,0.00015344487313643073
down,0.08,0.4,0.0,0.175,0.5,False,ok,True,2.0728565633745304,1.3996889047381322,0.00015203934499150224
down,0.08,0.4,0.0,0.175,0.8,False,ok,True,1.1907556727483148,0.6149025167815255,0.00015306017212148056
down,0.08,0.4,0.0,0.175,1.0,False,ok,True,1.2984843244579063,0.5532861328789243,0.00015344515017856372
down,0.08,0.4,0.0,0.2,0.5,False,ok,True,1.9435106358478857,1.4474589424262625,0.0001520388606267862
down,0.08,0.4,0.0,0.2,0.8,False,ok,True,1.2000211172932655,0.8298372598695227,0.00015305527146129125
down,0.08,0.4,0.0,0.2,1.0,False,ok,True,1.6195777540613212,0.45842670267050833,0.00015344587522429925
down,0.08,0.4,15.0,0.125,0.5,False,ok,True,0.5848192332843668,0.32439692300108264,0.00015203915199441106
down,0.08,0.4,15.0,0.125,0.8,False,ok,True,0.5961134457622195,0.3513651504797652,0.00015305764467923638
down,0.08,0.4,15.0,0.125,1.0,False,ok,True,0.5749574632770509,0.37143959364101675,0.00015344461709042664
down,0.08,0.4,15.0,0.15,0.5,False,ok,True,0.5260680181582654,0.29266462405473137,0.0001520380494524014
down,0.08,0.4,15.0,0.15,0.8,False,ok,True,0.45947027799889756,0.2803452991648088,0.00015305780798660753
down,0.08,0.4,15.0,0.15,1.0,False,ok,True,0.475174236345637,0.2791586951276883,0.0001534448597473271
down,0.08,0.4,15.0,0.175,0.5,False,ok,True,0.47880884547045865,0.27206487305520605,0.00015203905186518427
down,0.08,0.4,15.0,0.175,0.8,False,ok,True,0.42873915726768014,0.271852794698272,0.00015305771910081533
down,0.08,0.4,15.0,0.175,1.0,False,ok,True,0.4333604287337753,0.262929216509543,0.00015344513364020976
down,0.08,0.4,15.0,0.2,0.5,False,ok,True,0.634790723196613,0.27004019082167696,0.00015203891672621218
down,0.08,0.4,15.0,0.2,0.8,False,ok,True,0.41683131763025033,0.2631748724361892,0.00015305831860558226
down,0.08,0.4,15.0,0.2,1.0,False,ok,True,0.4080552230402074,0.25775441295130397,0.00015344546890343493
down,0.08,0.4,30.0,0.125,0.5,False,ok,True,0.5904322782193937,0.3421493075158211,0.00015203909363883591
down,0.08,0.4,30.0,0.125,0.8,False,ok,True,0.5847860973063278,0.3342167061436249,0.00015305938818931954
down,0.08,0.4,30.0,0.125,1.0,False,ok,True,0.6053567372787239,0.3461945074353618,0.00015344465986598542
down,0.08,0.4,30.0,0.15,0.5,False,ok,True,0.5666511538152356,0.27563601279268873,0.0001520390509624711
down,0.08,0.4,30.0,0.15,0.8,False,ok,True,0.5935658797914382,0.2832922717033216,0.0001530558265479789
down,0.08,0.4,30.0,0.15,1.0,False,ok,True,0.6406417118755081,0.32473403402361944,0.00015344461056907764
down,0.08,0.4,30.0,0.175,0.5,False,ok,True,0.45790410137886506,0.25878993634970965,0.0001520406210952745
down,0.08,0.4,30.0,0.175,0.8,False,ok,True,0.6790941154259881,0.26915391690606627,0.0001530554909997721
down,0.08,0.4,30.0,0.175,1.0,False,ok,True,0.5855727538151635,0.305098030860742,0.00015344525341192162
down,0.08,0.4,30.0,0.2,0.5,False,ok,True,0.8180926117202891,0.2551852754644054,0.00015203887823407196
down,0.08,0.4,30.0,0.2,0.8,False,ok,True,0.5394694439323625,0.2719708898664364,0.0001530600471061114
down,0.08,0.4,30.0,0.2,1.0,False,ok,True,0.5873127727403264,0.2960416598199679,0.000153445047634399
down,0.08,0.6,0.0,0.125,0.5,False,ok,True,1.6432931062985265,1.0737049410841808,0.00015203917847967437
down,0.08,0.6,0.0,0.125,0.8,False,ok,True,1.5935714591534793,1.0284282131824,0.00015305782304453623
down,0.08,0.6,0.0,0.125,1.0,False,ok,True,1.529389352049995,1.010321054384434,0.0001534446235077525
down,0.08,0.6,0.0,0.15,0.5,False,ok,True,1.517584399639261,1.1312172418409692,0.0001520394527032611
down,0.08,0.6,0.0,0.15,0.8,False,ok,True,1.4057435108909648,0.8794035572191741,0.00015305708872298491
down,0.08,0.6,0.0,0.15,1.0,False,ok,True,1.410777779609449,0.8999307201514082,0.00015344487099345502
down,0.08,0.6,0.0,0.175,0.5,False,ok,True,1.7372181457627087,1.2478874289973405,0.00015203887187277323
down,0.08,0.6,0.0,0.175,0.8,False,ok,True,1.345535093425516,0.7710882937114717,0.00015305818702575548
down,0.08,0.6,0.0,0.175,1.0,False,ok,True,1.2948362625336076,0.8040297201619482,0.00015344511220914526
down,0.08,0.6,0.0,0.2,0.5,False,ok,True,1.795612580260064,1.2866117963781747,0.0001520378345742278
down,0.08,0.6,0.0,0.2,0.8,False,ok,True,1.2641357007829774,0.7871075819389847,0.00015306012170795185
down,0.08,0.6,0.0,0.2,1.0,False,ok,True,1.2349302086199951,0.7023047561205039,0.00015344544041610012
down,0.08,0.6,15.0,0.125,0.5,False,ok,True,0.7934910228894116,0.4400589094034992,0.00015203885919006294
down,0.08,0.6,15.0,0.125,0.8,False,ok,True,0.7867759686460164,0.44510176430357073,0.00015305751816162231
down,0.08,0.6,15.0,0.125,1.0,False,ok,True,0.7657851652646327,0.4491462559862686,0.00015344461619195673
down,0.08,0.6,15.0,0.15,0.5,False,ok,True,0.7186570600127172,0.4094252774392527,0.00015203900858627102
down,0.08,0.6,15.0,0.15,0.8,False,ok,True,0.7182082794077872,0.41317187929745885,0.00015305775265339478
down,0.08,0.6,15.0,0.15,1.0,False,ok,True,0.6882006276292886,0.4015435402998227,0.00015344486581458277
down,0.08,0.6,15.0,0.175,0.5,False,ok,True,0.7842017602512513,0.3618078004319216,0.00015203893460006835
down,0.08,0.6,15.0,0.175,0.8,False,ok,True,0.6596710014241091,0.37945952796900795,0.00015305765786675202
down,0.08,0.6,15.0,0.175,1.0,False,ok,True,0.6398759312734794,0.3748228645571097,0.0001534451336841188
down,0.08,0.6,15.0,0.2,0.5,False,ok,True,0.7626774459312128,0.35626179809819375,0.0001520391179157944
down,0.08,0.6,15.0,0.2,0.8,False,ok,True,0.7287739669031194,0.34247036273358133,0.00015305778052232582
down,0.08,0.6,15.0,0.2,1.0,False,ok,True,0.5778573636163544,0.3463808063672485,0.00015344544305423226
down,0.08,0.6,30.0,0.125,0.5,False,ok,True,0.8032353583120855,0.45457953633253034,0.00015203915957800432
down,0.08,0.6,30.0,0.125,0.8,False,ok,True,0.8052806360539374,0.45240120561709374,0.00015305811634938919
down,0.08,0.6,30.0,0.125,1.0,False,ok,True,0.8282186969032083,0.4874639795598733,0.0001534446697940629
down,0.08,0.6,30.0,0.15,0.5,False,ok,True,0.7250403661349092,0.396532588730963,0.00015203910775879237
down,0.08,0.6,30.0,0.15,0.8,False,ok,True,0.7197023784617236,0.41430064032822683,0.00015305675760650555
down,0.08,0.6,30.0,0.15,1.0,False,ok,True,0.7764841665910817,0.4463641758664967,0.00015344487719478808
down,0.08,0.6,30.0,0.175,0.5,False,ok,True,0.6630555364838171,0.371657350441713,0.00015203908526088093
down,0.08,0.6,30.0,0.175,0.8,False,ok,True,0.6563868977848013,0.37459233292907956,0.0001530576515172057
down,0.08,0.6,30.0,0.175,1.0,False,ok,True,0.7873652956219838,0.40553216640140116,0.0001534451464840412
down,0.08,0.6,30.0,0.2,0.5,False,ok,True,0.6741932051311524,0.36062560932773835,0.00015203879473809433
down,0.08,0.6,30.0,0.2,0.8,False,ok,True,0.5884807722596747,0.34189285268970904,0.00015305874290811764
down,0.08,0.6,30.0,0.2,1.0,False,ok,True,0.7513196008230612,0.3975784909982209,0.00015344542990158028
down,0.08,0.8,0.0,0.125,0.5,False,ok,True,1.709771199248112,1.205978487799242,0.00015203926747912554
down,0.08,0.8,0.0,0.125,0.8,False,ok,True,1.683626751864396,1.1588566021396658,0.0001530578196605433
down,0.08,0.8,0.0,0.125,1.0,False,ok,True,1.64198045597153,1.1395450907025202,0.00015344461714446615
down,0.08,0.8,0.0,0.15,0.5,False,ok,True,1.631773662851412,1.1272907305950233,0.00015203889314901626
down,0.08,0.8,0.0,0.15,0.8,False,ok,True,1.5942817766492716,1.0954614492076966,0.00015305778252187245
down,0.08,0.8,0.0,0.15,1.0,False,ok,True,1.534119768583869,1.070644517519905,0.00015344486216086348
down,0.08,0.8,0.0,0.175,0.5,False,ok,True,1.50622108574829,1.1569679890549063,0.0001520383289569638
down,0.08,0.8,0.0,0.175,0.8,False,ok,True,1.430494365298689,0.9934170933033657,0.00015305773358741443
down,0.08,0.8,0.0,0.175,1.0,False,ok,True,1.3978032686074076,0.9710766419744392,0.00015344514531466624
down,0.08,0.8,0.0,0.2,0.5,False,ok,True,1.6687988332726542,1.292672861255512,0.00015203733602334773
down,0.08,0.8,0.0,0.2,0.8,False,ok,True,1.3032436342832427,0.9362686171591306,0.00015305524552535708
down,0.08,0.8,0.0,0.2,1.0,False,ok,True,1.3441599392029189,0.9387601513726294,0.0001534479187785118
down,0.08,0.8,15.0,0.125,0.5,False,ok,True,0.8811956661298863,0.5441571039326357,0.0001520391327300516
down,0.08,0.8,15.0,0.125,0.8,False,ok,True,0.8998980366291045,0.5082362525450645,0.0001530576162236484
down,0.08,0.8,15.0,0.125,1.0,False,ok,True,0.8611859952852737,0.4926469254872572,0.0001534446221380358
down,0.08,0.8,15.0,0.15,0.5,False,ok,True,0.8531784716773584,0.46013278358434306,0.00015203887790833504
down,0.08,0.8,15.0,0.15,0.8,False,ok,True,0.8449965720426726,0.4648100340956898,0.00015305778058250812
down,0.08,0.8,15.0,0.15,1.0,False,ok,True,0.8456465430102761,0.47397688182730613,0.00015344487526328124
down,0.08,0.8,15.0,0.175,0.5,False,ok,True,0.8389573704445101,0.44515837010452364,0.00015203902657417857
down,0.08,0.8,15.0,0.175,0.8,False,ok,True,0.809747156395661,0.43692533906633174,0.00015305772975325192
down,0.08,0.8,15.0,0.175,1.0,False,ok,True,0.7690265585470426,0.42636510926011295,0.00015344514698734584
down,0.08,0.8,15.0,0.2,0.5,False,ok,True,0.7903871359833203,0.41683254469543657,0.00015203894513251444
down,0.08,0.8,15.0,0.2,0.8,False,ok,True,0.7718084466522702,0.40780570421917417,0.00015305770559559208
down,0.08,0.8,15.0,0.2,1.0,False,ok,True,0.7384167370513726,0.40605490959842105,0.00015344546122124107
down,0.08,0.8,30.0,0.125,0.5,False,ok,True,0.8928140764802825,0.5106049844968243,0.0001520391527451409
down,0.08,0.8,30.0,0.125,0.8,False,ok,True,0.898446141209313,0.5251291344646319,0.00015305795835576392
down,0.08,0.8,30.0,0.125,1.0,False,ok,True,0.9416228102774704,0.5486559338696272,0.000153444595259295
down,0.08,0.8,30.0,0.15,0.5,False,ok,True,0.8758436349806279,0.49021067722731604,0.00015203927174240058
down,0.08,0.8,30.0,0.15,0.8,False,ok,True,0.9448893716346813,0.5357780800940268,0.00015305768879311435
down,0.08,0.8,30.0,0.15,1.0,False,ok,True,0.9130843411413945,0.5275635765036515,0.0001534448732865753
down,0.08,0.8,30.0,0.175,0.5,False,ok,True,0.8091663629397873,0.45594831465616137,0.00015203897732778726
down,0.08,0.8,30.0,0.175,0.8,False,ok,True,0.8992193596838887,0.5022713800791134,0.0001530578035036715
down,0.08,0.8,30.0,0.175,1.0,False,ok,True,0.8769857652617253,0.500383247969725,0.00015344514945606476
down,0.08,0.8,30.0,0.2,0.5,False,ok,True,0.7809499310009256,0.4485445502042445,0.00015203832005687186
down,0.08,0.8,30.0,0.2,0.8,False,ok,True,0.8711923419377849,0.4825119445992746,0.00015305774808707683
down,0.08,0.8,30.0,0.2,1.0,False,ok,True,0.8320514319594466,0.46843473684272896,0.00015344565551342495
down,0.08,1.0,0.0,0.125,0.5,False,ok,True,1.7700998010526092,1.2278495675816403,0.00015203919692372982
down,0.08,1.0,0.0,0.125,0.8,False,ok,True,1.7083941361668034,1.197934822992314,0.00015305783605491156
down,0.08,1.0,0.0,0.125,1.0,False,ok,True,1.6961536943161157,1.1897933290826126,0.00015344461914050785
down,0.08,1.0,0.0,0.15,0.5,False,ok,True,1.7015493880336292,1.2320213929468267,0.00015203875602398865
down,0.08,1.0,0.0,0.15,0.8,False,ok,True,1.6430670069055349,1.1842123523892434,0.00015305548945643312
down,0.08,1.0,0.0,0.15,1.0,False,ok,True,1.6703832625526691,1.2026927231855482,0.00015344509017091063
down,0.08,1.0,0.0,0.175,0.5,False,ok,True,1.5513070398800977,1.1586948438638853,0.00015203894496212597
down,0.08,1.0,0.0,0.175,0.8,False,ok,True,1.5691323929593075,1.1435262044768753,0.00015305575203270228
down,0.08,1.0,0.0,0.175,1.0,False,ok,True,1.5968322916695088,1.1764539575919868,0.0001534432295808859
down,0.08,1.0,0.0,0.2,0.5,False,ok,True,1.446435164434179,1.1734576910538346,0.00015203789309884878
down,0.08,1.0,0.0,0.2,0.8,False,ok,True,1.4795778428159732,1.0942547383628038,0.00015305548165393492
down,0.08,1.0,0.0,0.2,1.0,False,ok,True,1.5008368658414692,1.1108425715819665,0.00015344322382875844
down,0.08,1.0,15.0,0.125,0.5,False,ok,True,0.9238542654016828,0.646736928594934,0.00015203920749530468
down,0.08,1.0,15.0,0.125,0.8,False,ok,True,0.9849478790165118,0.5698683024865229,0.00015305782897669402
down,0.08,1.0,15.0,0.125,1.0,False,ok,True,0.966709725485343,0.5615437153517445,0.00015344462413868914
down,0.08,1.0,15.0,0.15,0.5,False,ok,True,0.8907645509315276,0.49359299791247174,0.00015203883068697996
down,0.08,1.0,15.0,0.15,0.8,False,ok,True,0.9322348828340631,0.5226278488797412,0.00015305777872655672
down,0.08,1.0,15.0,0.15,1.0,False,ok,True,1.024647271140593,0.562551778653631,0.00015344487736307903
down,0.08,1.0,15.0,0.175,0.5,False,ok,True,0.8348816418194908,0.4489040651832685,0.00015203930638881934
down,0.08,1.0,15.0,0.175,0.8,False,ok,True,0.8882518626374124,0.4879295309892352,0.0001530578330683695
down,0.08,1.0,15.0,0.175,1.0,False,ok,True,0.9866892966798237,0.5392335744867599,0.0001534451992005566
down,0.08,1.0,15.0,0.2,0.5,False,ok,True,0.8120215383270514,0.42123502686452574,0.0001520378098246939
down,0.08,1.0,15.0,0.2,0.8,False,ok,True,0.8265404416516245,0.4430912041900425,0.0001530559719679206
down,0.08,1.0,15.0,0.2,1.0,False,ok,True,0.9405914466934441,0.5047860479830029,0.0001534452277401967
down,0.08,1.0,30.0,0.125,0.5,False,ok,True,0.9285810292516875,0.5400519931656631,0.00015203919018645344
down,0.08,1.0,30.0,0.125,0.8,False,ok,True,0.9542204986894754,0.5663050969128252,0.00015305782500237998
down,0.08,1.0,30.0,0.125,1.0,False,ok,True,0.9989807279204727,0.5894584335745606,0.0001534446146686389
down,0.08,1.0,30.0,0.15,0.5,False,ok,True,0.9217412629392551,0.5269410528802893,0.00015203902969576115
down,0.08,1.0,30.0,0.15,0.8,False,ok,True,0.9867902685038883,0.5644530554671998,0.00015305783435731987
down,0.08,1.0,30.0,0.15,1.0,False,ok,True,0.9664198867615055,0.5663178640208836,0.00015344486571935108
down,0.08,1.0,30.0,0.175,0.5,False,ok,True,0.8898324149254699,0.5051658575823066,0.0001520390058062935
down,0.08,1.0,30.0,0.175,0.8,False,ok,True,0.9412105971171925,0.5478336720179142,0.00015305781268845165
down,0.08,1.0,30.0,0.175,1.0,False,ok,True,0.9542847342059753,0.5560496056507067,0.00015344694191498363
down,0.08,1.0,30.0,0.2,0.5,False,ok,True,0.8761120246195898,0.496929818063333,0.00015203783682107985
down,0.08,1.0,30.0,0.2,0.8,False,ok,True,0.9377671714730144,0.5315244385985776,0.00015305533703139805
down,0.08,1.0,30.0,0.2,1.0,False,ok,True,0.9223667149734286,0.5323785570949272,0.0001534431577720233
down,0.08,1.2,0.0,0.125,0.5,False,ok,True,1.7983981153853696,1.2668191880130844,0.00015203917971401908
down,0.08,1.2,0.0,0.125,0.8,False,ok,True,1.7934018592792398,1.2534618838557219,0.00015305770887109147
down,0.08,1.2,0.0,0.125,1.0,False,ok,True,1.6980610890998284,1.1950142164887856,0.00015344445798756376
down,0.08,1.2,0.0,0.15,0.5,False,ok,True,1.6576472121845698,1.2084615714240392,0.00015203896984875877
down,0.08,1.2,0.0,0.15,0.8,False,ok,True,1.7062168562410693,1.2406361387221685,0.0001530577830834408
down,0.08,1.2,0.0,0.15,1.0,False,ok,True,1.6757424456669943,1.2231451705933762,0.00015344574975179493
down,0.08,1.2,0.0,0.175,0.5,False,ok,True,1.6252823033574184,1.2273580819961227,0.0001520390187948849
down,0.08,1.2,0.0,0.175,0.8,False,ok,True,1.604345729332956,1.2068523230074084,0.0001530579061088348
down,0.08,1.2,0.0,0.175,1.0,False,ok,True,1.5568229518169923,1.1785773409212268,0.00015344601440447399
down,0.08,1.2,0.0,0.2,0.5,False,ok,True,1.5347806463370863,1.2210591810225935,0.0001520398299477966
down,0.08,1.2,0.0,0.2,0.8,False,ok,True,1.5206704013812404,1.169577868182233,0.00015306001521070485
down,0.08,1.2,0.0,0.2,1.0,False,ok,True,1.5450228577246734,1.1849943208021683,0.0001534439264389358
down,0.08,1.2,15.0,0.125,0.5,False,ok,True,1.1046309690004468,0.7426761905537385,0.00015203916713387068
down,0.08,1.2,15.0,0.125,0.8,False,ok,True,1.1187094891013865,0.7321991493281109,0.00015305791923490093
down,0.08,1.2,15.0,0.125,1.0,False,ok,True,1.1217827756063714,0.7319190164602946,0.00015344465592519372
down,0.08,1.2,15.0,0.15,0.5,False,ok,True,1.0145060582447967,0.6688909138086335,0.00015203902364666167
down,0.08,1.2,15.0,0.15,0.8,False,ok,True,1.0358027284510556,0.6543968275812977,0.00015305660822426915
down,0.08,1.2,15.0,0.15,1.0,False,ok,True,1.1504414824048614,0.7199131264550177,0.0001534422095692241
down,0.08,1.2,15.0,0.175,0.5,False,ok,True,0.9447254792741967,0.6122857856753674,0.0001520377928405153
down,0.08,1.2,15.0,0.175,0.8,False,ok,True,0.9590232236225273,0.5928961675030795,0.0001530553128169406
down,0.08,1.2,15.0,0.175,1.0,False,ok,True,1.09200656925313,0.6758074044916703,0.0001534432521750362
down,0.08,1.2,15.0,0.2,0.5,False,ok,True,0.83477765996255,0.5244055309550099,0.00015204038259950968
down,0.08,1.2,15.0,0.2,0.8,False,ok,True,0.8965405156184121,0.5577231218123838,0.0001530556572729446
down,0.08,1.2,15.0,0.2,1.0,False,ok,True,1.0057580611935968,0.6288828599458905,0.0001534440680640736
down,0.08,1.2,30.0,0.125,0.5,False,ok,True,0.9503370968978619,0.5526993623934591,0.00015203929037898572
down,0.08,1.2,30.0,0.125,0.8,False,ok,True,0.9925094614532461,0.579956592387462,0.00015305780614864202
down,0.08,1.2,30.0,0.125,1.0,False,ok,True,1.1083518292871495,0.7551864415143862,0.0001534446293719437
down,0.08,1.2,30.0,0.15,0.5,False,ok,True,0.9444957351586762,0.5359833935019486,0.00015203908330589902
down,0.08,1.2,30.0,0.15,0.8,False,ok,True,1.0181349341896755,0.5929742031162262,0.00015305621305638552
down,0.08,1.2,30.0,0.15,1.0,False,ok,True,1.075318841232121,0.7005691798142839,0.00015344479808769468
down,0.08,1.2,30.0,0.175,0.5,False,ok,True,0.9015818613067332,0.507191725745436,0.00015203905258497462
down,0.08,1.2,30.0,0.175,0.8,False,ok,True,1.0036294046133478,0.5808209076245859,0.00015305605635275077
down,0.08,1.2,30.0,0.175,1.0,False,ok,True,1.0334088574156615,0.6320448239239423,0.0001534425917660715
down,0.08,1.2,30.0,0.2,0.5,False,ok,True,0.8923640106880509,0.49782702921408617,0.00015203883919247548
down,0.08,1.2,30.0,0.2,0.8,False,ok,True,1.0014788103549739,0.5728258059682925,0.00015305642748357934
down,0.08,1.2,30.0,0.2,1.0,False,ok,True,0.9857111437272253,0.6018590674356559,0.00015344459505203036
down,0.08,1.4,0.0,0.125,0.5,False,ok,True,1.8062504563584563,1.2630082834263654,0.00015203917960175372
down,0.08,1.4,0.0,0.125,0.8,False,ok,True,1.7874222601577037,1.2477867646361023,0.0001530578168290514
down,0.08,1.4,0.0,0.125,1.0,False,ok,True,1.7202237763731882,1.211961219412977,0.00015344461796711138
down,0.08,1.4,0.0,0.15,0.5,False,ok,True,1.7202504298208285,1.2550536839366826,0.00015203908848635786
down,0.08,1.4,0.0,0.15,0.8,False,ok,True,1.7142584820482896,1.2536963855491903,0.00015305753089456893
down,0.08,1.4,0.0,0.15,1.0,False,ok,True,1.6778825126424997,1.2284178725935997,0.00015344468966946916
down,0.08,1.4,0.0,0.175,0.5,False,ok,True,1.66494216950774,1.2595150958863335,0.00015203897272111195
down,0.08,1.4,0.0,0.175,0.8,False,ok,True,1.6341311854548628,1.2392070506642003,0.0001530567002879141
down,0.08,1.4,0.0,0.175,1.0,False,ok,True,1.6287692669592135,1.2400107117357286,0.00015344514723687085
down,0.08,1.4,0.0,0.2,0.5,False,ok,True,1.5948154975572484,1.2335749826962017,0.00015203972360366052
down,0.08,1.4,0.0,0.2,0.8,False,ok,True,1.555275504245868,1.2094028670569765,0.00015305989796590998
down,0.08,1.4,0.0,0.2,1.0,False,ok,True,1.5861631454869702,1.2317726275760703,0.00015344774414102974
down,0.08,1.4,15.0,0.125,0.5,False,ok,True,1.223141895066035,0.885706402958573,0.00015203927137449034
down,0.08,1.4,15.0,0.125,0.8,False,ok,True,1.2244702269039651,0.8725470144772624,0.00015305629615856983
down,0.08,1.4,15.0,0.125,1.0,False,ok,True,1.2491612457234935,0.9055244487589363,0.0001534445814799124
down,0.08,1.4,15.0,0.15,0.5,False,ok,True,1.1646027865502484,0.8599197397917657,0.00015203906875825706
down,0.08,1.4,15.0,0.15,0.8,False,ok,True,1.164433368425577,0.8392235439260433,0.0001530577053306767
down,0.08,1.4,15.0,0.15,1.0,False,ok,True,1.2937695474774864,0.8933824734732689,0.00015344374882435974
down,0.08,1.4,15.0,0.175,0.5,False,ok,True,1.0955338286366438,0.8147561766776246,0.00015203817270858047
down,0.08,1.4,15.0,0.175,0.8,False,ok,True,1.0589795276046408,0.7666608210184962,0.00015305833416334535
down,0.08,1.4,15.0,0.175,1.0,False,ok,True,1.2128354949018065,0.85369393716337,0.000153445528358527
down,0.08,1.4,15.0,0.2,0.5,False,ok,True,0.9684322634608973,0.7134351005498084,0.00015203884827418994
down,0.08,1.4,15.0,0.2,0.8,False,ok,True,1.0062308027237297,0.7314758612081581,0.0001530600152089749
down,0.08,1.4,15.0,0.2,1.0,False,ok,True,1.1326760091291794,0.8064596446886618,0.0001534475347389395
down,0.08,1.4,30.0,0.125,0.5,False,ok,True,0.9842222253990468,0.5806294986537028,0.00015203922894159748
down,0.08,1.4,30.0,0.125,0.8,False,ok,True,1.100831763166294,0.612759103577043,0.00015305831823223697
down,0.08,1.4,30.0,0.125,1.0,False,ok,True,1.2267824772738276,0.663904609963361,0.00015344431007068398
down,0.08,1.4,30.0,0.15,0.5,False,ok,True,0.9570484163568226,0.5462118507788162,0.00015203909022963987
down,0.08,1.4,30.0,0.15,0.8,False,ok,True,1.0563816804019472,0.5893685336046102,0.00015306032081463162
down,0.08,1.4,30.0,0.15,1.0,False,ok,True,1.2107809228556696,0.6522146702584392,0.00015344266379002392
down,0.08,1.4,30.0,0.175,0.5,False,ok,True,0.9540267400243725,0.5364738545969657,0.0001520390022597981
down,0.08,1.4,30.0,0.175,0.8,False,ok,True,1.0686970071405548,0.5903533567277806,0.00015305794097604113
down,0.08,1.4,30.0,0.175,1.0,False,ok,True,1.1986418152654017,0.6344206813209564,0.00015344727282061915
down,0.08,1.4,30.0,0.2,0.5,False,ok,True,0.9164915750869632,0.5192547522018695,0.0001520387580399761
down,0.08,1.4,30.0,0.2,0.8,False,ok,True,1.029445255510567,0.5664870704485752,0.00015305894499763496
down,0.08,1.4,30.0,0.2,1.0,False,ok,True,1.1441759485054923,0.5948399412809902,0.00015344699034447397
down,0.08,1.6,0.0,0.125,0.5,False,ok,True,1.7624225468330637,1.243084803435319,0.00015203917944356366
down,0.08,1.6,0.0,0.125,0.8,False,ok,True,1.7216057035076073,1.2112039296639554,0.00015305781647230704
down,0.08,1.6,0.0,0.125,1.0,False,ok,True,1.7228151343874802,1.2219115608789424,0.00015344461771602417
down,0.08,1.6,0.0,0.15,0.5,False,ok,True,1.6752325085159445,1.2381572769621496,0.00015203908714319977
down,0.08,1.6,0.0,0.15,0.8,False,ok,True,1.6650654193878833,1.2217626566762985,0.00015305777161581398
down,0.08,1.6,0.0,0.15,1.0,False,ok,True,1.6626493801429585,1.2244498021338728,0.0001534448577352555
down,0.08,1.6,0.0,0.175,0.5,False,ok,True,1.6431528771601092,1.2582128955034817,0.00015203898443019563
down,0.08,1.6,0.0,0.175,0.8,False,ok,True,1.598009382317205,1.2205599056311218,0.00015305777075179784
down,0.08,1.6,0.0,0.175,1.0,False,ok,True,1.6384927754627523,1.2469448040377866,0.00015344486574284775
down,0.08,1.6,0.0,0.2,0.5,False,ok,True,1.5939818475794547,1.2487938316985747,0.0001520388803559669
down,0.08,1.6,0.0,0.2,0.8,False,ok,True,1.5995367157538078,1.2523212166071271,0.00015305650059900777
down,0.08,1.6,0.0,0.2,1.0,False,ok,True,1.5795773275452478,1.236716756667899,0.00015344595575169168
down,0.08,1.6,15.0,0.125,0.5,False,ok,True,1.3571297013572623,1.0260180067576186,0.00015203917956037994
down,0.08,1.6,15.0,0.125,0.8,False,ok,True,1.3472324634619564,1.0113006443040327,0.0001530581456696774
down,0.08,1.6,15.0,0.125,1.0,False,ok,True,1.3231333859215246,0.9993819433129206,0.00015344461730771892
down,0.08,1.6,15.0,0.15,0.5,False,ok,True,1.2752505543753927,0.9881827084482007,0.000152039118906295
down,0.08,1.6,15.0,0.15,0.8,False,ok,True,1.2473039225182043,0.9552241498687983,0.00015305774861915997
down,0.08,1.6,15.0,0.15,1.0,False,ok,True,1.389213652180422,0.9900130400599427,0.0001534445649387325
down,0.08,1.6,15.0,0.175,0.5,False,ok,True,1.2201684280201897,0.9668279987434202,0.00015203926675012435
down,0.08,1.6,15.0,0.175,0.8,False,ok,True,1.1744863406047616,0.9186389699669029,0.00015305561163952847
down,0.08,1.6,15.0,0.175,1.0,False,ok,True,1.2954655363978131,0.9490409689455542,0.00015344744394311713
down,0.08,1.6,15.0,0.2,0.5,False,ok,True,1.125417313790699,0.9041485781586704,0.00015203895313617216
down,0.08,1.6,15.0,0.2,0.8,False,ok,True,1.1268946624607659,0.9045880157177255,0.00015306008794018183
down,0.08,1.6,15.0,0.2,1.0,False,ok,True,1.2370345180359208,0.9323909912252051,0.00015344694967636078
down,0.08,1.6,30.0,0.125,0.5,False,ok,True,1.0618725522198607,0.5601902000944988,0.00015203987270382666
down,0.08,1.6,30.0,0.125,0.8,False,ok,True,1.2112737984087465,0.6680824296071515,0.00015305712438442098
down,0.08,1.6,30.0,0.125,1.0,False,ok,True,1.3444364904103252,0.754489411299309,0.00015344461768245404
down,0.08,1.6,30.0,0.15,0.5,False,ok,True,0.9372928115632754,0.5530974641954008,0.00015203908594238103
down,0.08,1.6,30.0,0.15,0.8,False,ok,True,1.141996173841915,0.6491837287070295,0.00015305798175409418
down,0.08,1.6,30.0,0.15,1.0,False,ok,True,1.2844576355882331,0.7069643703305489,0.00015344486699755811
down,0.08,1.6,30.0,0.175,0.5,False,ok,True,0.9078569626475792,0.5356007242374303,0.00015203897922225014
down,0.08,1.6,30.0,0.175,0.8,False,ok,True,1.1512038219507126,0.632275177157732,0.00015305773064617118
down,0.08,1.6,30.0,0.175,1.0,False,ok,True,1.3208994521382664,0.7140144221631226,0.00015344503191141545
down,0.08,1.6,30.0,0.2,0.5,False,ok,True,0.8705431503318172,0.5192520318751358,0.00015203888904455375
down,0.08,1.6,30.0,0.2,0.8,False,ok,True,1.153183856478151,0.6219040742071211,0.00015305703317096406
down,0.08,1.6,30.0,0.2,1.0,False,ok,True,1.2961744744386603,0.6900596613511928,0.00015344313332893612
down,0.08,1.8,0.0,0.125,0.5,False,ok,True,1.791486635909347,1.2583307266990973,0.00015203917869146497
down,0.08,1.8,0.0,0.125,0.8,False,ok,True,1.7404901961686192,1.2314883298770358,0.00015305781445095173
down,0.08,1.8,0.0,0.125,1.0,False,ok,True,1.7544013913584553,1.226919408177525,0.00015344461479737057
down,0.08,1.8,0.0,0.15,0.5,False,ok,True,1.676404816265827,1.2360759869798768,0.00015203911186317207
down,0.08,1.8,0.0,0.15,0.8,False,ok,True,1.6504235027557217,1.2165764514998794,0.00015305779688542948
down,0.08,1.8,0.0,0.15,1.0,False,ok,True,1.7117976831073978,1.2534222542097162,0.00015344486885682774
down,0.08,1.8,0.0,0.175,0.5,False,ok,True,1.663883385752137,1.2670175844008145,0.00015203937658861148
down,0.08,1.8,0.0,0.175,0.8,False,ok,True,1.6138872487996054,1.2304117344143073,0.0001530582220507908
down,0.08,1.8,0.0,0.175,1.0,False,ok,True,1.6110686132208634,1.2326933330348138,0.0001534455406188192
down,0.08,1.8,0.0,0.2,0.5,False,ok,True,1.578252680288289,1.2428774241772786,0.00015203917227210159
down,0.08,1.8,0.0,0.2,0.8,False,ok,True,1.564324070373722,1.2305739773025943,0.00015305942460946642
down,0.08,1.8,0.0,0.2,1.0,False,ok,True,1.5667751600233641,1.2343510561246505,0.00015344743597607213
down,0.08,1.8,15.0,0.125,0.5,False,ok,True,1.468990828517698,1.1492446464111101,0.00015203917676830713
down,0.08,1.8,15.0,0.125,0.8,False,ok,True,1.371743049929077,1.0496109220618277,0.00015305737881387158
down,0.08,1.8,15.0,0.125,1.0,False,ok,True,1.3704791550584494,1.0527249135380345,0.0001534446071595647
down,0.08,1.8,15.0,0.15,0.5,False,ok,True,1.3534511478859834,1.0687991696755414,0.00015203908318865749
down,0.08,1.8,15.0,0.15,0.8,False,ok,True,1.3127674843954633,1.0332524249293011,0.0001530577863392681
down,0.08,1.8,15.0,0.15,1.0,False,ok,True,1.4594453958242735,1.0559370111433526,0.00015344229148951425
down,0.08,1.8,15.0,0.175,0.5,False,ok,True,1.267649249141345,1.0133143158193139,0.00015203892905233266
down,0.08,1.8,15.0,0.175,0.8,False,ok,True,1.2624064262028751,1.0224316619626634,0.00015305694192794056
down,0.08,1.8,15.0,0.175,1.0,False,ok,True,1.4175693843218053,1.0616619875059425,0.00015344379520262298
down,0.08,1.8,15.0,0.2,0.5,False,ok,True,1.2471425862424175,1.03244824690754,0.00015203948846006696
down,0.08,1.8,15.0,0.2,0.8,False,ok,True,1.2001048901152884,1.0010066748036757,0.00015305836725326526
down,0.08,1.8,15.0,0.2,1.0,False,ok,True,1.3335476207922732,1.03057616936384,0.000153446479957469
down,0.08,1.8,30.0,0.125,0.5,False,ok,True,1.114135992498991,0.6750502649188559,0.0001520388054818628
down,0.08,1.8,30.0,0.125,0.8,False,ok,True,1.3731992690961692,0.7488163696044733,0.00015305781627412724
down,0.08,1.8,30.0,0.125,1.0,False,ok,True,1.438016954022186,0.8235281930702222,0.00015344461733305442
down,0.08,1.8,30.0,0.15,0.5,False,ok,True,1.0313451806148615,0.6309745319784354,0.00015203908640132864
down,0.08,1.8,30.0,0.15,0.8,False,ok,True,1.2278581525851873,0.7079502562808929,0.00015305768185366428
down,0.08,1.8,30.0,0.15,1.0,False,ok,True,1.4357302892117147,0.8038137683299608,0.00015344486441959821
down,0.08,1.8,30.0,0.175,0.5,False,ok,True,1.0086473007498251,0.5789018053902634,0.0001520389861822443
down,0.08,1.8,30.0,0.175,0.8,False,ok,True,1.2481194373162805,0.7038593907984071,0.0001530577489534402
down,0.08,1.8,30.0,0.175,1.0,False,ok,True,1.4459428026005414,0.7957272669058708,0.00015344514819660702
down,0.08,1.8,30.0,0.2,0.5,False,ok,True,0.9219603702406582,0.5711122727682844,0.0001520389907480309
down,0.08,1.8,30.0,0.2,0.8,False,ok,True,1.2643823470290552,0.7026292594661585,0.0001530575302553701
down,0.08,1.8,30.0,0.2,1.0,False,ok,True,1.2762541302565862,0.6862197077284584,0.0001534458372016019
down,0.08,2.0,0.0,0.125,0.5,False,ok,True,1.8034423374677977,1.2533927394067563,0.00015203920433906598
down,0.08,2.0,0.0,0.125,0.8,False,ok,True,1.7679879039917035,1.22820389617927,0.00015305785167402168
down,0.08,2.0,0.0,0.125,1.0,False,ok,True,1.7440369396751583,1.2177032074140937,0.00015344465418054576
down,0.08,2.0,0.0,0.15,0.5,False,ok,True,1.6915989400178002,1.2479058259717255,0.0001520393529618865
down,0.08,2.0,0.0,0.15,0.8,False,ok,True,1.6596385856414533,1.216196648034366,0.00015305813899842754
down,0.08,2.0,0.0,0.15,1.0,False,ok,True,1.6401726921037025,1.2085458728215932,0.0001534453854119982
down,0.08,2.0,0.0,0.175,0.5,False,ok,True,1.601476399135354,1.2256886596493328,0.00015203835477906833
down,0.08,2.0,0.0,0.175,0.8,False,ok,True,1.5902494072148976,1.2154755064608347,0.00015305764883998723
down,0.08,2.0,0.0,0.175,1.0,False,ok,True,1.5893820535929095,1.2167820562386242,0.00015344572780263437
down,0.08,2.0,0.0,0.2,0.5,False,ok,True,1.6079999631948496,1.2636824283366608,0.00015201826749469522
down,0.08,2.0,0.0,0.2,0.8,False,ok,True,1.600227403269391,1.2556849367403975,0.00015303519161603528
down,0.08,2.0,0.0,0.2,1.0,False,ok,True,1.5431108413070531,1.218484882704839,0.0001534228871332392
down,0.08,2.0,15.0,0.125,0.5,False,ok,True,1.5694470440200705,1.247557521610266,0.00015203919256735467
down,0.08,2.0,15.0,0.125,0.8,False,ok,True,1.4342951240043245,1.1175861228923225,0.00015305782595502663
down,0.08,2.0,15.0,0.125,1.0,False,ok,True,1.4068929600859132,1.0915840264774257,0.0001534446201381635
down,0.08,2.0,15.0,0.15,0.5,False,ok,True,1.4991959163127497,1.2077037446415408,0.00015203929705201005
down,0.08,2.0,15.0,0.15,0.8,False,ok,True,1.3701906971177051,1.0993373173984664,0.0001530580271823569
down,0.08,2.0,15.0,0.15,1.0,False,ok,True,1.5166122400902868,1.1040077668392476,0.00015344515706171353
down,0.08,2.0,15.0,0.175,0.5,False,ok,True,1.3433588707327069,1.0995506043634278,0.00015203936952939192
down,0.08,2.0,15.0,0.175,0.8,False,ok,True,1.3252634300311603,1.0897563142665485,0.0001530586011395312
down,0.08,2.0,15.0,0.175,1.0,False,ok,True,1.4490648646954187,1.0958290451280253,0.00015344655904343777
down,0.08,2.0,15.0,0.2,0.5,False,ok,True,1.306697777394541,1.1078158597309167,0.00015202711240332474
down,0.08,2.0,15.0,0.2,0.8,False,ok,True,1.270327641402932,1.0697930704701148,0.0001530443833352464
down,0.08,2.0,15.0,0.2,1.0,False,ok,True,1.4098516771207679,1.093352586941621,0.00015343387925655433
down,0.08,2.0,30.0,0.125,0.5,False,ok,True,1.255953305707118,0.8360509946988328,0.00015203917868469267
down,0.08,2.0,30.0,0.125,0.8,False,ok,True,1.3579818520023264,0.8090210497415509,0.00015305781495117185
down,0.08,2.0,30.0,0.125,1.0,False,ok,True,1.5369050334016288,0.8881944376769648,0.0001534446155389808
down,0.08,2.0,30.0,0.15,0.5,False,ok,True,1.1249943159071933,0.8351440380924914,0.00015203908849633613
down,0.08,2.0,30.0,0.15,0.8,False,ok,True,1.3197157086442468,0.7782159730007808,0.00015305777419981413
down,0.08,2.0,30.0,0.15,1.0,False,ok,True,1.5379848560398686,0.8778157181153146,0.00015344485393327086
down,0.08,2.0,30.0,0.175,0.5,False,ok,True,1.0650456672486097,0.8411186888891922,0.00015203913478000963
down,0.08,2.0,30.0,0.175,0.8,False,ok,True,1.3370882083780409,0.7696364939249402,0.00015305789691411585
down,0.08,2.0,30.0,0.175,1.0,False,ok,True,1.555140239066053,0.8616200160385605,0.00015344538431035236
down,0.08,2.0,30.0,0.2,0.5,False,ok,True,1.0176096168314743,0.7862620421792599,0.00015203891971598765
down,0.08,2.0,30.0,0.2,0.8,False,ok,True,1.3486398867639064,0.7608293146094937,0.00015305794667828132
down,0.08,2.0,30.0,0.2,1.0,False,ok,True,1.5558252873654848,0.8465166196248598,0.00015344621643707977
down,0.08,2.2,0.0,0.125,0.5,False,ok,True,1.8176767282216675,1.2675883055629287,0.00015203919279438053
down,0.08,2.2,0.0,0.125,0.8,False,ok,True,1.7738289678780559,1.2318672671835291,0.00015305798992494842
down,0.08,2.2,0.0,0.125,1.0,False,ok,True,1.7580298673006158,1.218748392235824,0.0001534449439510033
down,0.08,2.2,0.0,0.15,0.5,False,ok,True,1.712153940362993,1.2547289843174803,0.00015203583688474853
down,0.08,2.2,0.0,0.15,0.8,False,ok,True,1.6978236209368327,1.2415677804003329,0.00015305609081528592
down,0.08,2.2,0.0,0.15,1.0,False,ok,True,1.6811228882758882,1.2285348028509022,0.0001534438446355398
down,0.08,2.2,0.0,0.175,0.5,False,ok,True,1.6150168580211592,1.2328892416348822,0.00015200900505022813
down,0.08,2.2,0.0,0.175,0.8,False,ok,True,1.6103154164550457,1.229601329303892,0.0001530285451529301
down,0.08,2.2,0.0,0.175,1.0,False,ok,True,1.593828315189277,1.220201028836833,0.0001534141179438191
down,0.08,2.2,0.0,0.2,0.5,False,ok,True,1.5579054716768759,1.2278961380852516,0.00015202971065974893
down,0.08,2.2,0.0,0.2,0.8,False,ok,True,1.5874705778015894,1.2477052773341881,0.00015302437384355654
down,0.08,2.2,0.0,0.2,1.0,False,ok,True,1.547188273743053,1.2180052639057912,0.00015338685842350474
down,0.08,2.2,15.0,0.125,0.5,False,ok,True,1.3677912983310165,1.0976012831107655,0.00015203922715272453
down,0.08,2.2,15.0,0.125,0.8,False,ok,True,1.408753124307834,1.0928833620701697,0.0001530579735381723
down,0.08,2.2,15.0,0.125,1.0,False,ok,True,1.649707134774322,1.142839040839003,0.00015344488175649877
down,0.08,2.2,15.0,0.15,0.5,False,ok,True,1.365143034533516,1.1154666000642162,0.00015203875567867159
down,0.08,2.2,15.0,0.15,0.8,False,ok,True,1.32679661915895,1.0487709570466428,0.00015305771286156818
down,0.08,2.2,15.0,0.15,1.0,False,ok,True,1.5481561569560465,1.131457252080355,0.00015344531637529564
down,0.08,2.2,15.0,0.175,0.5,False,ok,True,1.3205985649887801,1.0943647067728974,0.00015202315821695326
down,0.08,2.2,15.0,0.175,0.8,False,ok,True,1.3246505134685158,1.0903945824143395,0.00015304306244355703
down,0.08,2.2,15.0,0.175,1.0,False,ok,True,1.48009054147508,1.1283501794818456,0.00015342668759617685
down,0.08,2.2,15.0,0.2,0.5,False,ok,True,1.1815835676273467,0.9976992619937421,0.00015200741941558374
down,0.08,2.2,15.0,0.2,0.8,False,ok,True,1.2901736175195582,1.094517368027249,0.00015300421483507428
down,0.08,2.2,15.0,0.2,1.0,False,ok,True,1.444752049419654,1.1289050664833542,0.00015338157304293083
down,0.08,2.2,30.0,0.125,0.5,False,ok,True,1.3178227160725193,0.7365145849442766,0.00015203918636654554
down,0.08,2.2,30.0,0.125,0.8,False,ok,True,1.4371507602311828,0.8682434803465533,0.00015305651378603178
down,0.08,2.2,30.0,0.125,1.0,False,ok,True,1.6305899262744874,0.9565083992677267,0.00015344461800974324
down,0.08,2.2,30.0,0.15,0.5,False,ok,True,1.2193377782483596,0.7275299831826332,0.0001520391832617103
down,0.08,2.2,30.0,0.15,0.8,False,ok,True,1.4109367870303662,0.8503813562791207,0.00015305799857663358
down,0.08,2.2,30.0,0.15,1.0,False,ok,True,1.596402746791907,0.9197084929553613,0.00015344506724984875
down,0.08,2.2,30.0,0.175,0.5,False,ok,True,1.1164176722352819,0.7288824506378299,0.00015203883598034667
down,0.08,2.2,30.0,0.175,0.8,False,ok,True,1.4309662549847708,0.8415750701181889,0.00015305828684503272
down,0.08,2.2,30.0,0.175,1.0,False,ok,True,1.666993905504974,0.9454764676126999,0.00015344608214125187
down,0.08,2.2,30.0,0.2,0.5,False,ok,True,1.0396324004137982,0.7177454089213972,0.0001520331648027102
down,0.08,2.2,30.0,0.2,0.8,False,ok,True,1.4245977932253597,0.8478350032060719,0.0001530455460885177
down,0.08,2.2,30.0,0.2,1.0,False,ok,True,1.6510873708869815,0.910866911897371,0.00015343366285820975
down,0.08,2.4,0.0,0.125,0.5,False,ok,True,1.8165703478551047,1.2644340372897815,0.0001520367898458647
down,0.08,2.4,0.0,0.125,0.8,False,ok,True,1.7500768780877016,1.2154855715951725,0.00015305482430162754
down,0.08,2.4,0.0,0.125,1.0,False,ok,True,1.770423888611667,1.2222489286634581,0.00015344164676898937
down,0.08,2.4,0.0,0.15,0.5,False,ok,True,1.7117899730889345,1.2538363694377233,0.0001520168531024633
down,0.08,2.4,0.0,0.15,0.8,False,ok,True,1.7355498254600024,1.2654686307833705,0.00015303126030789135
down,0.08,2.4,0.0,0.15,1.0,False,ok,True,1.6690713401218131,1.2176200447704089,0.00015341615492105179
down,0.08,2.4,0.0,0.175,0.5,False,ok,True,1.6202047750693864,1.2326055879532156,0.00015203945393771204
down,0.08,2.4,0.0,0.175,0.8,False,ok,True,1.6062147680845815,1.226628404547888,0.0001530052985994582
down,0.08,2.4,0.0,0.175,1.0,False,ok,True,1.5995043447193602,1.2187372191642614,0.00015337533754281886
down,0.08,2.4,0.0,0.2,0.5,False,ok,True,1.5663590877992533,1.2405695660317384,0.00015266081735284927
down,0.08,2.4,0.0,0.2,0.8,False,ok,True,1.5602479947814454,1.2307259222591904,0.00015367784268439745
down,0.08,2.4,0.0,0.2,1.0,False,ok,True,1.5891174764443654,1.24501378918697,0.00015388690565250324
down,0.08,2.4,15.0,0.125,0.5,False,ok,True,1.1900767971397133,0.9592782632460017,0.0001520381310410827
down,0.08,2.4,15.0,0.125,0.8,False,ok,True,1.3742597066739082,1.0558345711526136,0.0001530569055895924
down,0.08,2.4,15.0,0.125,1.0,False,ok,True,1.64511389613028,1.1389154748549524,0.00015344396072469206
down,0.08,2.4,15.0,0.15,0.5,False,ok,True,1.1241208172590034,0.9160418574603233,0.00015203221389688225
down,0.08,2.4,15.0,0.15,0.8,False,ok,True,1.3865725439805716,1.1007847786650367,0.0001530441746276287
down,0.08,2.4,15.0,0.15,1.0,False,ok,True,1.5666990871144897,1.1439988688466591,0.00015342900196938194
down,0.08,2.4,15.0,0.175,0.5,False,ok,True,1.0939961270875707,0.8923776287234529,0.00015202205912842037
down,0.08,2.4,15.0,0.175,0.8,False,ok,True,1.3482274291581389,1.103002696344299,0.00015299724654482564
down,0.08,2.4,15.0,0.175,1.0,False,ok,True,1.5021131666603396,1.1392523418433644,0.00015337146752661147
down,0.08,2.4,15.0,0.2,0.5,False,ok,True,1.1071910835853624,0.9200385345993416,0.0001521702980130251
down,0.08,2.4,15.0,0.2,0.8,False,ok,True,1.460077844338582,1.142793671294223,0.00015329035737268466
down,0.08,2.4,15.0,0.2,1.0,False,ok,True,1.493560384351524,1.1687058797427647,0.0001536936539363329
down,0.08,2.4,30.0,0.125,0.5,False,ok,True,1.3654539162159791,0.7542719822993824,0.00015203915024620586
down,0.08,2.4,30.0,0.125,0.8,False,ok,True,1.5198468918399939,0.9309958987907228,0.000153057937418939
down,0.08,2.4,30.0,0.125,1.0,False,ok,True,1.7309622410163044,1.0308711368940422,0.00015344478515357017
down,0.08,2.4,30.0,0.15,0.5,False,ok,True,1.2391674126890813,0.7584219346815353,0.00015203869247571797
down,0.08,2.4,30.0,0.15,0.8,False,ok,True,1.491121886931442,0.9176794627303659,0.0001530579964867945
down,0.08,2.4,30.0,0.15,1.0,False,ok,True,1.7533805482062579,1.0291497177905498,0.0001534455551051507
down,0.08,2.4,30.0,0.175,0.5,False,ok,True,1.2560604911655606,0.8136165836727531,0.00015203207109241675
down,0.08,2.4,30.0,0.175,0.8,False,ok,True,1.5281541113981127,0.9379629263304129,0.00015304454331772213
down,0.08,2.4,30.0,0.175,1.0,False,ok,True,1.781049155571655,1.0089438676048834,0.00015343224111848114
down,0.08,2.4,30.0,0.2,0.5,False,ok,True,1.1379081583478705,0.9267901686008162,0.00015200380559946745
down,0.08,2.4,30.0,0.2,0.8,False,ok,True,1.5494894334986364,0.9187498595785378,0.00015301259223252168
down,0.08,2.4,30.0,0.2,1.0,False,ok,True,1.7542544832796303,0.975309659866403,0.00015339180871605252
down,0.08,2.6,0.0,0.125,0.5,False,ok,True,1.8038531077770619,1.2554479740019622,0.00015203174780715372
down,0.08,2.6,0.0,0.125,0.8,False,ok,True,1.7633321736048648,1.2228132696340872,0.00015304343527115468
down,0.08,2.6,0.0,0.125,1.0,False,ok,True,1.785363818618906,1.2322237673218877,0.00015342446433381845
down,0.08,2.6,0.0,0.15,0.5,False,ok,True,1.7080058510062697,1.2423814823191102,0.0001520458688252924
down,0.08,2.6,0.0,0.15,0.8,False,ok,True,1.667761326015164,1.2187699032229664,0.00015303851887252617
down,0.08,2.6,0.0,0.15,1.0,False,ok,True,1.6748794139349896,1.218828738323442,0.00015340603519505623
down,0.08,2.6,0.0,0.175,0.5,False,ok,True,1.6203995463454872,1.2333014329054022,0.0001524955262178703
down,0.08,2.6,0.0,0.175,0.8,False,ok,True,1.6010628156291493,1.2221708225157464,0.00015352538702079224
down,0.08,2.6,0.0,0.175,1.0,False,ok,True,1.6021426931044178,1.2188976536955023,0.00015389895424724898
down,0.08,2.6,0.0,0.2,0.5,False,ok,True,1.5653283800875644,1.2301131578393096,0.0001539003797801383
down,0.08,2.6,0.0,0.2,0.8,False,ok,True,1.5552145608473829,1.2254999237321513,0.00015521579142966334
down,0.08,2.6,0.0,0.2,1.0,False,ok,True,1.5915446219378837,1.2459195936472491,0.00015573003326353223
down,0.08,2.6,15.0,0.125,0.5,False,ok,True,1.1019502001570851,0.8205130592522577,0.00015203673374188968
down,0.08,2.6,15.0,0.125,0.8,False,ok,True,1.5121808934158754,1.1751784064945905,0.0001530476694660992
down,0.08,2.6,15.0,0.125,1.0,False,ok,True,1.4430390190359683,1.1055933979204275,0.00015343498624797932
down,0.08,2.6,15.0,0.15,0.5,False,ok,True,1.0947303946755087,0.8248416785389427,0.00015203675875744078
down,0.08,2.6,15.0,0.15,0.8,False,ok,True,1.4659998649689099,1.1677241543134436,0.00015301324437923684
down,0.08,2.6,15.0,0.15,1.0,False,ok,True,1.5753781076987656,1.1495790567684168,0.00015339113918355328
down,0.08,2.6,15.0,0.175,0.5,False,ok,True,1.0323573086127924,0.7743238360756953,0.00015212131083069288
down,0.08,2.6,15.0,0.175,0.8,False,ok,True,1.4432595331977207,1.1801089199064005,0.00015319395070239166
down,0.08,2.6,15.0,0.175,1.0,False,ok,True,1.5154819936388984,1.152663521202949,0.00015366532763827715
down,0.08,2.6,15.0,0.2,0.5,False,ok,True,1.0442393522781908,0.7739660668456363,0.00015255504093320427
down,0.08,2.6,15.0,0.2,0.8,False,ok,True,1.5041080091252566,1.1747559542645107,0.00015466883260346946
down,0.08,2.6,15.0,0.2,1.0,False,ok,True,1.4903559770613872,1.1696416180147062,0.00015516534021051863
down,0.08,2.6,30.0,0.125,0.5,False,ok,True,1.4555215363628289,0.8869904482062895,0.00015203792989416522
down,0.08,2.6,30.0,0.125,0.8,False,ok,True,1.581100472199294,0.9699328246553595,0.00015305748462910853
down,0.08,2.6,30.0,0.125,1.0,False,ok,True,1.8313601296953124,1.0952157961406777,0.00015344442457772717
down,0.08,2.6,30.0,0.15,0.5,False,ok,True,1.3144921654094424,0.8943048290125252,0.00015203254906971555
down,0.08,2.6,30.0,0.15,0.8,False,ok,True,1.5912861614981253,0.9810411202149782,0.0001530497366303903
down,0.08,2.6,30.0,0.15,1.0,False,ok,True,1.8527501195164096,1.0807431219612291,0.0001534375391282575
down,0.08,2.6,30.0,0.175,0.5,False,ok,True,1.2430011523697657,0.9599020699950115,0.00015200357230342956
down,0.08,2.6,30.0,0.175,0.8,False,ok,True,1.6209469945464043,0.9814348172476107,0.0001530089109447829
down,0.08,2.6,30.0,0.175,1.0,False,ok,True,1.878477875627815,1.0924189078148911,0.00015338783771996737
down,0.08,2.6,30.0,0.2,0.5,False,ok,True,1.185543234584055,0.9672493896006936,0.00015217340644150038
down,0.08,2.6,30.0,0.2,0.8,False,ok,True,1.6096250097053861,0.968656616681142,0.00015313601155732346
down,0.08,2.6,30.0,0.2,1.0,False,ok,True,1.8727888712470524,1.0576830085243172,0.00015350106364479064
down,0.08,2.8,0.0,0.125,0.5,False,ok,True,1.804944150578163,1.2561186221537315,0.00015206905127788817
down,0.08,2.8,0.0,0.125,0.8,False,ok,True,1.7858073193032578,1.241930443645275,0.00015307834976664963
down,0.08,2.8,0.0,0.125,1.0,False,ok,True,1.7655787777105596,1.2261990674931074,0.000153450292628834
down,0.08,2.8,0.0,0.15,0.5,False,ok,True,1.7176156848920812,1.2453779019018878,0.00015237499730088813
down,0.08,2.8,0.0,0.15,0.8,False,ok,True,1.7069532033989077,1.240013627355223,0.00015342283192037561
down,0.08,2.8,0.0,0.15,1.0,False,ok,True,1.6498422157779895,1.206365592234503,0.00015378074641623054
down,0.08,2.8,0.0,0.175,0.5,False,ok,True,1.6325577778544198,1.238552335978595,0.00015402091135437285
down,0.08,2.8,0.0,0.175,0.8,False,ok,True,1.6037354666041745,1.2185169785223136,0.00015504710638486243
down,0.08,2.8,0.0,0.175,1.0,False,ok,True,1.6514562233009584,1.247709889389914,0.00015565619735981168
down,0.08,2.8,0.0,0.2,0.5,False,ok,True,1.570822724161793,1.2329459668966978,0.00015297746553906012
down,0.08,2.8,0.0,0.2,0.8,False,ok,True,1.5572012843907765,1.2232234757100602,0.00015500141711946247
down,0.08,2.8,0.0,0.2,1.0,False,ok,True,1.5895505261488418,1.2431953399757538,0.00015641468430013596
down,0.08,2.8,15.0,0.125,0.5,False,ok,True,1.1157437157370391,0.8191896033795454,0.00015204335885737622
down,0.08,2.8,15.0,0.125,0.8,False,ok,True,1.5975168055538576,1.2360087371927282,0.00015304381585497598
down,0.08,2.8,15.0,0.125,1.0,False,ok,True,1.5088609129177741,1.1592675272572435,0.00015341679280238732
down,0.08,2.8,15.0,0.15,0.5,False,ok,True,1.1542987093135542,0.8516740175208659,0.00015211213413412968
down,0.08,2.8,15.0,0.15,0.8,False,ok,True,1.5538918822128553,1.230039523862465,0.0001531448771796511
down,0.08,2.8,15.0,0.15,1.0,False,ok,True,1.6353446756594785,1.182398008694793,0.00015360186680308375
down,0.08,2.8,15.0,0.175,0.5,False,ok,True,1.193892752240514,0.8765728329105115,0.0001525179994624016
down,0.08,2.8,15.0,0.175,0.8,False,ok,True,1.5375243006970898,1.2580701311765692,0.0001544837058816102
down,0.08,2.8,15.0,0.175,1.0,False,ok,True,1.5387268716023776,1.168837098674441,0.0001548674497397659
down,0.08,2.8,15.0,0.2,0.5,False,ok,True,1.2398594131565317,0.8773284285105187,0.00015249733444924944
down,0.08,2.8,15.0,0.2,0.8,False,ok,True,1.5226733634882188,1.1892755911144794,0.00015588744887121416
down,0.08,2.8,15.0,0.2,1.0,False,ok,True,1.5111445677775064,1.1812910682640856,0.00015674194326064693
down,0.08,2.8,30.0,0.125,0.5,False,ok,True,1.5340035814239978,0.9232059434962956,0.0001520342637714095
down,0.08,2.8,30.0,0.125,0.8,False,ok,True,1.6692272439676894,1.0275841600988846,0.00015305158274264263
down,0.08,2.8,30.0,0.125,1.0,False,ok,True,1.960812602275241,1.1808419508013845,0.00015343886792347063
down,0.08,2.8,30.0,0.15,0.5,False,ok,True,1.420804011641501,0.9957445559711348,0.00015203616703904805
down,0.08,2.8,30.0,0.15,0.8,False,ok,True,1.6692156082470413,1.0289357618191237,0.0001530247602853866
down,0.08,2.8,30.0,0.15,1.0,False,ok,True,1.9372975535246593,1.142564153773134,0.0001534034576909241
down,0.08,2.8,30.0,0.175,0.5,False,ok,True,1.290108398024445,0.9791955417575005,0.00015211728396238137
down,0.08,2.8,30.0,0.175,0.8,False,ok,True,1.7219917159638465,1.0541953645668798,0.0001531273526721031
down,0.08,2.8,30.0,0.175,1.0,False,ok,True,1.994943643983602,1.161562121541408,0.00015347249573044555
down,0.08,2.8,30.0,0.2,0.5,False,ok,True,1.265604375835671,0.9675958274100721,0.00015287223951934473
down,0.08,2.8,30.0,0.2,0.8,False,ok,True,1.7213932655411568,1.038234937660159,0.00015401442156090452
down,0.08,2.8,30.0,0.2,1.0,False,ok,True,1.9864196622954748,1.1355755339819544,0.00015443070553543885
down,0.08,3.0,0.0,0.125,0.5,False,ok,True,1.7665570290164931,1.248089426394791,0.0001523205835833678
down,0.08,3.0,0.0,0.125,0.8,False,ok,True,1.7177981018785198,1.2054966003123475,0.0001534334275970162
down,0.08,3.0,0.0,0.125,1.0,False,ok,True,1.775167586948918,1.2432050160159394,0.0001537189285540073
down,0.08,3.0,0.0,0.15,0.5,False,ok,True,1.7300858518502849,1.2597259158200411,0.00015337934714755846
down,0.08,3.0,0.0,0.15,0.8,False,ok,True,1.6867951390671798,1.2215155993659172,0.0001547955518762266
down,0.08,3.0,0.0,0.15,1.0,False,ok,True,1.677133881817591,1.2201546320378562,0.00015501381693700463
down,0.08,3.0,0.0,0.175,0.5,False,ok,True,1.633319901820892,1.2383182855292922,0.00015378701579722527
down,0.08,3.0,0.0,0.175,0.8,False,ok,True,1.6141838231865475,1.2230271790054745,0.00015590189327949352
down,0.08,3.0,0.0,0.175,1.0,False,ok,True,1.596908026775154,1.2163524569101494,0.00015694245951225922
down,0.08,3.0,0.0,0.2,0.5,False,ok,True,1.5698637454452211,1.2332463163552012,0.00014215880248663422
down,0.08,3.0,0.0,0.2,0.8,False,ok,True,1.6211398112965525,1.2662804698666812,0.00014410563180329455
down,0.08,3.0,0.0,0.2,1.0,False,ok,True,1.5566413132530124,1.2218711819130421,0.00014500349846033783
down,0.08,3.0,15.0,0.125,0.5,False,ok,True,1.247667868742651,0.8703659442451661,0.000152109153347729
down,0.08,3.0,15.0,0.125,0.8,False,ok,True,1.699851080237939,1.2798660990696251,0.00015320119747557083
down,0.08,3.0,15.0,0.125,1.0,False,ok,True,1.7049628739887641,1.3008239213721078,0.00015350346700947814
down,0.08,3.0,15.0,0.15,0.5,False,ok,True,1.2545773827011888,0.8897864821412523,0.00015238235192467382
down,0.08,3.0,15.0,0.15,0.8,False,ok,True,1.6801492454177658,1.2950301428976194,0.00015406911876228983
down,0.08,3.0,15.0,0.15,1.0,False,ok,True,1.6236742927964547,1.178198530274011,0.0001544895801417614
down,0.08,3.0,15.0,0.175,0.5,False,ok,True,1.3459178708298611,0.952834600303064,0.00015259467326051563
down,0.08,3.0,15.0,0.175,0.8,False,ok,True,1.5400688324629652,1.2438731093251827,0.00015680842679712773
down,0.08,3.0,15.0,0.175,1.0,False,ok,True,1.550056277964501,1.1755148747347204,0.00015684478287400667
down,0.08,3.0,15.0,0.2,0.5,False,ok,True,1.3703089232260006,0.9883614999303107,0.00014826510220772394
down,0.08,3.0,15.0,0.2,0.8,False,ok,True,1.5184835624890665,1.1900267380661174,0.00015209689602427661
down,0.08,3.0,15.0,0.2,1.0,False,ok,True,1.49345529890576,1.1719433007802722,0.0001516204991274445
down,0.08,3.0,30.0,0.125,0.5,False,ok,True,1.6705093305818581,0.965160643102832,0.00015205300523039481
down,0.08,3.0,30.0,0.125,0.8,False,ok,True,1.765463305027631,1.1028485331263571,0.000153046371311268
down,0.08,3.0,30.0,0.125,1.0,False,ok,True,2.0346283948464152,1.2304072260163654,0.00015342627871311367
down,0.08,3.0,30.0,0.15,0.5,False,ok,True,1.4633567013734596,1.0090325251305805,0.00015206598669005909
down,0.08,3.0,30.0,0.15,0.8,False,ok,True,1.7654393987255332,1.0990137045984938,0.00015307237721618854
down,0.08,3.0,30.0,0.15,1.0,False,ok,True,2.0366509391975414,1.2232079631499255,0.00015343991215237697
down,0.08,3.0,30.0,0.175,0.5,False,ok,True,1.3261696841162034,1.004342734318457,0.0001527001295177942
down,0.08,3.0,30.0,0.175,0.8,False,ok,True,1.7914554069647894,1.1016458131693967,0.0001538084647652164
down,0.08,3.0,30.0,0.175,1.0,False,ok,True,2.067602371460194,1.2167803093141212,0.0001542581295301723
down,0.08,3.0,30.0,0.2,0.5,False,ok,True,1.3375602815646022,0.9954485207168959,0.00015398023380506755
down,0.08,3.0,30.0,0.2,0.8,False,ok,True,1.8179294516539362,1.0979864275959157,0.00015534382727274825
down,0.08,3.0,30.0,0.2,1.0,False,ok,True,2.0714333524190245,1.218886627444086,0.00015598286144114198
down,0.1,0.4,0.0,0.125,0.5,False,ok,True,1.8533566169330133,1.1445652267941637,0.00015203916304620067
down,0.1,0.4,0.0,0.125,0.8,False,ok,True,1.6171916837523967,0.9735948302451812,0.0001530553256085436
down,0.1,0.4,0.0,0.125,1.0,False,ok,True,1.5926545152355496,1.0169502320157406,0.00015344461320211027
down,0.1,0.4,0.0,0.15,0.5,False,ok,True,1.660545433120592,1.1954880455461028,0.00015203910824474528
down,0.1,0.4,0.0,0.15,0.8,False,ok,True,1.5523899044250384,0.8537386541125817,0.00015305531394538716
down,0.1,0.4,0.0,0.15,1.0,False,ok,True,1.498176456010654,0.886047595499495,0.0001534450646114878
down,0.1,0.4,0.0,0.175,0.5,False,ok,True,2.35246496634287,1.3627783749288163,0.00015203894046317626
down,0.1,0.4,0.0,0.175,0.8,False,ok,True,1.3770088505962386,0.725078138154228,0.0001530552801272663
down,0.1,0.4,0.0,0.175,1.0,False,ok,True,1.3911147537599649,0.7778205748348194,0.0001534454161441597
down,0.1,0.4,0.0,0.2,0.5,False,ok,True,2.3856734379749245,1.559652979660818,0.00015203884463617544
down,0.1,0.4,0.0,0.2,0.8,False,ok,True,1.292890987364676,0.665316873847755,0.00015306014426671546
down,0.1,0.4,0.0,0.2,1.0,False,ok,True,1.3611743166136396,0.6613731797692287,0.00015344338594216084
down,0.1,0.4,15.0,0.125,0.5,False,ok,True,0.9986038928379051,0.41174338929001547,0.00015203918930361212
down,0.1,0.4,15.0,0.125,0.8,False,ok,True,0.7620873558573632,0.4225320304368503,0.000153057885313483
down,0.1,0.4,15.0,0.125,1.0,False,ok,True,0.7211234352698266,0.4065162138978074,0.00015344461739982127
down,0.1,0.4,15.0,0.15,0.5,False,ok,True,0.5900622469731803,0.3166282385371181,0.0001520388728256844
down,0.1,0.4,15.0,0.15,0.8,False,ok,True,0.6355813600305649,0.35191509513671526,0.00015305791488745075
down,0.1,0.4,15.0,0.15,1.0,False,ok,True,0.5996835097037289,0.3403098020692808,0.00015344486776269994
down,0.1,0.4,15.0,0.175,0.5,False,ok,True,0.8859897958744379,0.31752639785641085,0.00015203890977602487
down,0.1,0.4,15.0,0.175,0.8,False,ok,True,0.5051785095047536,0.30013013726843735,0.00015305724554407691
down,0.1,0.4,15.0,0.175,1.0,False,ok,True,0.5222560654147773,0.30619847580452947,0.00015344515396109262
down,0.1,0.4,15.0,0.2,0.5,False,ok,True,0.4903478125508607,0.26351330722689587,0.00015203876610586306
down,0.1,0.4,15.0,0.2,0.8,False,ok,True,0.47261012939507135,0.2784337350856093,0.00015305790039786486
down,0.1,0.4,15.0,0.2,1.0,False,ok,True,0.4876000441628934,0.29071605020350316,0.0001534454590398953
down,0.1,0.4,30.0,0.125,0.5,False,ok,True,0.788695154700343,0.43321598398395933,0.00015203913226706508
down,0.1,0.4,30.0,0.125,0.8,False,ok,True,0.7375434429947753,0.41303142202701437,0.00015305582709407704
down,0.1,0.4,30.0,0.125,1.0,False,ok,True,0.7308628220898881,0.40718989014758533,0.00015344463111052105
down,0.1,0.4,30.0,0.15,0.5,False,ok,True,0.6335527668411521,0.3477770020586803,0.00015203909146409674
down,0.1,0.4,30.0,0.15,0.8,False,ok,True,0.6075134902863181,0.35144835978640526,0.00015305878456146064
down,0.1,0.4,30.0,0.15,1.0,False,ok,True,0.6699381981191903,0.35483449983590126,0.00015344488752475977
down,0.1,0.4,30.0,0.175,0.5,False,ok,True,0.5742223991572666,0.34777558716700585,0.00015203898239810518
down,0.1,0.4,30.0,0.175,0.8,False,ok,True,1.2592981601355466,0.3514459746407086,0.00015306018520823284
down,0.1,0.4,30.0,0.175,1.0,False,ok,True,0.6644616866901405,0.3548316297855144,0.00015344512837397645
down,0.1,0.4,30.0,0.2,0.5,False,ok,True,0.5191132026321371,0.3477743614882574,0.0001520386457082512
down,0.1,0.4,30.0,0.2,0.8,False,ok,True,0.5831232530236908,0.3514437023119937,0.00015305529785600904
down,0.1,0.4,30.0,0.2,1.0,False,ok,True,0.6457692976936624,0.35482883295652534,0.0001534454001366872
down,0.1,0.6,0.0,0.125,0.5,False,ok,True,1.825466746384628,1.2445845322955784,0.00015203916104834493
down,0.1,0.6,0.0,0.125,0.8,False,ok,True,1.8296925833498827,1.1903789803783567,0.00015305742550843465
down,0.1,0.6,0.0,0.125,1.0,False,ok,True,1.8523437200703015,1.2250931187339222,0.0001534445999607317
down,0.1,0.6,0.0,0.15,0.5,False,ok,True,1.74907978065007,1.1946316479785735,0.0001520393163108048
down,0.1,0.6,0.0,0.15,0.8,False,ok,True,1.6974644189328438,1.0786362133248446,0.00015306022295751354
down,0.1,0.6,0.0,0.15,1.0,False,ok,True,1.6821743172859336,1.107141830425416,0.00015344484783027127
down,0.1,0.6,0.0,0.175,0.5,False,ok,True,1.697157978168905,1.2679631569238075,0.00015203905456409489
down,0.1,0.6,0.0,0.175,0.8,False,ok,True,1.594419404046282,0.9924134248774812,0.00015305761430420533
down,0.1,0.6,0.0,0.175,1.0,False,ok,True,1.5664457329672474,0.9976621895120769,0.0001534451194401729
down,0.1,0.6,0.0,0.2,0.5,False,ok,True,2.137233691524745,1.4372555559067777,0.00015204057487811797
down,0.1,0.6,0.0,0.2,0.8,False,ok,True,1.4271410090091092,0.8717492576607582,0.00015306017372938762
down,0.1,0.6,0.0,0.2,1.0,False,ok,True,1.4704585178429912,0.9263641719276807,0.00015344538485961953
down,0.1,0.6,15.0,0.125,0.5,False,ok,True,1.3806985260475406,0.47050885012906846,0.00015203982869582968
down,0.1,0.6,15.0,0.125,0.8,False,ok,True,0.9067440557703988,0.5071124368364396,0.00015305794936712892
down,0.1,0.6,15.0,0.125,1.0,False,ok,True,0.9206374595657185,0.5225994258376603,0.00015344462105074442
down,0.1,0.6,15.0,0.15,0.5,False,ok,True,1.0441656509783892,0.45658616835873306,0.00015203917414216686
down,0.1,0.6,15.0,0.15,0.8,False,ok,True,0.8615440679933458,0.47088503546323207,0.00015305765459529272
down,0.1,0.6,15.0,0.15,1.0,False,ok,True,0.8392231251574719,0.4649810956308895,0.000153444857855421
down,0.1,0.6,15.0,0.175,0.5,False,ok,True,0.7831102643327837,0.42275305802312807,0.00015203901084729024
down,0.1,0.6,15.0,0.175,0.8,False,ok,True,0.798333391996025,0.4323383057948202,0.00015305782395868476
down,0.1,0.6,15.0,0.175,1.0,False,ok,True,0.7604386037734955,0.4184244502075889,0.00015344514336704932
down,0.1,0.6,15.0,0.2,0.5,False,ok,True,0.7493962147451815,0.39735607502867876,0.00015203852634034962
down,0.1,0.6,15.0,0.2,0.8,False,ok,True,0.7391879737004776,0.40161217214323947,0.000153057707418336
down,0.1,0.6,15.0,0.2,1.0,False,ok,True,0.7229962587299514,0.40178183886871477,0.00015344545826676944
down,0.1,0.6,30.0,0.125,0.5,False,ok,True,0.9220767539693296,0.538275629629639,0.00015203909635842238
down,0.1,0.6,30.0,0.125,0.8,False,ok,True,0.9411220769508928,0.5393943760968366,0.00015305782737903077
down,0.1,0.6,30.0,0.125,1.0,False,ok,True,0.9121613806153692,0.5171160193091698,0.00015344461288338283
down,0.1,0.6,30.0,0.15,0.5,False,ok,True,0.7926309652951821,0.4260255099121143,0.0001520390330343415
down,0.1,0.6,30.0,0.15,0.8,False,ok,True,0.8323548990057424,0.4517791581409594,0.0001530576993798678
down,0.1,0.6,30.0,0.15,1.0,False,ok,True,0.8192284633604753,0.45564488709652223,0.0001534448864323112
down,0.1,0.6,30.0,0.175,0.5,False,ok,True,0.7482731173313829,0.3952871373012007,0.00015203941738891168
down,0.1,0.6,30.0,0.175,0.8,False,ok,True,0.7817656012874862,0.4202027983549345,0.0001530579218668473
down,0.1,0.6,30.0,0.175,1.0,False,ok,True,0.7221075401420427,0.40034811270954046,0.00015344512966418156
down,0.1,0.6,30.0,0.2,0.5,False,ok,True,0.7553605204848034,0.4027691208343001,0.00015203898172231624
down,0.1,0.6,30.0,0.2,0.8,False,ok,True,0.7316450326837765,0.39196035279094454,0.00015305764133048523
down,0.1,0.6,30.0,0.2,1.0,False,ok,True,0.6946096466055768,0.3874611746831473,0.00015344536962755206
down,0.1,0.8,0.0,0.125,0.5,False,ok,True,1.9553020028814336,1.3218990254508958,0.0001520391777343291
down,0.1,0.8,0.0,0.125,0.8,False,ok,True,1.9685994890702327,1.3245836126224944,0.00015305781648894837
down,0.1,0.8,0.0,0.125,1.0,False,ok,True,1.9248374351898876,1.3041427943259385,0.00015344461823159385
down,0.1,0.8,0.0,0.15,0.5,False,ok,True,1.8927001767027785,1.2911649909002627,0.00015203909878838077
down,0.1,0.8,0.0,0.15,0.8,False,ok,True,1.8482150880786443,1.2632384082824766,0.00015305546512305675
down,0.1,0.8,0.0,0.15,1.0,False,ok,True,1.8703169645142679,1.2885380381025375,0.00015344724530441892
down,0.1,0.8,0.0,0.175,0.5,False,ok,True,1.7732437706579587,1.2274295984922734,0.0001520389799119278
down,0.1,0.8,0.0,0.175,0.8,False,ok,True,1.7709996719819552,1.2102145703163587,0.00015305993990337007
down,0.1,0.8,0.0,0.175,1.0,False,ok,True,1.7197490992023767,1.1976157951755864,0.00015344762658765388
down,0.1,0.8,0.0,0.2,0.5,False,ok,True,1.7099275572498565,1.3027355474452025,0.00015203810261370476
down,0.1,0.8,0.0,0.2,0.8,False,ok,True,1.6017959668078736,1.0722493484391131,0.0001530598225537133
down,0.1,0.8,0.0,0.2,1.0,False,ok,True,1.6322519367221888,1.131279015244592,0.00015344545420593541
down,0.1,0.8,15.0,0.125,0.5,False,ok,True,1.0505838587126828,0.6222084010702073,0.00015203937531250278
down,0.1,0.8,15.0,0.125,0.8,False,ok,True,1.0446981202356673,0.6052621961300939,0.0001530577801617044
down,0.1,0.8,15.0,0.125,1.0,False,ok,True,1.0606470545851057,0.6156782798945581,0.00015344462031937738
down,0.1,0.8,15.0,0.15,0.5,False,ok,True,0.9180654023307755,0.4961165966282833,0.00015203949938403917
down,0.1,0.8,15.0,0.15,0.8,False,ok,True,0.9580839033825367,0.5305377634279931,0.00015305778585108812
down,0.1,0.8,15.0,0.15,1.0,False,ok,True,0.9411392290541339,0.5268495836720586,0.00015344486635688004
down,0.1,0.8,15.0,0.175,0.5,False,ok,True,0.8769993537151396,0.47141899480891275,0.00015203893113473706
down,0.1,0.8,15.0,0.175,0.8,False,ok,True,0.9190435845184525,0.5017485712386712,0.00015305770190427297
down,0.1,0.8,15.0,0.175,1.0,False,ok,True,0.9096011115085273,0.4956464371258624,0.00015344515520571795
down,0.1,0.8,15.0,0.2,0.5,False,ok,True,0.8763995209565172,0.46198740830143814,0.00015203890051335863
down,0.1,0.8,15.0,0.2,0.8,False,ok,True,0.8798697900457959,0.4661185790369506,0.00015305771935125313
down,0.1,0.8,15.0,0.2,1.0,False,ok,True,0.8421816816183461,0.45472575690678635,0.0001534454456191029
down,0.1,0.8,30.0,0.125,0.5,False,ok,True,1.159976526834536,0.749565187112963,0.00015203911569316265
down,0.1,0.8,30.0,0.125,0.8,False,ok,True,1.1171911692785719,0.7075646099843418,0.0001530578313455886
down,0.1,0.8,30.0,0.125,1.0,False,ok,True,1.1361467140069343,0.7226066303493335,0.0001534446156394983
down,0.1,0.8,30.0,0.15,0.5,False,ok,True,1.005503077667829,0.6131931908266901,0.00015203818801572512
down,0.1,0.8,30.0,0.15,0.8,False,ok,True,0.9946450901930819,0.5993095770635533,0.00015305809058273302
down,0.1,0.8,30.0,0.15,1.0,False,ok,True,1.00561709894072,0.5927936466482108,0.00015344484512990278
down,0.1,0.8,30.0,0.175,0.5,False,ok,True,0.9098391673613921,0.5365591181162686,0.00015203910276343367
down,0.1,0.8,30.0,0.175,0.8,False,ok,True,0.8934074528065442,0.511202039538259,0.00015305780036838063
down,0.1,0.8,30.0,0.175,1.0,False,ok,True,0.9177039519793747,0.5267878627397539,0.0001534451462323617
down,0.1,0.8,30.0,0.2,0.5,False,ok,True,0.8627928609335502,0.4636475669882948,0.00015203879279912774
down,0.1,0.8,30.0,0.2,0.8,False,ok,True,0.8471357924818268,0.47106754433840464,0.000153057572370994
down,0.1,0.8,30.0,0.2,1.0,False,ok,True,0.8358755180904038,0.46834400644218876,0.00015344547477254316
down,0.1,1.0,0.0,0.125,0.5,False,ok,True,2.0379824720797903,1.3772607895334807,0.0001520391865126094
down,0.1,1.0,0.0,0.125,0.8,False,ok,True,2.013109319479488,1.3686407420541722,0.00015305567663851413
down,0.1,1.0,0.0,0.125,1.0,False,ok,True,1.9860008306690076,1.3521014860816447,0.0001534446192583704
down,0.1,1.0,0.0,0.15,0.5,False,ok,True,1.977471655353776,1.396535757875779,0.00015203891796266688
down,0.1,1.0,0.0,0.15,0.8,False,ok,True,1.9231464037090313,1.3526754126814398,0.0001530599095900984
down,0.1,1.0,0.0,0.15,1.0,False,ok,True,1.8719599966607017,1.320623051172787,0.00015344687417764692
down,0.1,1.0,0.0,0.175,0.5,False,ok,True,1.8446527999684408,1.3249889977344014,0.00015203903877183874
down,0.1,1.0,0.0,0.175,0.8,False,ok,True,1.827857743518301,1.3120473412141638,0.00015305647616836105
down,0.1,1.0,0.0,0.175,1.0,False,ok,True,1.8531781047323497,1.3390216691688115,0.00015344273512024113
down,0.1,1.0,0.0,0.2,0.5,False,ok,True,1.762198313145936,1.2749210985599881,0.00015204034666225718
down,0.1,1.0,0.0,0.2,0.8,False,ok,True,1.7298716181958549,1.2584963390761064,0.00015306014909227396
down,0.1,1.0,0.0,0.2,1.0,False,ok,True,1.7443523962342242,1.2765641019671206,0.00015344305454182674
down,0.1,1.0,15.0,0.125,0.5,False,ok,True,1.2323371045283826,0.8348327198866563,0.000152039304234146
down,0.1,1.0,15.0,0.125,0.8,False,ok,True,1.248998505073872,0.8175902709978696,0.00015305718985448704
down,0.1,1.0,15.0,0.125,1.0,False,ok,True,1.2412516801869202,0.813652037887047,0.00015344460666195987
down,0.1,1.0,15.0,0.15,0.5,False,ok,True,1.121197670092861,0.739755309019814,0.0001520390971845429
down,0.1,1.0,15.0,0.15,0.8,False,ok,True,1.1313420031777337,0.7119219901381432,0.0001530577955895143
down,0.1,1.0,15.0,0.15,1.0,False,ok,True,1.144630479403473,0.7124413101604049,0.00015344487142390797
down,0.1,1.0,15.0,0.175,0.5,False,ok,True,0.9858450036212268,0.6308335724034198,0.00015203934205047082
down,0.1,1.0,15.0,0.175,0.8,False,ok,True,1.0044899587232718,0.6082536919323701,0.00015305796575468419
down,0.1,1.0,15.0,0.175,1.0,False,ok,True,1.0541633547648421,0.638464231143699,0.00015344523929020678
down,0.1,1.0,15.0,0.2,0.5,False,ok,True,0.8988951764731379,0.5379305162069857,0.00015203780928183073
down,0.1,1.0,15.0,0.2,0.8,False,ok,True,0.9545551651799064,0.5573901421993648,0.0001530567139133227
down,0.1,1.0,15.0,0.2,1.0,False,ok,True,0.921170724343672,0.5370248823426874,0.0001534455043201894
down,0.1,1.0,30.0,0.125,0.5,False,ok,True,1.2004876654518826,0.8215172464331255,0.00015203915521881875
down,0.1,1.0,30.0,0.125,0.8,False,ok,True,1.2354908720037001,0.8206658991212943,0.0001530578052307969
down,0.1,1.0,30.0,0.125,1.0,False,ok,True,1.1748212277903025,0.7833597736973202,0.00015344464669197203
down,0.1,1.0,30.0,0.15,0.5,False,ok,True,1.1135578237110315,0.7347732257036951,0.00015203915566512518
down,0.1,1.0,30.0,0.15,0.8,False,ok,True,1.121123930922452,0.7064589150535293,0.00015305742935879554
down,0.1,1.0,30.0,0.15,1.0,False,ok,True,1.089165850454321,0.6913727075678702,0.00015344486483558921
down,0.1,1.0,30.0,0.175,0.5,False,ok,True,1.0110406451724596,0.6291016864825674,0.00015203872543908945
down,0.1,1.0,30.0,0.175,0.8,False,ok,True,1.01650570759909,0.6052485644131053,0.00015305882202548885
down,0.1,1.0,30.0,0.175,1.0,False,ok,True,1.0046383113020256,0.601916289060332,0.00015344555443630973
down,0.1,1.0,30.0,0.2,0.5,False,ok,True,0.9046201227107681,0.528478456176527,0.00015203752434194803
down,0.1,1.0,30.0,0.2,0.8,False,ok,True,0.9470333270935155,0.5370146947476561,0.00015305661139549155
down,0.1,1.0,30.0,0.2,1.0,False,ok,True,0.9424471070576607,0.5358303910526235,0.0001534456028062338
down,0.1,1.2,0.0,0.125,0.5,False,ok,True,2.008368831562704,1.3797272764255217,0.00015203917954766834
down,0.1,1.2,0.0,0.125,0.8,False,ok,True,2.0028032555060142,1.3632389236609312,0.0001530577096825381
down,0.1,1.2,0.0,0.125,1.0,False,ok,True,1.9948494231905924,1.358017917149737,0.00015344446763383089
down,0.1,1.2,0.0,0.15,0.5,False,ok,True,1.9448456691804683,1.3827594456288073,0.00015203918146665304
down,0.1,1.2,0.0,0.15,0.8,False,ok,True,1.9487491217296684,1.38179642985665,0.00015305763575092042
down,0.1,1.2,0.0,0.15,1.0,False,ok,True,1.9668788892818412,1.3938025758898966,0.00015344419238273995
down,0.1,1.2,0.0,0.175,0.5,False,ok,True,1.9174382320679264,1.4005985060130652,0.0001520390201689879
down,0.1,1.2,0.0,0.175,0.8,False,ok,True,1.8704358021573284,1.3692224312062442,0.00015305788225444865
down,0.1,1.2,0.0,0.175,1.0,False,ok,True,1.89547204409472,1.387862858818213,0.00015344624027535992
down,0.1,1.2,0.0,0.2,0.5,False,ok,True,1.8410323806273106,1.371442753724153,0.00015203973344595306
down,0.1,1.2,0.0,0.2,0.8,False,ok,True,1.8479260712324757,1.3823067468205315,0.00015305947407548477
down,0.1,1.2,0.0,0.2,1.0,False,ok,True,1.7920607042900492,1.3439450519452576,0.00015344783935471152
down,0.1,1.2,15.0,0.125,0.5,False,ok,True,1.4259968469573097,1.0464517519212948,0.00015203884498227768
down,0.1,1.2,15.0,0.125,0.8,False,ok,True,1.4118539388718425,1.020760677015637,0.00015305780175137683
down,0.1,1.2,15.0,0.125,1.0,False,ok,True,1.4204410561154077,1.017992096673839,0.0001534445504852805
down,0.1,1.2,15.0,0.15,0.5,False,ok,True,1.3112901502498164,0.9649488713363702,0.00015203914200256834
down,0.1,1.2,15.0,0.15,0.8,False,ok,True,1.5763583097154539,1.0617258425080252,0.0001530600485434226
down,0.1,1.2,15.0,0.15,1.0,False,ok,True,1.3300473662168875,0.9577433699425897,0.00015344720545206
down,0.1,1.2,15.0,0.175,0.5,False,ok,True,1.1644130060228775,0.8497908243990538,0.00015203773039619404
down,0.1,1.2,15.0,0.175,0.8,False,ok,True,1.2228622929564932,0.8717731895501024,0.0001530601557999728
down,0.1,1.2,15.0,0.175,1.0,False,ok,True,1.1949426107579044,0.8570677748913919,0.0001534444876225902
down,0.1,1.2,15.0,0.2,0.5,False,ok,True,1.0884750846954336,0.8006866006776302,0.00015203826769011314
down,0.1,1.2,15.0,0.2,0.8,False,ok,True,1.0812202475891426,0.75655276581623,0.00015305576319508087
down,0.1,1.2,15.0,0.2,1.0,False,ok,True,1.0635221813562143,0.7459930732381264,0.00015344378766085715
down,0.1,1.2,30.0,0.125,0.5,False,ok,True,1.2372002523933878,0.8601856666819783,0.00015203897955246706
down,0.1,1.2,30.0,0.125,0.8,False,ok,True,1.2373684818433819,0.8495967007509355,0.0001530563555287481
down,0.1,1.2,30.0,0.125,1.0,False,ok,True,1.2145865827445508,0.8284500547945994,0.00015344420701994416
down,0.1,1.2,30.0,0.15,0.5,False,ok,True,1.1612242805900335,0.7840617954630209,0.00015203908792203407
down,0.1,1.2,30.0,0.15,0.8,False,ok,True,1.1787331802956966,0.7886850240842955,0.00015305719144688125
down,0.1,1.2,30.0,0.15,1.0,False,ok,True,1.1551615862319904,0.7685298761144469,0.00015344458610954537
down,0.1,1.2,30.0,0.175,0.5,False,ok,True,1.099402962716999,0.732344762338314,0.00015203903872028642
down,0.1,1.2,30.0,0.175,0.8,False,ok,True,1.0929497290988348,0.6857566800684455,0.0001530554208822403
down,0.1,1.2,30.0,0.175,1.0,False,ok,True,1.1086974257424638,0.6928623727445706,0.00015344389422369584
down,0.1,1.2,30.0,0.2,0.5,False,ok,True,0.9898277255804668,0.6364470348127356,0.0001520399053182336
down,0.1,1.2,30.0,0.2,0.8,False,ok,True,1.0577172924884188,0.6361221858639211,0.00015305581493901908
down,0.1,1.2,30.0,0.2,1.0,False,ok,True,1.0129322736845348,0.6100693044005342,0.00015344363019142757
down,0.1,1.4,0.0,0.125,0.5,False,ok,True,2.0137945343124533,1.3798237783269145,0.00015203917958856537
down,0.1,1.4,0.0,0.125,0.8,False,ok,True,2.003365122650312,1.36377099239849,0.0001530578168566972
down,0.1,1.4,0.0,0.125,1.0,False,ok,True,2.03315075996883,1.380083665199001,0.0001534446180334365
down,0.1,1.4,0.0,0.15,0.5,False,ok,True,1.935492791563996,1.3832453470377193,0.00015203908599673038
down,0.1,1.4,0.0,0.15,0.8,False,ok,True,1.9124170979155477,1.3648186991001394,0.00015305741418216305
down,0.1,1.4,0.0,0.15,1.0,False,ok,True,1.9657516280227865,1.3950941242705015,0.00015344461264528628
down,0.1,1.4,0.0,0.175,0.5,False,ok,True,1.857456921971308,1.3825400311120017,0.0001520389680230455
down,0.1,1.4,0.0,0.175,0.8,False,ok,True,1.8969808401164439,1.3954116328657593,0.00015305658648190465
down,0.1,1.4,0.0,0.175,1.0,False,ok,True,1.8772455421494045,1.3859096436639144,0.00015344515354826665
down,0.1,1.4,0.0,0.2,0.5,False,ok,True,1.8596135099930657,1.4120823113073093,0.00015203923481165355
down,0.1,1.4,0.0,0.2,0.8,False,ok,True,1.8146473332372752,1.3755170223518518,0.00015305982757838252
down,0.1,1.4,0.0,0.2,1.0,False,ok,True,1.837234155616129,1.3922142305025895,0.00015344769515639197
down,0.1,1.4,15.0,0.125,0.5,False,ok,True,1.545872725004704,1.1621092140642135,0.00015203951035704376
down,0.1,1.4,15.0,0.125,0.8,False,ok,True,1.5350835286752524,1.1396189008668118,0.0001530579628170732
down,0.1,1.4,15.0,0.125,1.0,False,ok,True,1.5159507029075379,1.1229105088290325,0.00015344475623613833
down,0.1,1.4,15.0,0.15,0.5,False,ok,True,1.4366038711300766,1.1050118010112697,0.00015203909946552173
down,0.1,1.4,15.0,0.15,0.8,False,ok,True,1.4710949852700428,1.1213079714881096,0.00015305755664120934
down,0.1,1.4,15.0,0.15,1.0,False,ok,True,1.4213176179472553,1.073049849580637,0.00015344238915479368
down,0.1,1.4,15.0,0.175,0.5,False,ok,True,1.3617269407807204,1.0678104947495528,0.0001520394402719803
down,0.1,1.4,15.0,0.175,0.8,False,ok,True,1.3457112170166943,1.04707175314808,0.00015305623375823704
down,0.1,1.4,15.0,0.175,1.0,False,ok,True,1.350193891950797,1.0427625090801007,0.0001534467254875781
down,0.1,1.4,15.0,0.2,0.5,False,ok,True,1.2796127576925123,1.0135649325782172,0.0001520385349472349
down,0.1,1.4,15.0,0.2,0.8,False,ok,True,1.214343761513282,0.9516779422149686,0.0001530597946783853
down,0.1,1.4,15.0,0.2,1.0,False,ok,True,1.272270962405428,1.0008733133611107,0.0001534477125827475
down,0.1,1.4,30.0,0.125,0.5,False,ok,True,1.2689706411695694,0.9016213870902688,0.00015203938173081314
down,0.1,1.4,30.0,0.125,0.8,False,ok,True,1.2765542403543753,0.8851893336937613,0.00015305796323305637
down,0.1,1.4,30.0,0.125,1.0,False,ok,True,1.2794177659396255,0.8921027026131753,0.0001534445929848943
down,0.1,1.4,30.0,0.15,0.5,False,ok,True,1.188505934895938,0.8257453505032497,0.00015203908431504475
down,0.1,1.4,30.0,0.15,0.8,False,ok,True,1.2355802012126715,0.8608322922322718,0.0001530584580354102
down,0.1,1.4,30.0,0.15,1.0,False,ok,True,1.1853422503977844,0.8104727864163683,0.0001534421810195325
down,0.1,1.4,30.0,0.175,0.5,False,ok,True,1.123811172986208,0.7784434348546484,0.00015203901279604466
down,0.1,1.4,30.0,0.175,0.8,False,ok,True,1.152949666311686,0.7895540870511961,0.00015305596397603493
down,0.1,1.4,30.0,0.175,1.0,False,ok,True,1.1555456493477947,0.797317245033419,0.00015344606974206464
down,0.1,1.4,30.0,0.2,0.5,False,ok,True,1.0934369270500166,0.7671468879057672,0.00015203872830075397
down,0.1,1.4,30.0,0.2,0.8,False,ok,True,1.0975279147919,0.7419318409002295,0.00015305974953816617
down,0.1,1.4,30.0,0.2,1.0,False,ok,True,1.179275896335049,0.7163717566982472,0.0001534478064550193
down,0.1,1.6,0.0,0.125,0.5,False,ok,True,2.0685965895406753,1.4126790597857972,0.0001520391794198307
down,0.1,1.6,0.0,0.125,0.8,False,ok,True,2.028755153500358,1.3756022229729865,0.00015305781646096682
down,0.1,1.6,0.0,0.125,1.0,False,ok,True,2.029286104324393,1.3749256622024555,0.00015344461772165156
down,0.1,1.6,0.0,0.15,0.5,False,ok,True,1.953819269882601,1.4024241905656203,0.00015203908657652066
down,0.1,1.6,0.0,0.15,0.8,False,ok,True,1.9475926319178085,1.3846801728232079,0.00015305777320129393
down,0.1,1.6,0.0,0.15,1.0,False,ok,True,1.9489841712599743,1.3846877884051751,0.00015344486339592933
down,0.1,1.6,0.0,0.175,0.5,False,ok,True,1.9134432950148257,1.4219328695708116,0.00015203898929295608
down,0.1,1.6,0.0,0.175,0.8,False,ok,True,1.8633672105028736,1.3812611825248753,0.00015305778300530768
down,0.1,1.6,0.0,0.175,1.0,False,ok,True,1.915320277504054,1.4151527752252087,0.00015344502998579357
down,0.1,1.6,0.0,0.2,0.5,False,ok,True,1.8511192727278665,1.4108427051734165,0.00015203889486294615
down,0.1,1.6,0.0,0.2,0.8,False,ok,True,1.8542294137798514,1.4091159981716612,0.00015305625886597577
down,0.1,1.6,0.0,0.2,1.0,False,ok,True,1.8252379162609662,1.3919977516124937,0.00015344585546575462
down,0.1,1.6,15.0,0.125,0.5,False,ok,True,1.5814254171910151,1.2056512303615692,0.000152038899606213
down,0.1,1.6,15.0,0.125,0.8,False,ok,True,1.5993120340519673,1.2061183496098749,0.0001530577824574404
down,0.1,1.6,15.0,0.125,1.0,False,ok,True,1.588975162050719,1.1961838136727407,0.00015344486016474586
down,0.1,1.6,15.0,0.15,0.5,False,ok,True,1.5385759424489482,1.2089478990171914,0.00015203908316238355
down,0.1,1.6,15.0,0.15,0.8,False,ok,True,1.520484990350631,1.1846425593736445,0.00015305776958291146
down,0.1,1.6,15.0,0.15,1.0,False,ok,True,1.523291615847942,1.1810845865022879,0.00015344494261410505
down,0.1,1.6,15.0,0.175,0.5,False,ok,True,1.4177155582635406,1.133032501534129,0.00015203908477976402
down,0.1,1.6,15.0,0.175,0.8,False,ok,True,1.4296950901734988,1.1369155484835134,0.0001530557948700148
down,0.1,1.6,15.0,0.175,1.0,False,ok,True,1.4431767462909697,1.1481330508574623,0.00015344280646299998
down,0.1,1.6,15.0,0.2,0.5,False,ok,True,1.3820780959718468,1.1223221262479155,0.00015203897664762883
down,0.1,1.6,15.0,0.2,0.8,False,ok,True,1.3610459136783901,1.1075221593302669,0.00015305967518619882
down,0.1,1.6,15.0,0.2,1.0,False,ok,True,1.3672840822160897,1.1170838102527465,0.00015344562601653285
down,0.1,1.6,30.0,0.125,0.5,False,ok,True,1.3523820883407185,0.9023661381938496,0.0001520399398491189
down,0.1,1.6,30.0,0.125,0.8,False,ok,True,1.329670981407018,0.9470877868872134,0.00015305812677558073
down,0.1,1.6,30.0,0.125,1.0,False,ok,True,1.3449392231850474,0.9646889765334397,0.00015344461728535426
down,0.1,1.6,30.0,0.15,0.5,False,ok,True,1.2342379485336332,0.8910047041738731,0.0001520390873432787
down,0.1,1.6,30.0,0.15,0.8,False,ok,True,1.2749137101693186,0.923850589867532,0.00015305781062800576
down,0.1,1.6,30.0,0.15,1.0,False,ok,True,1.2618846319096082,0.9192641955557139,0.00015344486565539134
down,0.1,1.6,30.0,0.175,0.5,False,ok,True,1.2003880046812596,0.8769922328305222,0.00015203898261421548
down,0.1,1.6,30.0,0.175,0.8,False,ok,True,1.2226220816462046,0.9147794806670762,0.00015305723242646955
down,0.1,1.6,30.0,0.175,1.0,False,ok,True,1.2152891836192297,0.9015041889324664,0.00015344296509300367
down,0.1,1.6,30.0,0.2,0.5,False,ok,True,1.1448496455199701,0.8507667635291429,0.00015203888863452784
down,0.1,1.6,30.0,0.2,0.8,False,ok,True,1.1568409549207286,0.8635417278006777,0.0001530567101910709
down,0.1,1.6,30.0,0.2,1.0,False,ok,True,1.2333198458426688,0.8496998963711457,0.00015344780715027568
down,0.1,1.8,0.0,0.125,0.5,False,ok,True,2.1046034095912534,1.42520406352275,0.00015203917848534876
down,0.1,1.8,0.0,0.125,0.8,False,ok,True,2.0502208084834743,1.3837721634100868,0.00015305781409892953
down,0.1,1.8,0.0,0.125,1.0,False,ok,True,2.064844537786491,1.3904373022043857,0.0001534446136199735
down,0.1,1.8,0.0,0.15,0.5,False,ok,True,1.9577867221164245,1.4035185150606846,0.0001520391264684787
down,0.1,1.8,0.0,0.15,0.8,False,ok,True,1.9361856935542476,1.3765182423415756,0.00015305780840425425
down,0.1,1.8,0.0,0.15,1.0,False,ok,True,1.9077247928405738,1.3572260018150322,0.00015344487456805334
down,0.1,1.8,0.0,0.175,0.5,False,ok,True,1.9446881994286942,1.4390948506719934,0.0001520395304222636
down,0.1,1.8,0.0,0.175,0.8,False,ok,True,1.878582801330905,1.3904678125785415,0.00015305824925745273
down,0.1,1.8,0.0,0.175,1.0,False,ok,True,1.8793063344045635,1.3900890971011712,0.00015344573439701363
down,0.1,1.8,0.0,0.2,0.5,False,ok,True,1.8397331668299928,1.4113353088037142,0.00015203877081077996
down,0.1,1.8,0.0,0.2,0.8,False,ok,True,1.812491479996782,1.387417307331082,0.0001530594036079328
down,0.1,1.8,0.0,0.2,1.0,False,ok,True,1.8188860541965024,1.3895520190274773,0.00015344799852463358
down,0.1,1.8,15.0,0.125,0.5,False,ok,True,1.5802716188375308,1.2236563769593045,0.00015203951700802206
down,0.1,1.8,15.0,0.125,0.8,False,ok,True,1.6654910021269362,1.2716477644986866,0.00015305788110695585
down,0.1,1.8,15.0,0.125,1.0,False,ok,True,1.6528805526499812,1.2579251616576839,0.00015344461584495303
down,0.1,1.8,15.0,0.15,0.5,False,ok,True,1.4538119034686636,1.1352752314937247,0.00015203908564674715
down,0.1,1.8,15.0,0.15,0.8,False,ok,True,1.547724170639733,1.2174213739285435,0.0001530577798815581
down,0.1,1.8,15.0,0.15,1.0,False,ok,True,1.5685304215073772,1.2307065005109847,0.00015344485001124008
down,0.1,1.8,15.0,0.175,0.5,False,ok,True,1.3433468436356124,1.0556677681771356,0.0001520392138160635
down,0.1,1.8,15.0,0.175,0.8,False,ok,True,1.4876425472367705,1.1995574976444354,0.0001530573791729015
down,0.1,1.8,15.0,0.175,1.0,False,ok,True,1.4956295037527811,1.2095182271273406,0.000153445240209628
down,0.1,1.8,15.0,0.2,0.5,False,ok,True,1.4026506951017346,1.1583987998365963,0.00015203956593314036
down,0.1,1.8,15.0,0.2,0.8,False,ok,True,1.4775819108946184,1.2280332266848408,0.0001530585311441458
down,0.1,1.8,15.0,0.2,1.0,False,ok,True,1.4400173390492417,1.18790147047698,0.00015344634762895794
down,0.1,1.8,30.0,0.125,0.5,False,ok,True,1.4646798225860567,1.0661494508192355,0.00015203906591197672
down,0.1,1.8,30.0,0.125,0.8,False,ok,True,1.3761058149727288,1.0126633082794763,0.00015305781654862064
down,0.1,1.8,30.0,0.125,1.0,False,ok,True,1.4073825314856614,0.9928316584367849,0.0001534446172769542
down,0.1,1.8,30.0,0.15,0.5,False,ok,True,1.1980796411450594,0.8483950950096667,0.00015203908449132062
down,0.1,1.8,30.0,0.15,0.8,False,ok,True,1.3223214694471768,0.9924216068069234,0.0001530598987022392
down,0.1,1.8,30.0,0.15,1.0,False,ok,True,1.3208646859790878,1.004529013571471,0.00015344535840443866
down,0.1,1.8,30.0,0.175,0.5,False,ok,True,1.199657115554557,0.8728582139815603,0.00015203898772210304
down,0.1,1.8,30.0,0.175,0.8,False,ok,True,1.2369824804040488,0.9356432877913728,0.00015305573535116638
down,0.1,1.8,30.0,0.175,1.0,False,ok,True,1.330195408227046,0.9970621205132768,0.00015344472753465034
down,0.1,1.8,30.0,0.2,0.5,False,ok,True,1.1770232304492945,0.8943754264769164,0.00015203901157051383
down,0.1,1.8,30.0,0.2,0.8,False,ok,True,1.2075241337027103,0.9497816763047613,0.00015305718117698382
down,0.1,1.8,30.0,0.2,1.0,False,ok,True,1.3525301966070322,0.991389981761059,0.0001534462320597399
down,0.1,2.0,0.0,0.125,0.5,False,ok,True,2.0224539516440547,1.4274715252032448,0.00015203922503224373
down,0.1,2.0,0.0,0.125,0.8,False,ok,True,2.0850782425246788,1.4003544327085349,0.0001530578726361575
down,0.1,2.0,0.0,0.125,1.0,False,ok,True,2.0536611033709145,1.3803395548922264,0.00015344467829055524
down,0.1,2.0,0.0,0.15,0.5,False,ok,True,1.9799709826660425,1.4111376391686288,0.00015203945710148592
down,0.1,2.0,0.0,0.15,0.8,False,ok,True,1.9325468115401683,1.3714818485182725,0.00015305824872707894
down,0.1,2.0,0.0,0.15,1.0,False,ok,True,1.924201270789398,1.3668701208260872,0.00015344558412555743
down,0.1,2.0,0.0,0.175,0.5,False,ok,True,1.8765151237495645,1.3979254899644031,0.0001520374118605717
down,0.1,2.0,0.0,0.175,0.8,False,ok,True,1.852471206619506,1.3727049462251004,0.00015305677005093132
down,0.1,2.0,0.0,0.175,1.0,False,ok,True,1.8550786943135638,1.373114933557152,0.0001534452302345558
down,0.1,2.0,0.0,0.2,0.5,False,ok,True,1.8735568086142729,1.4320530416605748,0.00015200989636477902
down,0.1,2.0,0.0,0.2,0.8,False,ok,True,1.8619023822403236,1.4156928378094396,0.000153024654557537
down,0.1,2.0,0.0,0.2,1.0,False,ok,True,1.7926904594261692,1.3726540788291168,0.0001534116249899329
down,0.1,2.0,15.0,0.125,0.5,False,ok,True,1.6027546386148317,1.2554171141131734,0.00015203919721655076
down,0.1,2.0,15.0,0.125,0.8,False,ok,True,1.658168783681363,1.275465934870992,0.00015305783835688623
down,0.1,2.0,15.0,0.125,1.0,False,ok,True,1.66926077988695,1.2770233092202368,0.00015344462624683014
down,0.1,2.0,15.0,0.15,0.5,False,ok,True,1.4522950568406872,1.1468265582407806,0.00015203932886590535
down,0.1,2.0,15.0,0.15,0.8,False,ok,True,1.6203456127996771,1.2830829527356042,0.00015305818366145272
down,0.1,2.0,15.0,0.15,1.0,False,ok,True,1.597998339248591,1.2617102348296312,0.00015344522301340727
down,0.1,2.0,15.0,0.175,0.5,False,ok,True,1.4154285699215825,1.146787031439915,0.0001520393190766576
down,0.1,2.0,15.0,0.175,0.8,False,ok,True,1.5346855872415335,1.2507562825353469,0.00015305832285139706
down,0.1,2.0,15.0,0.175,1.0,False,ok,True,1.5266711513997555,1.2433084786207809,0.00015344669673487485
down,0.1,2.0,15.0,0.2,0.5,False,ok,True,1.3883887507471542,1.1538720866273975,0.00015202233554399488
down,0.1,2.0,15.0,0.2,0.8,False,ok,True,1.496822302058834,1.249544480249337,0.00015303945154830127
down,0.1,2.0,15.0,0.2,1.0,False,ok,True,1.4865086638722116,1.2372396566174102,0.00015342938836516138
down,0.1,2.0,30.0,0.125,0.5,False,ok,True,1.4224677675872315,1.15016801617552,0.0001520391784016118
down,0.1,2.0,30.0,0.125,0.8,False,ok,True,1.3435662559347412,0.997469410063333,0.0001530578150598179
down,0.1,2.0,30.0,0.125,1.0,False,ok,True,1.3559534483402012,1.0055714259502722,0.00015344462875994236
down,0.1,2.0,30.0,0.15,0.5,False,ok,True,1.3748400099218403,1.1488696142095185,0.00015203908792615052
down,0.1,2.0,30.0,0.15,0.8,False,ok,True,1.2732564046103718,0.9409272595277034,0.00015305777164155765
down,0.1,2.0,30.0,0.15,1.0,False,ok,True,1.3712462919541388,1.0007568686496717,0.0001534448621264263
down,0.1,2.0,30.0,0.175,0.5,False,ok,True,1.3630434813205126,1.1383868130023491,0.00015203923502011665
down,0.1,2.0,30.0,0.175,0.8,False,ok,True,1.24513823113878,0.9491520468023136,0.0001530578864263033
down,0.1,2.0,30.0,0.175,1.0,False,ok,True,1.4311020185337313,1.013979448789128,0.00015344539996359915
down,0.1,2.0,30.0,0.2,0.5,False,ok,True,1.2755545871572245,1.0710129182665207,0.0001520390019895808
down,0.1,2.0,30.0,0.2,0.8,False,ok,True,1.256164745098996,1.012112730585285,0.00015305777810053415
down,0.1,2.0,30.0,0.2,1.0,False,ok,True,1.465051239205832,1.0902128638729245,0.0001534466151018786
down,0.1,2.2,0.0,0.125,0.5,False,ok,True,2.035276213908367,1.4118298911724083,0.0001520391162466806
down,0.1,2.2,0.0,0.125,0.8,False,ok,True,2.087734776191837,1.3956615741269023,0.0001530579160020349
down,0.1,2.2,0.0,0.125,1.0,False,ok,True,2.0635945462148886,1.3823470814622658,0.00015344499559047733
down,0.1,2.2,0.0,0.15,0.5,False,ok,True,2.001020186646349,1.4239951485014632,0.00015203565754934258
down,0.1,2.2,0.0,0.15,0.8,False,ok,True,1.9888849598789677,1.4020303397858838,0.00015305433085766526
down,0.1,2.2,0.0,0.15,1.0,False,ok,True,1.9194356395728174,1.3595475605155485,0.00015344223062028844
down,0.1,2.2,0.0,0.175,0.5,False,ok,True,1.8914320967867568,1.4080572401587605,0.00015199820086502554
down,0.1,2.2,0.0,0.175,0.8,False,ok,True,1.8788024774552066,1.3867904421366213,0.00015301640721749772
down,0.1,2.2,0.0,0.175,1.0,False,ok,True,1.8596452029777877,1.3758391021415377,0.00015339916493833778
down,0.1,2.2,0.0,0.2,0.5,False,ok,True,1.8139475237953973,1.3940752276587915,0.0001520543371443976
down,0.1,2.2,0.0,0.2,0.8,False,ok,True,1.8415773358767,1.4030694716960836,0.00015301049840815484
down,0.1,2.2,0.0,0.2,1.0,False,ok,True,1.7936579210696377,1.3715587235856086,0.00015338479699132535
down,0.1,2.2,15.0,0.125,0.5,False,ok,True,1.5965404334679196,1.261191129694875,0.00015203921465922448
down,0.1,2.2,15.0,0.125,0.8,False,ok,True,1.6625261265990856,1.2859336924536362,0.0001530580101541127
down,0.1,2.2,15.0,0.125,1.0,False,ok,True,1.6100182921872734,1.2278349987814419,0.00015344490771737975
down,0.1,2.2,15.0,0.15,0.5,False,ok,True,1.5277637889276279,1.2317969881928827,0.00015203771626221384
down,0.1,2.2,15.0,0.15,0.8,False,ok,True,1.619651806737782,1.2878682221993227,0.00015305746946308623
down,0.1,2.2,15.0,0.15,1.0,False,ok,True,1.570235777565456,1.2383242780098904,0.0001534454812983916
down,0.1,2.2,15.0,0.175,0.5,False,ok,True,1.4869364936251257,1.2280407178316415,0.00015202078690435418
down,0.1,2.2,15.0,0.175,0.8,False,ok,True,1.5787506575551609,1.2896064302364318,0.00015303049773399455
down,0.1,2.2,15.0,0.175,1.0,False,ok,True,1.5266569879907363,1.2437556423003584,0.0001534240015946571
down,0.1,2.2,15.0,0.2,0.5,False,ok,True,1.463585825159856,1.2326618961862956,0.0001519985545384338
down,0.1,2.2,15.0,0.2,0.8,False,ok,True,1.528144643714533,1.2772210997012732,0.00015299394889859314
down,0.1,2.2,15.0,0.2,1.0,False,ok,True,1.4795236389828483,1.231120323360508,0.00015336668730641262
down,0.1,2.2,30.0,0.125,0.5,False,ok,True,1.2877148329946504,0.9934315444838624,0.00015203918799761362
down,0.1,2.2,30.0,0.125,0.8,False,ok,True,1.540764022542112,1.0866005150323998,0.00015305782905475042
down,0.1,2.2,30.0,0.125,1.0,False,ok,True,1.5185627512762963,0.9629592094684802,0.0001534446252910105
down,0.1,2.2,30.0,0.15,0.5,False,ok,True,1.296728533721104,1.00478704600698,0.0001520391936989949
down,0.1,2.2,30.0,0.15,0.8,False,ok,True,1.4275429337814416,0.9917807275020657,0.0001530580234408447
down,0.1,2.2,30.0,0.15,1.0,False,ok,True,1.484892894986689,0.8947409529037258,0.00015344513719341423
down,0.1,2.2,30.0,0.175,0.5,False,ok,True,1.3394829567472712,1.0343082243143529,0.00015203866805144057
down,0.1,2.2,30.0,0.175,0.8,False,ok,True,1.2549318273788204,0.8788799269697701,0.0001530583467632326
down,0.1,2.2,30.0,0.175,1.0,False,ok,True,1.5316257722952118,1.1449777211664165,0.00015344662834914746
down,0.1,2.2,30.0,0.2,0.5,False,ok,True,1.3656382978276307,1.0171516471737927,0.00015203215460401592
down,0.1,2.2,30.0,0.2,0.8,False,ok,True,1.3092664148061288,0.9297990187259872,0.0001530451719572249
down,0.1,2.2,30.0,0.2,1.0,False,ok,True,1.564451609500583,1.164616917659227,0.00015342788608089277
down,0.1,2.4,0.0,0.125,0.5,False,ok,True,2.0330429928131193,1.3779348208705129,0.00015203547301393858
down,0.1,2.4,0.0,0.125,0.8,False,ok,True,2.0571094932364975,1.3790688547783205,0.0001530530147266642
down,0.1,2.4,0.0,0.125,1.0,False,ok,True,2.070255403823412,1.3868127091475533,0.00015343942173913163
down,0.1,2.4,0.0,0.15,0.5,False,ok,True,2.000230365616784,1.420828464947047,0.00015201187214861856
down,0.1,2.4,0.0,0.15,0.8,False,ok,True,1.933699685989061,1.3791194993846314,0.00015302312852416935
down,0.1,2.4,0.0,0.15,1.0,False,ok,True,1.9517943969141947,1.3770416534966536,0.0001534019649826847
down,0.1,2.4,0.0,0.175,0.5,False,ok,True,1.8858765176907002,1.3940583653159633,0.000152028910067121
down,0.1,2.4,0.0,0.175,0.8,False,ok,True,1.8741481404148734,1.3831017103409007,0.00015302583038864605
down,0.1,2.4,0.0,0.175,1.0,False,ok,True,1.8618976498737256,1.3747286525062614,0.00015337255348077763
down,0.1,2.4,0.0,0.2,0.5,False,ok,True,1.8133169559570055,1.3964478127619315,0.00015298707256226456
down,0.1,2.4,0.0,0.2,0.8,False,ok,True,1.8113073751417446,1.3846027631038385,0.00015378195049567416
down,0.1,2.4,0.0,0.2,1.0,False,ok,True,1.8394710977637032,1.402377095166151,0.00015417745814578506
down,0.1,2.4,15.0,0.125,0.5,False,ok,True,1.4044888659854449,1.163589824453749,0.00015203787819304367
down,0.1,2.4,15.0,0.125,0.8,False,ok,True,1.654641626864929,1.2631687393879596,0.00015305603434817043
down,0.1,2.4,15.0,0.125,1.0,False,ok,True,1.5951716167494958,1.210383394710617,0.0001534434200742039
down,0.1,2.4,15.0,0.15,0.5,False,ok,True,1.3851888689350154,1.1610109959933306,0.0001520266035364939
down,0.1,2.4,15.0,0.15,0.8,False,ok,True,1.588717656966442,1.253249086021654,0.00015303816508188456
down,0.1,2.4,15.0,0.15,1.0,False,ok,True,1.5463676351873663,1.2145716345985524,0.00015342536318109398
down,0.1,2.4,15.0,0.175,0.5,False,ok,True,1.4085532704550672,1.1956328533672438,0.00015200767089970218
down,0.1,2.4,15.0,0.175,0.8,False,ok,True,1.571928984105452,1.2716681603095223,0.00015298582824579884
down,0.1,2.4,15.0,0.175,1.0,False,ok,True,1.4994314946993772,1.211200681833381,0.00015335547131698244
down,0.1,2.4,15.0,0.2,0.5,False,ok,True,1.3858343964315774,1.1776298745386948,0.00015225886353456493
down,0.1,2.4,15.0,0.2,0.8,False,ok,True,1.5447846090600552,1.281630793276085,0.00015340424673900325
down,0.1,2.4,15.0,0.2,1.0,False,ok,True,1.4744267071549277,1.224489739796186,0.0001537214625155215
down,0.1,2.4,30.0,0.125,0.5,False,ok,True,1.6262712696534576,1.1730421738422068,0.00015203909825423819
down,0.1,2.4,30.0,0.125,0.8,False,ok,True,1.6465598797058645,1.1373935199289034,0.00015305790738950724
down,0.1,2.4,30.0,0.125,1.0,False,ok,True,1.8921976726817757,1.1125716080326138,0.0001534447334822077
down,0.1,2.4,30.0,0.15,0.5,False,ok,True,1.6805579531758634,1.1992106142301528,0.00015203795535287637
down,0.1,2.4,30.0,0.15,0.8,False,ok,True,1.576674296098868,1.05175833947179,0.0001530580010146324
down,0.1,2.4,30.0,0.15,1.0,False,ok,True,1.6417835453313698,1.0414536870772646,0.00015344529448646586
down,0.1,2.4,30.0,0.175,0.5,False,ok,True,1.6777399746799062,1.157970185485162,0.000152030117586762
down,0.1,2.4,30.0,0.175,0.8,False,ok,True,1.446129349541913,1.0514103438052134,0.00015304664315061867
down,0.1,2.4,30.0,0.175,1.0,False,ok,True,1.641904143869306,1.0050176561746986,0.00015343500048320822
down,0.1,2.4,30.0,0.2,0.5,False,ok,True,1.690936873646038,1.214253894861026,0.00015204507936522618
down,0.1,2.4,30.0,0.2,0.8,False,ok,True,1.401069455491824,1.0313604822705216,0.0001529971212175115
down,0.1,2.4,30.0,0.2,1.0,False,ok,True,1.6809897819949817,1.1432805061952311,0.00015337713000795745
down,0.1,2.6,0.0,0.125,0.5,False,ok,True,2.1061141985033647,1.4258503714337276,0.0001520328129973674
down,0.1,2.6,0.0,0.125,0.8,False,ok,True,2.062183516026804,1.388610572114,0.00015304254917467727
down,0.1,2.6,0.0,0.125,1.0,False,ok,True,2.040074374057499,1.3737925775346773,0.00015341874787873854
down,0.1,2.6,0.0,0.15,0.5,False,ok,True,2.00386855143501,1.4162998990973488,0.0001520764504201369
down,0.1,2.6,0.0,0.15,0.8,False,ok,True,1.9564140668842267,1.377830490167024,0.00015306694201392665
down,0.1,2.6,0.0,0.15,1.0,False,ok,True,1.9583760593075825,1.3783053851388747,0.0001534228301163066
down,0.1,2.6,0.0,0.175,0.5,False,ok,True,1.8974238501416119,1.4080103675628763,0.000152802280987269
down,0.1,2.6,0.0,0.175,0.8,False,ok,True,1.8683312283013576,1.3780569018276094,0.00015384820646774613
down,0.1,2.6,0.0,0.175,1.0,False,ok,True,1.8648997274012802,1.3748443615376431,0.00015423555584350205
down,0.1,2.6,0.0,0.2,0.5,False,ok,True,1.8152134334038383,1.3875848616210555,0.00015459661360615851
down,0.1,2.6,0.0,0.2,0.8,False,ok,True,1.806223432509306,1.3794895602542823,0.00015604605035611434
down,0.1,2.6,0.0,0.2,1.0,False,ok,True,1.8420328849893917,1.4027353511700211,0.00015662333318252844
down,0.1,2.6,15.0,0.125,0.5,False,ok,True,1.2849995156859617,1.0449436045516647,0.00015203669797760072
down,0.1,2.6,15.0,0.125,0.8,False,ok,True,1.7742253926980545,1.362563899192096,0.00015304336901221331
down,0.1,2.6,15.0,0.125,1.0,False,ok,True,1.6713018857073063,1.2803392748310118,0.00015342845873923038
down,0.1,2.6,15.0,0.15,0.5,False,ok,True,1.313515586336889,1.0717100856286161,0.00015203848757981082
down,0.1,2.6,15.0,0.15,0.8,False,ok,True,1.7141067387730637,1.3407859860191556,0.00015300743872539814
down,0.1,2.6,15.0,0.15,1.0,False,ok,True,1.6217758549460652,1.2650444000696157,0.000153374227832257
down,0.1,2.6,15.0,0.175,0.5,False,ok,True,1.398628808893691,1.1389101184584252,0.00015219589396515512
down,0.1,2.6,15.0,0.175,0.8,False,ok,True,1.6246311612874815,1.3128758610043227,0.00015327226751649486
down,0.1,2.6,15.0,0.175,1.0,False,ok,True,1.5946608905013584,1.2877870841535435,0.00015359219823203352
down,0.1,2.6,15.0,0.2,0.5,False,ok,True,1.305755498875765,1.0505749614528324,0.0001526193407160696
down,0.1,2.6,15.0,0.2,0.8,False,ok,True,1.5972363571605444,1.3200235881443423,0.00015512892316706822
down,0.1,2.6,15.0,0.2,1.0,False,ok,True,1.5903755612799817,1.3133915171857864,0.0001554054441858744
down,0.1,2.6,30.0,0.125,0.5,False,ok,True,1.6853796112280046,1.2374576566607,0.00015203733920242762
down,0.1,2.6,30.0,0.125,0.8,False,ok,True,2.0714226158035336,1.210430033083963,0.00015305696174400008
down,0.1,2.6,30.0,0.125,1.0,False,ok,True,2.23646015721034,1.1764306298051599,0.00015344428973156814
down,0.1,2.6,30.0,0.15,0.5,False,ok,True,1.5685033620330866,1.3298498322219559,0.00015203144939296689
down,0.1,2.6,30.0,0.15,0.8,False,ok,True,1.7917751684128305,1.1143107721580483,0.00015304715265840484
down,0.1,2.6,30.0,0.15,1.0,False,ok,True,1.9801621805186225,1.0528658528873942,0.00015343513609739502
down,0.1,2.6,30.0,0.175,0.5,False,ok,True,1.5373053803724133,1.323235259553205,0.00015203266356333955
down,0.1,2.6,30.0,0.175,0.8,False,ok,True,1.6693796436682742,1.1936146019580633,0.00015298556306019747
down,0.1,2.6,30.0,0.175,1.0,False,ok,True,1.7524670476655069,1.0645119931046618,0.00015338753686819476
down,0.1,2.6,30.0,0.2,0.5,False,ok,True,1.587418780852919,1.3326050596071461,0.00015222881779186623
down,0.1,2.6,30.0,0.2,0.8,False,ok,True,1.6366214277387756,1.1368127331608047,0.00015312275614320586
down,0.1,2.6,30.0,0.2,1.0,False,ok,True,1.8133399804316135,1.191162625915475,0.00015359226322800567
down,0.1,2.8,0.0,0.125,0.5,False,ok,True,2.0153146686189873,1.3780408375295474,0.00015210351249431197
down,0.1,2.8,0.0,0.125,0.8,False,ok,True,2.0823486885915523,1.4105675874183476,0.000153119127121179
down,0.1,2.8,0.0,0.125,1.0,False,ok,True,2.0591552248057563,1.3932049617264843,0.00015348265946615194
down,0.1,2.8,0.0,0.15,0.5,False,ok,True,2.014019960778803,1.419378666989187,0.00015259761806853936
down,0.1,2.8,0.0,0.15,0.8,False,ok,True,1.998015872275016,1.3995871955254664,0.00015367502487934517
down,0.1,2.8,0.0,0.15,1.0,False,ok,True,1.9355294329658304,1.3639167939328658,0.00015406609943926437
down,0.1,2.8,0.0,0.175,0.5,False,ok,True,1.9011104340878757,1.4002612276602011,0.00015445481951395086
down,0.1,2.8,0.0,0.175,0.8,False,ok,True,1.8669652613678376,1.3750907043652698,0.0001559176380548642
down,0.1,2.8,0.0,0.175,1.0,False,ok,True,1.9192491200309765,1.4068457856751824,0.00015659836094281574
down,0.1,2.8,0.0,0.2,0.5,False,ok,True,1.8209496762049646,1.390087908219302,0.00015203356911198604
down,0.1,2.8,0.0,0.2,0.8,False,ok,True,1.8044981077170787,1.37791672554149,0.00015546494222166515
down,0.1,2.8,0.0,0.2,1.0,False,ok,True,1.8398529569731932,1.399971240052375,0.0001564474093716501
down,0.1,2.8,15.0,0.125,0.5,False,ok,True,1.5081965101354156,1.190342876368408,0.00015205266865204095
down,0.1,2.8,15.0,0.125,0.8,False,ok,True,1.8448982917278194,1.3996297397884319,0.00015304351160828206
down,0.1,2.8,15.0,0.125,1.0,False,ok,True,1.7914150275436864,1.3646341209939823,0.0001534152977997419
down,0.1,2.8,15.0,0.15,0.5,False,ok,True,1.5350880665284923,1.2070115442621219,0.00015217763404659212
down,0.1,2.8,15.0,0.15,0.8,False,ok,True,1.8464936233360032,1.4292444575593608,0.000153346820288735
down,0.1,2.8,15.0,0.15,1.0,False,ok,True,1.7311574648408417,1.346495809684634,0.00015353697974704778
down,0.1,2.8,15.0,0.175,0.5,False,ok,True,1.593167762490474,1.2097122144462173,0.0001525548560078699
down,0.1,2.8,15.0,0.175,0.8,False,ok,True,1.7166622984514393,1.3789341817845482,0.00015494700873635743
down,0.1,2.8,15.0,0.175,1.0,False,ok,True,1.6686843061672336,1.3304984484583502,0.0001555089614525478
down,0.1,2.8,15.0,0.2,0.5,False,ok,True,1.6873960156413363,1.2214141394624454,0.00015194531366971963
down,0.1,2.8,15.0,0.2,0.8,False,ok,True,1.6667665196239858,1.3743583242702289,0.00015741917054536953
down,0.1,2.8,15.0,0.2,1.0,False,ok,True,1.6392425659138303,1.3419259913615442,0.0001586594427403303
down,0.1,2.8,30.0,0.125,0.5,False,ok,True,1.9010760594415181,1.314321703431919,0.00015203298949169366
down,0.1,2.8,30.0,0.125,0.8,False,ok,True,2.234681913721813,1.2957542073509754,0.00015304235824604138
down,0.1,2.8,30.0,0.125,1.0,False,ok,True,2.4833403644611796,1.1725201067980016,0.0001534363874529003
down,0.1,2.8,30.0,0.15,0.5,False,ok,True,1.7637687066245038,1.2658504156340038,0.0001520198273473197
down,0.1,2.8,30.0,0.15,0.8,False,ok,True,1.9497682816734057,1.2261619791745184,0.00015299707711356793
down,0.1,2.8,30.0,0.15,1.0,False,ok,True,2.101650105701534,1.1492272994411434,0.00015339500673665932
down,0.1,2.8,30.0,0.175,0.5,False,ok,True,1.4491125909633586,1.3733832551050293,0.0001520743330753724
down,0.1,2.8,30.0,0.175,0.8,False,ok,True,1.6247757290597813,1.23813789794417,0.00015319186394447936
down,0.1,2.8,30.0,0.175,1.0,False,ok,True,1.8864181243178602,1.1734680367927985,0.00015344032388535302
down,0.1,2.8,30.0,0.2,0.5,False,ok,True,1.416837222375074,1.3578251420740566,0.00015186959953816757
down,0.1,2.8,30.0,0.2,0.8,False,ok,True,1.590719873484295,1.2254050970083625,0.0001546766229551931
down,0.1,2.8,30.0,0.2,1.0,False,ok,True,1.92264689784438,1.1601778002733585,0.00015491996984252684
down,0.1,3.0,0.0,0.125,0.5,False,ok,True,2.0183409709564315,1.3893259614738227,0.00015248089181422894
down,0.1,3.0,0.0,0.125,0.8,False,ok,True,2.0059199856636463,1.3713533681358505,0.00015349176111494818
down,0.1,3.0,0.0,0.125,1.0,False,ok,True,1.9768681326778432,1.3514664705013826,0.00015392142930972875
down,0.1,3.0,0.0,0.15,0.5,False,ok,True,2.0152520713097175,1.424046427218347,0.00015387483129925534
down,0.1,3.0,0.0,0.15,0.8,False,ok,True,1.9665979266470541,1.383390781366406,0.00015533132388118265
down,0.1,3.0,0.0,0.15,1.0,False,ok,True,1.9621687683513591,1.3784176296753843,0.0001557933300606022
down,0.1,3.0,0.0,0.175,0.5,False,ok,True,1.9134394656472196,1.4140710810270012,0.0001531142592622808
down,0.1,3.0,0.0,0.175,0.8,False,ok,True,1.8688573255636842,1.3747206461753287,0.00015574851497812258
down,0.1,3.0,0.0,0.175,1.0,False,ok,True,1.8631910712273043,1.3710713578566864,0.00015710538912624676
down,0.1,3.0,0.0,0.2,0.5,False,ok,True,1.8319320149871683,1.4007779609357538,0.00013446701973748791
down,0.1,3.0,0.0,0.2,0.8,False,ok,True,1.877922824315644,1.4208898145585578,0.0001356544735157448
down,0.1,3.0,0.0,0.2,1.0,False,ok,True,1.8034287708231842,1.3752173153431362,0.00013750168852618076
down,0.1,3.0,15.0,0.125,0.5,False,ok,True,1.6760114683504044,1.2345861308331556,0.00015214754295157228
down,0.1,3.0,15.0,0.125,0.8,False,ok,True,2.0156517980372763,1.4761915445673557,0.00015334458011726247
down,0.1,3.0,15.0,0.125,1.0,False,ok,True,1.912177122852696,1.457500965802889,0.00015360875811938762
down,0.1,3.0,15.0,0.15,0.5,False,ok,True,1.7383194386338896,1.2866034871215404,0.0001524454333224051
down,0.1,3.0,15.0,0.15,0.8,False,ok,True,1.898068978335116,1.4424405382250955,0.00015461060503456115
down,0.1,3.0,15.0,0.15,1.0,False,ok,True,1.9074143436348998,1.4651476095367715,0.0001549736341013928
down,0.1,3.0,15.0,0.175,0.5,False,ok,True,1.73794344239067,1.286093420667647,0.00015236700700588447
down,0.1,3.0,15.0,0.175,0.8,False,ok,True,1.8267865310708171,1.4337826249385877,0.00015774494344839805
down,0.1,3.0,15.0,0.175,1.0,False,ok,True,1.8007101712440536,1.421547024305271,0.00015898234320130882
down,0.1,3.0,15.0,0.2,0.5,False,ok,True,1.772124975659756,1.314948487436787,0.00014741351433418645
down,0.1,3.0,15.0,0.2,0.8,False,ok,True,1.7155847349862696,1.393674184744181,0.0001515052804323403
down,0.1,3.0,15.0,0.2,1.0,False,ok,True,1.769603055533102,1.4199158789906978,0.0001560067321562143
down,0.1,3.0,30.0,0.125,0.5,False,ok,True,2.108318505059396,1.2770243454987993,0.00015206378852711746
down,0.1,3.0,30.0,0.125,0.8,False,ok,True,2.3141818954960223,1.3522730488357555,0.00015306305964893444
down,0.1,3.0,30.0,0.125,1.0,False,ok,True,2.390588174357043,1.1690583752763386,0.00015341439402599786
down,0.1,3.0,30.0,0.15,0.5,False,ok,True,1.8528422103617623,1.3844544952188544,0.00015215687684731023
down,0.1,3.0,30.0,0.15,0.8,False,ok,True,1.9004495117292357,1.4121911884447944,0.00015326383458179977
down,0.1,3.0,30.0,0.15,1.0,False,ok,True,2.0918816066527586,1.2290138182657477,0.00015346459450467739
down,0.1,3.0,30.0,0.175,0.5,False,ok,True,1.534668267966359,1.3623299188272975,0.0001523308239805028
down,0.1,3.0,30.0,0.175,0.8,False,ok,True,1.6647815837294277,1.345182686649266,0.0001547982900771582
down,0.1,3.0,30.0,0.175,1.0,False,ok,True,1.9650086805011748,1.2610781495052594,0.00015473972893005676
down,0.1,3.0,30.0,0.2,0.5,False,ok,True,1.4516250529316406,1.4459135965597938,0.00015012675069605978
down,0.1,3.0,30.0,0.2,0.8,False,ok,True,1.6793308884113076,1.2985085554352376,0.00015648646943334742
down,0.1,3.0,30.0,0.2,1.0,False,ok,True,2.04754045223894,1.2848738592148916,0.0001569337976620946
down,0.12,0.4,0.0,0.125,0.5,False,ok,True,2.097065339290606,1.2812029789713348,0.00015203918089387955
down,0.12,0.4,0.0,0.125,0.8,False,ok,True,1.9384488629990044,1.2102230829226546,0.0001530554533048037
down,0.12,0.4,0.0,0.125,1.0,False,ok,True,1.926372361281244,1.2308296340219156,0.0001534447134667786
down,0.12,0.4,0.0,0.15,0.5,False,ok,True,1.9592268467713327,1.1786512816986183,0.0001520391225474268
down,0.12,0.4,0.0,0.15,0.8,False,ok,True,1.802567805576783,1.0544972698459545,0.00015305980367610444
down,0.12,0.4,0.0,0.15,1.0,False,ok,True,1.7779526406426784,1.1106389363324862,0.00015344484752551586
down,0.12,0.4,0.0,0.175,0.5,False,ok,True,1.9332907233579004,1.3279748871714,0.0001520389091298583
down,0.12,0.4,0.0,0.175,0.8,False,ok,True,1.6803464376275017,0.9197631711842085,0.0001530552960101633
down,0.12,0.4,0.0,0.175,1.0,False,ok,True,1.6763205001799113,0.991482642528,0.00015344516253960262
down,0.12,0.4,0.0,0.2,0.5,False,ok,True,2.7043956260591124,1.4883179513266542,0.0001520389319886756
down,0.12,0.4,0.0,0.2,0.8,False,ok,True,1.5997249413292982,0.8107325689163538,0.00015305522739154578
down,0.12,0.4,0.0,0.2,1.0,False,ok,True,1.5548612675226416,0.8668800816310526,0.00015344554096851095
down,0.12,0.4,15.0,0.125,0.5,False,ok,True,0.8107082450057859,0.3990361358503326,0.00015203969732750902
down,0.12,0.4,15.0,0.125,0.8,False,ok,True,0.8537405254375655,0.4664008572517269,0.00015305799301099777
down,0.12,0.4,15.0,0.125,1.0,False,ok,True,0.8512546737718777,0.4696881559481133,0.00015344462082273835
down,0.12,0.4,15.0,0.15,0.5,False,ok,True,0.7606483224064398,0.38326092305261683,0.00015203907572343002
down,0.12,0.4,15.0,0.15,0.8,False,ok,True,0.7471614057706163,0.3912074999865449,0.0001530570851028219
down,0.12,0.4,15.0,0.15,1.0,False,ok,True,0.7046991989105215,0.37487602687888083,0.00015344487149754866
down,0.12,0.4,15.0,0.175,0.5,False,ok,True,0.9980521522083948,0.33011288099088576,0.00015203896188211374
down,0.12,0.4,15.0,0.175,0.8,False,ok,True,0.6743929820778449,0.3617145173490475,0.00015305824692137928
down,0.12,0.4,15.0,0.175,1.0,False,ok,True,0.63557379630303,0.3456099142732636,0.00015344514781124352
down,0.12,0.4,15.0,0.2,0.5,False,ok,True,0.6060394558488005,0.31855073888328195,0.0001520388485123457
down,0.12,0.4,15.0,0.2,0.8,False,ok,True,0.5961504658818528,0.3304421947181749,0.00015305710727583978
down,0.12,0.4,15.0,0.2,1.0,False,ok,True,0.5712401363464511,0.31165415696672544,0.00015344546614340184
down,0.12,0.4,30.0,0.125,0.5,False,ok,True,0.8283241989981371,0.4257501729368644,0.00015203872647656208
down,0.12,0.4,30.0,0.125,0.8,False,ok,True,0.822141483099391,0.4327374466429672,0.00015305629991193648
down,0.12,0.4,30.0,0.125,1.0,False,ok,True,0.8534810740897412,0.4720901187045545,0.0001534446248320981
down,0.12,0.4,30.0,0.15,0.5,False,ok,True,0.7370705710948389,0.4091698682485303,0.00015203909231732392
down,0.12,0.4,30.0,0.15,0.8,False,ok,True,0.7435729036570344,0.41087673616735637,0.0001530557567811922
down,0.12,0.4,30.0,0.15,1.0,False,ok,True,0.7036153400162809,0.4125470774492283,0.00015344485384007948
down,0.12,0.4,30.0,0.175,0.5,False,ok,True,0.6439005999289047,0.40916828415175677,0.00015203922642925214
down,0.12,0.4,30.0,0.175,0.8,False,ok,True,0.6499203419847234,0.4108746557900013,0.00015305700838450949
down,0.12,0.4,30.0,0.175,1.0,False,ok,True,0.653193702770455,0.4125449589002515,0.00015344514508036696
down,0.12,0.4,30.0,0.2,0.5,False,ok,True,0.5967327677552383,0.40916718951629955,0.00015203882201115374
down,0.12,0.4,30.0,0.2,0.8,False,ok,True,0.5555178944853855,0.41087294407195374,0.00015305525858888753
down,0.12,0.4,30.0,0.2,1.0,False,ok,True,0.6267977792453503,0.41254323914735,0.0001534454618585067
down,0.12,0.6,0.0,0.125,0.5,False,ok,True,2.139818947720654,1.398206926625482,0.00015203917892442874
down,0.12,0.6,0.0,0.125,0.8,False,ok,True,2.1448110290439892,1.3819822775476365,0.00015305798753341437
down,0.12,0.6,0.0,0.125,1.0,False,ok,True,2.0664527558955847,1.352257072962793,0.00015344461675978748
down,0.12,0.6,0.0,0.15,0.5,False,ok,True,1.9946845403733393,1.3591119799190194,0.00015203912885253075
down,0.12,0.6,0.0,0.15,0.8,False,ok,True,1.9613951321725924,1.2596806930321078,0.00015305698687242684
down,0.12,0.6,0.0,0.15,1.0,False,ok,True,1.9924023731659284,1.3016905467330298,0.0001534448330516156
down,0.12,0.6,0.0,0.175,0.5,False,ok,True,1.9790880269576783,1.2824208505852912,0.00015203832310712852
down,0.12,0.6,0.0,0.175,0.8,False,ok,True,1.8471701546093122,1.1636653270869035,0.00015305766700361568
down,0.12,0.6,0.0,0.175,1.0,False,ok,True,1.8748565752556052,1.2138972818495248,0.00015344494052902066
down,0.12,0.6,0.0,0.2,0.5,False,ok,True,1.9129141123696856,1.3723582883470313,0.00015203884412018614
down,0.12,0.6,0.0,0.2,0.8,False,ok,True,1.7801132897551992,1.09728819810291,0.00015305846480682215
down,0.12,0.6,0.0,0.2,1.0,False,ok,True,1.742969731782799,1.1097687711613464,0.00015344505728018048
down,0.12,0.6,15.0,0.125,0.5,False,ok,True,1.0564245588423908,0.6413211036048486,0.0001520393532473573
down,0.12,0.6,15.0,0.125,0.8,False,ok,True,1.1047756355640097,0.6470236793330487,0.0001530580619915241
down,0.12,0.6,15.0,0.125,1.0,False,ok,True,1.0933780813030993,0.6438678076922101,0.00015344460800194984
down,0.12,0.6,15.0,0.15,0.5,False,ok,True,1.1287106248906786,0.5419201966951279,0.00015203904189600218
down,0.12,0.6,15.0,0.15,0.8,False,ok,True,0.9643047339960656,0.5372987559699174,0.00015305795509941355
down,0.12,0.6,15.0,0.15,1.0,False,ok,True,0.9484982527243813,0.5305210910400797,0.0001534448719675295
down,0.12,0.6,15.0,0.175,0.5,False,ok,True,0.8262679458554364,0.4338091934592335,0.00015203878732037996
down,0.12,0.6,15.0,0.175,0.8,False,ok,True,0.8564828534490571,0.45717045000496626,0.00015305780627101627
down,0.12,0.6,15.0,0.175,1.0,False,ok,True,0.8543508123423018,0.46216174262359144,0.00015344511775454642
down,0.12,0.6,15.0,0.2,0.5,False,ok,True,0.8552886521103547,0.4633046198787292,0.0001520389990665279
down,0.12,0.6,15.0,0.2,0.8,False,ok,True,0.8260393031733709,0.43355406822869164,0.00015305763818388755
down,0.12,0.6,15.0,0.2,1.0,False,ok,True,0.8143620284631746,0.4381720235895742,0.00015344545614510857
down,0.12,0.6,30.0,0.125,0.5,False,ok,True,1.2034928736377357,0.7769523968762166,0.0001520394135133706
down,0.12,0.6,30.0,0.125,0.8,False,ok,True,1.2271737413691908,0.7892654621184535,0.00015305875810919762
down,0.12,0.6,30.0,0.125,1.0,False,ok,True,1.211620995732797,0.7557877154661056,0.00015344461844024653
down,0.12,0.6,30.0,0.15,0.5,False,ok,True,1.0116588879943553,0.6055830659292648,0.00015203895289102312
down,0.12,0.6,30.0,0.15,0.8,False,ok,True,0.9883142910619942,0.5891635584173749,0.000153058242062365
down,0.12,0.6,30.0,0.15,1.0,False,ok,True,0.9680658748725111,0.568971115518322,0.00015344488132097166
down,0.12,0.6,30.0,0.175,0.5,False,ok,True,0.873156512269266,0.5286108066000693,0.0001520388423196494
down,0.12,0.6,30.0,0.175,0.8,False,ok,True,0.8592660033141222,0.49196985563528517,0.00015305744523428212
down,0.12,0.6,30.0,0.175,1.0,False,ok,True,0.8613248632040271,0.4909135782530546,0.0001534450963931163
down,0.12,0.6,30.0,0.2,0.5,False,ok,True,0.7410220581645914,0.40916847526461575,0.00015203899335242664
down,0.12,0.6,30.0,0.2,0.8,False,ok,True,0.7803499137472805,0.4301610201717295,0.00015305758418770053
down,0.12,0.6,30.0,0.2,1.0,False,ok,True,0.7798429081286244,0.4322931277563547,0.00015344540873632492
down,0.12,0.8,0.0,0.125,0.5,False,ok,True,2.308614051025146,1.5029779945934896,0.00015203922854466407
down,0.12,0.8,0.0,0.125,0.8,False,ok,True,2.2546730084990534,1.4821712787951409,0.00015306036981793105
down,0.12,0.8,0.0,0.125,1.0,False,ok,True,2.2740069189259,1.4930310689068393,0.00015344462035066345
down,0.12,0.8,0.0,0.15,0.5,False,ok,True,2.156873916434388,1.4283879971749676,0.0001520390902265679
down,0.12,0.8,0.0,0.15,0.8,False,ok,True,2.0833123059554564,1.408129764235407,0.00015305631836475128
down,0.12,0.8,0.0,0.15,1.0,False,ok,True,2.0891235031339,1.418331356162076,0.0001534448596349448
down,0.12,0.8,0.0,0.175,0.5,False,ok,True,2.020686463063413,1.3916364693283945,0.00015203898499215385
down,0.12,0.8,0.0,0.175,0.8,False,ok,True,2.0654525126983128,1.3993950140988025,0.0001530558414083157
down,0.12,0.8,0.0,0.175,1.0,False,ok,True,1.9957481597647009,1.370384026251177,0.0001534451349165604
down,0.12,0.8,0.0,0.2,0.5,False,ok,True,1.956276253293237,1.3203397958149208,0.00015203723028243485
down,0.12,0.8,0.0,0.2,0.8,False,ok,True,1.8860191697862567,1.2781348914192803,0.00015305767840539166
down,0.12,0.8,0.0,0.2,1.0,False,ok,True,1.8926016393694185,1.310720657456099,0.00015344559004118574
down,0.12,0.8,15.0,0.125,0.5,False,ok,True,1.3302460668849638,0.9173144744824979,0.00015203929979756842
down,0.12,0.8,15.0,0.125,0.8,False,ok,True,1.3388159478262278,0.8709755959881095,0.00015305770923098488
down,0.12,0.8,15.0,0.125,1.0,False,ok,True,1.323547095112077,0.8818538013557505,0.00015344462810616786
down,0.12,0.8,15.0,0.15,0.5,False,ok,True,1.12956046466238,0.733182831095533,0.00015203875834744792
down,0.12,0.8,15.0,0.15,0.8,False,ok,True,1.1808825035758401,0.7428781179451821,0.0001530578145579999
down,0.12,0.8,15.0,0.15,1.0,False,ok,True,1.1631670641906984,0.7312995521007241,0.00015344490044153132
down,0.12,0.8,15.0,0.175,0.5,False,ok,True,1.0364944535067409,0.6462387356876408,0.0001520390761020959
down,0.12,0.8,15.0,0.175,0.8,False,ok,True,1.0433495966246396,0.6226645973391283,0.00015305772829650517
down,0.12,0.8,15.0,0.175,1.0,False,ok,True,1.031798721501993,0.6094417172374542,0.0001534451501761158
down,0.12,0.8,15.0,0.2,0.5,False,ok,True,0.9075451991114099,0.5417965448935578,0.00015203859072355577
down,0.12,0.8,15.0,0.2,0.8,False,ok,True,0.9508643542753175,0.5461797318896218,0.00015305769883395802
down,0.12,0.8,15.0,0.2,1.0,False,ok,True,0.9402588615430052,0.5333320361062599,0.00015344545917649882
down,0.12,0.8,30.0,0.125,0.5,False,ok,True,1.443837832308107,1.0403069634397097,0.00015203925812846687
down,0.12,0.8,30.0,0.125,0.8,False,ok,True,1.440615345127895,1.0032285743640572,0.00015305776886356538
down,0.12,0.8,30.0,0.125,1.0,False,ok,True,1.4387170638835671,1.0224343465275623,0.00015344463077434828
down,0.12,0.8,30.0,0.15,0.5,False,ok,True,1.2830940354799463,0.905278287558571,0.00015203914905759426
down,0.12,0.8,30.0,0.15,0.8,False,ok,True,1.262366373208056,0.8826566549354148,0.00015305743985374583
down,0.12,0.8,30.0,0.15,1.0,False,ok,True,1.2629186623122586,0.8596703615152317,0.000153444890549763
down,0.12,0.8,30.0,0.175,0.5,False,ok,True,1.1009267398097728,0.7577688411589024,0.00015203874139879192
down,0.12,0.8,30.0,0.175,0.8,False,ok,True,1.097104445445613,0.7218985450231729,0.00015305776290531215
down,0.12,0.8,30.0,0.175,1.0,False,ok,True,1.083234332402563,0.7233407470867018,0.0001534451462555709
down,0.12,0.8,30.0,0.2,0.5,False,ok,True,0.9794415428413389,0.6800633894383205,0.00015203897931617642
down,0.12,0.8,30.0,0.2,0.8,False,ok,True,0.9646005914220452,0.6221443707495093,0.0001530579154409954
down,0.12,0.8,30.0,0.2,1.0,False,ok,True,0.9546942383396445,0.6169184609105479,0.00015344546081324294
down,0.12,1.0,0.0,0.125,0.5,False,ok,True,2.3622894849355913,1.551263489814958,0.00015203918608150136
down,0.12,1.0,0.0,0.125,0.8,False,ok,True,2.2705802531858033,1.4993025958028345,0.00015305784606065357
down,0.12,1.0,0.0,0.125,1.0,False,ok,True,2.2425393726740235,1.482143677049935,0.00015344461924017685
down,0.12,1.0,0.0,0.15,0.5,False,ok,True,2.200007794489949,1.493640873221208,0.00015203909799141134
down,0.12,1.0,0.0,0.15,0.8,False,ok,True,2.2181416032828847,1.5122219678080278,0.00015305625858235992
down,0.12,1.0,0.0,0.15,1.0,False,ok,True,2.2039001528400797,1.5082999724367383,0.00015344236884851583
down,0.12,1.0,0.0,0.175,0.5,False,ok,True,2.1540227177024986,1.4969221120744214,0.0001520390128433221
down,0.12,1.0,0.0,0.175,0.8,False,ok,True,2.093028612377045,1.4673013865984272,0.00015305883965074148
down,0.12,1.0,0.0,0.175,1.0,False,ok,True,2.083116805497965,1.4715912313524815,0.00015344277023862272
down,0.12,1.0,0.0,0.2,0.5,False,ok,True,2.065963006431537,1.4558763100923642,0.0001520382095292199
down,0.12,1.0,0.0,0.2,0.8,False,ok,True,2.0214814355050548,1.440778257359902,0.00015306012922192342
down,0.12,1.0,0.0,0.2,1.0,False,ok,True,2.033293751728806,1.457644611506533,0.00015344361936634618
down,0.12,1.0,15.0,0.125,0.5,False,ok,True,1.5643203931780594,1.1315573184310292,0.00015203918256547633
down,0.12,1.0,15.0,0.125,0.8,False,ok,True,1.5525985379870497,1.1000877481738702,0.00015306009932471618
down,0.12,1.0,15.0,0.125,1.0,False,ok,True,1.5533035136960536,1.110032795240917,0.00015344463187957517
down,0.12,1.0,15.0,0.15,0.5,False,ok,True,1.4193214002199566,1.0254499133787416,0.00015203961256090635
down,0.12,1.0,15.0,0.15,0.8,False,ok,True,1.3818340960161668,0.9923132323922096,0.00015305776693614887
down,0.12,1.0,15.0,0.15,1.0,False,ok,True,1.4012629889776305,0.9944581487389127,0.00015344486988365684
down,0.12,1.0,15.0,0.175,0.5,False,ok,True,1.256409182293319,0.8952401685896522,0.0001520374929960969
down,0.12,1.0,15.0,0.175,0.8,False,ok,True,1.2572804607933226,0.871910277706586,0.00015305844827154458
down,0.12,1.0,15.0,0.175,1.0,False,ok,True,1.2334824606303754,0.8432047594370761,0.0001534456746545272
down,0.12,1.0,15.0,0.2,0.5,False,ok,True,1.0984391269111313,0.784664632666412,0.0001520401222499398
down,0.12,1.0,15.0,0.2,0.8,False,ok,True,1.1275081207160824,0.7702042778641404,0.0001530560154377494
down,0.12,1.0,15.0,0.2,1.0,False,ok,True,1.1014320073951023,0.7368348700031626,0.0001534455154992801
down,0.12,1.0,30.0,0.125,0.5,False,ok,True,1.5069884257302117,1.1281166522346744,0.00015203914859558923
down,0.12,1.0,30.0,0.125,0.8,False,ok,True,1.491506087859251,1.0822571178144065,0.0001530577904770475
down,0.12,1.0,30.0,0.125,1.0,False,ok,True,1.4727858632834445,1.0684838701643111,0.0001534446103652563
down,0.12,1.0,30.0,0.15,0.5,False,ok,True,1.42299741528862,1.0305732412181867,0.00015203917915564198
down,0.12,1.0,30.0,0.15,0.8,False,ok,True,1.3637165739824317,0.9918265771809658,0.00015305798447196086
down,0.12,1.0,30.0,0.15,1.0,False,ok,True,1.3938074820937012,1.0103380591467948,0.00015344486422462535
down,0.12,1.0,30.0,0.175,0.5,False,ok,True,1.2965205354394833,0.9452935915038391,0.0001520383526837259
down,0.12,1.0,30.0,0.175,0.8,False,ok,True,1.260785873450452,0.9210440767103051,0.00015305860607799814
down,0.12,1.0,30.0,0.175,1.0,False,ok,True,1.2504202864710114,0.8960450841247934,0.0001534453109382875
down,0.12,1.0,30.0,0.2,0.5,False,ok,True,1.1926798230674307,0.8686715260966017,0.00015203728153951473
down,0.12,1.0,30.0,0.2,0.8,False,ok,True,1.1676914236364748,0.8127891860846223,0.00015305729428365908
down,0.12,1.0,30.0,0.2,1.0,False,ok,True,1.1414084008814325,0.7933109288335845,0.00015344572489278216
down,0.12,1.2,0.0,0.125,0.5,False,ok,True,2.2760871368196627,1.5428285815219918,0.0001520391797544203
down,0.12,1.2,0.0,0.125,0.8,False,ok,True,2.271031680903678,1.4975310006008808,0.00015305770730514052
down,0.12,1.2,0.0,0.125,1.0,False,ok,True,2.294321629496679,1.5097832300974836,0.0001534445968383973
down,0.12,1.2,0.0,0.15,0.5,False,ok,True,2.1946960520184664,1.5179899170449564,0.0001520391692829441
down,0.12,1.2,0.0,0.15,0.8,False,ok,True,2.2452951559306555,1.536118518866544,0.000153057795292294
down,0.12,1.2,0.0,0.15,1.0,False,ok,True,2.2059145759780896,1.5149680033142359,0.00015344320444542976
down,0.12,1.2,0.0,0.175,0.5,False,ok,True,2.154513970352873,1.5337659517016293,0.00015203902092123856
down,0.12,1.2,0.0,0.175,0.8,False,ok,True,2.094579508574139,1.494273205839476,0.00015305768654206022
down,0.12,1.2,0.0,0.175,1.0,False,ok,True,2.1331121067072907,1.516311692512708,0.0001534462362809544
down,0.12,1.2,0.0,0.2,0.5,False,ok,True,2.0847073302107244,1.5160001840134643,0.0001520399971621826
down,0.12,1.2,0.0,0.2,0.8,False,ok,True,2.070524552514939,1.5099886244551726,0.00015305999100746718
down,0.12,1.2,0.0,0.2,1.0,False,ok,True,1.9974119086616817,1.4645104403463725,0.00015344781558329767
down,0.12,1.2,15.0,0.125,0.5,False,ok,True,1.7006257937538527,1.2885223671137327,0.00015203959129206978
down,0.12,1.2,15.0,0.125,0.8,False,ok,True,1.6949926824473267,1.2445543333856592,0.00015306007493232402
down,0.12,1.2,15.0,0.125,1.0,False,ok,True,1.6982446957547521,1.2466947901249645,0.0001534441754869983
down,0.12,1.2,15.0,0.15,0.5,False,ok,True,1.568285783685611,1.1906303560340363,0.00015203904381442648
down,0.12,1.2,15.0,0.15,0.8,False,ok,True,1.6124480125401517,1.2000358763820178,0.00015305772412689151
down,0.12,1.2,15.0,0.15,1.0,False,ok,True,1.5724561774011379,1.1829071810788443,0.0001534423540722374
down,0.12,1.2,15.0,0.175,0.5,False,ok,True,1.4500636601474974,1.124141841274833,0.00015203775354464175
down,0.12,1.2,15.0,0.175,0.8,False,ok,True,1.4638273168799045,1.1070326005020619,0.0001530553082885953
down,0.12,1.2,15.0,0.175,1.0,False,ok,True,1.4348951370568694,1.0867488816661366,0.00015344744945992622
down,0.12,1.2,15.0,0.2,0.5,False,ok,True,1.32212368353239,1.0273502600025888,0.00015203910266772043
down,0.12,1.2,15.0,0.2,0.8,False,ok,True,1.3180781216449355,1.01575867822894,0.00015305975907553812
down,0.12,1.2,15.0,0.2,1.0,False,ok,True,1.313664391864863,1.0106107184290387,0.00015344778583170512
down,0.12,1.2,30.0,0.125,0.5,False,ok,True,1.521899694694847,1.1565548664921421,0.00015203975989192358
down,0.12,1.2,30.0,0.125,0.8,False,ok,True,1.52262246472715,1.124768615298614,0.00015305589714659812
down,0.12,1.2,30.0,0.125,1.0,False,ok,True,1.509727792941639,1.1099336712066181,0.0001534441648055111
down,0.12,1.2,30.0,0.15,0.5,False,ok,True,1.443266038309387,1.09911958074796,0.00015203903494060946
down,0.12,1.2,30.0,0.15,0.8,False,ok,True,1.4850158045918835,1.0938516629968291,0.00015305701437840117
down,0.12,1.2,30.0,0.15,1.0,False,ok,True,1.4435092433861842,1.0723922372412609,0.00015344417894537515
down,0.12,1.2,30.0,0.175,0.5,False,ok,True,1.3833048747607468,1.0460808873827003,0.00015203902995346858
down,0.12,1.2,30.0,0.175,0.8,False,ok,True,1.3586285719278839,1.0207839758201303,0.0001530554013742525
down,0.12,1.2,30.0,0.175,1.0,False,ok,True,1.376381536884209,1.0201594655189519,0.0001534425319126829
down,0.12,1.2,30.0,0.2,0.5,False,ok,True,1.3006507221008923,0.9892383177456563,0.00015203869598412665
down,0.12,1.2,30.0,0.2,0.8,False,ok,True,1.275358689636843,0.9448944640134997,0.00015305948215557516
down,0.12,1.2,30.0,0.2,1.0,False,ok,True,1.233159820628873,0.9100756850743404,0.00015344677936297868
down,0.12,1.4,0.0,0.125,0.5,False,ok,True,2.2852952414908994,1.5170776973006883,0.00015203917960900172
down,0.12,1.4,0.0,0.125,0.8,False,ok,True,2.269650672274819,1.496097225582461,0.0001530578168842045
down,0.12,1.4,0.0,0.125,1.0,False,ok,True,2.2932622913685847,1.5075076138701207,0.00015344461951925982
down,0.12,1.4,0.0,0.15,0.5,False,ok,True,2.2814227945708514,1.5700501856365248,0.0001520390882257516
down,0.12,1.4,0.0,0.15,0.8,False,ok,True,2.2577683400366912,1.5452245257708237,0.000153057435448785
down,0.12,1.4,0.0,0.15,1.0,False,ok,True,2.2226022967652583,1.5249301481727464,0.00015344462443374758
down,0.12,1.4,0.0,0.175,0.5,False,ok,True,2.1792244465968995,1.5624466663188397,0.00015203896445865162
down,0.12,1.4,0.0,0.175,0.8,False,ok,True,2.1269299107031676,1.5209615650562378,0.00015305652698632035
down,0.12,1.4,0.0,0.175,1.0,False,ok,True,2.1183773555686423,1.5187354804778377,0.00015344504383068414
down,0.12,1.4,0.0,0.2,0.5,False,ok,True,2.080069380728393,1.5357755383994078,0.0001520393271165074
down,0.12,1.4,0.0,0.2,0.8,False,ok,True,2.1094115642510345,1.5474029400163922,0.00015305961696963522
down,0.12,1.4,0.0,0.2,1.0,False,ok,True,2.0604474030320485,1.5173783914362395,0.00015344773803419324
down,0.12,1.4,15.0,0.125,0.5,False,ok,True,1.7731445723463266,1.3494982554376982,0.0001520395851615046
down,0.12,1.4,15.0,0.125,0.8,False,ok,True,1.785557877717695,1.3264490556318518,0.00015305537639244266
down,0.12,1.4,15.0,0.125,1.0,False,ok,True,1.779998694286248,1.321497217699546,0.0001534421190289497
down,0.12,1.4,15.0,0.15,0.5,False,ok,True,1.6679988102221603,1.287703460948642,0.00015203909994230522
down,0.12,1.4,15.0,0.15,0.8,False,ok,True,1.696789276553434,1.29975283325129,0.00015305779679045258
down,0.12,1.4,15.0,0.15,1.0,False,ok,True,1.7049982152573748,1.3107783902338064,0.00015344477321303364
down,0.12,1.4,15.0,0.175,0.5,False,ok,True,1.5742162301005589,1.2403532139934026,0.00015203942085616667
down,0.12,1.4,15.0,0.175,0.8,False,ok,True,1.590717895306641,1.2498060804141973,0.0001530559178695417
down,0.12,1.4,15.0,0.175,1.0,False,ok,True,1.5693683423896498,1.2291140425617044,0.00015344400824099806
down,0.12,1.4,15.0,0.2,0.5,False,ok,True,1.5225865596459234,1.2251825872880266,0.0001520384814683464
down,0.12,1.4,15.0,0.2,0.8,False,ok,True,1.5109817394409641,1.2148733992880536,0.00015305967782847823
down,0.12,1.4,15.0,0.2,1.0,False,ok,True,1.4957248430799603,1.2028572775941757,0.00015344761316290087
down,0.12,1.4,30.0,0.125,0.5,False,ok,True,1.5201979148136173,1.162665844724224,0.00015203813558093096
down,0.12,1.4,30.0,0.125,0.8,False,ok,True,1.570481383423091,1.1695956491282058,0.0001530589275832923
down,0.12,1.4,30.0,0.125,1.0,False,ok,True,1.5807522329686237,1.1685195280889016,0.0001534451333635857
down,0.12,1.4,30.0,0.15,0.5,False,ok,True,1.493726219183312,1.1428208244734337,0.00015203910091487314
down,0.12,1.4,30.0,0.15,0.8,False,ok,True,1.5109562276770316,1.1437176994795157,0.0001530562345227156
down,0.12,1.4,30.0,0.15,1.0,False,ok,True,1.527004602537111,1.155066635024525,0.0001534462540860777
down,0.12,1.4,30.0,0.175,0.5,False,ok,True,1.4396751973858894,1.1317605549931586,0.0001520390144747586
down,0.12,1.4,30.0,0.175,0.8,False,ok,True,1.4644440010297857,1.1207246152322599,0.00015306009215263367
down,0.12,1.4,30.0,0.175,1.0,False,ok,True,1.4289501231162873,1.1004555958615798,0.00015344731898336186
down,0.12,1.4,30.0,0.2,0.5,False,ok,True,1.363728875444615,1.073905051347457,0.00015203871645880538
down,0.12,1.4,30.0,0.2,0.8,False,ok,True,1.3435454766425505,1.0598343586322234,0.00015305933422323658
down,0.12,1.4,30.0,0.2,1.0,False,ok,True,1.3309942564014705,1.0333702578587978,0.00015344676954489385
down,0.12,1.6,0.0,0.125,0.5,False,ok,True,2.3508352542882154,1.544242480683309,0.0001520391794129586
down,0.12,1.6,0.0,0.125,0.8,False,ok,True,2.2895197115342656,1.5035021557866382,0.00015305781643545893
down,0.12,1.6,0.0,0.125,1.0,False,ok,True,2.2887712959039885,1.5013289357011337,0.00015344461774570626
down,0.12,1.6,0.0,0.15,0.5,False,ok,True,2.1961517889715187,1.5229063881832048,0.000152039087235901
down,0.12,1.6,0.0,0.15,0.8,False,ok,True,2.1983732320119254,1.5114709849343306,0.00015305778518589428
down,0.12,1.6,0.0,0.15,1.0,False,ok,True,2.1889530213022956,1.5079585847482349,0.0001534448726250014
down,0.12,1.6,0.0,0.175,0.5,False,ok,True,2.142137988261924,1.545571707851115,0.00015203899184626157
down,0.12,1.6,0.0,0.175,0.8,False,ok,True,2.0928013765646805,1.5032980592228828,0.00015305778982928358
down,0.12,1.6,0.0,0.175,1.0,False,ok,True,2.135819910285828,1.5278160877093614,0.00015344467579116844
down,0.12,1.6,0.0,0.2,0.5,False,ok,True,2.07802399723507,1.541904572277941,0.00015203892268368955
down,0.12,1.6,0.0,0.2,0.8,False,ok,True,2.0611946738723113,1.5253956691476833,0.00015305619633382625
down,0.12,1.6,0.0,0.2,1.0,False,ok,True,2.0481701525629274,1.5159294432144552,0.00015344577110240097
down,0.12,1.6,15.0,0.125,0.5,False,ok,True,1.6741415629023937,1.285326089345096,0.0001520395317664073
down,0.12,1.6,15.0,0.125,0.8,False,ok,True,1.8429439454999608,1.387703125910838,0.00015305781449276803
down,0.12,1.6,15.0,0.125,1.0,False,ok,True,1.8574088453074815,1.3868492601247375,0.00015344461743799762
down,0.12,1.6,15.0,0.15,0.5,False,ok,True,1.640953421203997,1.2864143291518564,0.00015203908593583974
down,0.12,1.6,15.0,0.15,0.8,False,ok,True,1.7583344615021075,1.3651413106313057,0.0001530577699094761
down,0.12,1.6,15.0,0.15,1.0,False,ok,True,1.7356375772537906,1.3394389522581112,0.00015344449201569522
down,0.12,1.6,15.0,0.175,0.5,False,ok,True,1.6712799936845577,1.3525609763460016,0.00015203907159198673
down,0.12,1.6,15.0,0.175,0.8,False,ok,True,1.683251038657882,1.3388559075473185,0.000153056002471019
down,0.12,1.6,15.0,0.175,1.0,False,ok,True,1.6820573422014353,1.3336512939294884,0.0001534434494110892
down,0.12,1.6,15.0,0.2,0.5,False,ok,True,1.6283765678494913,1.337194583697068,0.0001520390211259312
down,0.12,1.6,15.0,0.2,0.8,False,ok,True,1.6243797425634636,1.324525172258461,0.00015305881339596947
down,0.12,1.6,15.0,0.2,1.0,False,ok,True,1.5759053005964387,1.2812308020572396,0.00015344672135724768
down,0.12,1.6,30.0,0.125,0.5,False,ok,True,1.594613336177886,1.2415049440210582,0.0001520392106620792
down,0.12,1.6,30.0,0.125,0.8,False,ok,True,1.6150770242287338,1.2242781025702436,0.00015305782013862724
down,0.12,1.6,30.0,0.125,1.0,False,ok,True,1.6079754663468413,1.1985359211864213,0.00015344461737721077
down,0.12,1.6,30.0,0.15,0.5,False,ok,True,1.4424254770474088,1.1600181062897337,0.00015203908574628846
down,0.12,1.6,30.0,0.15,0.8,False,ok,True,1.5612820127117155,1.200947891490128,0.00015305793280612502
down,0.12,1.6,30.0,0.15,1.0,False,ok,True,1.5301049052822184,1.1629944518461446,0.00015344488668374165
down,0.12,1.6,30.0,0.175,0.5,False,ok,True,1.437413392677786,1.1555045754239555,0.0001520389801775279
down,0.12,1.6,30.0,0.175,0.8,False,ok,True,1.489679212217541,1.172720269903143,0.00015305605079772653
down,0.12,1.6,30.0,0.175,1.0,False,ok,True,1.4929201264525087,1.1711604422765833,0.00015344297134389914
down,0.12,1.6,30.0,0.2,0.5,False,ok,True,1.3881475535778423,1.1059046950518225,0.000152038886783127
down,0.12,1.6,30.0,0.2,0.8,False,ok,True,1.4392309049996626,1.1583846407763825,0.0001530567174740945
down,0.12,1.6,30.0,0.2,1.0,False,ok,True,1.4050635636057536,1.1289904444928722,0.00015344580389958817
down,0.12,1.8,0.0,0.125,0.5,False,ok,True,2.384802219416295,1.5645649347740764,0.00015203917846476616
down,0.12,1.8,0.0,0.125,0.8,False,ok,True,2.31354396433463,1.511868541624083,0.0001530578136538922
down,0.12,1.8,0.0,0.125,1.0,False,ok,True,2.3286071386161886,1.5176670855772934,0.00015344461241769092
down,0.12,1.8,0.0,0.15,0.5,False,ok,True,2.2095912699124582,1.5277400754373074,0.00015203911360375474
down,0.12,1.8,0.0,0.15,0.8,False,ok,True,2.1760106696095964,1.5001214852674856,0.00015305782150022379
down,0.12,1.8,0.0,0.15,1.0,False,ok,True,2.249833334109925,1.5391492731941518,0.00015344488924931126
down,0.12,1.8,0.0,0.175,0.5,False,ok,True,2.1783490445824327,1.5665504268917119,0.00015203958916204115
down,0.12,1.8,0.0,0.175,0.8,False,ok,True,2.1125057367967193,1.513806242231507,0.00015305839978829665
down,0.12,1.8,0.0,0.175,1.0,False,ok,True,2.1017290995559104,1.5096646132969784,0.00015344593082580735
down,0.12,1.8,0.0,0.2,0.5,False,ok,True,2.0520845073084306,1.533103188686246,0.00015203826866321923
down,0.12,1.8,0.0,0.2,0.8,False,ok,True,2.03075557849344,1.5079714631125758,0.0001530592050817883
down,0.12,1.8,0.0,0.2,1.0,False,ok,True,2.0214574746109326,1.5030228229423037,0.00015344825391768276
down,0.12,1.8,15.0,0.125,0.5,False,ok,True,1.7198167120395949,1.3148963521260058,0.00015203917814074984
down,0.12,1.8,15.0,0.125,0.8,False,ok,True,1.9029876238121801,1.4386918608821997,0.00015305781082800037
down,0.12,1.8,15.0,0.125,1.0,False,ok,True,1.8673970133087292,1.402157985588488,0.00015344462584129874
down,0.12,1.8,15.0,0.15,0.5,False,ok,True,1.6799356724898444,1.3277449738051157,0.0001520390855951532
down,0.12,1.8,15.0,0.15,0.8,False,ok,True,1.7809701459134195,1.3816123539505794,0.00015305777566280353
down,0.12,1.8,15.0,0.15,1.0,False,ok,True,1.7765839106718662,1.3775125801494081,0.0001534448427296842
down,0.12,1.8,15.0,0.175,0.5,False,ok,True,1.6213269020545933,1.3193804285747248,0.00015203929227444998
down,0.12,1.8,15.0,0.175,0.8,False,ok,True,1.7219042700360734,1.3777204020802447,0.00015305686290924684
down,0.12,1.8,15.0,0.175,1.0,False,ok,True,1.7147777141854317,1.36728400589922,0.00015344525805249896
down,0.12,1.8,15.0,0.2,0.5,False,ok,True,1.5615453950349507,1.2983337668544503,0.00015203925393619724
down,0.12,1.8,15.0,0.2,0.8,False,ok,True,1.6367969088874128,1.3458429021051477,0.00015305856529977246
down,0.12,1.8,15.0,0.2,1.0,False,ok,True,1.6280148729137036,1.339021776599682,0.00015344548596241207
down,0.12,1.8,30.0,0.125,0.5,False,ok,True,1.5283209377256748,1.2157398131272523,0.00015203920412837466
down,0.12,1.8,30.0,0.125,0.8,False,ok,True,1.6417890885565412,1.2472069291275971,0.00015305781593957844
down,0.12,1.8,30.0,0.125,1.0,False,ok,True,1.6397644250608776,1.2337013386418025,0.00015344461720532318
down,0.12,1.8,30.0,0.15,0.5,False,ok,True,1.4654461295229197,1.16557829294239,0.00015203908442297837
down,0.12,1.8,30.0,0.15,0.8,False,ok,True,1.5694065800926313,1.2191429966036642,0.00015305965709025673
down,0.12,1.8,30.0,0.15,1.0,False,ok,True,1.5902007730688519,1.2337527530232975,0.00015344495423155874
down,0.12,1.8,30.0,0.175,0.5,False,ok,True,1.4330019035924368,1.1102431673365645,0.00015203897330362185
down,0.12,1.8,30.0,0.175,0.8,False,ok,True,1.5092457466779987,1.1991121973493475,0.00015305577860324278
down,0.12,1.8,30.0,0.175,1.0,False,ok,True,1.5323286559896399,1.223631564631716,0.00015344507163109075
down,0.12,1.8,30.0,0.2,0.5,False,ok,True,1.4226284230230395,1.1488579369896788,0.0001520391078428951
down,0.12,1.8,30.0,0.2,0.8,False,ok,True,1.466787859743885,1.2050040004231823,0.00015305642326965453
down,0.12,1.8,30.0,0.2,1.0,False,ok,True,1.4887184255490171,1.222278043403554,0.00015344440528524585
down,0.12,2.0,0.0,0.125,0.5,False,ok,True,2.344423734691999,1.5476431346873027,0.0001520392428188796
down,0.12,2.0,0.0,0.125,0.8,False,ok,True,2.3613685732809166,1.5295113979295627,0.0001530579020976411
down,0.12,2.0,0.0,0.125,1.0,False,ok,True,2.3158027129987038,1.5065935990087804,0.00015344471250166268
down,0.12,2.0,0.0,0.15,0.5,False,ok,True,2.2248654618235535,1.5361411221318972,0.00015203952307686017
down,0.12,2.0,0.0,0.15,0.8,False,ok,True,2.19151099525509,1.503163398264593,0.0001530583544926811
down,0.12,2.0,0.0,0.15,1.0,False,ok,True,2.1628614207980177,1.488385463338178,0.0001534458042986016
down,0.12,2.0,0.0,0.175,0.5,False,ok,True,2.148538113837923,1.5456639695667957,0.0001520359701652193
down,0.12,2.0,0.0,0.175,0.8,False,ok,True,2.1780582588800463,1.5528008299052705,0.0001530551719279369
down,0.12,2.0,0.0,0.175,1.0,False,ok,True,2.178797976710651,1.5488202678345455,0.00015344408331635883
down,0.12,2.0,0.0,0.2,0.5,False,ok,True,2.0933319822662524,1.5558379259501667,0.00015199910604554606
down,0.12,2.0,0.0,0.2,0.8,False,ok,True,2.0692661758341786,1.5309541812397354,0.00015301383968795179
down,0.12,2.0,0.0,0.2,1.0,False,ok,True,2.0949499710066144,1.545366094820469,0.00015339902584295852
down,0.12,2.0,15.0,0.125,0.5,False,ok,True,1.8224634738659462,1.4171847680261753,0.00015203920634947708
down,0.12,2.0,15.0,0.125,0.8,False,ok,True,1.8723831777379418,1.4177441762681038,0.0001530578506972852
down,0.12,2.0,15.0,0.125,1.0,False,ok,True,1.8598336578610164,1.4035753042908565,0.0001534446363699033
down,0.12,2.0,15.0,0.15,0.5,False,ok,True,1.7417111154099505,1.3694791732294325,0.00015203948361548492
down,0.12,2.0,15.0,0.15,0.8,False,ok,True,1.8263514315152267,1.420547124093649,0.0001530582768879129
down,0.12,2.0,15.0,0.15,1.0,False,ok,True,1.7707147094789535,1.3712252325434922,0.0001534453607409566
down,0.12,2.0,15.0,0.175,0.5,False,ok,True,1.654239805272288,1.3430072005624916,0.0001520384942184881
down,0.12,2.0,15.0,0.175,0.8,False,ok,True,1.7515634168674006,1.4090075280895955,0.00015305804038079747
down,0.12,2.0,15.0,0.175,1.0,False,ok,True,1.7423888793657598,1.3948964615487918,0.00015344672911420245
down,0.12,2.0,15.0,0.2,0.5,False,ok,True,1.6069538273270756,1.3354345145317925,0.0001520168674362403
down,0.12,2.0,15.0,0.2,0.8,False,ok,True,1.6663998174298311,1.3734367313954412,0.00015303453663506118
down,0.12,2.0,15.0,0.2,1.0,False,ok,True,1.683678903505382,1.3844824019345334,0.00015341738009087846
down,0.12,2.0,30.0,0.125,0.5,False,ok,True,1.6071981521937897,1.3202534161622956,0.00015203917833503307
down,0.12,2.0,30.0,0.125,0.8,False,ok,True,1.739196732295366,1.2234076218380878,0.00015305781463292745
down,0.12,2.0,30.0,0.125,1.0,False,ok,True,1.5439724060890638,1.1540548451591575,0.00015344467083779976
down,0.12,2.0,30.0,0.15,0.5,False,ok,True,1.6251787313523418,1.3471700184455726,0.000152039093849342
down,0.12,2.0,30.0,0.15,0.8,False,ok,True,1.4869557847066466,1.1559669095807281,0.00015305778006420687
down,0.12,2.0,30.0,0.15,1.0,False,ok,True,1.545625136619993,1.2022286071780168,0.000153444845177418
down,0.12,2.0,30.0,0.175,0.5,False,ok,True,1.5794636003425109,1.3054033270697707,0.00015203935707630337
down,0.12,2.0,30.0,0.175,0.8,False,ok,True,1.4624920750135515,1.157263891789728,0.00015305806993139344
down,0.12,2.0,30.0,0.175,1.0,False,ok,True,1.5024804567674457,1.2029644153710441,0.00015344556560384202
down,0.12,2.0,30.0,0.2,0.5,False,ok,True,1.5137169274226965,1.2858132070970432,0.00015203899442559838
down,0.12,2.0,30.0,0.2,0.8,False,ok,True,1.4689641619728901,1.2093598321863241,0.00015305684153432684
down,0.12,2.0,30.0,0.2,1.0,False,ok,True,1.5126488558642808,1.2484535428941277,0.00015344650972434808
down,0.12,2.2,0.0,0.125,0.5,False,ok,True,2.295350963587282,1.5454002140040828,0.00015203898099905937
down,0.12,2.2,0.0,0.125,0.8,False,ok,True,2.3487152180427726,1.525402443622222,0.00015305782084531255
down,0.12,2.2,0.0,0.125,1.0,False,ok,True,2.3309103372795072,1.5119883503595688,0.0001534449898942645
down,0.12,2.2,0.0,0.15,0.5,False,ok,True,2.26188310562566,1.5578358016227327,0.00015203352404562383
down,0.12,2.2,0.0,0.15,0.8,False,ok,True,2.2344652470356126,1.5268679382101271,0.0001530519583691867
down,0.12,2.2,0.0,0.15,1.0,False,ok,True,2.2636222442808314,1.5401919274571583,0.000153439996493366
down,0.12,2.2,0.0,0.175,0.5,False,ok,True,2.124760927271558,1.5281737368779293,0.0001519918595617585
down,0.12,2.2,0.0,0.175,0.8,False,ok,True,2.102899041073548,1.5076560654485198,0.00015300130229497358
down,0.12,2.2,0.0,0.175,1.0,False,ok,True,2.080976713913005,1.4945854445744684,0.00015338270321229656
down,0.12,2.2,0.0,0.2,0.5,False,ok,True,2.126494562856508,1.577597605225546,0.00015204373038376823
down,0.12,2.2,0.0,0.2,0.8,False,ok,True,2.0531746477167636,1.5214469144184677,0.00015304743692698777
down,0.12,2.2,0.0,0.2,1.0,False,ok,True,2.0983709195965963,1.5480785508375803,0.00015340253198364322
down,0.12,2.2,15.0,0.125,0.5,False,ok,True,1.762354444202202,1.4187948466829965,0.00015203911128947712
down,0.12,2.2,15.0,0.125,0.8,False,ok,True,1.8373795419713657,1.3927252327958537,0.00015305804484792314
down,0.12,2.2,15.0,0.125,1.0,False,ok,True,1.8267897267998259,1.3743930463851617,0.0001534449843435606
down,0.12,2.2,15.0,0.15,0.5,False,ok,True,1.7560216670789928,1.4144421315180442,0.0001520369283023664
down,0.12,2.2,15.0,0.15,0.8,False,ok,True,1.7623118729459195,1.372593297722283,0.0001530563516445798
down,0.12,2.2,15.0,0.15,1.0,False,ok,True,1.7826701227219905,1.3858588151414546,0.0001534449047516613
down,0.12,2.2,15.0,0.175,0.5,False,ok,True,1.6962251219777182,1.4019585270524466,0.000152009551715454
down,0.12,2.2,15.0,0.175,0.8,False,ok,True,1.7304811859224365,1.3910091007424354,0.00015303093199444263
down,0.12,2.2,15.0,0.175,1.0,False,ok,True,1.7203498211137003,1.3794825037673486,0.00015341485794825537
down,0.12,2.2,15.0,0.2,0.5,False,ok,True,1.6189940392002713,1.3631047649377463,0.0001520025340689737
down,0.12,2.2,15.0,0.2,0.8,False,ok,True,1.63272909128386,1.344368762932068,0.00015298789290650602
down,0.12,2.2,15.0,0.2,1.0,False,ok,True,1.6819966577920598,1.3827862656171672,0.0001533523216588717
down,0.12,2.2,30.0,0.125,0.5,False,ok,True,1.6373333714407745,1.324496849977202,0.00015203918879467008
down,0.12,2.2,30.0,0.125,0.8,False,ok,True,2.0226610006591863,1.257277056677452,0.00015305782802970015
down,0.12,2.2,30.0,0.125,1.0,False,ok,True,1.8151214454630957,1.1660088046554926,0.00015344462862940488
down,0.12,2.2,30.0,0.15,0.5,False,ok,True,1.6797527383655384,1.3195910746424357,0.00015203918764525445
down,0.12,2.2,30.0,0.15,0.8,False,ok,True,1.8013679995541336,1.1930507267011952,0.00015305809649040778
down,0.12,2.2,30.0,0.15,1.0,False,ok,True,1.8269466736910227,1.1329179796628341,0.00015344515016203476
down,0.12,2.2,30.0,0.175,0.5,False,ok,True,1.7333906550222833,1.3249745586702744,0.00015203832626297728
down,0.12,2.2,30.0,0.175,0.8,False,ok,True,1.498024352991004,1.1884906040311782,0.00015305845192484387
down,0.12,2.2,30.0,0.175,1.0,False,ok,True,1.5790242634141916,1.210555246627286,0.0001534464575038702
down,0.12,2.2,30.0,0.2,0.5,False,ok,True,1.7951151009281043,1.2748694831727594,0.0001520297710221006
down,0.12,2.2,30.0,0.2,0.8,False,ok,True,1.4532972177203165,1.171651516640632,0.00015303741995925066
down,0.12,2.2,30.0,0.2,1.0,False,ok,True,1.4902248434993788,1.2306576275990684,0.00015342445637269307
down,0.12,2.4,0.0,0.125,0.5,False,ok,True,2.291103637444783,1.512315754358857,0.00015203401607444706
down,0.12,2.4,0.0,0.125,0.8,False,ok,True,2.3116236209105314,1.5086347215094755,0.00015305056674552202
down,0.12,2.4,0.0,0.125,1.0,False,ok,True,2.3328589770815977,1.5184445072985664,0.00015343652262401125
down,0.12,2.4,0.0,0.15,0.5,False,ok,True,2.2613955702920325,1.5526575371748865,0.00015200744312789883
down,0.12,2.4,0.0,0.15,0.8,False,ok,True,2.281376641042683,1.5541170539091111,0.00015301003796302747
down,0.12,2.4,0.0,0.15,1.0,False,ok,True,2.2007380052039305,1.5014320241070491,0.000153386317689055
down,0.12,2.4,0.0,0.175,0.5,False,ok,True,2.1286113756870777,1.5283764023853021,0.00015207189557248722
down,0.12,2.4,0.0,0.175,0.8,False,ok,True,2.0973494548501495,1.5031973330885522,0.00015306486063120536
down,0.12,2.4,0.0,0.175,1.0,False,ok,True,2.0923028746941346,1.4970367243382545,0.00015339256210268262
down,0.12,2.4,0.0,0.2,0.5,False,ok,True,2.1242954323474703,1.5719719623844575,0.0001530908055261076
down,0.12,2.4,0.0,0.2,0.8,False,ok,True,2.116455335583989,1.55714176006749,0.00015417913038138104
down,0.12,2.4,0.0,0.2,1.0,False,ok,True,2.0590980518290376,1.5221597028027691,0.00015457005172191417
down,0.12,2.4,15.0,0.125,0.5,False,ok,True,1.581496189238486,1.3109866534986365,0.00015203712384300347
down,0.12,2.4,15.0,0.125,0.8,False,ok,True,1.9262407088536513,1.453926580548462,0.00015305501549591386
down,0.12,2.4,15.0,0.125,1.0,False,ok,True,1.886269505030882,1.4176793339998721,0.0001534422461062373
down,0.12,2.4,15.0,0.15,0.5,False,ok,True,1.5819930226726133,1.32666065788015,0.00015202314971704312
down,0.12,2.4,15.0,0.15,0.8,False,ok,True,1.8639450526873447,1.4467058001982052,0.0001530263953426655
down,0.12,2.4,15.0,0.15,1.0,False,ok,True,1.8111083578825327,1.4011583643830148,0.00015341399118573535
down,0.12,2.4,15.0,0.175,0.5,False,ok,True,1.5858916560663194,1.344797479383616,0.0001520168665178068
down,0.12,2.4,15.0,0.175,0.8,False,ok,True,1.789222848421606,1.4270898592700565,0.00015297275167424864
down,0.12,2.4,15.0,0.175,1.0,False,ok,True,1.7114509540429084,1.368341849294944,0.00015333701967592295
down,0.12,2.4,15.0,0.2,0.5,False,ok,True,1.551547880077273,1.3227622222799285,0.00015241901611088893
down,0.12,2.4,15.0,0.2,0.8,False,ok,True,1.7230824532042064,1.4098714333725895,0.00015345268631629955
down,0.12,2.4,15.0,0.2,1.0,False,ok,True,1.6279538120303825,1.3382898809046542,0.00015379005311118174
down,0.12,2.4,30.0,0.125,0.5,False,ok,True,1.99470865682395,1.4859998024479488,0.0001520390529998749
down,0.12,2.4,30.0,0.125,0.8,False,ok,True,2.1087333692916,1.2699297078413445,0.00015305793716603353
down,0.12,2.4,30.0,0.125,1.0,False,ok,True,2.0552761585735824,1.2265984620403951,0.00015344476797488134
down,0.12,2.4,30.0,0.15,0.5,False,ok,True,2.052246507895973,1.5136850623799152,0.00015203790315452485
down,0.12,2.4,30.0,0.15,0.8,False,ok,True,2.163293940538656,1.275258017865301,0.000153057741365622
down,0.12,2.4,30.0,0.15,1.0,False,ok,True,2.3506965203390062,1.1985496001664877,0.0001534452532309237
down,0.12,2.4,30.0,0.175,0.5,False,ok,True,2.031599310298698,1.4832303293834332,0.00015202836313981457
down,0.12,2.4,30.0,0.175,0.8,False,ok,True,1.9343901258695018,1.2805366079746887,0.00015303936398261366
down,0.12,2.4,30.0,0.175,1.0,False,ok,True,1.921416106642635,1.157848060670174,0.00015342997092226987
down,0.12,2.4,30.0,0.2,0.5,False,ok,True,2.068777982317502,1.5021517624363345,0.0001520532857461773
down,0.12,2.4,30.0,0.2,0.8,False,ok,True,1.6793739336370073,1.2630540396562686,0.0001529901752372133
down,0.12,2.4,30.0,0.2,1.0,False,ok,True,1.6925827451180697,1.1590913635171587,0.00015336921256929194
down,0.12,2.6,0.0,0.125,0.5,False,ok,True,2.362863329192474,1.5582820828900135,0.00015203417246310784
down,0.12,2.6,0.0,0.125,0.8,False,ok,True,2.318673477414431,1.5187124786737956,0.0001530419337454325
down,0.12,2.6,0.0,0.125,1.0,False,ok,True,2.341334610983578,1.5326893482441,0.00015341280951501938
down,0.12,2.6,0.0,0.15,0.5,False,ok,True,2.258085257031878,1.5422281053927176,0.00015213745770100304
down,0.12,2.6,0.0,0.15,0.8,False,ok,True,2.197707411526504,1.5003338482473907,0.00015312632014540477
down,0.12,2.6,0.0,0.15,1.0,False,ok,True,2.2074908219209193,1.5024737528737293,0.00015346382994456197
down,0.12,2.6,0.0,0.175,0.5,False,ok,True,2.1312667941280807,1.5277981871283954,0.00015316074959882843
down,0.12,2.6,0.0,0.175,0.8,False,ok,True,2.1946366883220705,1.552258070124615,0.00015430767075560794
down,0.12,2.6,0.0,0.175,1.0,False,ok,True,2.0954830527434702,1.4969768387408962,0.00015470672803441618
down,0.12,2.6,0.0,0.2,0.5,False,ok,True,2.1345013056767925,1.5725548568432506,0.0001553668621504942
down,0.12,2.6,0.0,0.2,0.8,False,ok,True,2.111228370130015,1.552287885835935,0.0001567062449143806
down,0.12,2.6,0.0,0.2,1.0,False,ok,True,2.0617081498652907,1.5220691958607102,0.00015769926995539264
down,0.12,2.6,15.0,0.125,0.5,False,ok,True,1.6467439427413844,1.3831724080351113,0.00015203843244015875
down,0.12,2.6,15.0,0.125,0.8,False,ok,True,2.0356534242728053,1.5158119278135338,0.0001530394796934211
down,0.12,2.6,15.0,0.125,1.0,False,ok,True,1.9880462268575814,1.4935786328281504,0.00015342258467219877
down,0.12,2.6,15.0,0.15,0.5,False,ok,True,1.5633049059260298,1.3205242485660398,0.00015204062295498714
down,0.12,2.6,15.0,0.15,0.8,False,ok,True,1.9607408970437188,1.5082328914104324,0.00015301167503959927
down,0.12,2.6,15.0,0.15,1.0,False,ok,True,1.9061497410442434,1.4670166612220576,0.00015336156400414582
down,0.12,2.6,15.0,0.175,0.5,False,ok,True,1.4162982686637855,1.1758408059314838,0.00015225783243529633
down,0.12,2.6,15.0,0.175,0.8,False,ok,True,1.8652862387500933,1.4826154846144375,0.00015341500393745847
down,0.12,2.6,15.0,0.175,1.0,False,ok,True,1.7855209120309918,1.422420571531042,0.00015378081097381413
down,0.12,2.6,15.0,0.2,0.5,False,ok,True,1.43366123501669,1.207182336381882,0.00015300962499160405
down,0.12,2.6,15.0,0.2,0.8,False,ok,True,1.7620685806004517,1.4357233472095163,0.00015592868563944586
down,0.12,2.6,15.0,0.2,1.0,False,ok,True,1.7276856619754724,1.4103732318241615,0.00015621449497288956
down,0.12,2.6,30.0,0.125,0.5,False,ok,True,1.9940961586998163,1.5854264495804884,0.0001520365700102433
down,0.12,2.6,30.0,0.125,0.8,False,ok,True,2.389028245943486,1.4649081954907335,0.00015305655182260502
down,0.12,2.6,30.0,0.125,1.0,False,ok,True,2.644832128792304,1.271805494740091,0.00015344410144555877
down,0.12,2.6,30.0,0.15,0.5,False,ok,True,2.010653311534866,1.6011445911555386,0.00015202973282813295
down,0.12,2.6,30.0,0.15,0.8,False,ok,True,2.4296670794928987,1.5063840347682607,0.00015303714612526737
down,0.12,2.6,30.0,0.15,1.0,False,ok,True,2.509511507951352,1.2860008937957772,0.00015343145518104565
down,0.12,2.6,30.0,0.175,0.5,False,ok,True,1.8600039951525857,1.5886220551127257,0.00015204441556758988
down,0.12,2.6,30.0,0.175,0.8,False,ok,True,1.9745538931476438,1.4489879495140487,0.0001529735729277529
down,0.12,2.6,30.0,0.175,1.0,False,ok,True,1.9210999902112311,1.2305979733162866,0.00015336894585508097
down,0.12,2.6,30.0,0.2,0.5,False,ok,True,1.8746431208435252,1.6119968457404277,0.0001521874064296796
down,0.12,2.6,30.0,0.2,0.8,False,ok,True,1.808538061533968,1.4442821010976183,0.00015318933394120783
down,0.12,2.6,30.0,0.2,1.0,False,ok,True,1.6896537651552759,1.1788567317308445,0.0001535144191623465
down,0.12,2.8,0.0,0.125,0.5,False,ok,True,2.279185427197103,1.5145975407745373,0.00015214810408942407
down,0.12,2.8,0.0,0.125,0.8,False,ok,True,2.3413598224319063,1.5434112546749497,0.00015317748568166348
down,0.12,2.8,0.0,0.125,1.0,False,ok,True,2.3166485519916833,1.5276103119571827,0.00015353633076140008
down,0.12,2.8,0.0,0.15,0.5,False,ok,True,2.262079071332317,1.5465488211408214,0.00015285535115869294
down,0.12,2.8,0.0,0.15,0.8,False,ok,True,2.2398740318697694,1.5248837527078634,0.00015402959303747872
down,0.12,2.8,0.0,0.15,1.0,False,ok,True,2.1718490634658916,1.484943570850324,0.00015445166432797325
down,0.12,2.8,0.0,0.175,0.5,False,ok,True,2.1427620370671296,1.5317157661189773,0.00015515906983117308
down,0.12,2.8,0.0,0.175,0.8,False,ok,True,2.1960098842227858,1.553635853344785,0.00015685493406284503
down,0.12,2.8,0.0,0.175,1.0,False,ok,True,2.1556707439150014,1.5276213539900527,0.00015775643720115874
down,0.12,2.8,0.0,0.2,0.5,False,ok,True,2.1409168344054814,1.5751132976418287,0.00015214635332845946
down,0.12,2.8,0.0,0.2,0.8,False,ok,True,2.1136958229808878,1.554111432148172,0.00015404462351332595
down,0.12,2.8,0.0,0.2,1.0,False,ok,True,2.05907277514501,1.518747178958934,0.00015592887636093017
down,0.12,2.8,15.0,0.125,0.5,False,ok,True,1.9288523878539936,1.5042539087791327,0.00015206438445197667
down,0.12,2.8,15.0,0.125,0.8,False,ok,True,2.087757053940776,1.5755406391786968,0.00015306729657945623
down,0.12,2.8,15.0,0.125,1.0,False,ok,True,2.027801918929175,1.534498246730175,0.00015342902715386253
down,0.12,2.8,15.0,0.15,0.5,False,ok,True,1.9742095260776094,1.4946296892453739,0.0001522153575514627
down,0.12,2.8,15.0,0.15,0.8,False,ok,True,2.066107116723568,1.5708197181023273,0.00015344594858024164
down,0.12,2.8,15.0,0.15,1.0,False,ok,True,1.9873333570039533,1.5212530098802604,0.00015364354236403014
down,0.12,2.8,15.0,0.175,0.5,False,ok,True,2.0007758938699864,1.4897426584908824,0.00015257877256933522
down,0.12,2.8,15.0,0.175,0.8,False,ok,True,1.8703393068961616,1.4801199391257942,0.00015552581149273542
down,0.12,2.8,15.0,0.175,1.0,False,ok,True,1.9224300863907944,1.5104272670104364,0.00015585818543250725
down,0.12,2.8,15.0,0.2,0.5,False,ok,True,2.0277611663822124,1.491212017047785,0.00015165124709823132
down,0.12,2.8,15.0,0.2,0.8,False,ok,True,1.85292299881839,1.5018614315258323,0.00015785944258173048
down,0.12,2.8,15.0,0.2,1.0,False,ok,True,1.8008630135575785,1.4556009337000821,0.00015941276811048616
down,0.12,2.8,30.0,0.125,0.5,False,ok,True,2.2576283570436635,1.6240934112175403,0.00015203065477247972
down,0.12,2.8,30.0,0.125,0.8,False,ok,True,2.7364854024290577,1.4752289344278755,0.0001530400457270917
down,0.12,2.8,30.0,0.125,1.0,False,ok,True,2.928253426606286,1.317081304533017,0.0001534342075250244
down,0.12,2.8,30.0,0.15,0.5,False,ok,True,2.118838722672519,1.6182914456382163,0.0001520601920487433
down,0.12,2.8,30.0,0.15,0.8,False,ok,True,2.2285749038317917,1.6090064753440636,0.00015301116542174243
down,0.12,2.8,30.0,0.15,1.0,False,ok,True,2.3786821158714986,1.3622855408997854,0.00015337594291815385
down,0.12,2.8,30.0,0.175,0.5,False,ok,True,1.814136026128704,1.6059330793546436,0.00015217577630837316
down,0.12,2.8,30.0,0.175,0.8,False,ok,True,1.9523040856785348,1.5916488466383385,0.0001533076834324991
down,0.12,2.8,30.0,0.175,1.0,False,ok,True,1.9627051961318245,1.2564257653464068,0.00015346142975716426
down,0.12,2.8,30.0,0.2,0.5,False,ok,True,1.8247350787381293,1.675370382266615,0.00015195200836398486
down,0.12,2.8,30.0,0.2,0.8,False,ok,True,1.926982235942585,1.5945126022954537,0.0001554154818657574
down,0.12,2.8,30.0,0.2,1.0,False,ok,True,2.016061985285363,1.2566180052999745,0.00015487190744864542
down,0.12,3.0,0.0,0.125,0.5,False,ok,True,2.277976478719895,1.5283540399173035,0.00015248487577957658
down,0.12,3.0,0.0,0.125,0.8,False,ok,True,2.2603912940328246,1.5063103658032324,0.0001536123037486025
down,0.12,3.0,0.0,0.125,1.0,False,ok,True,2.2320513651448786,1.48519074615562,0.00015411659657098306
down,0.12,3.0,0.0,0.15,0.5,False,ok,True,2.267641485246764,1.5583981617985432,0.00015407213263146058
down,0.12,3.0,0.0,0.15,0.8,False,ok,True,2.2114251820577038,1.5098020771535523,0.0001556294802191283
down,0.12,3.0,0.0,0.15,1.0,False,ok,True,2.1969232236119303,1.5009685866308988,0.00015654832005192933
down,0.12,3.0,0.0,0.175,0.5,False,ok,True,2.1473995865033415,1.5322467652276033,0.0001524605325211439
down,0.12,3.0,0.0,0.175,0.8,False,ok,True,2.1980281213210056,1.552656998449328,0.00015401270117242874
down,0.12,3.0,0.0,0.175,1.0,False,ok,True,2.189744927964856,1.5440539112572436,0.00015787801745888142
down,0.12,3.0,0.0,0.2,0.5,False,ok,True,2.0970572449330183,1.5519109414344716,0.00012812806097101383
down,0.12,3.0,0.0,0.2,0.8,False,ok,True,2.0924991948351663,1.5390153933627495,0.00012459898384989634
down,0.12,3.0,0.0,0.2,1.0,False,ok,True,2.110139915542343,1.5498580900160552,0.00012569656707157157
down,0.12,3.0,15.0,0.125,0.5,False,ok,True,2.0512558830608327,1.5293098143125912,0.00015215482220304666
down,0.12,3.0,15.0,0.125,0.8,False,ok,True,2.1054430149361663,1.6194553421525186,0.00015343252494144703
down,0.12,3.0,15.0,0.125,1.0,False,ok,True,2.0493804194822007,1.5642856679280828,0.0001538298612581839
down,0.12,3.0,15.0,0.15,0.5,False,ok,True,2.0819310537640963,1.5561817297329372,0.0001524075799984444
down,0.12,3.0,15.0,0.15,0.8,False,ok,True,2.089682932746192,1.6311639854077444,0.0001553929138030323
down,0.12,3.0,15.0,0.15,1.0,False,ok,True,1.9816977640001003,1.5252150182517967,0.00015559855127624984
down,0.12,3.0,15.0,0.175,0.5,False,ok,True,2.073797232902122,1.556915714482192,0.00015187766118543748
down,0.12,3.0,15.0,0.175,0.8,False,ok,True,2.0433113658161033,1.6012855246269486,0.00015880848863143493
down,0.12,3.0,15.0,0.175,1.0,False,ok,True,1.9783266399285857,1.543165666510642,0.00015986114069782272
down,0.12,3.0,15.0,0.2,0.5,False,ok,True,2.1408272781931696,1.59757852322537,0.00014419606345818275
down,0.12,3.0,15.0,0.2,0.8,False,ok,True,1.8406917101896727,1.5200035349210619,0.0001492175932463955
down,0.12,3.0,15.0,0.2,1.0,False,ok,True,1.8732449821574875,1.5049111008998437,0.00015232748128909555
down,0.12,3.0,30.0,0.125,0.5,False,ok,True,2.325825263471628,1.6340534764428196,0.00015201457558422938
down,0.12,3.0,30.0,0.125,0.8,False,ok,True,2.8029584644747514,1.66773798583653,0.00015312527139525078
down,0.12,3.0,30.0,0.125,1.0,False,ok,True,2.6011202854166457,1.382247233724632,0.00015341707413186998
down,0.12,3.0,30.0,0.15,0.5,False,ok,True,2.1634693073362867,1.639525802679143,0.00015211207906595936
down,0.12,3.0,30.0,0.15,0.8,False,ok,True,2.212167654366597,1.6794809863595916,0.0001535035220754288
down,0.12,3.0,30.0,0.15,1.0,False,ok,True,2.3624833311225637,1.536576852462509,0.00015348196489933046
down,0.12,3.0,30.0,0.175,0.5,False,ok,True,1.9204927503919333,1.6443820595897711,0.0001517098391489703
down,0.12,3.0,30.0,0.175,0.8,False,ok,True,2.2646300356913645,1.6973034466330998,0.00015506643513954523
down,0.12,3.0,30.0,0.175,1.0,False,ok,True,2.4167627471137334,1.4515490346722546,0.00015503038892379262
down,0.12,3.0,30.0,0.2,0.5,False,ok,True,1.9093456934917266,1.6146968451046377,0.00015043873542825405
down,0.12,3.0,30.0,0.2,0.8,False,ok,True,2.2504313401911387,1.628115560638908,0.00015581440774837133
down,0.12,3.0,30.0,0.2,1.0,False,ok,True,2.4100387534027394,1.3235803347136434,0.00015842968922581032
down,0.14,0.4,0.0,0.125,0.5,False,ok,True,2.5821431445089,1.5388221694025692,0.00015203916523568866
down,0.14,0.4,0.0,0.125,0.8,False,ok,True,2.6101580226311594,1.6976637859303845,0.00015305748316714042
down,0.14,0.4,0.0,0.125,1.0,False,ok,True,2.7057017200875606,1.7406343607572818,0.00015344461854203465
down,0.14,0.4,0.0,0.15,0.5,False,ok,True,2.205024655481407,1.3080365347152147,0.00015203791303472887
down,0.14,0.4,0.0,0.15,0.8,False,ok,True,2.0684326964230593,1.2526569903277183,0.00015305524148490686
down,0.14,0.4,0.0,0.15,1.0,False,ok,True,2.051322830323203,1.2920971789539444,0.000153445885184187
down,0.14,0.4,0.0,0.175,0.5,False,ok,True,2.0944978506647494,1.2992821941259256,0.00015203896825118966
down,0.14,0.4,0.0,0.175,0.8,False,ok,True,1.9299837838436404,1.1137384483217276,0.0001530602022341458
down,0.14,0.4,0.0,0.175,1.0,False,ok,True,1.9107500867867238,1.1762181631530768,0.0001534448513076703
down,0.14,0.4,0.0,0.2,0.5,False,ok,True,2.436201017375798,1.4110011403876546,0.00015203886357772036
down,0.14,0.4,0.0,0.2,0.8,False,ok,True,1.801113643246381,0.9932819524235803,0.00015306017884374255
down,0.14,0.4,0.0,0.2,1.0,False,ok,True,1.8275834305246788,1.0812944948399634,0.00015344575025698432
down,0.14,0.4,15.0,0.125,0.5,False,ok,True,0.9321147711513071,0.46411313028695156,0.000152039124879713
down,0.14,0.4,15.0,0.125,0.8,False,ok,True,1.0400556730901072,0.5769526218516483,0.00015305793276514337
down,0.14,0.4,15.0,0.125,1.0,False,ok,True,1.0464011070447221,0.6059346449991184,0.00015344461796592824
down,0.14,0.4,15.0,0.15,0.5,False,ok,True,0.7891961541516179,0.38766597356678,0.0001520390392821782
down,0.14,0.4,15.0,0.15,0.8,False,ok,True,0.8410359007905094,0.4513823607080164,0.00015305749971199784
down,0.14,0.4,15.0,0.15,1.0,False,ok,True,0.8193499623268992,0.43693043663450176,0.00015344486797674774
down,0.14,0.4,15.0,0.175,0.5,False,ok,True,0.9057100950279297,0.37505881774368066,0.00015203893512722938
down,0.14,0.4,15.0,0.175,0.8,False,ok,True,0.8015932227857477,0.3802840199401225,0.0001530580162747847
down,0.14,0.4,15.0,0.175,1.0,False,ok,True,0.7287116747658291,0.39400614425109953,0.0001534451555400698
down,0.14,0.4,15.0,0.2,0.5,False,ok,True,1.0134146257539336,0.34544616312400994,0.00015203884143077722
down,0.14,0.4,15.0,0.2,0.8,False,ok,True,0.6466312619561122,0.33689529897383974,0.00015305779463462192
down,0.14,0.4,15.0,0.2,1.0,False,ok,True,0.6644445547138208,0.3549035988636823,0.00015344544411720633
down,0.14,0.4,30.0,0.125,0.5,False,timeout,False,5.14003202624066,1.6841897792247646,0.00015203917385646587
down,0.14,0.4,30.0,0.125,0.8,False,timeout,False,0.8226438950206253,0.4375935687288858,0.00015305334711887414
down,0.14,0.4,30.0,0.125,1.0,False,ok,True,1.06138761482406,0.6087129701406006,0.00015344460956056484
down,0.14,0.4,30.0,0.15,0.5,False,ok,True,0.8145562431791193,0.4351358154838533,0.00015203918314803637
down,0.14,0.4,30.0,0.15,0.8,False,ok,True,0.8517016301964655,0.43759113003792033,0.0001530583210052226
down,0.14,0.4,30.0,0.15,1.0,False,ok,True,0.7870952545963815,0.43938956740281215,0.00015344487558999732
down,0.14,0.4,30.0,0.175,0.5,False,ok,True,0.6570608082910184,0.43513419949079946,0.00015203901981709499
down,0.14,0.4,30.0,0.175,0.8,False,ok,True,0.6951617055947463,0.4375890064270276,0.00015305828639915406
down,0.14,0.4,30.0,0.175,1.0,False,ok,True,0.6835018582894832,0.43938738532554733,0.00015344514834776172
down,0.14,0.4,30.0,0.2,0.5,False,ok,True,0.6088899434722822,0.43513298490028735,0.00015203888892488884
down,0.14,0.4,30.0,0.2,0.8,False,ok,True,0.6392334293982308,0.4375872395832091,0.00015305527273037597
down,0.14,0.4,30.0,0.2,1.0,False,ok,True,0.5785000100258452,0.43938558995342397,0.0001534454533742282
down,0.14,0.6,0.0,0.125,0.5,False,ok,True,2.657823151373676,1.7448914495632537,0.00015203917863767816
down,0.14,0.6,0.0,0.125,0.8,False,ok,True,2.899636014051765,1.9018062700773013,0.00015305664894629117
down,0.14,0.6,0.0,0.125,1.0,False,ok,True,2.7362572185029976,1.7880317772426553,0.00015344462081008742
down,0.14,0.6,0.0,0.15,0.5,False,ok,True,2.323044101768605,1.4497983502214062,0.00015203909755822213
down,0.14,0.6,0.0,0.15,0.8,False,ok,True,2.2150716983506147,1.4263079507836414,0.00015305777421998118
down,0.14,0.6,0.0,0.15,1.0,False,ok,True,2.287468563551055,1.4746710620314596,0.00015344488099515717
down,0.14,0.6,0.0,0.175,0.5,False,ok,True,2.115093805128554,1.375340497889346,0.00015203837549755038
down,0.14,0.6,0.0,0.175,0.8,False,ok,True,2.1555007993942734,1.3731457088530643,0.00015305797162977458
down,0.14,0.6,0.0,0.175,1.0,False,ok,True,2.0961565587802924,1.3577540164101838,0.00015344512902311643
down,0.14,0.6,0.0,0.2,0.5,False,ok,True,2.0606858964479677,1.3122198365179358,0.0001520372281939895
down,0.14,0.6,0.0,0.2,0.8,False,ok,True,2.0755591930925648,1.30122238746769,0.0001530579283689312
down,0.14,0.6,0.0,0.2,1.0,False,ok,True,2.0116992477231763,1.2958463357263166,0.00015344542782313805
down,0.14,0.6,15.0,0.125,0.5,False,ok,True,1.3884490760352541,0.9413202263287914,0.0001520388910876172
down,0.14,0.6,15.0,0.125,0.8,False,ok,True,1.3965655049949939,0.938825424273761,0.0001530579082386129
down,0.14,0.6,15.0,0.125,1.0,False,ok,True,1.371475899950589,0.9148243550796266,0.00015344465200753377
down,0.14,0.6,15.0,0.15,0.5,False,ok,True,1.1744728821018149,0.7771621788072308,0.00015203870086602858
down,0.14,0.6,15.0,0.15,0.8,False,ok,True,1.1977615060392393,0.7666323902670119,0.00015305785446520346
down,0.14,0.6,15.0,0.15,1.0,False,ok,True,1.2000536298447508,0.7700601692302582,0.0001534448782398162
down,0.14,0.6,15.0,0.175,0.5,False,ok,True,0.9712785099030042,0.5951215111682436,0.0001520390486225245
down,0.14,0.6,15.0,0.175,0.8,False,ok,True,0.9976531559499411,0.5822528965612102,0.0001530576714798414
down,0.14,0.6,15.0,0.175,1.0,False,ok,True,1.0099931220061036,0.5946880662153531,0.0001534451415812536
down,0.14,0.6,15.0,0.2,0.5,False,ok,True,0.8686022270482044,0.5263375803696915,0.0001520387488102907
down,0.14,0.6,15.0,0.2,0.8,False,ok,True,0.8917208070423024,0.5034845031792827,0.00015305766876160657
down,0.14,0.6,15.0,0.2,1.0,False,ok,True,0.8640435457269738,0.49917566407821073,0.00015344545368268972
down,0.14,0.6,30.0,0.125,0.5,False,ok,True,0.9814657629121658,0.4351433014179051,0.00015203915494869176
down,0.14,0.6,30.0,0.125,0.8,False,timeout,False,1.2254973068886423,0.43759921028427,0.0001530578182866775
down,0.14,0.6,30.0,0.125,1.0,False,ok,True,1.4969563172213756,1.0432273323500478,0.00015344461065915733
down,0.14,0.6,30.0,0.15,0.5,False,ok,True,1.1932603175732968,0.7622113756065616,0.00015203926917752033
down,0.14,0.6,30.0,0.15,0.8,False,ok,True,1.237728118055811,0.805576719572777,0.0001530577003543419
down,0.14,0.6,30.0,0.15,1.0,False,ok,True,1.2512792587514858,0.8197813451664298,0.00015344485841736316
down,0.14,0.6,30.0,0.175,0.5,False,ok,True,1.0009833202322744,0.6458301306602428,0.00015203884680819026
down,0.14,0.6,30.0,0.175,0.8,False,ok,True,1.028001720670055,0.6398138346624057,0.00015305802088875456
down,0.14,0.6,30.0,0.175,1.0,False,ok,True,1.0144868882122378,0.6450287608748451,0.00015344516418462213
down,0.14,0.6,30.0,0.2,0.5,False,ok,True,0.8936151716793923,0.5524853440042226,0.0001520389594498877
down,0.14,0.6,30.0,0.2,0.8,False,ok,True,0.8793418250820457,0.5378654243981549,0.00015305798812440035
down,0.14,0.6,30.0,0.2,1.0,False,ok,True,0.8404938624173167,0.5168945286146794,0.00015344543618006152
down,0.14,0.8,0.0,0.125,0.5,False,ok,True,2.5077404244201973,1.5962356537399809,0.0001520392748785454
down,0.14,0.8,0.0,0.125,0.8,False,ok,True,2.5208252069528077,1.6065384222639723,0.00015305716621599435
down,0.14,0.8,0.0,0.125,1.0,False,ok,True,2.470329035771808,1.5832981579844447,0.00015344474096936126
down,0.14,0.8,0.0,0.15,0.5,False,ok,True,2.389009861713695,1.552855373037487,0.0001520390858406976
down,0.14,0.8,0.0,0.15,0.8,False,ok,True,2.345210524156308,1.54620524953053,0.00015305762617514449
down,0.14,0.8,0.0,0.15,1.0,False,ok,True,2.371454556094657,1.5638210338106266,0.00015344487394183768
down,0.14,0.8,0.0,0.175,0.5,False,ok,True,2.284159177708492,1.4907934192015222,0.0001520389819597268
down,0.14,0.8,0.0,0.175,0.8,False,ok,True,2.327383166562742,1.5494227162285326,0.00015305947034016188
down,0.14,0.8,0.0,0.175,1.0,False,ok,True,2.233876219603972,1.5064206717123863,0.0001534453667139075
down,0.14,0.8,0.0,0.2,0.5,False,ok,True,2.1593022652015637,1.4339566439597695,0.00015203741465544398
down,0.14,0.8,0.0,0.2,0.8,False,ok,True,2.164329675563975,1.4571833258398597,0.000153059709681119
down,0.14,0.8,0.0,0.2,1.0,False,ok,True,2.1263171586042797,1.4546205951537643,0.0001534457413402649
down,0.14,0.8,15.0,0.125,0.5,False,ok,True,1.6359889023007752,1.1526159168757562,0.00015203916714831797
down,0.14,0.8,15.0,0.125,0.8,False,ok,True,1.6457379701795243,1.1716581875193197,0.00015305759846965137
down,0.14,0.8,15.0,0.125,1.0,False,ok,True,1.6411955637587508,1.1654589308732783,0.00015344462245083288
down,0.14,0.8,15.0,0.15,0.5,False,ok,True,1.425192840426042,1.0398231867770744,0.00015203894235100418
down,0.14,0.8,15.0,0.15,0.8,False,ok,True,1.4707623980456237,1.0558316087605681,0.00015305779821849332
down,0.14,0.8,15.0,0.15,1.0,False,ok,True,1.4284072211953724,0.9877912673882956,0.00015344487039874177
down,0.14,0.8,15.0,0.175,0.5,False,ok,True,1.2177176730645674,0.8702270866934486,0.00015203919767483697
down,0.14,0.8,15.0,0.175,0.8,False,ok,True,1.25741111763271,0.8711291193108002,0.00015305776825410333
down,0.14,0.8,15.0,0.175,1.0,False,ok,True,1.23839488863446,0.8420811527640895,0.0001534451548200629
down,0.14,0.8,15.0,0.2,0.5,False,ok,True,1.0877408946849352,0.747814858851993,0.00015203882386285723
down,0.14,0.8,15.0,0.2,0.8,False,ok,True,1.086592907061572,0.7251396371472812,0.00015305770667503986
down,0.14,0.8,15.0,0.2,1.0,False,ok,True,1.0828620736567212,0.6996836571696567,0.00015344545966947392
down,0.14,0.8,30.0,0.125,0.5,False,ok,True,1.3318371796006707,0.4351510808766254,0.0001520391800214737
down,0.14,0.8,30.0,0.125,0.8,False,timeout,False,1.6185691604492962,0.4376071410774647,0.00015305668959875236
down,0.14,0.8,30.0,0.125,1.0,False,ok,True,1.7075745134253235,1.235803121016633,0.00015344462792113818
down,0.14,0.8,30.0,0.15,0.5,False,ok,True,1.5487716659119695,1.1547200553600832,0.0001520391604894951
down,0.14,0.8,30.0,0.15,0.8,False,ok,True,1.5210726715405607,1.1257524324846386,0.00015305789425168898
down,0.14,0.8,30.0,0.15,1.0,False,ok,True,1.5252289015607965,1.1169250179067105,0.00015344482484229871
down,0.14,0.8,30.0,0.175,0.5,False,ok,True,1.3866207671446722,1.0340165211439263,0.00015203900367871974
down,0.14,0.8,30.0,0.175,0.8,False,ok,True,1.3587958951735974,0.9929002490055573,0.00015305764552020067
down,0.14,0.8,30.0,0.175,1.0,False,ok,True,1.3546506322666236,0.9972012356256064,0.00015344515213933836
down,0.14,0.8,30.0,0.2,0.5,False,ok,True,1.3299991490574807,1.0190229583044563,0.00015203888690492083
down,0.14,0.8,30.0,0.2,0.8,False,ok,True,1.1801928873278775,0.8549862273843393,0.00015305761452710133
down,0.14,0.8,30.0,0.2,1.0,False,ok,True,1.1747936011513902,0.8708123085897557,0.0001534454449512665
down,0.14,1.0,0.0,0.125,0.5,False,ok,True,2.5694374054102567,1.6479266010567617,0.0001520392019694918
down,0.14,1.0,0.0,0.125,0.8,False,ok,True,2.5854917366521195,1.6455991240868995,0.00015305785061758031
down,0.14,1.0,0.0,0.125,1.0,False,ok,True,2.5499239457467233,1.6269609273835988,0.00015344461881897984
down,0.14,1.0,0.0,0.15,0.5,False,ok,True,2.458643551038584,1.6375063987950125,0.00015203888969316117
down,0.14,1.0,0.0,0.15,0.8,False,ok,True,2.413736379885589,1.6047253543952638,0.00015305986199142194
down,0.14,1.0,0.0,0.15,1.0,False,ok,True,2.380153458472761,1.587060730099312,0.00015344716132692428
down,0.14,1.0,0.0,0.175,0.5,False,ok,True,2.336632569842817,1.5969504249874864,0.00015203903991508637
down,0.14,1.0,0.0,0.175,0.8,False,ok,True,2.3110228708606093,1.5815841724500277,0.00015305625341834292
down,0.14,1.0,0.0,0.175,1.0,False,ok,True,2.348691024858897,1.6116261994593923,0.0001534434491412286
down,0.14,1.0,0.0,0.2,0.5,False,ok,True,2.2684798224979486,1.5696907319087756,0.00015203871750253662
down,0.14,1.0,0.0,0.2,0.8,False,ok,True,2.2742373564175833,1.5839564172829226,0.00015306010441105535
down,0.14,1.0,0.0,0.2,1.0,False,ok,True,2.279300007251169,1.5951483830382025,0.00015344792692082321
down,0.14,1.0,15.0,0.125,0.5,False,ok,True,1.83381995290634,1.3514326330426423,0.00015203883831448
down,0.14,1.0,15.0,0.125,0.8,False,ok,True,1.8367639287294732,1.3290259155839523,0.00015305837566397174
down,0.14,1.0,15.0,0.125,1.0,False,ok,True,1.81871090234633,1.3168883820919552,0.00015344468160586518
down,0.14,1.0,15.0,0.15,0.5,False,ok,True,1.667636455043716,1.2476264548922156,0.00015203932286745892
down,0.14,1.0,15.0,0.15,0.8,False,ok,True,1.6532983682602855,1.2280591126085207,0.00015305973374604492
down,0.14,1.0,15.0,0.15,1.0,False,ok,True,1.6507106246899337,1.2122633625460189,0.00015344505230294612
down,0.14,1.0,15.0,0.175,0.5,False,ok,True,1.492893874355729,1.134455301682155,0.00015203761660903328
down,0.14,1.0,15.0,0.175,0.8,False,ok,True,1.5217735384377153,1.1162780813368527,0.00015305525750713135
down,0.14,1.0,15.0,0.175,1.0,False,ok,True,1.489006738362537,1.0974631710820906,0.00015344762823532313
down,0.14,1.0,15.0,0.2,0.5,False,ok,True,1.3591665514565274,1.0339599891974713,0.0001520375704982574
down,0.14,1.0,15.0,0.2,0.8,False,ok,True,1.349967763456358,1.0073022530517977,0.00015305524550180934
down,0.14,1.0,15.0,0.2,1.0,False,ok,True,1.35677204295511,1.017377089222989,0.00015344546606163153
down,0.14,1.0,30.0,0.125,0.5,False,ok,True,1.6697518781767202,0.43516110560111054,0.00015203915593080524
down,0.14,1.0,30.0,0.125,0.8,False,ok,True,2.0183634462205133,1.2923624113805272,0.00015305781765611372
down,0.14,1.0,30.0,0.125,1.0,False,ok,True,1.9535288238727713,1.3083033422942847,0.0001534446188211237
down,0.14,1.0,30.0,0.15,0.5,False,ok,True,1.6286760189305793,1.2672303387904873,0.00015203913928582183
down,0.14,1.0,30.0,0.15,0.8,False,ok,True,1.6258343210469692,1.2245195882663285,0.0001530578446486506
down,0.14,1.0,30.0,0.15,1.0,False,ok,True,1.6360966096374943,1.2317428226359497,0.00015344487686165753
down,0.14,1.0,30.0,0.175,0.5,False,ok,True,1.634000611977072,1.2638527255386915,0.0001520382512921394
down,0.14,1.0,30.0,0.175,0.8,False,ok,True,1.5042232090890513,1.1583841485825424,0.00015305867092410978
down,0.14,1.0,30.0,0.175,1.0,False,ok,True,1.53337912831152,1.1724317319773614,0.0001534453162512268
down,0.14,1.0,30.0,0.2,0.5,False,ok,True,1.5541454804383759,1.2462362738974697,0.0001520373085758181
down,0.14,1.0,30.0,0.2,0.8,False,ok,True,1.3808100866401782,1.0586057921540963,0.00015305519886665497
down,0.14,1.0,30.0,0.2,1.0,False,ok,True,1.3567737897538126,1.0491537446363326,0.00015344574787088912
down,0.14,1.2,0.0,0.125,0.5,False,ok,True,2.59340005495759,1.6569376672792455,0.0001520391798268441
down,0.14,1.2,0.0,0.125,0.8,False,ok,True,2.590425326791324,1.6457021884144423,0.0001530577059670079
down,0.14,1.2,0.0,0.125,1.0,False,ok,True,2.5821295433632696,1.640433555623368,0.00015344475251754635
down,0.14,1.2,0.0,0.15,0.5,False,ok,True,2.505513857155555,1.6718192662625782,0.00015203919671300678
down,0.14,1.2,0.0,0.15,0.8,False,ok,True,2.4335296726334867,1.619668328253135,0.00015305789952780544
down,0.14,1.2,0.0,0.15,1.0,False,ok,True,2.499571149797582,1.6575304320345163,0.0001534425996052749
down,0.14,1.2,0.0,0.175,0.5,False,ok,True,2.3572610093856188,1.6375579026567904,0.00015203901180276298
down,0.14,1.2,0.0,0.175,0.8,False,ok,True,2.3714464597530642,1.6341956861985625,0.00015305779472944597
down,0.14,1.2,0.0,0.175,1.0,False,ok,True,2.3548931088279312,1.6262283374173976,0.00015344617308453575
down,0.14,1.2,0.0,0.2,0.5,False,ok,True,2.332203403498771,1.645318685796891,0.00015203990762635645
down,0.14,1.2,0.0,0.2,0.8,False,ok,True,2.329830468516288,1.650011885331116,0.00015305983709811664
down,0.14,1.2,0.0,0.2,1.0,False,ok,True,2.2527398548474196,1.6021321344622201,0.00015344784207513366
down,0.14,1.2,15.0,0.125,0.5,False,ok,True,1.8564534709880027,1.3975677548774001,0.0001520386940743899
down,0.14,1.2,15.0,0.125,0.8,False,ok,True,1.9375143571648243,1.4366320431591253,0.00015306034416064503
down,0.14,1.2,15.0,0.125,1.0,False,ok,True,1.942152510027934,1.4282338177136034,0.00015344498881993544
down,0.14,1.2,15.0,0.15,0.5,False,ok,True,1.8435306690306126,1.414490537773495,0.00015203906805258372
down,0.14,1.2,15.0,0.15,0.8,False,ok,True,1.8082408374989476,1.3656654976055103,0.00015305783013487776
down,0.14,1.2,15.0,0.15,1.0,False,ok,True,1.8139278895674356,1.3693232362548355,0.00015344480143633494
down,0.14,1.2,15.0,0.175,0.5,False,ok,True,1.7377518201907176,1.3384770584383765,0.00015203807220258284
down,0.14,1.2,15.0,0.175,0.8,False,ok,True,1.6750805336474215,1.2973103863005297,0.00015306010013153642
down,0.14,1.2,15.0,0.175,1.0,False,ok,True,1.6840408459902112,1.2861991849175274,0.0001534426138747938
down,0.14,1.2,15.0,0.2,0.5,False,ok,True,1.57971269070175,1.2416058425729977,0.00015203806425109913
down,0.14,1.2,15.0,0.2,0.8,False,ok,True,1.560960303461373,1.2353846299803315,0.0001530596709301554
down,0.14,1.2,15.0,0.2,1.0,False,ok,True,1.5153941317380877,1.1879349000044301,0.00015344778149398663
down,0.14,1.2,30.0,0.125,0.5,False,ok,True,1.9770996576809803,0.435173388016629,0.00015203902769089946
down,0.14,1.2,30.0,0.125,0.8,False,ok,True,2.3960475379301385,1.3582530179043124,0.0001530560707193359
down,0.14,1.2,30.0,0.125,1.0,False,ok,True,2.301420628505684,1.3150335099990325,0.00015344462181806379
down,0.14,1.2,30.0,0.15,0.5,False,ok,True,1.7157863783661114,1.3447753684447787,0.00015203906186228239
down,0.14,1.2,30.0,0.15,0.8,False,ok,True,1.6933029173217928,1.2921362838535717,0.0001530591263039784
down,0.14,1.2,30.0,0.15,1.0,False,ok,True,1.6927930123517272,1.2862401134091177,0.00015344683253350923
down,0.14,1.2,30.0,0.175,0.5,False,ok,True,1.6343529607724645,1.2980712458980168,0.0001520390527775792
down,0.14,1.2,30.0,0.175,0.8,False,ok,True,1.6165329526292886,1.2577815895308155,0.00015305966325336126
down,0.14,1.2,30.0,0.175,1.0,False,ok,True,1.5975164431630888,1.2471573556624636,0.00015344255577557923
down,0.14,1.2,30.0,0.2,0.5,False,ok,True,1.6112324104190818,1.3167864440298207,0.00015203828550603113
down,0.14,1.2,30.0,0.2,0.8,False,ok,True,1.519530106489132,1.2023503163954625,0.00015305943646794313
down,0.14,1.2,30.0,0.2,1.0,False,ok,True,1.482296511770712,1.1717080162576927,0.00015344715201174816
down,0.14,1.4,0.0,0.125,0.5,False,ok,True,2.606465617940821,1.6736476479601372,0.00015203917958418346
down,0.14,1.4,0.0,0.125,0.8,False,ok,True,2.5889228456268785,1.6399786094089857,0.00015305781693223544
down,0.14,1.4,0.0,0.125,1.0,False,ok,True,2.6136457637150463,1.650645212534402,0.00015344461935064946
down,0.14,1.4,0.0,0.15,0.5,False,ok,True,2.4871787944691084,1.662328141937888,0.00015203908718483314
down,0.14,1.4,0.0,0.15,0.8,False,ok,True,2.4466208871144928,1.628407156138753,0.00015305741872885
down,0.14,1.4,0.0,0.15,1.0,False,ok,True,2.4052451722483754,1.6044558897834758,0.00015344451197002958
down,0.14,1.4,0.0,0.175,0.5,False,ok,True,2.36773078457765,1.6507470879076491,0.00015203895939860666
down,0.14,1.4,0.0,0.175,0.8,False,ok,True,2.4083942319486553,1.6599166473125881,0.0001530586302427846
down,0.14,1.4,0.0,0.175,1.0,False,ok,True,2.3991165247742834,1.6561681580330199,0.00015344542641978985
down,0.14,1.4,0.0,0.2,0.5,False,ok,True,2.326995803789357,1.6572323813543528,0.0001520394347794266
down,0.14,1.4,0.0,0.2,0.8,False,ok,True,2.290288178217175,1.636423351067314,0.00015305965779480564
down,0.14,1.4,0.0,0.2,1.0,False,ok,True,2.3238197947191184,1.6574678868578556,0.00015344775681622413
down,0.14,1.4,15.0,0.125,0.5,False,ok,True,1.92256840458066,1.4688171477482246,0.0001520391236557138
down,0.14,1.4,15.0,0.125,0.8,False,ok,True,2.0632992636127083,1.531102111779719,0.00015305568023122042
down,0.14,1.4,15.0,0.125,1.0,False,ok,True,2.0174992113483987,1.4823243989386645,0.00015344462027570052
down,0.14,1.4,15.0,0.15,0.5,False,ok,True,1.9028175506827536,1.4737968115347424,0.00015203908934995452
down,0.14,1.4,15.0,0.15,0.8,False,ok,True,1.8763628954810625,1.4326220379577448,0.00015305791931109693
down,0.14,1.4,15.0,0.15,1.0,False,ok,True,1.9047323749361502,1.4462261414050699,0.00015344317055242495
down,0.14,1.4,15.0,0.175,0.5,False,ok,True,1.8064927304705833,1.4169628792508082,0.00015203889527600793
down,0.14,1.4,15.0,0.175,0.8,False,ok,True,1.7920932782903745,1.4064454011421115,0.00015305556216622547
down,0.14,1.4,15.0,0.175,1.0,False,ok,True,1.817365448721889,1.4267347932853154,0.00015344395841990042
down,0.14,1.4,15.0,0.2,0.5,False,ok,True,1.7737399287118998,1.4128001107404895,0.00015203846243106356
down,0.14,1.4,15.0,0.2,0.8,False,ok,True,1.7082750659496486,1.3665977834917697,0.0001530595773086537
down,0.14,1.4,15.0,0.2,1.0,False,ok,True,1.7190404912914097,1.3706531326156461,0.0001534446527658472
down,0.14,1.4,30.0,0.125,0.5,False,ok,True,2.3345103364060162,0.4351879300176402,0.0001520391777837728
down,0.14,1.4,30.0,0.125,0.8,False,ok,True,2.7496178927933372,1.384566980190833,0.00015305812191640609
down,0.14,1.4,30.0,0.125,1.0,False,ok,True,2.596140317107568,1.3418643191697468,0.0001534445691200821
down,0.14,1.4,30.0,0.15,0.5,False,ok,True,1.7143291802749523,1.3380550236422002,0.000152039084468252
down,0.14,1.4,30.0,0.15,0.8,False,ok,True,1.7501954713422063,1.3555665223149997,0.00015305594428137467
down,0.14,1.4,30.0,0.15,1.0,False,ok,True,1.931857357803955,1.3267192850016445,0.0001534421963117904
down,0.14,1.4,30.0,0.175,0.5,False,ok,True,1.641012131044962,1.3073326810526822,0.0001520389558292237
down,0.14,1.4,30.0,0.175,0.8,False,ok,True,1.688607160557234,1.3316254227682998,0.00015305525753290017
down,0.14,1.4,30.0,0.175,1.0,False,ok,True,1.6438615975561237,1.2958925588424477,0.00015344255456866966
down,0.14,1.4,30.0,0.2,0.5,False,ok,True,1.6105816318583706,1.3108612493157865,0.00015203972199655962
down,0.14,1.4,30.0,0.2,0.8,False,ok,True,1.5470176916812184,1.2474917174942757,0.00015305655943679316
down,0.14,1.4,30.0,0.2,1.0,False,ok,True,1.5935980187129173,1.280105280560085,0.00015344614080353526
down,0.14,1.6,0.0,0.125,0.5,False,ok,True,2.5463424043728002,1.6254559614087798,0.00015203917938553038
down,0.14,1.6,0.0,0.125,0.8,False,ok,True,2.610567896956042,1.645981317274836,0.0001530578164512053
down,0.14,1.6,0.0,0.125,1.0,False,ok,True,2.610011734363933,1.6436286451688606,0.0001534446177267751
down,0.14,1.6,0.0,0.15,0.5,False,ok,True,2.503970683315497,1.6706356528629187,0.00015203908816649038
down,0.14,1.6,0.0,0.15,0.8,False,ok,True,2.4946000354794418,1.6536554514069102,0.0001530577954002687
down,0.14,1.6,0.0,0.15,1.0,False,ok,True,2.488949255031796,1.6462465932873842,0.00015344488786437713
down,0.14,1.6,0.0,0.175,0.5,False,ok,True,2.4194035344009848,1.6776386833790808,0.00015203897884410994
down,0.14,1.6,0.0,0.175,0.8,False,ok,True,2.3646047587960703,1.6408378732496998,0.0001530577970810832
down,0.14,1.6,0.0,0.175,1.0,False,ok,True,2.3261334450158264,1.6167061436497359,0.0001534446513668173
down,0.14,1.6,0.0,0.2,0.5,False,ok,True,2.3479989810258868,1.6869899682437375,0.00015203897625771433
down,0.14,1.6,0.0,0.2,0.8,False,ok,True,2.3289854152023985,1.66360344814095,0.00015305614121648105
down,0.14,1.6,0.0,0.2,1.0,False,ok,True,2.304830940171351,1.65125015727846,0.00015344570127383335
down,0.14,1.6,15.0,0.125,0.5,False,ok,True,1.9140994566581755,1.486476494859901,0.00015203918462354817
down,0.14,1.6,15.0,0.125,0.8,False,ok,True,2.0641298403276416,1.5361990832782373,0.00015305782279874684
down,0.14,1.6,15.0,0.125,1.0,False,ok,True,2.0378995817038237,1.5039761875262538,0.00015344450943778604
down,0.14,1.6,15.0,0.15,0.5,False,ok,True,1.912042992356444,1.4663948766701065,0.0001520390846149121
down,0.14,1.6,15.0,0.15,0.8,False,ok,True,1.9867395577002944,1.5224960363711022,0.00015305776884609986
down,0.14,1.6,15.0,0.15,1.0,False,ok,True,1.977066325365443,1.5077507308928864,0.00015344485908446844
down,0.14,1.6,15.0,0.175,0.5,False,ok,True,1.8032288113287755,1.4327493421113204,0.00015203919897089252
down,0.14,1.6,15.0,0.175,0.8,False,ok,True,1.853909143725324,1.4640457328315408,0.00015305573452225983
down,0.14,1.6,15.0,0.175,1.0,False,ok,True,1.8500717330200256,1.456212506560733,0.00015344303615438544
down,0.14,1.6,15.0,0.2,0.5,False,ok,True,1.7388083918697284,1.4330327756855528,0.00015203907788235475
down,0.14,1.6,15.0,0.2,0.8,False,ok,True,1.782270532996884,1.4386708729747106,0.0001530595892706119
down,0.14,1.6,15.0,0.2,1.0,False,ok,True,1.7819839184130148,1.4403108345304771,0.00015344702328929397
down,0.14,1.6,30.0,0.125,0.5,False,ok,True,2.6626801428186746,0.43520472454192105,0.0001520391794451937
down,0.14,1.6,30.0,0.125,0.8,False,ok,True,3.138337890525139,1.4197034473577135,0.00015305782658051672
down,0.14,1.6,30.0,0.125,1.0,False,ok,True,2.947706354683065,1.3656284572960729,0.0001534446179194612
down,0.14,1.6,30.0,0.15,0.5,False,ok,True,1.6504620354647437,1.3274155694844787,0.00015203908679791746
down,0.14,1.6,30.0,0.15,0.8,False,ok,True,1.7856563343340448,1.3872827589187156,0.00015305786344366223
down,0.14,1.6,30.0,0.15,1.0,False,ok,True,1.7594210677993958,1.3505183799020692,0.00015344484984835947
down,0.14,1.6,30.0,0.175,0.5,False,ok,True,1.657055353279833,1.322470466470578,0.000152038963510993
down,0.14,1.6,30.0,0.175,0.8,False,ok,True,1.705390958088969,1.3568702760199756,0.00015305622987831635
down,0.14,1.6,30.0,0.175,1.0,False,ok,True,1.680010104293924,1.3295689930951957,0.00015344301978334943
down,0.14,1.6,30.0,0.2,0.5,False,ok,True,1.6188866652638014,1.3287891685654305,0.00015203894995665786
down,0.14,1.6,30.0,0.2,0.8,False,ok,True,1.6553677459094922,1.3440576997599063,0.00015305699452646055
down,0.14,1.6,30.0,0.2,1.0,False,ok,True,1.599413021405965,1.3000771312586887,0.00015344639810092872
down,0.14,1.8,0.0,0.125,0.5,False,ok,True,2.5895307202615867,1.6494140634283516,0.00015203917861209012
down,0.14,1.8,0.0,0.125,0.8,False,ok,True,2.636422368864843,1.653127040845358,0.00015305781305260144
down,0.14,1.8,0.0,0.125,1.0,False,ok,True,2.5325186240519186,1.6072764034322105,0.00015344461119508416
down,0.14,1.8,0.0,0.15,0.5,False,ok,True,2.509297814613575,1.6697466942358505,0.00015203912588095746
down,0.14,1.8,0.0,0.15,0.8,False,ok,True,2.475556150486017,1.6382550269294656,0.0001530578186842001
down,0.14,1.8,0.0,0.15,1.0,False,ok,True,2.439152504568243,1.620652295052081,0.00015344489877240974
down,0.14,1.8,0.0,0.175,0.5,False,ok,True,2.3531625124871636,1.644940975616955,0.000152039762366201
down,0.14,1.8,0.0,0.175,0.8,False,ok,True,2.3872973113253497,1.6520228656894569,0.00015305860128072388
down,0.14,1.8,0.0,0.175,1.0,False,ok,True,2.380347447766426,1.6445046074808076,0.00015344618132437338
down,0.14,1.8,0.0,0.2,0.5,False,ok,True,2.3082975927282816,1.6628306149289946,0.00015203822696467048
down,0.14,1.8,0.0,0.2,0.8,False,ok,True,2.2858526388573392,1.6423667788679495,0.00015305837322589994
down,0.14,1.8,0.0,0.2,1.0,False,ok,True,2.264484278830115,1.6266206952382667,0.00015344810172352076
down,0.14,1.8,15.0,0.125,0.5,False,ok,True,1.7152693694844188,1.3797404939205187,0.00015203917807343043
down,0.14,1.8,15.0,0.125,0.8,False,ok,True,1.968488121513509,1.4700393858050091,0.00015305783475432681
down,0.14,1.8,15.0,0.125,1.0,False,ok,True,2.09428809318502,1.5490322460541703,0.00015344406773694691
down,0.14,1.8,15.0,0.15,0.5,False,ok,True,1.9239582878317982,1.4923371221113602,0.000152039096509614
down,0.14,1.8,15.0,0.15,0.8,False,ok,True,2.0012746642353556,1.5353907683999901,0.00015305776957949186
down,0.14,1.8,15.0,0.15,1.0,False,ok,True,1.9795701481967063,1.5085399989160042,0.00015344484907462512
down,0.14,1.8,15.0,0.175,0.5,False,ok,True,1.834003906170136,1.4706977911123147,0.00015203944160306716
down,0.14,1.8,15.0,0.175,0.8,False,ok,True,1.9230119304541715,1.5179277185399602,0.00015305727159094955
down,0.14,1.8,15.0,0.175,1.0,False,ok,True,1.9070290780544572,1.5023579101589126,0.00015344494598501315
down,0.14,1.8,15.0,0.2,0.5,False,ok,True,1.7876708662585687,1.4712885917511733,0.0001520391084687325
down,0.14,1.8,15.0,0.2,0.8,False,ok,True,1.830169443163326,1.4811469443401033,0.00015305849542884335
down,0.14,1.8,15.0,0.2,1.0,False,ok,True,1.8020050162862788,1.4609701226428662,0.00015344559515252497
down,0.14,1.8,30.0,0.125,0.5,False,ok,True,2.9430224392648276,0.4352237631854989,0.00015203918052768527
down,0.14,1.8,30.0,0.125,0.8,False,ok,True,3.5049531337193125,1.3940559700278692,0.00015305781588808074
down,0.14,1.8,30.0,0.125,1.0,False,ok,True,3.3163906706040827,1.4061210765270902,0.00015344461722846238
down,0.14,1.8,30.0,0.15,0.5,False,ok,True,1.7835461418170022,1.4198098502344385,0.00015203908412329573
down,0.14,1.8,30.0,0.15,0.8,False,ok,True,1.7640947905394253,1.3809609630544522,0.00015305825127462437
down,0.14,1.8,30.0,0.15,1.0,False,ok,True,1.7662290645284,1.3606790135423512,0.00015344488892552507
down,0.14,1.8,30.0,0.175,0.5,False,ok,True,1.6808571033700344,1.3460339035225874,0.0001520389751708362
down,0.14,1.8,30.0,0.175,0.8,False,ok,True,1.7141802420768513,1.3638501161987877,0.00015305640676947053
down,0.14,1.8,30.0,0.175,1.0,False,ok,True,1.7213821871219463,1.3640731702523485,0.00015344423506862982
down,0.14,1.8,30.0,0.2,0.5,False,ok,True,1.6457121101244603,1.3431391812978049,0.00015203909918492113
down,0.14,1.8,30.0,0.2,0.8,False,ok,True,1.6980699390633112,1.383748409111264,0.00015305620915351554
down,0.14,1.8,30.0,0.2,1.0,False,ok,True,1.6811228343546591,1.3753231088940665,0.00015344486921734725
down,0.14,2.0,0.0,0.125,0.5,False,ok,True,2.6042596277553747,1.659699880373073,0.00015203926208825079
down,0.14,2.0,0.0,0.125,0.8,False,ok,True,2.5628138048373215,1.6449185367286112,0.00015305793691925286
down,0.14,2.0,0.0,0.125,1.0,False,ok,True,2.519441854045204,1.5921074145824436,0.0001534447564262699
down,0.14,2.0,0.0,0.15,0.5,False,ok,True,2.5328262614482333,1.6826795403307442,0.00015203953862470742
down,0.14,2.0,0.0,0.15,0.8,False,ok,True,2.474698985831057,1.637237353995726,0.00015305846182933622
down,0.14,2.0,0.0,0.15,1.0,False,ok,True,2.459932612948147,1.625202380430768,0.00015344605014869147
down,0.14,2.0,0.0,0.175,0.5,False,ok,True,2.377175843854324,1.6515761480792164,0.0001520337347392376
down,0.14,2.0,0.0,0.175,0.8,False,ok,True,2.3529836476717207,1.6315367646987609,0.00015305307684058665
down,0.14,2.0,0.0,0.175,1.0,False,ok,True,2.3525331948708814,1.6269874361366568,0.0001534421467395253
down,0.14,2.0,0.0,0.2,0.5,False,ok,True,2.3577777830973576,1.6941371127719693,0.0001519863537640659
down,0.14,2.0,0.0,0.2,0.8,False,ok,True,2.330236529914512,1.6637482708049183,0.00015299975502527653
down,0.14,2.0,0.0,0.2,1.0,False,ok,True,2.255416688207606,1.6211050737589858,0.00015338351730579625
down,0.14,2.0,15.0,0.125,0.5,False,ok,True,2.0690931892381648,1.6339341122095534,0.0001520391835796786
down,0.14,2.0,15.0,0.125,0.8,False,ok,True,2.030271387338345,1.5209306865754162,0.00015305787311577262
down,0.14,2.0,15.0,0.125,1.0,False,ok,True,2.193030969173761,1.6274874412597655,0.0001534446575250462
down,0.14,2.0,15.0,0.15,0.5,False,ok,True,1.9241329691493836,1.5143322078691013,0.00015203957278798233
down,0.14,2.0,15.0,0.15,0.8,False,ok,True,1.9667649448103934,1.5117908132672102,0.00015305847325728714
down,0.14,2.0,15.0,0.15,1.0,False,ok,True,1.9734879124848252,1.5100010229866576,0.00015344549371489654
down,0.14,2.0,15.0,0.175,0.5,False,ok,True,1.877333505541501,1.5181624090043213,0.00015203738391011455
down,0.14,2.0,15.0,0.175,0.8,False,ok,True,1.8546855889126648,1.4683370075503466,0.00015305781746096156
down,0.14,2.0,15.0,0.175,1.0,False,ok,True,1.8939662479732695,1.4968446402895945,0.00015344653399746813
down,0.14,2.0,15.0,0.2,0.5,False,ok,True,1.7811766782508747,1.4840221924536816,0.00015200620419407085
down,0.14,2.0,15.0,0.2,0.8,False,ok,True,1.8071750276129535,1.4732474348842612,0.00015302606342192964
down,0.14,2.0,15.0,0.2,1.0,False,ok,True,1.8223709711153204,1.4767006918015302,0.0001534086987651248
down,0.14,2.0,30.0,0.125,0.5,False,ok,True,3.327313728298314,0.43524504679286824,0.00015203917915311565
down,0.14,2.0,30.0,0.125,0.8,False,ok,True,3.849550970459381,1.3818476120726095,0.00015305781459044987
down,0.14,2.0,30.0,0.125,1.0,False,ok,True,3.620053508397041,1.4454596187270232,0.0001534446142417366
down,0.14,2.0,30.0,0.15,0.5,False,ok,True,1.7673886186241277,1.4502940323204674,0.00015203910853144197
down,0.14,2.0,30.0,0.15,0.8,False,ok,True,1.7634865085529172,1.3696915996944643,0.00015305777767321324
down,0.14,2.0,30.0,0.15,1.0,False,ok,True,1.7158887356507222,1.3218184531306074,0.0001534448550011231
down,0.14,2.0,30.0,0.175,0.5,False,ok,True,1.7222965930393956,1.420630399712188,0.0001520394859890606
down,0.14,2.0,30.0,0.175,0.8,False,ok,True,1.6798144534939072,1.3362231270623208,0.00015305825338012905
down,0.14,2.0,30.0,0.175,1.0,False,ok,True,1.6984458161381744,1.362700524231545,0.00015344573440060857
down,0.14,2.0,30.0,0.2,0.5,False,ok,True,1.7244556764492285,1.4556502510913896,0.00015203885773778305
down,0.14,2.0,30.0,0.2,0.8,False,ok,True,1.6486075729438134,1.3475044927730155,0.00015305810075492423
down,0.14,2.0,30.0,0.2,1.0,False,ok,True,1.672467904299012,1.3755321840828394,0.00015344664113916808
down,0.14,2.2,0.0,0.125,0.5,False,ok,True,2.6025516959913713,1.6579149637154778,0.00015203877343081897
down,0.14,2.2,0.0,0.125,0.8,False,ok,True,2.5516438327021884,1.641970607598809,0.00015305768207431116
down,0.14,2.2,0.0,0.125,1.0,False,ok,True,2.529367675090834,1.5987252228527158,0.0001534449214720608
down,0.14,2.2,0.0,0.15,0.5,False,ok,True,2.4487334910954104,1.6401763557544589,0.0001520306480323068
down,0.14,2.2,0.0,0.15,0.8,False,ok,True,2.422931120397311,1.6086679216398174,0.00015304866657639242
down,0.14,2.2,0.0,0.15,1.0,False,ok,True,2.454060544894465,1.621901514002949,0.00015343685418055993
down,0.14,2.2,0.0,0.175,0.5,False,ok,True,2.401486735929667,1.6661580137998597,0.0001519803376110566
down,0.14,2.2,0.0,0.175,0.8,False,ok,True,2.3817598512685914,1.6420356779619332,0.00015298387405754497
down,0.14,2.2,0.0,0.175,1.0,False,ok,True,2.357444870586802,1.6282361274722617,0.00015336244686460967
down,0.14,2.2,0.0,0.2,0.5,False,ok,True,2.287713554382486,1.652774138924477,0.0001520909674327726
down,0.14,2.2,0.0,0.2,0.8,False,ok,True,2.3131850634097337,1.653624173931904,0.00015308435945268284
down,0.14,2.2,0.0,0.2,1.0,False,ok,True,2.2590743276144507,1.6237725769632494,0.00015342398145777133
down,0.14,2.2,15.0,0.125,0.5,False,ok,True,2.1489211847250953,1.6747697207175831,0.00015203907570667818
down,0.14,2.2,15.0,0.125,0.8,False,ok,True,1.9821393088363175,1.497396887574157,0.00015305797960043414
down,0.14,2.2,15.0,0.125,1.0,False,ok,True,1.965169268616339,1.477010926422176,0.0001534450529556723
down,0.14,2.2,15.0,0.15,0.5,False,ok,True,1.8688541514146764,1.5512426029132296,0.00015203497699665833
down,0.14,2.2,15.0,0.15,0.8,False,ok,True,2.0605711318289814,1.5768254329249396,0.00015305550759586625
down,0.14,2.2,15.0,0.15,1.0,False,ok,True,1.9974268965835307,1.5281646644438776,0.00015344394798289595
down,0.14,2.2,15.0,0.175,0.5,False,ok,True,1.8211697195716996,1.5304628198478434,0.0001520037793696832
down,0.14,2.2,15.0,0.175,0.8,False,ok,True,1.9104237835711047,1.5084862566760031,0.0001530122098309452
down,0.14,2.2,15.0,0.175,1.0,False,ok,True,1.8914202736597072,1.4898678302349184,0.00015339849338139654
down,0.14,2.2,15.0,0.2,0.5,False,ok,True,1.796651175270025,1.536966895891159,0.00015200646425896913
down,0.14,2.2,15.0,0.2,0.8,False,ok,True,1.8849495709840753,1.5262685893029524,0.00015298570302630879
down,0.14,2.2,15.0,0.2,1.0,False,ok,True,1.8417757884169963,1.4946177819083322,0.0001533456574151141
down,0.14,2.2,30.0,0.125,0.5,False,ok,True,3.515797739578131,0.43526857648315764,0.00015203917782776998
down,0.14,2.2,30.0,0.125,0.8,False,ok,True,4.163599784971236,1.4957712059803392,0.0001530578346098178
down,0.14,2.2,30.0,0.125,1.0,False,ok,True,3.8818930986018043,1.3359842667186457,0.00015344462822663893
down,0.14,2.2,30.0,0.15,0.5,False,ok,True,2.1546413814043297,1.6022124698678912,0.00015203918786014316
down,0.14,2.2,30.0,0.15,0.8,False,ok,True,2.479928042716655,1.5063868708440964,0.00015305819602793875
down,0.14,2.2,30.0,0.15,1.0,False,ok,True,2.5684696029270744,1.3644552086842108,0.00015344532402305298
down,0.14,2.2,30.0,0.175,0.5,False,ok,True,2.1399036461259766,1.5766914800382037,0.00015203770406446766
down,0.14,2.2,30.0,0.175,0.8,False,ok,True,2.189650593318581,1.3694676741462575,0.00015305843319792048
down,0.14,2.2,30.0,0.175,1.0,False,ok,True,2.1654890637302424,1.311926060590292,0.00015344647772969042
down,0.14,2.2,30.0,0.2,0.5,False,ok,True,2.191166392138126,1.5773505159406271,0.0001520298328537088
down,0.14,2.2,30.0,0.2,0.8,False,ok,True,1.751050689333194,1.3641337038139358,0.00015302794131644317
down,0.14,2.2,30.0,0.2,1.0,False,ok,True,1.891473158310431,1.3587299090953937,0.0001534198836706415
down,0.14,2.4,0.0,0.125,0.5,False,ok,True,2.5919691295729153,1.6660039235448127,0.00015203148595935656
down,0.14,2.4,0.0,0.125,0.8,False,ok,True,2.612870807804033,1.6563089364049584,0.00015304763584980585
down,0.14,2.4,0.0,0.125,1.0,False,ok,True,2.529767893200114,1.6044621974756608,0.00015343290312674432
down,0.14,2.4,0.0,0.15,0.5,False,ok,True,2.448308705258456,1.6357084983615842,0.0001520012187742374
down,0.14,2.4,0.0,0.15,0.8,False,ok,True,2.4692239930994075,1.6325981858137157,0.00015300078346782776
down,0.14,2.4,0.0,0.15,1.0,False,ok,True,2.4947457995212456,1.640009726440243,0.00015336920571115936
down,0.14,2.4,0.0,0.175,0.5,False,ok,True,2.405126498920324,1.6672602218207448,0.00015214872845600066
down,0.14,2.4,0.0,0.175,0.8,False,ok,True,2.3827061212767,1.6481984291213039,0.00015313277252324272
down,0.14,2.4,0.0,0.175,1.0,False,ok,True,2.3620545780494613,1.6310941737547993,0.00015344625996776033
down,0.14,2.4,0.0,0.2,0.5,False,ok,True,2.285409350173551,1.645705327882101,0.0001535461675567287
down,0.14,2.4,0.0,0.2,0.8,False,ok,True,2.2769436664908778,1.6321380353860422,0.00015465043119876982
down,0.14,2.4,0.0,0.2,1.0,False,ok,True,2.3265717859224977,1.661428486510808,0.0001550914337327745
down,0.14,2.4,15.0,0.125,0.5,False,ok,True,2.2200220675009645,1.7041555437695213,0.0001520381891108992
down,0.14,2.4,15.0,0.125,0.8,False,ok,True,1.9295585895431815,1.5062325332346138,0.00015305369304740088
down,0.14,2.4,15.0,0.125,1.0,False,ok,True,1.9780818016987292,1.5049182035641602,0.00015344081968098413
down,0.14,2.4,15.0,0.15,0.5,False,ok,True,1.7221214210065383,1.4342036682590782,0.00015201847709082786
down,0.14,2.4,15.0,0.15,0.8,False,ok,True,2.099393429595828,1.5947912726289981,0.00015301438469209836
down,0.14,2.4,15.0,0.15,1.0,False,ok,True,2.0416306553283015,1.563434538571314,0.00015339662520123695
down,0.14,2.4,15.0,0.175,0.5,False,ok,True,1.7344883349078069,1.4684192570613641,0.00015202513412089684
down,0.14,2.4,15.0,0.175,0.8,False,ok,True,1.9765197396518677,1.5656602682402052,0.0001529917102633844
down,0.14,2.4,15.0,0.175,1.0,False,ok,True,1.9502384189745594,1.53930259683719,0.0001533222184923811
down,0.14,2.4,15.0,0.2,0.5,False,ok,True,1.661672565556556,1.403883859525215,0.0001523877378088538
down,0.14,2.4,15.0,0.2,0.8,False,ok,True,1.935444106919072,1.5771086736592022,0.00015379902726676446
down,0.14,2.4,15.0,0.2,1.0,False,ok,True,1.8805642542311511,1.5241642508469428,0.00015417189569428202
down,0.14,2.4,30.0,0.125,0.5,False,ok,True,3.916319850184012,0.4352943532323374,0.0001520391931503722
down,0.14,2.4,30.0,0.125,0.8,False,ok,True,4.560875469308148,1.5910002770280158,0.00015305801080739005
down,0.14,2.4,30.0,0.125,1.0,False,ok,True,4.235228627519568,1.3715076175547787,0.00015344481336638708
down,0.14,2.4,30.0,0.15,0.5,False,ok,True,2.350587317113639,1.7637803301934603,0.00015203711034732743
down,0.14,2.4,30.0,0.15,0.8,False,ok,True,2.6057991851241833,1.6510315123119117,0.00015305785826936122
down,0.14,2.4,30.0,0.15,1.0,False,ok,True,2.6934972420650776,1.4917045710800383,0.00015344585974923103
down,0.14,2.4,30.0,0.175,0.5,False,ok,True,2.3335610928119754,1.7518780874686732,0.00015202812510325335
down,0.14,2.4,30.0,0.175,0.8,False,ok,True,2.307944745188315,1.5630988561563974,0.00015302887469577313
down,0.14,2.4,30.0,0.175,1.0,False,ok,True,2.534017848795191,1.4724141899013257,0.00015342549822453482
down,0.14,2.4,30.0,0.2,0.5,False,ok,True,2.321785735895088,1.7414152252828745,0.00015206640293072532
down,0.14,2.4,30.0,0.2,0.8,False,ok,True,1.8699260812580591,1.494238470416212,0.00015297026443661154
down,0.14,2.4,30.0,0.2,1.0,False,ok,True,1.800190680906559,1.3624220094699748,0.00015334911002485123
down,0.14,2.6,0.0,0.125,0.5,False,ok,True,2.5618561899044603,1.6451153784304646,0.00015204009202966014
down,0.14,2.6,0.0,0.125,0.8,False,ok,True,2.5177527243628823,1.613400241115605,0.00015304441648420814
down,0.14,2.6,0.0,0.125,1.0,False,ok,True,2.5399351187529238,1.6197857465403283,0.00015341075070619557
down,0.14,2.6,0.0,0.15,0.5,False,ok,True,2.441608227257672,1.6231222760125308,0.0001522218437802484
down,0.14,2.6,0.0,0.15,0.8,False,ok,True,2.49202831079778,1.6389250616555107,0.00015321792870239684
down,0.14,2.6,0.0,0.15,1.0,False,ok,True,2.497720344618536,1.642317083560305,0.00015354684847072116
down,0.14,2.6,0.0,0.175,0.5,False,ok,True,2.4087975417400163,1.6652815388523599,0.00015365330864634743
down,0.14,2.6,0.0,0.175,0.8,False,ok,True,2.3687248199990414,1.6301211389836001,0.00015487667732578278
down,0.14,2.6,0.0,0.175,1.0,False,ok,True,2.3655950707861177,1.6307927598262284,0.00015534219088652443
down,0.14,2.6,0.0,0.2,0.5,False,ok,True,2.297586491919936,1.6544384057112218,0.0001557656506616383
down,0.14,2.6,0.0,0.2,0.8,False,ok,True,2.2716404409162156,1.6278193249333304,0.0001574940705909657
down,0.14,2.6,0.0,0.2,1.0,False,ok,True,2.319149856786292,1.6552524136236069,0.00015861277408351935
down,0.14,2.6,15.0,0.125,0.5,False,ok,True,2.283393209943404,1.7627352942219956,0.0001520407331930469
down,0.14,2.6,15.0,0.125,0.8,False,ok,True,1.9248669430331824,1.5140989726877052,0.00015303646019149922
down,0.14,2.6,15.0,0.125,1.0,False,ok,True,1.9036558254649618,1.477663519702812,0.0001534211479315479
down,0.14,2.6,15.0,0.15,0.5,False,ok,True,1.8835001940563227,1.596363810580946,0.00015206221357984368
down,0.14,2.6,15.0,0.15,0.8,False,ok,True,2.1338300350633186,1.6446567906195544,0.0001530481231487212
down,0.14,2.6,15.0,0.15,1.0,False,ok,True,2.1120404746242785,1.6137602325626768,0.00015336930070656725
down,0.14,2.6,15.0,0.175,0.5,False,ok,True,1.618316935972659,1.3421953677360832,0.00015235190983982027
down,0.14,2.6,15.0,0.175,0.8,False,ok,True,2.020351157794336,1.596538998813675,0.0001538803419645635
down,0.14,2.6,15.0,0.175,1.0,False,ok,True,1.9350766799616728,1.534989474518203,0.00015402381688920736
down,0.14,2.6,15.0,0.2,0.5,False,ok,True,1.8757008627628664,1.5637743668738795,0.00015301658094392208
down,0.14,2.6,15.0,0.2,0.8,False,ok,True,1.926941585480591,1.5726826766235162,0.00015702331851144585
down,0.14,2.6,15.0,0.2,1.0,False,ok,True,1.9023286659111938,1.5450036836183227,0.00015702651576891258
down,0.14,2.6,30.0,0.125,0.5,False,ok,True,4.1514381569850105,0.43532237800776763,0.00015203922821094406
down,0.14,2.6,30.0,0.125,0.8,False,ok,True,4.895854253907523,1.6539247876347722,0.00015305485511321091
down,0.14,2.6,30.0,0.125,1.0,False,ok,True,4.551765517605452,1.41524456812982,0.00015344356172657155
down,0.14,2.6,30.0,0.15,0.5,False,ok,True,2.2849566159292745,1.7943342884359248,0.00015203010603452382
down,0.14,2.6,30.0,0.15,0.8,False,ok,True,2.8463341285898736,1.7645714388872613,0.0001530296531451145
down,0.14,2.6,30.0,0.15,1.0,False,ok,True,2.8682653250561114,1.6952262001892484,0.0001534232452295866
down,0.14,2.6,30.0,0.175,0.5,False,ok,True,2.2078163462459974,1.8120792849403415,0.00015206318292220838
down,0.14,2.6,30.0,0.175,0.8,False,ok,True,2.221947511745338,1.6742847981379843,0.00015294962961560405
down,0.14,2.6,30.0,0.175,1.0,False,ok,True,2.025042764718776,1.6447932231197062,0.00015332779800641096
down,0.14,2.6,30.0,0.2,0.5,False,ok,True,2.1110438682990784,1.7982366451990826,0.00015224253999314083
down,0.14,2.6,30.0,0.2,0.8,False,ok,True,2.1658387074947405,1.6480818663718564,0.00015335987106213702
down,0.14,2.6,30.0,0.2,1.0,False,ok,True,2.161134483239927,1.5565750853409772,0.00015359020639745425
down,0.14,2.8,0.0,0.125,0.5,False,ok,True,2.574638141943918,1.6629849171478235,0.00015216820533552305
down,0.14,2.8,0.0,0.125,0.8,False,ok,True,2.5423200793563563,1.6315844889784035,0.00015324584378121966
down,0.14,2.8,0.0,0.125,1.0,False,ok,True,2.5115548918710187,1.6144393761376183,0.0001536136828307313
down,0.14,2.8,0.0,0.15,0.5,False,ok,True,2.4458670194080634,1.6271704775933735,0.00015304568450642535
down,0.14,2.8,0.0,0.15,0.8,False,ok,True,2.4255681984740622,1.6068715302165384,0.00015443355419023577
down,0.14,2.8,0.0,0.15,1.0,False,ok,True,2.4599385754757916,1.6227405205038798,0.00015493235106337841
down,0.14,2.8,0.0,0.175,0.5,False,ok,True,2.420867669546959,1.6699517226019334,0.00015572005307718393
down,0.14,2.8,0.0,0.175,0.8,False,ok,True,2.3776486547141324,1.6442816481405387,0.00015762800831301663
down,0.14,2.8,0.0,0.175,1.0,False,ok,True,2.3281005247092175,1.6053530441489612,0.00015890032886776344
down,0.14,2.8,0.0,0.2,0.5,False,ok,True,2.3035738829057495,1.6556500628894195,0.00014807887629776092
down,0.14,2.8,0.0,0.2,0.8,False,ok,True,2.2740699850781616,1.629345179924167,0.00015166523042133793
down,0.14,2.8,0.0,0.2,1.0,False,ok,True,2.317191854977752,1.6521319428788275,0.00015405450286038008
down,0.14,2.8,15.0,0.125,0.5,False,ok,True,2.3065061670207494,1.7770481508200675,0.00015209380145083369
down,0.14,2.8,15.0,0.125,0.8,False,ok,True,2.055407772236204,1.6163783894591777,0.00015311506957421203
down,0.14,2.8,15.0,0.125,1.0,False,ok,True,2.111489055437387,1.624216670837386,0.00015342039136025248
down,0.14,2.8,15.0,0.15,0.5,False,ok,True,2.3579422389706557,1.7560397800623964,0.0001522527780451017
down,0.14,2.8,15.0,0.15,0.8,False,ok,True,2.1348447081064332,1.6747188002382567,0.00015387147312126087
down,0.14,2.8,15.0,0.15,1.0,False,ok,True,2.112649010236257,1.6442769284757577,0.00015415216610620985
down,0.14,2.8,15.0,0.175,0.5,False,ok,True,2.3057806287241034,1.7114438645635295,0.00015250980289024504
down,0.14,2.8,15.0,0.175,0.8,False,ok,True,2.0296091360969126,1.6341831061846606,0.00015673627944096905
down,0.14,2.8,15.0,0.175,1.0,False,ok,True,2.0256163876869473,1.6186540065312138,0.00015672829693015694
down,0.14,2.8,15.0,0.2,0.5,False,ok,True,2.3333517285024734,1.7310106317232694,0.00015086658620630034
down,0.14,2.8,15.0,0.2,0.8,False,ok,True,1.961620644161276,1.6005039141851378,0.00015715943875706443
down,0.14,2.8,15.0,0.2,1.0,False,ok,True,1.9297012830223041,1.576714067106448,0.0001589793485885921
down,0.14,2.8,30.0,0.125,0.5,False,ok,True,4.4326707127084815,0.4353526517823259,0.00015203676358569007
down,0.14,2.8,30.0,0.125,0.8,False,ok,True,5.146778913235527,1.5791627181846697,0.00015303719499819445
down,0.14,2.8,30.0,0.125,1.0,False,ok,True,4.9174367225116615,1.6918464964366218,0.00015342373736312656
down,0.14,2.8,30.0,0.15,0.5,False,ok,True,2.407471000598035,1.8603840779528396,0.00015208005360372256
down,0.14,2.8,30.0,0.15,0.8,False,ok,True,2.6530728964345154,1.769007336714049,0.00015302703348952216
down,0.14,2.8,30.0,0.15,1.0,False,ok,True,2.502375609452622,1.8179074018372514,0.0001533624463919962
down,0.14,2.8,30.0,0.175,0.5,False,ok,True,2.309000474560289,1.8845389404150175,0.00015211533122170252
down,0.14,2.8,30.0,0.175,0.8,False,ok,True,2.309735702289216,1.699864396682375,0.00015340353276338984
down,0.14,2.8,30.0,0.175,1.0,False,ok,True,2.484525364131097,1.7601439530805265,0.00015343158200962297
down,0.14,2.8,30.0,0.2,0.5,False,ok,True,2.1687384575380046,1.8022038649677177,0.00015103701370827873
down,0.14,2.8,30.0,0.2,0.8,False,ok,True,2.3368194792126564,1.6892782000406548,0.00015563325597303212
down,0.14,2.8,30.0,0.2,1.0,False,ok,True,2.446161639014297,1.717472696913633,0.00015538719725577134
down,0.14,3.0,0.0,0.125,0.5,False,ok,True,2.5716583659324166,1.669813307893866,0.0001525069788426167
down,0.14,3.0,0.0,0.125,0.8,False,ok,True,2.5496129771378553,1.6428356165497313,0.00015373419914389212
down,0.14,3.0,0.0,0.125,1.0,False,ok,True,2.5139679983002363,1.6197816799127063,0.00015428922304891685
down,0.14,3.0,0.0,0.15,0.5,False,ok,True,2.4409439904479187,1.633432769734155,0.0001540588393419129
down,0.14,3.0,0.0,0.15,0.8,False,ok,True,2.4781740440311517,1.6258205252814035,0.00015603181124213106
down,0.14,3.0,0.0,0.15,1.0,False,ok,True,2.4632121222564773,1.6199907561773912,0.0001573925283910783
down,0.14,3.0,0.0,0.175,0.5,False,ok,True,2.3917787256129412,1.6321389121143555,0.00015227698139546347
down,0.14,3.0,0.0,0.175,0.8,False,ok,True,2.3507202141053813,1.601228088853302,0.00015220477440158953
down,0.14,3.0,0.0,0.175,1.0,False,ok,True,2.3304668557973987,1.6012177943298838,0.00015483654945069416
down,0.14,3.0,0.0,0.2,0.5,False,ok,True,2.269460613833106,1.6151705454843415,0.0001257135059913958
down,0.14,3.0,0.0,0.2,0.8,False,ok,True,2.3219033234103703,1.6344556267418229,0.00011311634013522725
down,0.14,3.0,0.0,0.2,1.0,False,ok,True,2.246487359484936,1.5926786244438527,0.00011517977544646406
down,0.14,3.0,15.0,0.125,0.5,False,ok,True,2.2268197375505805,1.8184155846259478,0.0001520913967042582
down,0.14,3.0,15.0,0.125,0.8,False,ok,True,1.9699622658984777,1.532306848552079,0.0001534813356472468
down,0.14,3.0,15.0,0.125,1.0,False,ok,True,2.0848782902970275,1.5994230666120797,0.00015372621806355452
down,0.14,3.0,15.0,0.15,0.5,False,ok,True,2.421118353228283,1.8296597582748109,0.00015241440428116963
down,0.14,3.0,15.0,0.15,0.8,False,ok,True,2.0845032390726566,1.686601189333988,0.0001553608177752763
down,0.14,3.0,15.0,0.15,1.0,False,ok,True,2.0656004338958853,1.6438685083871787,0.000156150982212879
down,0.14,3.0,15.0,0.175,0.5,False,ok,True,2.4067533665423677,1.7994155249038708,0.000151255083538762
down,0.14,3.0,15.0,0.175,0.8,False,ok,True,2.0596843437541694,1.6846378580909112,0.0001575305397328913
down,0.14,3.0,15.0,0.175,1.0,False,ok,True,2.0777711533927654,1.6611228158976519,0.00015987733708063454
down,0.14,3.0,15.0,0.2,0.5,False,ok,True,2.3792591872188673,1.808882923674973,0.0001429787274010278
down,0.14,3.0,15.0,0.2,0.8,False,ok,True,1.907616027029138,1.5896935808715136,0.00014281902697325715
down,0.14,3.0,15.0,0.2,1.0,False,ok,True,1.9358520927872875,1.5773231967837709,0.0001479702908405338
down,0.14,3.0,30.0,0.125,0.5,False,ok,True,4.783551944003073,0.4353851750272603,0.00015203510642864944
down,0.14,3.0,30.0,0.125,0.8,False,ok,True,5.534803877725084,1.515497004116321,0.00015306862569265415
down,0.14,3.0,30.0,0.125,1.0,False,ok,True,5.164963343998363,1.7419586597805445,0.00015342601181194437
down,0.14,3.0,30.0,0.15,0.5,False,ok,True,2.4265687610976374,1.8717451864353005,0.000152137398815388
down,0.14,3.0,30.0,0.15,0.8,False,ok,True,2.702093271069016,1.750569790576108,0.00015366254355828488
down,0.14,3.0,30.0,0.15,1.0,False,ok,True,2.7404950106529036,1.8670954335345067,0.00015365573278731677
down,0.14,3.0,30.0,0.175,0.5,False,ok,True,2.179745521408383,1.8697377918149056,0.00015124501483011123
down,0.14,3.0,30.0,0.175,0.8,False,ok,True,2.3326603441637053,1.7120563709567742,0.00015472685789746075
down,0.14,3.0,30.0,0.175,1.0,False,ok,True,2.344710306616566,1.8600477086573652,0.00015528291211170194
down,0.14,3.0,30.0,0.2,0.5,False,ok,True,2.052867260681391,1.826387041068576,0.0001491519912169679
down,0.14,3.0,30.0,0.2,0.8,False,ok,True,2.218285980864314,1.6927593942661772,0.00015289988832504312
down,0.14,3.0,30.0,0.2,1.0,False,ok,True,2.301759978829856,1.8404678503178857,0.0001598249863782021
down,0.16,0.4,0.0,0.125,0.5,False,ok,True,3.1231260516720254,2.0188504875643756,0.0001520392890094759
down,0.16,0.4,0.0,0.125,0.8,False,ok,True,2.971128518456706,1.8134018699363834,0.00015305578821699745
down,0.16,0.4,0.0,0.125,1.0,False,ok,True,3.0883851318460525,1.8190180631328206,0.00015344462508203475
down,0.16,0.4,0.0,0.15,0.5,False,ok,True,2.4493849185781853,1.4406726026671908,0.0001520391023166539
down,0.16,0.4,0.0,0.15,0.8,False,ok,True,2.3199338856110328,1.4168229900715767,0.000153057595406767
down,0.16,0.4,0.0,0.15,1.0,False,ok,True,2.305152242265035,1.445403095610188,0.00015344486319337843
down,0.16,0.4,0.0,0.175,0.5,False,ok,True,2.3198058815457503,1.3573272038124118,0.0001520388554793993
down,0.16,0.4,0.0,0.175,0.8,False,ok,True,2.2358468699798415,1.3269459620761939,0.000153055252546315
down,0.16,0.4,0.0,0.175,1.0,False,ok,True,2.2272403000725363,1.388354274063374,0.00015344502456692525
down,0.16,0.4,0.0,0.2,0.5,False,ok,True,2.1827762695746,1.3141851710007366,0.00015203886251925134
down,0.16,0.4,0.0,0.2,0.8,False,ok,True,2.0765554629284577,1.1900379991476013,0.00015305522244070196
down,0.16,0.4,0.0,0.2,1.0,False,ok,True,2.114526974183895,1.2833880792442671,0.00015344540509876073
down,0.16,0.4,15.0,0.125,0.5,False,timeout,False,0.3562740161024436,0.2190695051034877,0.3111179665545389
down,0.16,0.4,15.0,0.125,0.8,False,timeout,False,0.4159701472427721,0.22252449250718717,1.3631176411716555
down,0.16,0.4,15.0,0.125,1.0,False,timeout,False,0.4558250941524134,0.23746171921438927,1.3058425982997863
down,0.16,0.4,15.0,0.15,0.5,False,ok,True,0.9474043219367477,0.5488998547981984,0.00015203793265775812
down,0.16,0.4,15.0,0.15,0.8,False,ok,True,0.9686375142802383,0.5490686773471644,0.00015305709545256632
down,0.16,0.4,15.0,0.15,1.0,False,ok,True,1.008803319861967,0.5851832300532829,0.0001534448654871001
down,0.16,0.4,15.0,0.175,0.5,False,ok,True,0.7669355359756942,0.40686056554441186,0.00015203895631941435
down,0.16,0.4,15.0,0.175,0.8,False,ok,True,0.8578689567641952,0.4767648907590528,0.00015305742397259367
down,0.16,0.4,15.0,0.175,1.0,False,ok,True,0.8391316812128656,0.46964292111355205,0.00015344513562370253
down,0.16,0.4,15.0,0.2,0.5,False,ok,True,0.683408523428908,0.38216444726957244,0.00015203717385806558
down,0.16,0.4,15.0,0.2,0.8,False,ok,True,0.7313909870495507,0.3992317721388955,0.000153058209309601
down,0.16,0.4,15.0,0.2,1.0,False,ok,True,0.7186044141066532,0.39938631500265925,0.00015344545703127715
down,0.16,0.4,30.0,0.125,0.5,False,timeout,False,9.09805266492135,0.5043918939972405,0.00015203900696092665
down,0.16,0.4,30.0,0.125,0.8,False,timeout,False,0.8220504817375773,0.47886895905406185,0.00015305231826040746
down,0.16,0.4,30.0,0.125,1.0,False,stall,False,0.8049539060495372,0.4808590967310975,1.2530723764386922
down,0.16,0.4,30.0,0.15,0.5,False,timeout,False,2.0514270346680474,0.4763616193000786,0.0001520390664675687
down,0.16,0.4,30.0,0.15,0.8,False,timeout,False,1.231483050081716,0.478866269735367,0.5799985197815585
down,0.16,0.4,30.0,0.15,1.0,False,ok,True,1.0082184829067786,0.564769252850802,0.00015344489244441714
down,0.16,0.4,30.0,0.175,0.5,False,ok,True,1.1965900512660121,0.4763598401895349,0.00015203898771891665
down,0.16,0.4,30.0,0.175,0.8,False,ok,True,0.7666601538572582,0.4788639276899228,0.00015305562115832115
down,0.16,0.4,30.0,0.175,1.0,False,ok,True,0.77648054139873,0.48085358322057625,0.00015344513013768193
down,0.16,0.4,30.0,0.2,0.5,False,ok,True,0.6125890560426244,0.4763585138773677,0.0001520388365115095
down,0.16,0.4,30.0,0.2,0.8,False,ok,True,0.6963730009208579,0.4788619951383089,0.00015305996093500094
down,0.16,0.4,30.0,0.2,1.0,False,ok,True,0.6967755676444123,0.4808514415514066,0.0001534455177642005
down,0.16,0.6,0.0,0.125,0.5,False,ok,True,3.3441782272795995,2.335647018549743,0.00015203944305734
down,0.16,0.6,0.0,0.125,0.8,False,ok,True,3.4034110081081295,2.203897944347608,0.00015305808958276758
down,0.16,0.6,0.0,0.125,1.0,False,ok,True,3.670344253115595,2.2915679353026177,0.00015344461883215216
down,0.16,0.6,0.0,0.15,0.5,False,ok,True,2.578044165743315,1.6072199313852693,0.0001520390919310522
down,0.16,0.6,0.0,0.15,0.8,False,ok,True,2.5017212479376862,1.5737059383023857,0.0001530555524319984
down,0.16,0.6,0.0,0.15,1.0,False,ok,True,2.48120800214779,1.5757557231834074,0.0001534448693943991
down,0.16,0.6,0.0,0.175,0.5,False,ok,True,2.3964976948526053,1.505136896505246,0.000152038530383922
down,0.16,0.6,0.0,0.175,0.8,False,ok,True,2.4293245860806385,1.5416947505055445,0.0001530572571391373
down,0.16,0.6,0.0,0.175,1.0,False,ok,True,2.3623208991034113,1.5125930015294857,0.00015344514377123734
down,0.16,0.6,0.0,0.2,0.5,False,ok,True,2.306068527814126,1.439725103426374,0.00015203911500249217
down,0.16,0.6,0.0,0.2,0.8,False,ok,True,2.334170266432476,1.467916942904851,0.0001530554667162594
down,0.16,0.6,0.0,0.2,1.0,False,ok,True,2.258290693817534,1.4513060640406397,0.00015344547705935347
down,0.16,0.6,15.0,0.125,0.5,False,timeout,False,1.7313287913852153,1.3180202293178547,0.00012288381972519602
down,0.16,0.6,15.0,0.125,0.8,False,timeout,False,0.7514144413657111,0.2920373836756843,1.3678061527943872
down,0.16,0.6,15.0,0.125,1.0,False,timeout,False,0.8149727269579228,0.3398169209258353,1.2855473750416906
down,0.16,0.6,15.0,0.15,0.5,False,ok,True,1.4153900717940562,0.9938110723483233,0.00015203913191753018
down,0.16,0.6,15.0,0.15,0.8,False,ok,True,1.432139175649767,0.9979930238953375,0.00015305780766354925
down,0.16,0.6,15.0,0.15,1.0,False,ok,True,1.3949728331984026,0.9450773157959964,0.00015344486218799207
down,0.16,0.6,15.0,0.175,0.5,False,ok,True,1.1564568084511857,0.7657119340427653,0.00015203906468359108
down,0.16,0.6,15.0,0.175,0.8,False,ok,True,1.1685681279307256,0.7696661966699956,0.0001530576475748595
down,0.16,0.6,15.0,0.175,1.0,False,ok,True,1.168388669298872,0.7719581130988493,0.00015344512406899408
down,0.16,0.6,15.0,0.2,0.5,False,ok,True,1.0000935458028581,0.6792494353684995,0.00015203878420729723
down,0.16,0.6,15.0,0.2,0.8,False,ok,True,0.9794454876069917,0.6215698904811475,0.00015305768449872965
down,0.16,0.6,15.0,0.2,1.0,False,ok,True,1.0008665947486397,0.6573119626351376,0.00015344544984953508
down,0.16,0.6,30.0,0.125,0.5,False,ok,True,0.9836350657508254,0.4763700896129105,0.00015203924840971863
down,0.16,0.6,30.0,0.125,0.8,False,timeout,False,1.2287445451593186,0.47887542693054924,0.00015305781838064188
down,0.16,0.6,30.0,0.125,1.0,False,stall,False,1.2043911966826686,0.4808660935519947,1.2333821299048695
down,0.16,0.6,30.0,0.15,0.5,False,timeout,False,5.311369621432555,1.6826122823914305,0.00015203951060003586
down,0.16,0.6,30.0,0.15,0.8,False,timeout,False,1.125342396039572,0.47887051322105323,0.00015305698681870056
down,0.16,0.6,30.0,0.15,1.0,False,ok,True,1.5299090311743606,1.1029329667170085,0.00015344487257742273
down,0.16,0.6,30.0,0.175,0.5,False,ok,True,1.5556874825230498,0.8051173314061186,0.0001520389462471938
down,0.16,0.6,30.0,0.175,0.8,False,ok,True,1.2722968618515937,0.8790262449426501,0.00015305776860030383
down,0.16,0.6,30.0,0.175,1.0,False,ok,True,1.2499749817658463,0.8506184344808417,0.00015344515776114873
down,0.16,0.6,30.0,0.2,0.5,False,ok,True,1.0017882765417718,0.7103921059057445,0.00015203885525034416
down,0.16,0.6,30.0,0.2,0.8,False,ok,True,1.0207780703988256,0.6761655813731771,0.00015305784783445044
down,0.16,0.6,30.0,0.2,1.0,False,ok,True,1.0749743389759665,0.7510592241846921,0.00015344542503030898
down,0.16,0.8,0.0,0.125,0.5,False,ok,True,2.9928764093934705,2.023540274315277,0.00015203915143709374
down,0.16,0.8,0.0,0.125,0.8,False,ok,True,3.8347820729248943,2.5912267306884593,0.0001530578203564452
down,0.16,0.8,0.0,0.125,1.0,False,ok,True,3.4785278746447332,2.187206189657002,0.00015344461952414225
down,0.16,0.8,0.0,0.15,0.5,False,ok,True,2.6046277736531067,1.6542795345264518,0.00015203908378181335
down,0.16,0.8,0.0,0.15,0.8,False,ok,True,2.676560402262085,1.7085389822428707,0.0001530557848899559
down,0.16,0.8,0.0,0.15,1.0,False,ok,True,2.5831609511815,1.6602145507531654,0.00015344486847170864
down,0.16,0.8,0.0,0.175,0.5,False,ok,True,2.596486143327514,1.6604976875977355,0.00015203898908239878
down,0.16,0.8,0.0,0.175,0.8,False,ok,True,2.5260775245595264,1.6484577318669822,0.00015305771591374442
down,0.16,0.8,0.0,0.175,1.0,False,ok,True,2.535493755278534,1.6646592561389935,0.00015344759569595832
down,0.16,0.8,0.0,0.2,0.5,False,ok,True,2.374543751682469,1.5294908741309399,0.00015204021117878896
down,0.16,0.8,0.0,0.2,0.8,False,ok,True,2.3844054195120803,1.5757059742154742,0.00015306015895603887
down,0.16,0.8,0.0,0.2,1.0,False,ok,True,2.4082363747742854,1.6160769000474422,0.00015344549342090685
down,0.16,0.8,15.0,0.125,0.5,False,timeout,False,1.9479602251497687,1.5112102280393136,0.00015203919385990675
down,0.16,0.8,15.0,0.125,0.8,False,timeout,False,0.7834771211786257,0.20521852432565663,1.361158108454531
down,0.16,0.8,15.0,0.125,1.0,False,timeout,False,0.7950949491637368,0.2266016126716394,1.2762084193920005
down,0.16,0.8,15.0,0.15,0.5,False,ok,True,1.6655441695243993,1.2401782689133787,0.00015203898948404056
down,0.16,0.8,15.0,0.15,0.8,False,ok,True,1.669621358448713,1.2101229908031506,0.00015305711726330357
down,0.16,0.8,15.0,0.15,1.0,False,ok,True,1.6865443360610686,1.2355450949338935,0.00015344485494821382
down,0.16,0.8,15.0,0.175,0.5,False,ok,True,1.5060282545940733,1.1095033067560256,0.00015203884656453336
down,0.16,0.8,15.0,0.175,0.8,False,ok,True,1.5119791626654202,1.1027933567670543,0.00015305770785236576
down,0.16,0.8,15.0,0.175,1.0,False,ok,True,1.619177036914242,1.0834708939934299,0.000153445148569074
down,0.16,0.8,15.0,0.2,0.5,False,ok,True,1.3047960008674129,0.9767328110357442,0.00015203731663026226
down,0.16,0.8,15.0,0.2,0.8,False,ok,True,1.3251636901405508,0.9698740007464429,0.00015305778032612775
down,0.16,0.8,15.0,0.2,1.0,False,ok,True,1.6440492055471847,0.9437099204545213,0.00015344546283478205
down,0.16,0.8,30.0,0.125,0.5,False,ok,True,1.3264610333856819,0.4763789870724353,0.0001520391909901734
down,0.16,0.8,30.0,0.125,0.8,False,timeout,False,1.6199727034231783,0.4788845181671637,0.00015305830519482863
down,0.16,0.8,30.0,0.125,1.0,False,stall,False,1.5930149786240146,0.4808759328062872,0.9333291780397424
down,0.16,0.8,30.0,0.15,0.5,False,ok,True,1.1202812979210768,0.4763716987710994,0.0001520390902238425
down,0.16,0.8,30.0,0.15,0.8,False,timeout,False,1.5401596414838596,0.47887648953570733,0.0001530578182695174
down,0.16,0.8,30.0,0.15,1.0,False,ok,True,1.7886583762609327,1.3238114659613156,0.00015344491760889284
down,0.16,0.8,30.0,0.175,0.5,False,ok,True,1.7016693040067021,1.3141128217220108,0.00015203896733160407
down,0.16,0.8,30.0,0.175,0.8,False,ok,True,1.6006693289287646,1.2112220194216379,0.00015305774436874197
down,0.16,0.8,30.0,0.175,1.0,False,ok,True,1.5798933521284826,1.1928535073711488,0.00015344515150787143
down,0.16,0.8,30.0,0.2,0.5,False,ok,True,1.9437544860225195,1.3960831415191381,0.00015203866647494482
down,0.16,0.8,30.0,0.2,0.8,False,ok,True,1.4415984690702286,1.0876625007119336,0.0001530580820132413
down,0.16,0.8,30.0,0.2,1.0,False,ok,True,1.4128133184683955,1.0986063548897411,0.00015344545506545225
down,0.16,1.0,0.0,0.125,0.5,False,ok,True,2.9376842862735346,1.937496700239627,0.00015203919019417443
down,0.16,1.0,0.0,0.125,0.8,False,ok,True,3.1920351054646594,2.101563864825708,0.0001530578866500737
down,0.16,1.0,0.0,0.125,1.0,False,ok,True,3.0386177413524895,1.9649220595037915,0.00015344461956058505
down,0.16,1.0,0.0,0.15,0.5,False,ok,True,2.746705629007793,1.7624055326516117,0.00015203907919160146
down,0.16,1.0,0.0,0.15,0.8,False,ok,True,2.7451862059581535,1.7576984007540324,0.00015306009115536963
down,0.16,1.0,0.0,0.15,1.0,False,ok,True,2.7151201667173694,1.7399834549308768,0.00015344529424103154
down,0.16,1.0,0.0,0.175,0.5,False,ok,True,2.605508144404505,1.725601497328682,0.00015203907639347285
down,0.16,1.0,0.0,0.175,0.8,False,ok,True,2.6240502398658143,1.7343646265824617,0.00015305882974998722
down,0.16,1.0,0.0,0.175,1.0,False,ok,True,2.559540465891644,1.7078943548299557,0.00015344481627753887
down,0.16,1.0,0.0,0.2,0.5,False,ok,True,2.5163221328582352,1.69801657688676,0.0001520392285732107
down,0.16,1.0,0.0,0.2,0.8,False,ok,True,2.4729911775717306,1.6847354850968659,0.00015306009938117744
down,0.16,1.0,0.0,0.2,1.0,False,ok,True,2.469268654537786,1.6867745572082484,0.00015344787147683592
down,0.16,1.0,15.0,0.125,0.5,False,ok,True,2.1595463880174317,1.5780806123121869,0.0001520391693049726
down,0.16,1.0,15.0,0.125,0.8,False,timeout,False,0.8880840997239049,0.2616908082091771,1.3582648594296491
down,0.16,1.0,15.0,0.125,1.0,False,timeout,False,0.8832384729042024,0.36924465697204506,1.280364365089996
down,0.16,1.0,15.0,0.15,0.5,False,ok,True,1.9129773971976984,1.4308573831441762,0.0001520393146542945
down,0.16,1.0,15.0,0.15,0.8,False,ok,True,1.8677076089477813,1.403842109813074,0.00015305991566278053
down,0.16,1.0,15.0,0.15,1.0,False,ok,True,1.8872621943309684,1.4063368105874487,0.00015344256439229462
down,0.16,1.0,15.0,0.175,0.5,False,ok,True,1.7253384137830456,1.3177890607261056,0.0001520374991080916
down,0.16,1.0,15.0,0.175,0.8,False,ok,True,1.7398208352225115,1.3108545416005668,0.0001530587556097136
down,0.16,1.0,15.0,0.175,1.0,False,ok,True,1.743665739131782,1.3428270200668209,0.00015344552356655813
down,0.16,1.0,15.0,0.2,0.5,False,ok,True,1.5701748278191023,1.2372658173132345,0.0001520400500166149
down,0.16,1.0,15.0,0.2,0.8,False,ok,True,1.528171033698345,1.1780085556220785,0.0001530554553304489
down,0.16,1.0,15.0,0.2,1.0,False,ok,True,1.5816796512695899,1.2321290815632366,0.00015344455086013553
down,0.16,1.0,30.0,0.125,0.5,False,ok,True,1.6625775392619346,0.4763904476617091,0.00015203877554532155
down,0.16,1.0,30.0,0.125,0.8,False,ok,True,2.0150473338443144,0.4788962333308613,0.00015305714273753415
down,0.16,1.0,30.0,0.125,1.0,False,stall,False,1.9534421738315004,0.4808886147926826,0.9511422953486699
down,0.16,1.0,30.0,0.15,0.5,False,ok,True,1.3067448331514329,0.47637929610015994,0.00015203912044833986
down,0.16,1.0,30.0,0.15,0.8,False,ok,True,1.9026046351922707,0.47888419894292006,0.00015305990341988424
down,0.16,1.0,30.0,0.15,1.0,False,ok,True,1.8584571829062722,1.3959177242249645,0.0001534448600737704
down,0.16,1.0,30.0,0.175,0.5,False,ok,True,1.8018830989646804,1.4300576427202931,0.00015203910819104263
down,0.16,1.0,30.0,0.175,0.8,False,ok,True,1.7451793115093532,1.344891404835701,0.00015305867120842784
down,0.16,1.0,30.0,0.175,1.0,False,ok,True,1.7100100555647746,1.333527622560195,0.00015344770304252274
down,0.16,1.0,30.0,0.2,0.5,False,ok,True,2.036649454227989,1.5175370386692992,0.00015203735571577644
down,0.16,1.0,30.0,0.2,0.8,False,ok,True,1.59419644946986,1.246609046030991,0.00015305887550100857
down,0.16,1.0,30.0,0.2,1.0,False,ok,True,1.6436159868619191,1.2968790838010704,0.00015344604598240263
down,0.16,1.2,0.0,0.125,0.5,False,ok,True,2.842044164483876,1.7543624591468665,0.00015203917975229118
down,0.16,1.2,0.0,0.125,0.8,False,ok,True,2.8384928007912036,1.744269434166325,0.00015305775323797873
down,0.16,1.2,0.0,0.125,1.0,False,ok,True,2.817794553187543,1.7329156272630062,0.00015344474835787846
down,0.16,1.2,0.0,0.15,0.5,False,ok,True,2.7201802288599284,1.7564396609542383,0.00015203919308356837
down,0.16,1.2,0.0,0.15,0.8,False,ok,True,2.659012328752142,1.714021961365543,0.0001530579037230968
down,0.16,1.2,0.0,0.15,1.0,False,ok,True,2.734619240744319,1.7543329646054033,0.0001534446047617099
down,0.16,1.2,0.0,0.175,0.5,False,ok,True,2.566650943577475,1.7257088142838342,0.00015203900879291868
down,0.16,1.2,0.0,0.175,0.8,False,ok,True,2.5604950626727345,1.7135509142551386,0.00015305778709290315
down,0.16,1.2,0.0,0.175,1.0,False,ok,True,2.617631078227879,1.747550847074135,0.00015344644195870708
down,0.16,1.2,0.0,0.2,0.5,False,ok,True,2.5319216918739595,1.7368446504653687,0.00015203983234772674
down,0.16,1.2,0.0,0.2,0.8,False,ok,True,2.530072211002586,1.7423499556420523,0.00015305980945531884
down,0.16,1.2,0.0,0.2,1.0,False,ok,True,2.5485422037267114,1.752654637103074,0.00015344780542058404
down,0.16,1.2,15.0,0.125,0.5,False,ok,True,2.37069385385077,1.7312741573425234,0.00015203829833342736
down,0.16,1.2,15.0,0.125,0.8,False,timeout,False,0.7013108930646306,0.3851214982656886,1.368550645515344
down,0.16,1.2,15.0,0.125,1.0,False,timeout,False,0.9899157871058175,0.4420954717326904,1.2480471655007699
down,0.16,1.2,15.0,0.15,0.5,False,ok,True,2.0160293317655196,1.550007322438912,0.00015203907018419778
down,0.16,1.2,15.0,0.15,0.8,False,ok,True,2.0435187977364686,1.5472154965805074,0.0001530564065414941
down,0.16,1.2,15.0,0.15,1.0,False,ok,True,2.0178894443085102,1.5178869825990124,0.00015344241751126476
down,0.16,1.2,15.0,0.175,0.5,False,ok,True,1.9071015209677955,1.4896324171804127,0.0001520382269796538
down,0.16,1.2,15.0,0.175,0.8,False,ok,True,1.875985042227849,1.448942416665709,0.00015305534913166155
down,0.16,1.2,15.0,0.175,1.0,False,ok,True,1.8971216636240864,1.4665550182435116,0.00015344761016545885
down,0.16,1.2,15.0,0.2,0.5,False,ok,True,1.7466538003307601,1.376599384274864,0.00015204005828205693
down,0.16,1.2,15.0,0.2,0.8,False,ok,True,1.8021877713394003,1.4140586705130338,0.00015305532054175693
down,0.16,1.2,15.0,0.2,1.0,False,ok,True,1.751207262484392,1.3794326467438076,0.0001534439042816038
down,0.16,1.2,30.0,0.125,0.5,False,ok,True,2.0965405095452803,0.4764044621678862,0.00015203927367565977
down,0.16,1.2,30.0,0.125,0.8,False,ok,True,2.394575181900338,0.4789105729910403,0.0001530578226157891
down,0.16,1.2,30.0,0.125,1.0,False,stall,False,2.2939122741509457,0.6387682198424388,1.1339851587445866
down,0.16,1.2,30.0,0.15,0.5,False,ok,True,1.7063377491599876,0.4763885979603177,0.00015203917605416444
down,0.16,1.2,30.0,0.15,0.8,False,ok,True,2.29129985253414,1.467163274885297,0.0001530554064853778
down,0.16,1.2,30.0,0.15,1.0,False,ok,True,2.1972682985951866,1.4456128692634627,0.0001534442284546375
down,0.16,1.2,30.0,0.175,0.5,False,ok,True,1.868580950444626,1.500732140733158,0.0001520390979747514
down,0.16,1.2,30.0,0.175,0.8,False,ok,True,1.8158899756979892,1.430198175053712,0.0001530553741496152
down,0.16,1.2,30.0,0.175,1.0,False,ok,True,1.7819988475134496,1.3931692798230946,0.00015344255027535116
down,0.16,1.2,30.0,0.2,0.5,False,ok,True,1.9865599856642002,1.490195999333172,0.00015203776548103356
down,0.16,1.2,30.0,0.2,0.8,False,ok,True,1.6944461155836241,1.3459632367123573,0.00015305612581151815
down,0.16,1.2,30.0,0.2,1.0,False,ok,True,1.6843733169154547,1.3426815740170088,0.000153444363184574
down,0.16,1.4,0.0,0.125,0.5,False,ok,True,2.8594151253379403,1.7605667829743223,0.00015203917963096055
down,0.16,1.4,0.0,0.125,0.8,False,ok,True,2.832504876124253,1.7359413134263042,0.00015305781691788233
down,0.16,1.4,0.0,0.125,1.0,False,ok,True,2.858239492070942,1.7460045263278363,0.00015344461963933784
down,0.16,1.4,0.0,0.15,0.5,False,ok,True,2.773602448473647,1.7847802692711063,0.0001520390884927536
down,0.16,1.4,0.0,0.15,0.8,False,ok,True,2.673419699287518,1.721601305154932,0.00015305742841244802
down,0.16,1.4,0.0,0.15,1.0,False,ok,True,2.753384643803369,1.7614716240259067,0.00015344445539400373
down,0.16,1.4,0.0,0.175,0.5,False,ok,True,2.6611055234219996,1.7844705733146535,0.00015203897388475407
down,0.16,1.4,0.0,0.175,0.8,False,ok,True,2.6131024231759783,1.7460872981039914,0.0001530564030011785
down,0.16,1.4,0.0,0.175,1.0,False,ok,True,2.6155543313475564,1.7487292749932155,0.0001534448185029321
down,0.16,1.4,0.0,0.2,0.5,False,ok,True,2.541725866306706,1.761914556831063,0.00015203930158217384
down,0.16,1.4,0.0,0.2,0.8,False,ok,True,2.5746873544383915,1.7737839035872691,0.00015305961540407
down,0.16,1.4,0.0,0.2,1.0,False,ok,True,2.5110895781166795,1.7402098484786674,0.00015344769494611164
down,0.16,1.4,15.0,0.125,0.5,False,ok,True,2.6474295243701453,1.957918412122997,0.000152038420780498
down,0.16,1.4,15.0,0.125,0.8,False,timeout,False,0.5273474100682994,0.41245644278989446,1.360400779873357
down,0.16,1.4,15.0,0.125,1.0,False,timeout,False,0.7035316554529856,0.616202560834168,1.258554461762955
down,0.16,1.4,15.0,0.15,0.5,False,ok,True,2.0729255390334256,1.589677106416088,0.0001520390715789696
down,0.16,1.4,15.0,0.15,0.8,False,ok,True,2.08375504220592,1.573089071514097,0.0001530578924815125
down,0.16,1.4,15.0,0.15,1.0,False,ok,True,2.0830275638471862,1.566550420661935,0.00015344348034266987
down,0.16,1.4,15.0,0.175,0.5,False,ok,True,1.967533993906602,1.5548040874497049,0.00015203886785754905
down,0.16,1.4,15.0,0.175,0.8,False,ok,True,1.9897380806920444,1.5524936961836546,0.00015305545988385417
down,0.16,1.4,15.0,0.175,1.0,False,ok,True,1.9466009736054815,1.5128297687157315,0.0001534437682760807
down,0.16,1.4,15.0,0.2,0.5,False,ok,True,1.862298086216162,1.4871284738835848,0.00015203844965830206
down,0.16,1.4,15.0,0.2,0.8,False,ok,True,1.9119211736819577,1.531696031854882,0.00015305791012400492
down,0.16,1.4,15.0,0.2,1.0,False,ok,True,1.8770975469124964,1.5027418942807103,0.00015344557797337822
down,0.16,1.4,30.0,0.125,0.5,False,ok,True,2.3320315591338603,0.4764222553241827,0.0001520391861736471
down,0.16,1.4,30.0,0.125,0.8,False,ok,True,2.7408565589232783,0.47892753770855423,0.00015305763865503463
down,0.16,1.4,30.0,0.125,1.0,False,ok,True,2.6007591463863253,1.6048086619565578,0.00015344461726937917
down,0.16,1.4,30.0,0.15,0.5,False,ok,True,1.865340556597008,0.47639960294940786,0.00015203908041124233
down,0.16,1.4,30.0,0.15,0.8,False,ok,True,2.638064337044899,1.4781162624482702,0.00015305594695325908
down,0.16,1.4,30.0,0.15,1.0,False,ok,True,2.5305876137476346,1.4908693163178284,0.0001534429769350594
down,0.16,1.4,30.0,0.175,0.5,False,ok,True,1.8485530077582935,1.4807803599796951,0.00015203895122926578
down,0.16,1.4,30.0,0.175,0.8,False,ok,True,1.8768964754610646,1.4851420098200625,0.00015305532280995157
down,0.16,1.4,30.0,0.175,1.0,False,ok,True,1.8368290692834333,1.4401716011976047,0.00015344267270758202
down,0.16,1.4,30.0,0.2,0.5,False,ok,True,1.8254507644057365,1.5055170678190224,0.0001520374259589535
down,0.16,1.4,30.0,0.2,0.8,False,ok,True,1.8291325911972762,1.4790495194736981,0.00015305643368863735
down,0.16,1.4,30.0,0.2,1.0,False,ok,True,1.7872563852567047,1.433145418239573,0.00015344543484959873
down,0.16,1.6,0.0,0.125,0.5,False,ok,True,2.79766335901143,1.7524738500199781,0.0001520391793637717
down,0.16,1.6,0.0,0.125,0.8,False,ok,True,2.859836499954842,1.7431975301025955,0.00015305781643286734
down,0.16,1.6,0.0,0.125,1.0,False,ok,True,2.854490718939856,1.7385185945153256,0.00015344461772031544
down,0.16,1.6,0.0,0.15,0.5,False,ok,True,2.7288143725745275,1.7699543260989974,0.00015203908905592054
down,0.16,1.6,0.0,0.15,0.8,False,ok,True,2.7261013272378753,1.7473299981932253,0.0001530578018960453
down,0.16,1.6,0.0,0.15,1.0,False,ok,True,2.715677892070918,1.7373034726435639,0.00015344490231320568
down,0.16,1.6,0.0,0.175,0.5,False,ok,True,2.632551945366275,1.7674234041765196,0.00015203898361690758
down,0.16,1.6,0.0,0.175,0.8,False,ok,True,2.579652962347765,1.7330792231447736,0.0001530578026061754
down,0.16,1.6,0.0,0.175,1.0,False,ok,True,2.6300158387766843,1.7581537864404997,0.0001534447365653276
down,0.16,1.6,0.0,0.2,0.5,False,ok,True,2.5469108762988295,1.773199590862686,0.00015203924964002786
down,0.16,1.6,0.0,0.2,0.8,False,ok,True,2.52493728112104,1.750523832750424,0.00015305625149243353
down,0.16,1.6,0.0,0.2,1.0,False,ok,True,2.501570467014666,1.738822030304897,0.00015344560180614755
down,0.16,1.6,15.0,0.125,0.5,False,ok,True,2.6054120333553006,1.9632672737779286,0.0001520391695583851
down,0.16,1.6,15.0,0.125,0.8,False,timeout,False,0.6991097569510352,0.619460453334205,1.291777219545139
down,0.16,1.6,15.0,0.125,1.0,False,timeout,False,0.760866627607338,0.6834510904349553,1.2457055760477953
down,0.16,1.6,15.0,0.15,0.5,False,ok,True,2.066458319397225,1.6041924361063744,0.000152039083819115
down,0.16,1.6,15.0,0.15,0.8,False,ok,True,2.135750866271182,1.610294165967277,0.00015305776311543966
down,0.16,1.6,15.0,0.15,1.0,False,ok,True,2.0988045964358943,1.5809324671913796,0.00015344487894253706
down,0.16,1.6,15.0,0.175,0.5,False,ok,True,2.0001736769711873,1.5821445263465308,0.0001520390685259568
down,0.16,1.6,15.0,0.175,0.8,False,ok,True,2.049699791880924,1.6005979288267078,0.00015305568009993893
down,0.16,1.6,15.0,0.175,1.0,False,ok,True,2.02104806240788,1.5741848501773945,0.00015344350901710707
down,0.16,1.6,15.0,0.2,0.5,False,ok,True,1.8965437257091846,1.5229987669542087,0.00015203912234847957
down,0.16,1.6,15.0,0.2,0.8,False,ok,True,1.9554631910528506,1.5663663325824175,0.00015305955454403167
down,0.16,1.6,15.0,0.2,1.0,False,ok,True,1.9434262788399965,1.5553992744627225,0.0001534454015861559
down,0.16,1.6,30.0,0.125,0.5,False,ok,True,2.6671276104656862,0.4764430357460796,0.00015203917950638689
down,0.16,1.6,30.0,0.125,0.8,False,ok,True,3.1390639334925123,0.4789471280300037,0.00015305781556929163
down,0.16,1.6,30.0,0.125,1.0,False,ok,True,2.9487803087547704,1.7287026185835288,0.0001534446165292989
down,0.16,1.6,30.0,0.15,0.5,False,ok,True,2.1999221483938736,0.4764123057336202,0.00015203908259592774
down,0.16,1.6,30.0,0.15,0.8,False,ok,True,2.984029984799827,1.5454638913726435,0.0001530553027023032
down,0.16,1.6,30.0,0.15,1.0,False,ok,True,2.803635500141423,1.5008468708417262,0.00015344238495107747
down,0.16,1.6,30.0,0.175,0.5,False,ok,True,1.8620159055004508,1.504484156414216,0.00015203893534347396
down,0.16,1.6,30.0,0.175,0.8,False,ok,True,1.9143682816203593,1.5149015393578886,0.00015305577237405212
down,0.16,1.6,30.0,0.175,1.0,False,ok,True,1.8845173130714734,1.482853814365193,0.00015344396675430016
down,0.16,1.6,30.0,0.2,0.5,False,ok,True,1.8168748379267012,1.492806653518223,0.0001520392711050215
down,0.16,1.6,30.0,0.2,0.8,False,ok,True,1.8770518310351727,1.5239080497728543,0.00015305701268379082
down,0.16,1.6,30.0,0.2,1.0,False,ok,True,1.8292581406104491,1.4799725974324365,0.0001534466371168555
down,0.16,1.8,0.0,0.125,0.5,False,ok,True,2.832868028713647,1.7418916571671916,0.00015203917918446056
down,0.16,1.8,0.0,0.125,0.8,False,ok,True,2.879898529716494,1.7489689630101577,0.0001530578127447643
down,0.16,1.8,0.0,0.125,1.0,False,ok,True,2.7766869356236623,1.7168041254182709,0.00015344460974759416
down,0.16,1.8,0.0,0.15,0.5,False,ok,True,2.7421655045697864,1.7615854779011957,0.00015203914248776928
down,0.16,1.8,0.0,0.15,0.8,False,ok,True,2.7018264001290073,1.729471549015469,0.00015305783594613955
down,0.16,1.8,0.0,0.15,1.0,False,ok,True,2.666057615359135,1.712704698640012,0.00015344490815476865
down,0.16,1.8,0.0,0.175,0.5,False,ok,True,2.671174826490311,1.7891620757771116,0.0001520399606401184
down,0.16,1.8,0.0,0.175,0.8,False,ok,True,2.6001798928408095,1.7422082394444123,0.0001530588556930564
down,0.16,1.8,0.0,0.175,1.0,False,ok,True,2.5897540909821464,1.7323934002453878,0.0001534464558414688
down,0.16,1.8,0.0,0.2,0.5,False,ok,True,2.5023152679529117,1.7471720946693172,0.00015203713803336297
down,0.16,1.8,0.0,0.2,0.8,False,ok,True,2.481666810654237,1.7297267884972145,0.0001530575136783826
down,0.16,1.8,0.0,0.2,1.0,False,ok,True,2.479820737377841,1.725370625887392,0.00015344732736024806
down,0.16,1.8,15.0,0.125,0.5,False,ok,True,2.056439924028237,1.9524730402242527,0.00015203917670009488
down,0.16,1.8,15.0,0.125,0.8,False,timeout,False,0.7573220624413407,0.6592789324907019,1.361839990338098
down,0.16,1.8,15.0,0.125,1.0,False,timeout,False,0.8085520099402664,0.7164176188174312,1.1837097539500212
down,0.16,1.8,15.0,0.15,0.5,False,ok,True,2.0824978337495024,1.6363334445748934,0.0001520391033604239
down,0.16,1.8,15.0,0.15,0.8,False,ok,True,2.1084542841500644,1.5897103334398879,0.00015305777183945773
down,0.16,1.8,15.0,0.15,1.0,False,ok,True,2.146796697213983,1.61111381570747,0.0001534448407492717
down,0.16,1.8,15.0,0.175,0.5,False,ok,True,2.011393288415908,1.6162229580957201,0.00015203971441640036
down,0.16,1.8,15.0,0.175,0.8,False,ok,True,2.0895212392842235,1.6255987688333386,0.0001530574517303873
down,0.16,1.8,15.0,0.175,1.0,False,ok,True,2.0278503400445085,1.5740691037958114,0.00015344515172260832
down,0.16,1.8,15.0,0.2,0.5,False,ok,True,1.9479971626603203,1.6034118119885867,0.00015203813755058088
down,0.16,1.8,15.0,0.2,0.8,False,ok,True,1.9773969001979543,1.5860705608759111,0.0001530582646997178
down,0.16,1.8,15.0,0.2,1.0,False,ok,True,1.9900117715742995,1.5942055132810584,0.00015344561329560011
down,0.16,1.8,30.0,0.125,0.5,False,ok,True,2.9308046403441073,0.4764666002047658,0.00015203918044063547
down,0.16,1.8,30.0,0.125,0.8,False,ok,True,3.487828856791778,0.47896934453017664,0.00015305781623119557
down,0.16,1.8,30.0,0.125,1.0,False,ok,True,3.321405656540977,1.7857752464234884,0.0001534446264073643
down,0.16,1.8,30.0,0.15,0.5,False,ok,True,2.2874502319022865,0.47642671151406984,0.00015203908668708551
down,0.16,1.8,30.0,0.15,0.8,False,ok,True,3.316899328239989,1.5234991814407215,0.0001530575466749106
down,0.16,1.8,30.0,0.15,1.0,False,ok,True,3.1373436060957394,1.4979775853275248,0.00015344487683330345
down,0.16,1.8,30.0,0.175,0.5,False,ok,True,1.9882217125715533,1.5695780381553994,0.00015203901247289698
down,0.16,1.8,30.0,0.175,0.8,False,ok,True,1.847238708763477,1.4727647842308342,0.00015305769797248746
down,0.16,1.8,30.0,0.175,1.0,False,ok,True,1.9054978155887643,1.5029645149665378,0.00015344505300642162
down,0.16,1.8,30.0,0.2,0.5,False,ok,True,2.05395843772148,1.5382416681934932,0.0001520384387930308
down,0.16,1.8,30.0,0.2,0.8,False,ok,True,1.809910769970337,1.474126563607751,0.00015305643681140708
down,0.16,1.8,30.0,0.2,1.0,False,ok,True,1.8633571855142166,1.5078511919186062,0.00015344545984356364
down,0.16,2.0,0.0,0.125,0.5,False,ok,True,2.847177255438331,1.7531516139087058,0.0001520392835085728
down,0.16,2.0,0.0,0.125,0.8,False,ok,True,2.7878726246741135,1.754485057775953,0.00015305798007473625
down,0.16,2.0,0.0,0.125,1.0,False,ok,True,2.7594375106015114,1.737204106162067,0.00015344475408294458
down,0.16,2.0,0.0,0.15,0.5,False,ok,True,2.761335739951223,1.7757208244261315,0.0001520395285705208
down,0.16,2.0,0.0,0.15,0.8,False,ok,True,2.717391439433537,1.7364431409742218,0.00015305855089477606
down,0.16,2.0,0.0,0.15,1.0,False,ok,True,2.6846734578122127,1.715305402719454,0.0001534462643491912
down,0.16,2.0,0.0,0.175,0.5,False,ok,True,2.586045773624412,1.7381761103676527,0.0001520303351606882
down,0.16,2.0,0.0,0.175,0.8,False,ok,True,2.563914761837931,1.7212709191372353,0.00015304988404784114
down,0.16,2.0,0.0,0.175,1.0,False,ok,True,2.5604375213397734,1.71469202440857,0.00015343919576010838
down,0.16,2.0,0.0,0.2,0.5,False,ok,True,2.55506058316292,1.7786992880184245,0.00015197573194374996
down,0.16,2.0,0.0,0.2,0.8,False,ok,True,2.533767082391638,1.7544469888460135,0.0001529841541256718
down,0.16,2.0,0.0,0.2,1.0,False,ok,True,2.556022142048998,1.7682109247895317,0.00015336518759892422
down,0.16,2.0,15.0,0.125,0.5,False,ok,True,2.0604296606700316,1.9399202955736723,0.0001520391685193663
down,0.16,2.0,15.0,0.125,0.8,False,timeout,False,0.7761548922554684,0.6608692390742588,1.3495587171929733
down,0.16,2.0,15.0,0.125,1.0,False,timeout,False,0.8320267335945964,0.7164452038381337,1.2324441546608327
down,0.16,2.0,15.0,0.15,0.5,False,ok,True,2.0630679196689976,1.6785745639758916,0.00015203963335864285
down,0.16,2.0,15.0,0.15,0.8,False,ok,True,2.1805020977462064,1.641978328936892,0.0001530586784986006
down,0.16,2.0,15.0,0.15,1.0,False,ok,True,2.2084925895502834,1.6616459548076772,0.00015344595744062582
down,0.16,2.0,15.0,0.175,0.5,False,ok,True,2.014082985831387,1.6786149185818788,0.00015203593712403846
down,0.16,2.0,15.0,0.175,0.8,False,ok,True,2.054993181974612,1.6004557856406731,0.00015305710804277393
down,0.16,2.0,15.0,0.175,1.0,False,ok,True,2.0409156509544073,1.5910259317605204,0.00015344567144631832
down,0.16,2.0,15.0,0.2,0.5,False,ok,True,1.9211983932718057,1.6368152168419878,0.00015199931621408692
down,0.16,2.0,15.0,0.2,0.8,False,ok,True,2.004539236722595,1.6103485712386678,0.00015301301755738864
down,0.16,2.0,15.0,0.2,1.0,False,ok,True,2.022379948765434,1.6168770449350462,0.00015339712283930467
down,0.16,2.0,30.0,0.125,0.5,False,ok,True,3.31653223963287,0.47649294864736713,0.00015203917818300278
down,0.16,2.0,30.0,0.125,0.8,False,ok,True,3.8465368501757435,0.4789941869874439,0.00015305781571187409
down,0.16,2.0,30.0,0.125,1.0,False,ok,True,3.7060561495300703,1.7924038581600459,0.00015344461935751455
down,0.16,2.0,30.0,0.15,0.5,False,ok,True,2.632095745357365,0.4764430830461508,0.00015203908584599549
down,0.16,2.0,30.0,0.15,0.8,False,ok,True,3.680017869007643,1.5285854496465736,0.00015305777445148385
down,0.16,2.0,30.0,0.15,1.0,False,ok,True,3.474702913170732,1.4836896737105514,0.00015344484746842893
down,0.16,2.0,30.0,0.175,0.5,False,ok,True,1.9544634614784255,1.5716177447188993,0.00015203965603155883
down,0.16,2.0,30.0,0.175,0.8,False,ok,True,2.0604902640932283,1.5119902216363155,0.00015305854181166888
down,0.16,2.0,30.0,0.175,1.0,False,ok,True,2.134025884200435,1.4776163977404357,0.00015344595378389764
down,0.16,2.0,30.0,0.2,0.5,False,ok,True,2.2500225422935896,1.5829656371629666,0.0001520382271465377
down,0.16,2.0,30.0,0.2,0.8,False,ok,True,1.8352723234264061,1.494985539023873,0.00015305762020202326
down,0.16,2.0,30.0,0.2,1.0,False,ok,True,1.8617707796111103,1.4872239062518202,0.00015344660058259657
down,0.16,2.2,0.0,0.125,0.5,False,ok,True,2.8417572731138137,1.7481569084360287,0.0001520384354420589
down,0.16,2.2,0.0,0.125,0.8,False,ok,True,2.7878763190292455,1.7430445274808302,0.00015305738551559724
down,0.16,2.2,0.0,0.125,1.0,False,ok,True,2.7606480147061445,1.7410296427839356,0.00015344477680030976
down,0.16,2.2,0.0,0.15,0.5,False,ok,True,2.7341857467165496,1.7600138277660105,0.00015202638907116757
down,0.16,2.2,0.0,0.15,0.8,False,ok,True,2.7645531925283424,1.7542294873657445,0.00015304463695786627
down,0.16,2.2,0.0,0.15,1.0,False,ok,True,2.680955243094739,1.7130952564397603,0.00015343214597292703
down,0.16,2.2,0.0,0.175,0.5,False,ok,True,2.616480395483835,1.7554169760256462,0.00015196706667261557
down,0.16,2.2,0.0,0.175,0.8,False,ok,True,2.5907984668942157,1.729509505331056,0.0001529659205031722
down,0.16,2.2,0.0,0.175,1.0,False,ok,True,2.5649336168655696,1.715038882139313,0.00015333737243783583
down,0.16,2.2,0.0,0.2,0.5,False,ok,True,2.5859128019247435,1.7937130232550573,0.00015218542895184057
down,0.16,2.2,0.0,0.2,0.8,False,ok,True,2.507521356016394,1.7391042918466975,0.00015315905511811468
down,0.16,2.2,0.0,0.2,1.0,False,ok,True,2.5572126264460815,1.764706141531438,0.00015348997262557744
down,0.16,2.2,15.0,0.125,0.5,False,ok,True,2.306354993981001,1.8764523215276125,0.00015203908049651936
down,0.16,2.2,15.0,0.125,0.8,False,timeout,False,2.330245003011834,1.835467994105066,0.00021018210164948194
down,0.16,2.2,15.0,0.125,1.0,False,timeout,False,0.8498920318412242,0.6616163287325596,1.2535331564017549
down,0.16,2.2,15.0,0.15,0.5,False,ok,True,1.959838975752795,1.626296146176918,0.0001520342387814908
down,0.16,2.2,15.0,0.15,0.8,False,ok,True,2.183146854478545,1.6564369092725457,0.00015305287681287278
down,0.16,2.2,15.0,0.15,1.0,False,ok,True,2.1771215037961484,1.6413392222056726,0.00015344233928245573
down,0.16,2.2,15.0,0.175,0.5,False,ok,True,1.9787421211183442,1.677123558434463,0.00015200019001623547
down,0.16,2.2,15.0,0.175,0.8,False,ok,True,2.1171510975711128,1.656654303462694,0.0001529916528593119
down,0.16,2.2,15.0,0.175,1.0,False,ok,True,2.1076598854002673,1.6398326509550096,0.00015337645901858878
down,0.16,2.2,15.0,0.2,0.5,False,ok,True,1.8824179880813423,1.617357304563203,0.0001520303373473803
down,0.16,2.2,15.0,0.2,0.8,False,ok,True,2.016092570429669,1.6266134335416278,0.00015302475196896285
down,0.16,2.2,15.0,0.2,1.0,False,ok,True,2.014390283897252,1.6170239140973144,0.0001533706075342129
down,0.16,2.2,30.0,0.125,0.5,False,ok,True,3.4931573034070893,0.47652208240969934,0.00015203917906820932
down,0.16,2.2,30.0,0.125,0.8,False,ok,True,4.1638925785276015,0.47902165227471616,0.00015305779854100004
down,0.16,2.2,30.0,0.125,1.0,False,ok,True,3.9360561689601186,1.7852775505857719,0.00015344462837592346
down,0.16,2.2,30.0,0.15,0.5,False,ok,True,2.833726772382557,0.4764617977335481,0.0001520390813330447
down,0.16,2.2,30.0,0.15,0.8,False,ok,True,4.017179275866859,1.6372588549939975,0.00015305844394747413
down,0.16,2.2,30.0,0.15,1.0,False,ok,True,3.944177815050001,1.5225709139444283,0.00015344559666887795
down,0.16,2.2,30.0,0.175,0.5,False,ok,True,2.488943988014024,1.8255292182842062,0.00015203740652903027
down,0.16,2.2,30.0,0.175,0.8,False,ok,True,1.9776111178125906,1.550417599179718,0.0001530581590341335
down,0.16,2.2,30.0,0.175,1.0,False,ok,True,2.037522435690868,1.501927882286784,0.00015344609620789423
down,0.16,2.2,30.0,0.2,0.5,False,ok,True,2.529141176288185,1.7681391411444198,0.00015202725986729516
down,0.16,2.2,30.0,0.2,0.8,False,ok,True,2.098583549259802,1.5252791164556356,0.000153021401711701
down,0.16,2.2,30.0,0.2,1.0,False,ok,True,1.8423611594922118,1.4927616090989868,0.00015341100940102458
down,0.16,2.4,0.0,0.125,0.5,False,ok,True,2.831175406965869,1.769838119992336,0.00015202953918661195
down,0.16,2.4,0.0,0.125,0.8,False,ok,True,2.8559841080198036,1.7568813545810218,0.00015304378707546942
down,0.16,2.4,0.0,0.125,1.0,False,ok,True,2.759777368208397,1.7114263829977059,0.00015342792168849035
down,0.16,2.4,0.0,0.15,0.5,False,ok,True,2.7917724209058195,1.7896800646561302,0.00015200006420736
down,0.16,2.4,0.0,0.15,0.8,False,ok,True,2.6913803456073553,1.721544975783902,0.0001529884425482132
down,0.16,2.4,0.0,0.15,1.0,False,ok,True,2.721859726318085,1.7323608203576655,0.0001533500232437076
down,0.16,2.4,0.0,0.175,0.5,False,ok,True,2.617837327510687,1.755080505000638,0.0001522626546418713
down,0.16,2.4,0.0,0.175,0.8,False,ok,True,2.5907698501329257,1.738034126206676,0.00015323201388203446
down,0.16,2.4,0.0,0.175,1.0,False,ok,True,2.5724701204557405,1.7194394951840515,0.00015354648166271328
down,0.16,2.4,0.0,0.2,0.5,False,ok,True,2.5843585342230284,1.7859875815610653,0.00015411106354653215
down,0.16,2.4,0.0,0.2,0.8,False,ok,True,2.5826793872217766,1.7807127255729267,0.00015531513462998915
down,0.16,2.4,0.0,0.2,1.0,False,ok,True,2.51237970398368,1.7411469112179958,0.00015576587568068092
down,0.16,2.4,15.0,0.125,0.5,False,ok,True,2.4623253217919983,1.9298699997824138,0.00015203719585015857
down,0.16,2.4,15.0,0.125,0.8,False,timeout,False,1.973621953060485,1.806194613011502,0.00015292138820567278
down,0.16,2.4,15.0,0.125,1.0,False,timeout,False,0.9022677197306737,0.5846735275097487,1.2452522626704068
down,0.16,2.4,15.0,0.15,0.5,False,ok,True,1.7591808496890278,1.4404463582527443,0.00015201602158130783
down,0.16,2.4,15.0,0.15,0.8,False,ok,True,2.2477548292216234,1.7123991426949399,0.0001530014802887057
down,0.16,2.4,15.0,0.15,1.0,False,ok,True,2.1842537705333562,1.6545681704654278,0.00015338006911837864
down,0.16,2.4,15.0,0.175,0.5,False,ok,True,1.736568910207605,1.4384112979717825,0.00015205032686565922
down,0.16,2.4,15.0,0.175,0.8,False,ok,True,2.1382965069207067,1.6840524034627478,0.00015303970427022774
down,0.16,2.4,15.0,0.175,1.0,False,ok,True,2.1171816892486244,1.6583352205802069,0.00015336586012755442
down,0.16,2.4,15.0,0.2,0.5,False,ok,True,1.7009501508628757,1.43987231291241,0.00015237714683469047
down,0.16,2.4,15.0,0.2,0.8,False,ok,True,2.0680482187227054,1.6743061397271788,0.00015430646225601382
down,0.16,2.4,15.0,0.2,1.0,False,ok,True,2.0615429897800412,1.6536524985824508,0.00015458422757531884
down,0.16,2.4,30.0,0.125,0.5,False,ok,True,3.898503069467994,0.47655400120765423,0.00015203919816675644
down,0.16,2.4,30.0,0.125,0.8,False,ok,True,4.56239768816218,1.8635534550272455,0.00015305692826525632
down,0.16,2.4,30.0,0.125,1.0,False,ok,True,4.219091185129861,1.6843865365731696,0.00015344425609463438
down,0.16,2.4,30.0,0.15,0.5,False,ok,True,3.1610338055395224,0.4764823011431312,0.00015203931938091383
down,0.16,2.4,30.0,0.15,0.8,False,ok,True,4.316133692892571,1.6915414405718991,0.00015305705627053105
down,0.16,2.4,30.0,0.15,1.0,False,ok,True,4.131533036335433,1.6788673998886487,0.00015344560847369544
down,0.16,2.4,30.0,0.175,0.5,False,ok,True,2.703059794374966,1.9740274960972055,0.00015203221846136778
down,0.16,2.4,30.0,0.175,0.8,False,ok,True,2.481572319154044,1.6408703914719212,0.0001530198806543988
down,0.16,2.4,30.0,0.175,1.0,False,ok,True,2.5155313864968387,1.5301534086485697,0.00015340531838371413
down,0.16,2.4,30.0,0.2,0.5,False,ok,True,2.5947954119662704,1.9671709143102352,0.00015209104652450132
down,0.16,2.4,30.0,0.2,0.8,False,ok,True,2.1795050126140567,1.5777155609374935,0.00015296761179400074
down,0.16,2.4,30.0,0.2,1.0,False,ok,True,2.0404732465968327,1.5126219066318698,0.00015333005857301717
down,0.16,2.6,0.0,0.125,0.5,False,ok,True,2.802743272717411,1.7454017331370388,0.00015204651973867923
down,0.16,2.6,0.0,0.125,0.8,False,ok,True,2.7530977490533455,1.7067824900184467,0.00015305364781588332
down,0.16,2.6,0.0,0.125,1.0,False,ok,True,2.772009494418139,1.7185849729395222,0.0001534142461802977
down,0.16,2.6,0.0,0.15,0.5,False,ok,True,2.7826323659781025,1.7795504535976874,0.00015228295408503052
down,0.16,2.6,0.0,0.15,0.8,False,ok,True,2.7127412327701013,1.7314365691173035,0.0001533508793315452
down,0.16,2.6,0.0,0.15,1.0,False,ok,True,2.7221434806629703,1.7356180283787743,0.000153678042324703
down,0.16,2.6,0.0,0.175,0.5,False,ok,True,2.622045152123202,1.7528156435659654,0.0001540804370595589
down,0.16,2.6,0.0,0.175,0.8,False,ok,True,2.5771803584772712,1.7175231936448787,0.0001556187567456599
down,0.16,2.6,0.0,0.175,1.0,False,ok,True,2.575725288252504,1.7185021133054303,0.00015610323100602862
down,0.16,2.6,0.0,0.2,0.5,False,ok,True,2.5966454329887694,1.7972785232753006,0.00015623641836268588
down,0.16,2.6,0.0,0.2,0.8,False,ok,True,2.576032773235954,1.775046181910982,0.00015814340359942116
down,0.16,2.6,0.0,0.2,1.0,False,ok,True,2.5151219571118504,1.7405761573792666,0.00015949789418480395
down,0.16,2.6,15.0,0.125,0.5,False,ok,True,1.9378450252061574,1.7916516883488403,0.00015209709156875138
down,0.16,2.6,15.0,0.125,0.8,False,ok,True,1.8614533629854844,1.823022295186959,0.00015304849784537986
down,0.16,2.6,15.0,0.125,1.0,False,timeout,False,1.1369180075922045,0.4406131898424746,1.2700947442324664
down,0.16,2.6,15.0,0.15,0.5,False,ok,True,2.367223247725398,1.9477177544319344,0.00015207923504177893
down,0.16,2.6,15.0,0.15,0.8,False,ok,True,2.156903366060723,1.7006449278526943,0.00015310603953647354
down,0.16,2.6,15.0,0.15,1.0,False,ok,True,2.198242134624161,1.7070825605831608,0.00015341346111564277
down,0.16,2.6,15.0,0.175,0.5,False,ok,True,2.1365294899636456,1.8067722206571433,0.00015243614760317753
down,0.16,2.6,15.0,0.175,0.8,False,ok,True,2.113626049929393,1.6936230336098184,0.0001542870641853539
down,0.16,2.6,15.0,0.175,1.0,False,ok,True,2.155637079275813,1.709358446944239,0.00015463879356980125
down,0.16,2.6,15.0,0.2,0.5,False,ok,True,2.088009500052821,1.7894754738001382,0.00015271591477163845
down,0.16,2.6,15.0,0.2,0.8,False,ok,True,2.0495893821886217,1.6815568185063572,0.00015740906183823718
down,0.16,2.6,15.0,0.2,1.0,False,ok,True,2.100139164108328,1.702006933518864,0.00015841713787326386
down,0.16,2.6,30.0,0.125,0.5,False,ok,True,4.148231285833262,0.47658870359639594,0.0001520392324941171
down,0.16,2.6,30.0,0.125,0.8,False,ok,True,4.886668563395871,1.6034933755866576,0.00015305320488771676
down,0.16,2.6,30.0,0.125,1.0,False,ok,True,4.555635665307589,1.6966447645530933,0.00015344032519854972
down,0.16,2.6,30.0,0.15,0.5,False,ok,True,3.22530493811207,0.47650459288849023,0.00015203855325308176
down,0.16,2.6,30.0,0.15,0.8,False,ok,True,4.683722225884124,1.786761744718282,0.00015302788410052139
down,0.16,2.6,30.0,0.15,1.0,False,ok,True,4.992560861115681,1.7368949108980365,0.00015342048932878908
down,0.16,2.6,30.0,0.175,0.5,False,ok,True,2.4661690403955516,2.000054529312021,0.0001521124343771708
down,0.16,2.6,30.0,0.175,0.8,False,ok,True,2.3190148216920856,1.7780263950474644,0.00015294410338385269
down,0.16,2.6,30.0,0.175,1.0,False,ok,True,2.486046527054955,1.6365926729826121,0.00015331135313281538
down,0.16,2.6,30.0,0.2,0.5,False,ok,True,2.296310186940636,1.9608762468982044,0.0001522455793416222
down,0.16,2.6,30.0,0.2,0.8,False,ok,True,2.382153802653986,1.6892288237762074,0.00015358316281965093
down,0.16,2.6,30.0,0.2,1.0,False,ok,True,2.4723857264296587,1.552044719330744,0.0001537430947100223
down,0.16,2.8,0.0,0.125,0.5,False,ok,True,2.812556864871196,1.7552954295852532,0.00015223432825942716
down,0.16,2.8,0.0,0.125,0.8,False,ok,True,2.7653953340062314,1.723160013992754,0.0001532800877730576
down,0.16,2.8,0.0,0.125,1.0,False,ok,True,2.740165192828151,1.7008241454024005,0.00015365347446441875
down,0.16,2.8,0.0,0.15,0.5,False,ok,True,2.705041140697886,1.7360373501230797,0.0001534065727094653
down,0.16,2.8,0.0,0.15,0.8,False,ok,True,2.7419131554910257,1.744532563972738,0.00015478501755720436
down,0.16,2.8,0.0,0.15,1.0,False,ok,True,2.660449350579913,1.6962426806326372,0.0001552887277153546
down,0.16,2.8,0.0,0.175,0.5,False,ok,True,2.6138637672296894,1.7332247837923656,0.000155553696503381
down,0.16,2.8,0.0,0.175,0.8,False,ok,True,2.5664020279464843,1.7076457072224271,0.00015831813511189193
down,0.16,2.8,0.0,0.175,1.0,False,ok,True,2.6140426172432885,1.714147126103508,0.00015962528210255108
down,0.16,2.8,0.0,0.2,0.5,False,ok,True,2.5271404754370717,1.7389890128675236,0.0001461762852325114
down,0.16,2.8,0.0,0.2,0.8,False,ok,True,2.5473998022093403,1.7389376227564628,0.00014949434063490325
down,0.16,2.8,0.0,0.2,1.0,False,ok,True,2.475070349996654,1.69831761422289,0.00015181031767925825
down,0.16,2.8,15.0,0.125,0.5,False,ok,True,1.8361420788527092,1.4222853202173247,0.00015119730640129227
down,0.16,2.8,15.0,0.125,0.8,False,ok,True,1.9517242699218358,1.8761399035563493,0.00015313185885484527
down,0.16,2.8,15.0,0.125,1.0,False,timeout,False,1.2503975899435191,0.5362466763465654,1.2373313075449788
down,0.16,2.8,15.0,0.15,0.5,False,ok,True,2.5826938266821053,1.9440473433002814,0.00015226462524462646
down,0.16,2.8,15.0,0.15,0.8,False,ok,True,2.1688292428446214,1.7458637290162355,0.0001540221101255651
down,0.16,2.8,15.0,0.15,1.0,False,ok,True,2.0663351249472384,1.625935152403339,0.00015433784336790725
down,0.16,2.8,15.0,0.175,0.5,False,ok,True,2.606324416804683,1.9326721058319305,0.00015246046360438786
down,0.16,2.8,15.0,0.175,0.8,False,ok,True,2.0827173741665814,1.7192999485272666,0.00015678290609849228
down,0.16,2.8,15.0,0.175,1.0,False,ok,True,2.1155854317739213,1.710835380071695,0.00015805129902151584
down,0.16,2.8,15.0,0.2,0.5,False,ok,True,2.6113902569227814,1.943599642720777,0.0001500215093811763
down,0.16,2.8,15.0,0.2,0.8,False,ok,True,1.999559169615828,1.6814216672306772,0.00015646315140467406
down,0.16,2.8,15.0,0.2,1.0,False,ok,True,2.008983093006199,1.643121858011019,0.0001570175662337802
down,0.16,2.8,30.0,0.125,0.5,False,ok,True,4.435898376951815,0.4766261903816619,0.00015203613913077968
down,0.16,2.8,30.0,0.125,0.8,False,ok,True,5.152618745180618,1.6895001279689685,0.00015303899742102905
down,0.16,2.8,30.0,0.125,1.0,False,ok,True,4.859354073521886,1.6413096877817066,0.00015342076137674489
down,0.16,2.8,30.0,0.15,0.5,False,ok,True,3.4272228275106422,0.4765286738242157,0.0001520200445405898
down,0.16,2.8,30.0,0.15,0.8,False,ok,True,5.043972236821779,1.868939965304895,0.00015298011581404188
down,0.16,2.8,30.0,0.15,1.0,False,ok,True,4.692671459718177,1.8265389183617402,0.00015334034033226402
down,0.16,2.8,30.0,0.175,0.5,False,ok,True,2.2597752491457324,2.004897338973236,0.00015212467382208362
down,0.16,2.8,30.0,0.175,0.8,False,ok,True,2.3928973644499982,1.8694421881842396,0.00015352684361473367
down,0.16,2.8,30.0,0.175,1.0,False,ok,True,2.572605328393215,1.662658780948213,0.00015364849656783358
down,0.16,2.8,30.0,0.2,0.5,False,ok,True,2.167594609904976,1.97237031751308,0.00015073123954355367
down,0.16,2.8,30.0,0.2,0.8,False,ok,True,2.298572514798145,1.866621360618622,0.00015482140898079422
down,0.16,2.8,30.0,0.2,1.0,False,ok,True,2.257763514203195,1.6846711319047623,0.00015592568149818106
down,0.16,3.0,0.0,0.125,0.5,False,ok,True,2.742352909881189,1.716703316009894,0.00015245825623178076
down,0.16,3.0,0.0,0.125,0.8,False,ok,True,2.7117120118969074,1.6747200944811276,0.00015365018634856358
down,0.16,3.0,0.0,0.125,1.0,False,ok,True,2.687497642825813,1.7031862868231105,0.00015429566155251723
down,0.16,3.0,0.0,0.15,0.5,False,ok,True,2.592204333195834,1.6434764731560694,0.00015396329310430614
down,0.16,3.0,0.0,0.15,0.8,False,ok,True,2.6427227140813345,1.5841621351229156,0.00015601118252481043
down,0.16,3.0,0.0,0.15,1.0,False,ok,True,2.620447008645061,1.5916062136864244,0.00015731836800821357
down,0.16,3.0,0.0,0.175,0.5,False,ok,True,2.545407892505532,1.6351438158647829,0.00015200923711183558
down,0.16,3.0,0.0,0.175,0.8,False,ok,True,2.496051474875815,1.5393689752787916,0.0001504417359383821
down,0.16,3.0,0.0,0.175,1.0,False,ok,True,2.4687540735283706,1.522909976916819,0.00015406957139821672
down,0.16,3.0,0.0,0.2,0.5,False,ok,True,2.4001665987266523,1.6223717378145612,0.0001259575926726905
down,0.16,3.0,0.0,0.2,0.8,False,ok,True,2.4558910491330117,1.544624526404247,0.00010843856495964349
down,0.16,3.0,0.0,0.2,1.0,False,ok,True,2.47634961880804,1.5414230238694273,0.00011080605543735333
down,0.16,3.0,15.0,0.125,0.5,False,ok,True,1.8634941335211115,1.4248582954361546,0.0001505299857516145
down,0.16,3.0,15.0,0.125,0.8,False,ok,True,1.9760133738723702,1.8521480276427245,0.00015344229920643111
down,0.16,3.0,15.0,0.125,1.0,False,timeout,False,1.320659887578008,0.667605297265802,1.2430066312130534
down,0.16,3.0,15.0,0.15,0.5,False,ok,True,2.6706062357525835,2.010420040404095,0.00015232242877633056
down,0.16,3.0,15.0,0.15,0.8,False,ok,True,2.0954508091903983,1.6927308250411432,0.00015516980819098067
down,0.16,3.0,15.0,0.15,1.0,False,ok,True,2.0009640062387324,1.5739489387229644,0.00015627748551830584
down,0.16,3.0,15.0,0.175,0.5,False,ok,True,2.6518982655327776,1.9949086139759225,0.00015024068461520898
down,0.16,3.0,15.0,0.175,0.8,False,ok,True,2.087588911892488,1.7466021885019267,0.00015273550150783483
down,0.16,3.0,15.0,0.175,1.0,False,ok,True,2.065832332246945,1.6592921059493955,0.0001585826665576445
down,0.16,3.0,15.0,0.2,0.5,False,ok,True,2.575005048345062,1.9632962963213316,0.00013940047687625347
down,0.16,3.0,15.0,0.2,0.8,False,ok,True,1.9438667762480932,1.6437514185493296,0.00014155967304147184
down,0.16,3.0,15.0,0.2,1.0,False,ok,True,1.9558261806372792,1.5899317433161784,0.00014174729513349502
down,0.16,3.0,30.0,0.125,0.5,False,ok,True,4.769379056090977,0.4766664613055268,0.00015203387101764003
down,0.16,3.0,30.0,0.125,0.8,False,ok,True,5.5392193855377,1.704563391377893,0.00015306732685712663
down,0.16,3.0,30.0,0.125,1.0,False,ok,True,5.183278151781154,1.6696530815791786,0.00015344461327408674
down,0.16,3.0,30.0,0.15,0.5,False,ok,True,3.670525778832312,0.47655454375792183,0.0001520440310390096
down,0.16,3.0,30.0,0.15,0.8,False,ok,True,5.32017087131227,1.8552370752055898,0.00015352979422121466
down,0.16,3.0,30.0,0.15,1.0,False,ok,True,4.989557274135834,1.8515065334708012,0.00015347295088264762
down,0.16,3.0,30.0,0.175,0.5,False,ok,True,2.1183410730489385,2.0280506894998993,0.00015080275069244704
down,0.16,3.0,30.0,0.175,0.8,False,ok,True,2.404908629049329,1.8518876973633531,0.00015431521874258113
down,0.16,3.0,30.0,0.175,1.0,False,ok,True,2.6973321080207984,1.7578418596061767,0.00015524632152092772
down,0.16,3.0,30.0,0.2,0.5,False,ok,True,2.148174894656943,2.0412488069941674,0.00014751444429054957
down,0.16,3.0,30.0,0.2,0.8,False,ok,True,2.258145692983682,1.769024643443192,0.00015060446900062166
down,0.16,3.0,30.0,0.2,1.0,False,ok,True,2.1441798463587647,1.6574261046269982,0.0001597360369572466
