direction,kerb_h,speed,angle_deg,wheel_radius,mu,ramp,outcome,success,peak_g,peak_vertical_g,max_pitch_deg
up,0.06,0.4,0.0,0.2188,0.5,False,stall,False,0.41176156910440725,0.009623374627933374,0.9095240067234398
up,0.06,0.4,0.0,0.2188,0.8,False,stall,False,0.5666605186351634,0.07441124798560138,1.439654222272395
up,0.06,0.4,0.0,0.2188,1.0,False,stall,False,0.5842203262743331,0.09223857548152795,1.6384724041103425
up,0.06,0.4,15.0,0.2188,0.5,False,ok,True,0.2604907486686039,0.0856950379214288,0.00026405431019113683
up,0.06,0.4,15.0,0.2188,0.8,False,ok,True,0.33423302253753673,0.08522012671463788,0.000264496717115413
up,0.06,0.4,15.0,0.2188,1.0,False,ok,True,0.34704057222776274,0.0860692027694142,0.00026452071247652246
up,0.06,0.4,30.0,0.2188,0.5,False,ok,True,0.3716542314645594,0.10909486132598982,2.31097283058986
up,0.06,0.4,30.0,0.2188,0.8,False,ok,True,0.6357470939071038,0.10230507665476637,2.3728356448958645
up,0.06,0.4,30.0,0.2188,1.0,False,ok,True,0.3357136142011756,0.11006625468173205,2.407283397434297
up,0.06,0.6,0.0,0.2188,0.5,False,ok,True,1.8471478822066427,0.4339630136676264,0.0029606286663544875
up,0.06,0.6,0.0,0.2188,0.8,False,ok,True,0.8488602432322048,0.43399210615194717,0.002966920770210033
up,0.06,0.6,0.0,0.2188,1.0,False,ok,True,0.8436287436910702,0.4219020732658703,0.002960683914788052
up,0.06,0.6,15.0,0.2188,0.5,False,ok,True,0.35389121619824854,0.1264577659293884,0.0002653460919820786
up,0.06,0.6,15.0,0.2188,0.8,False,ok,True,0.43230416174811637,0.12551895121983483,0.00026567889760332705
up,0.06,0.6,15.0,0.2188,1.0,False,ok,True,0.44626467839133394,0.13008545145818193,0.00026546282353182406
up,0.06,0.6,30.0,0.2188,0.5,False,ok,True,0.9149406367746293,0.13602398496862142,2.3347518651419445
up,0.06,0.6,30.0,0.2188,0.8,False,ok,True,0.7016892432288968,0.14472545351759625,2.4156986568715912
up,0.06,0.6,30.0,0.2188,1.0,False,ok,True,0.43679350255027916,0.14723514571898721,2.34458705411658
up,0.06,0.8,0.0,0.2188,0.5,False,ok,True,1.4208722387561228,0.4323936584442353,0.0029681172165004098
up,0.06,0.8,0.0,0.2188,0.8,False,ok,True,1.0479679898072074,0.5212119750267772,0.0024336951299998096
up,0.06,0.8,0.0,0.2188,1.0,False,ok,True,1.2206271924476326,0.6513306427839193,0.002323855776822641
up,0.06,0.8,15.0,0.2188,0.5,False,ok,True,0.43457409986085554,0.165544497590505,0.00026679504074298734
up,0.06,0.8,15.0,0.2188,0.8,False,ok,True,0.5222559714742754,0.1686208081870984,0.00026701865097428186
up,0.06,0.8,15.0,0.2188,1.0,False,ok,True,0.5156517301092708,0.16786530841084696,0.00026659020729509996
up,0.06,0.8,30.0,0.2188,0.5,False,ok,True,0.42087456744674556,0.18989721565924006,2.24347247410031
up,0.06,0.8,30.0,0.2188,0.8,False,ok,True,0.5039832070739795,0.1926606811502123,2.356551202924233
up,0.06,0.8,30.0,0.2188,1.0,False,ok,True,0.5307849873553867,0.19284211663313902,2.4785160244572872
up,0.06,1.0,0.0,0.2188,0.5,False,ok,True,1.1928129244718961,0.4301753249518204,0.0029746532363774574
up,0.06,1.0,0.0,0.2188,0.8,False,ok,True,1.1402738169558404,0.5481214451951505,0.001973760343425488
up,0.06,1.0,0.0,0.2188,1.0,False,ok,True,1.0001223479054895,0.4134261009792667,0.001886417969312995
up,0.06,1.0,15.0,0.2188,0.5,False,ok,True,0.5130057563319882,0.2109901737430137,0.00026851101656493457
up,0.06,1.0,15.0,0.2188,0.8,False,ok,True,0.6081432814865456,0.2158217429840957,0.0002686137294560117
up,0.06,1.0,15.0,0.2188,1.0,False,ok,True,0.6265562404146316,0.20867039401663265,0.00026797639500487653
up,0.06,1.0,30.0,0.2188,0.5,False,ok,True,0.5038906237298281,0.21931063769690828,2.4096417182135443
up,0.06,1.0,30.0,0.2188,0.8,False,ok,True,0.5931167907780369,0.2240579127503269,2.447941485276873
up,0.06,1.0,30.0,0.2188,1.0,False,ok,True,0.6171745903570138,0.22985982807849206,2.394623734795501
up,0.06,1.2,0.0,0.2188,0.5,False,ok,True,1.089094741743091,0.4296290066059484,0.0029873993195592558
up,0.06,1.2,0.0,0.2188,0.8,False,ok,True,1.0847975755478445,0.4117984785114352,0.0018091401135421575
up,0.06,1.2,0.0,0.2188,1.0,False,ok,True,1.1177718925919549,0.38617404655221643,0.0015944509147455454
up,0.06,1.2,15.0,0.2188,0.5,False,ok,True,0.5867699515564531,0.2662197245162535,0.0002709932777526759
up,0.06,1.2,15.0,0.2188,0.8,False,ok,True,0.686536337171393,0.26727345141915954,0.00027118541788058567
up,0.06,1.2,15.0,0.2188,1.0,False,ok,True,0.7058529137344154,0.27087067106930285,0.0002701837660171102
up,0.06,1.2,30.0,0.2188,0.5,False,ok,True,0.576782790576224,0.22797236050836936,2.3166088230209443
up,0.06,1.2,30.0,0.2188,0.8,False,ok,True,0.6732940698918444,0.23342416988836573,2.307940143016841
up,0.06,1.2,30.0,0.2188,1.0,False,ok,True,0.698897814930903,0.23519798042503695,2.411103394810247
up,0.06,1.4,0.0,0.2188,0.5,False,ok,True,0.972862265161856,0.43467277611666805,0.002962196281494208
up,0.06,1.4,0.0,0.2188,0.8,False,ok,True,1.1871512299862546,0.3464672116054786,0.0014769657321479666
up,0.06,1.4,0.0,0.2188,1.0,False,ok,True,1.228493597799508,0.4049779030704446,0.001405505928408552
up,0.06,1.4,15.0,0.2188,0.5,False,ok,True,0.6508431607574715,0.3133929038024268,0.000270048292946163
up,0.06,1.4,15.0,0.2188,0.8,False,ok,True,0.7545673726541678,0.3142085339789091,0.00026931024010370545
up,0.06,1.4,15.0,0.2188,1.0,False,ok,True,0.7776350761857336,0.31297204287241936,0.00026742108745114263
up,0.06,1.4,30.0,0.2188,0.5,False,ok,True,0.6423190994414286,0.24522560051123388,2.340378441494114
up,0.06,1.4,30.0,0.2188,0.8,False,ok,True,0.7468626938313012,0.24990587511794238,2.5800069272677386
up,0.06,1.4,30.0,0.2188,1.0,False,ok,True,0.7732025357450396,0.24762970999433934,2.4460638780952566
up,0.06,1.6,0.0,0.2188,0.5,False,ok,True,1.2965806489690286,0.44090892936184445,0.0027377955405898224
up,0.06,1.6,0.0,0.2188,0.8,False,ok,True,1.2626739993453133,0.3695838793953042,0.0013675245648242112
up,0.06,1.6,0.0,0.2188,1.0,False,ok,True,1.3198980185630862,0.44855787073484904,0.0012931158292814966
up,0.06,1.6,15.0,0.2188,0.5,False,ok,True,0.7123682422701949,0.33394984979144265,0.0002564038892277303
up,0.06,1.6,15.0,0.2188,0.8,False,ok,True,0.8160635400676415,0.3327259489113478,0.00025795747164117616
up,0.06,1.6,15.0,0.2188,1.0,False,ok,True,0.8479636187170345,0.33726364801714365,0.0002540725018610546
up,0.06,1.6,30.0,0.2188,0.5,False,ok,True,0.7097693010118009,0.26816287413373174,2.5857725149126343
up,0.06,1.6,30.0,0.2188,0.8,False,ok,True,0.8167559764755765,0.27373932456892147,2.4904527964151764
up,0.06,1.6,30.0,0.2188,1.0,False,ok,True,0.8404212939934462,0.2710945048629953,2.6294395143644307
up,0.06,1.8,0.0,0.2188,0.5,False,ok,True,0.9860116273179653,0.4261409958298109,0.0028228832828908743
up,0.06,1.8,0.0,0.2188,0.8,False,ok,True,1.3564713117738092,0.3800066896356041,0.0014741671995218304
up,0.06,1.8,0.0,0.2188,1.0,False,ok,True,1.3927280457128994,0.47740551323108477,0.0013260121992831047
up,0.06,1.8,15.0,0.2188,0.5,False,ok,True,0.7682309669120004,0.33260763203291227,0.0003085161338479307
up,0.06,1.8,15.0,0.2188,0.8,False,ok,True,0.8765438559418957,0.33603642360366043,0.00031387298702306363
up,0.06,1.8,15.0,0.2188,1.0,False,ok,True,0.9069325026973769,0.3429655491181546,0.00031547966177094373
up,0.06,1.8,30.0,0.2188,0.5,False,ok,True,0.7628193015949644,0.28648046656655457,2.478330661639607
up,0.06,1.8,30.0,0.2188,0.8,False,ok,True,0.8811821238725979,0.2935767674623729,2.72587887436495
up,0.06,1.8,30.0,0.2188,1.0,False,ok,True,0.9035910426392106,0.2908187358752565,2.8288676068394736
up,0.06,2.0,0.0,0.2188,0.5,False,ok,True,1.00933598167942,0.42711512134773727,0.0028238675716245466
up,0.06,2.0,0.0,0.2188,0.8,False,ok,True,1.4446684714432259,0.37591116518808737,0.001630401596379085
up,0.06,2.0,0.0,0.2188,1.0,False,ok,True,1.4662071291630536,0.4812403762720632,0.0013391351746276387
up,0.06,2.0,15.0,0.2188,0.5,False,ok,True,0.8212583880152095,0.34640066159605143,0.00042541535793975597
up,0.06,2.0,15.0,0.2188,0.8,False,ok,True,0.9306454453313817,0.34035282669307054,0.0004816806903834629
up,0.06,2.0,15.0,0.2188,1.0,False,ok,True,0.9649936958081631,0.33427075583178717,0.000511523069377509
up,0.06,2.0,30.0,0.2188,0.5,False,ok,True,0.8202493086310255,0.30327364841555976,2.6807528588665885
up,0.06,2.0,30.0,0.2188,0.8,False,ok,True,0.9399000646307221,0.31139147986193344,2.8635109584132827
up,0.06,2.0,30.0,0.2188,1.0,False,ok,True,0.9655820705186126,0.3090736462463325,2.6670526477392373
up,0.06,2.2,0.0,0.2188,0.5,False,ok,True,1.066036942678217,0.4206321633873563,0.0009796275844793027
up,0.06,2.2,0.0,0.2188,0.8,False,ok,True,1.5194793253975174,0.3808264494882931,0.0009092327213307558
up,0.06,2.2,0.0,0.2188,1.0,False,ok,True,1.5596170446684687,0.48751824344735245,0.0007765304276762455
up,0.06,2.2,15.0,0.2188,0.5,False,ok,True,0.8710373370971456,0.3686212742313111,0.0002981120584948303
up,0.06,2.2,15.0,0.2188,0.8,False,ok,True,0.9855050277242446,0.3775562891165834,0.0004033127545467443
up,0.06,2.2,15.0,0.2188,1.0,False,ok,True,1.0256158577980932,0.38405171637473157,0.0005249487921175459
up,0.06,2.2,30.0,0.2188,0.5,False,ok,True,0.8757453110255312,0.318703282734548,2.7153544776847953
up,0.06,2.2,30.0,0.2188,0.8,False,ok,True,0.9939708019145825,0.32816098642935443,2.905146643828065
up,0.06,2.2,30.0,0.2188,1.0,False,ok,True,1.0223870451813384,0.3267658872344099,2.992305126419379
up,0.06,2.4,0.0,0.2188,0.5,False,ok,True,1.1477016103565423,0.4078118044860925,0.0011905440070865158
up,0.06,2.4,0.0,0.2188,0.8,False,ok,True,1.571090688348085,0.38370564409998625,0.001111192210647738
up,0.06,2.4,0.0,0.2188,1.0,False,ok,True,1.6433056083995983,0.5142342658168371,0.0007328371285840218
up,0.06,2.4,15.0,0.2188,0.5,False,ok,True,0.9167967716281983,0.39447377905266645,0.00027894937414656325
up,0.06,2.4,15.0,0.2188,0.8,False,ok,True,1.0376482990626716,0.4196134252703755,0.0002837684013985348
up,0.06,2.4,15.0,0.2188,1.0,False,ok,True,1.0670383667690058,0.41723975091083576,0.00017085474247227362
up,0.06,2.4,30.0,0.2188,0.5,False,ok,True,0.9451031010712717,0.3312280968595716,2.823376229458652
up,0.06,2.4,30.0,0.2188,0.8,False,ok,True,1.0465002589906678,0.343305133874238,2.9847805095860855
up,0.06,2.4,30.0,0.2188,1.0,False,ok,True,1.0660964632046313,0.3407383274427801,3.0397154970317013
up,0.06,2.6,0.0,0.2188,0.5,False,ok,True,1.140680305843658,0.4018886989364636,0.005287204453405517
up,0.06,2.6,0.0,0.2188,0.8,False,ok,True,1.6712148146146706,0.4038907269397472,0.004141439019916705
up,0.06,2.6,0.0,0.2188,1.0,False,ok,True,1.6775035331767272,0.520093781411846,0.0029499855549306266
up,0.06,2.6,15.0,0.2188,0.5,False,ok,True,0.9600913494868359,0.4146666982527034,0.0009162627824930441
up,0.06,2.6,15.0,0.2188,0.8,False,ok,True,1.0895954722528123,0.44484426974355956,0.0015055710291201657
up,0.06,2.6,15.0,0.2188,1.0,False,ok,True,1.1137262680636486,0.44062197906558875,0.0016814704414964375
up,0.06,2.6,30.0,0.2188,0.5,False,ok,True,1.097147467467663,0.3422270271319512,2.932157240046724
up,0.06,2.6,30.0,0.2188,0.8,False,ok,True,1.1706347247370397,0.35670650826597006,2.7719894954358195
up,0.06,2.6,30.0,0.2188,1.0,False,ok,True,1.123332384343653,0.35256280699627224,2.889158273518652
up,0.06,2.8,0.0,0.2188,0.5,False,ok,True,1.1352850304624946,0.38877126640468257,0.006386913802115771
up,0.06,2.8,0.0,0.2188,0.8,False,ok,True,1.6992024978907856,0.39557542387162486,0.00576260742917506
up,0.06,2.8,0.0,0.2188,1.0,False,ok,True,1.777656520706046,0.55167507812812,0.005824043917173127
up,0.06,2.8,15.0,0.2188,0.5,False,ok,True,0.9990050239345126,0.458431712016836,0.0010973082600632433
up,0.06,2.8,15.0,0.2188,0.8,False,ok,True,1.1262351696458681,0.4731753111166045,0.0022056605345694333
up,0.06,2.8,15.0,0.2188,1.0,False,ok,True,1.173083323722894,0.47713717371686376,0.0032318192231244438
up,0.06,2.8,30.0,0.2188,0.5,False,ok,True,1.137195055900158,0.35362007404498846,2.9337485642473338
up,0.06,2.8,30.0,0.2188,0.8,False,ok,True,1.236102870744667,0.3675239066040267,3.0668920332887364
up,0.06,2.8,30.0,0.2188,1.0,False,ok,True,1.1723065299639828,0.36792276151776276,2.822195284838185
up,0.06,3.0,0.0,0.2188,0.5,False,ok,True,1.231910212188579,0.36939148869090116,0.002570549132855987
up,0.06,3.0,0.0,0.2188,0.8,False,ok,True,1.8186395922022847,0.4208992594856614,0.0052255875910044046
up,0.06,3.0,0.0,0.2188,1.0,False,ok,True,1.8071095105522426,0.5485492730027839,0.005518029035074395
up,0.06,3.0,15.0,0.2188,0.5,False,ok,True,1.036397673481319,0.47749269305157377,0.0012584981569991904
up,0.06,3.0,15.0,0.2188,0.8,False,ok,True,1.1851797156614778,0.484039091401865,0.0004252540756169484
up,0.06,3.0,15.0,0.2188,1.0,False,ok,True,1.212287602848242,0.5093655419751492,0.002664437468657357
up,0.06,3.0,30.0,0.2188,0.5,False,ok,True,1.1533917927074424,0.3640277639039521,2.880024081295855
up,0.06,3.0,30.0,0.2188,0.8,False,ok,True,1.2278820998214541,0.37655846024045503,3.034735494769854
up,0.06,3.0,30.0,0.2188,1.0,False,ok,True,1.2222325741404443,0.37956967228842614,3.1146820763818686
up,0.08,0.4,0.0,0.2188,0.5,False,stall,False,0.6136300548746901,0.011571052296225246,1.4012185780440813
up,0.08,0.4,0.0,0.2188,0.8,False,stall,False,0.7274548594101624,0.1144899636929609,1.7783293298972742
up,0.08,0.4,0.0,0.2188,1.0,False,stall,False,0.7035394651156348,0.11652846512844119,2.0385337160196153
up,0.08,0.4,15.0,0.2188,0.5,False,ok,True,0.2679842701626257,0.09141227826145774,0.0002640676370797031
up,0.08,0.4,15.0,0.2188,0.8,False,ok,True,0.36303775230151153,0.10266453482157792,0.0002645121425502796
up,0.08,0.4,15.0,0.2188,1.0,False,ok,True,0.4107135885907221,0.10346175811210907,0.00026453793827765714
up,0.08,0.4,30.0,0.2188,0.5,False,ok,True,0.3975164484857744,0.13024185784320608,3.1979416142898853
up,0.08,0.4,30.0,0.2188,0.8,False,ok,True,0.5043969100599468,0.12833915628606676,3.226318912337391
up,0.08,0.4,30.0,0.2188,1.0,False,ok,True,0.3714636816807408,0.13411534112354756,3.2633031173207026
up,0.08,0.6,0.0,0.2188,0.5,False,stall,False,0.7998594442145706,0.04736905784637109,1.351869898219622
up,0.08,0.6,0.0,0.2188,0.8,False,stall,False,0.9307232201786589,0.18035320059193255,3.128547979161865
up,0.08,0.6,0.0,0.2188,1.0,False,stall,False,0.9173841788729282,0.569402588183194,10.778116897257101
up,0.08,0.6,15.0,0.2188,0.5,False,ok,True,0.3721516813805549,0.14386957184897434,0.0002653670082404373
up,0.08,0.6,15.0,0.2188,0.8,False,ok,True,0.48797560347218727,0.1519238391362327,0.00026568093366491667
up,0.08,0.6,15.0,0.2188,1.0,False,ok,True,0.5370811815011882,0.15217291648483083,0.00026548058283599237
up,0.08,0.6,30.0,0.2188,0.5,False,ok,True,0.3757941425367411,0.17394793928656316,3.161138171010336
up,0.08,0.6,30.0,0.2188,0.8,False,ok,True,0.45129009594026315,0.176189159330138,3.153638952762518
up,0.08,0.6,30.0,0.2188,1.0,False,ok,True,0.4976450803955954,0.17541721881965217,3.200383146170573
up,0.08,0.8,0.0,0.2188,0.5,False,stall,False,0.9838959103421068,0.0999411553928734,1.2592600098064497
up,0.08,0.8,0.0,0.2188,0.8,False,ok,True,1.2739191113810706,0.7330322981029794,0.0025702206943324273
up,0.08,0.8,0.0,0.2188,1.0,False,ok,True,1.6090116309665219,0.848479002543715,0.002341139275967081
up,0.08,0.8,15.0,0.2188,0.5,False,ok,True,0.46768530970241107,0.19465167937505182,0.0002667981743889021
up,0.08,0.8,15.0,0.2188,0.8,False,ok,True,0.607659147737306,0.2012262461441658,0.000267012527045628
up,0.08,0.8,15.0,0.2188,1.0,False,ok,True,0.6572297972774388,0.20233702941168427,0.00026659006973397335
up,0.08,0.8,30.0,0.2188,0.5,False,ok,True,0.4465957390679291,0.22448503106830583,3.1390456508518887
up,0.08,0.8,30.0,0.2188,0.8,False,ok,True,0.5669959920815869,0.23226338627671755,3.1306899148015637
up,0.08,0.8,30.0,0.2188,1.0,False,ok,True,0.6226268043596721,0.23371268775996665,3.3073311696334864
up,0.08,1.0,0.0,0.2188,0.5,False,ok,True,1.3492474530979162,0.5460591632079002,0.00297470922305038
up,0.08,1.0,0.0,0.2188,0.8,False,ok,True,1.3935235026804038,0.7301823488623328,0.0020051819802993703
up,0.08,1.0,0.0,0.2188,1.0,False,ok,True,1.2917639000949364,0.44404316381690845,0.0018698846117282085
up,0.08,1.0,15.0,0.2188,0.5,False,ok,True,0.5646701836005273,0.25320108785143347,0.00026848417770813704
up,0.08,1.0,15.0,0.2188,0.8,False,ok,True,0.7114677147208696,0.2601321490304152,0.0002686110439991737
up,0.08,1.0,15.0,0.2188,1.0,False,ok,True,0.7776967154892668,0.26280195976951354,0.0002679201589143632
up,0.08,1.0,30.0,0.2188,0.5,False,ok,True,0.546670894567762,0.2595089617628273,3.0350122360367253
up,0.08,1.0,30.0,0.2188,0.8,False,ok,True,0.6825023568344983,0.2734599923298896,3.1436468371807176
up,0.08,1.0,30.0,0.2188,1.0,False,ok,True,0.7299433535503366,0.27770988035998373,3.3020959910212135
up,0.08,1.2,0.0,0.2188,0.5,False,ok,True,1.509692362908637,0.6183177613494741,0.002987267723541048
up,0.08,1.2,0.0,0.2188,0.8,False,ok,True,1.4758469012135005,0.5015871789196015,0.001702050155399794
up,0.08,1.2,0.0,0.2188,1.0,False,ok,True,1.462189986211323,0.5018879406397255,0.001595282215117815
up,0.08,1.2,15.0,0.2188,0.5,False,ok,True,0.6558728803114645,0.3254886289860884,0.0002710249639219654
up,0.08,1.2,15.0,0.2188,0.8,False,ok,True,0.8072443347135895,0.32839830410259074,0.00027112253875500924
up,0.08,1.2,15.0,0.2188,1.0,False,ok,True,0.8798638481117617,0.32964232216030803,0.00027036034762669114
up,0.08,1.2,30.0,0.2188,0.5,False,ok,True,0.6374311343775468,0.2723069480058344,3.061690225897786
up,0.08,1.2,30.0,0.2188,0.8,False,ok,True,0.7853092305701354,0.2829981398989476,3.130812747346611
up,0.08,1.2,30.0,0.2188,1.0,False,ok,True,0.8385115931652967,0.2838808243204458,3.3368480894294947
up,0.08,1.4,0.0,0.2188,0.5,False,ok,True,1.431276148151599,0.5951695195780896,0.0029595168588689748
up,0.08,1.4,0.0,0.2188,0.8,False,ok,True,1.6245627706989463,0.49438527906382906,0.0014716718915580287
up,0.08,1.4,0.0,0.2188,1.0,False,ok,True,1.6179562606685631,0.5368800945779749,0.001389694468042392
up,0.08,1.4,15.0,0.2188,0.5,False,ok,True,0.7375253861269018,0.38250606456294317,0.00026974763611087467
up,0.08,1.4,15.0,0.2188,0.8,False,ok,True,0.904063889339411,0.38379526981627693,0.00026836235781876167
up,0.08,1.4,15.0,0.2188,1.0,False,ok,True,0.9763233136620747,0.3884982992211742,0.00026605572080099963
up,0.08,1.4,30.0,0.2188,0.5,False,ok,True,0.7214432848306144,0.2925807917884353,3.1201138746962065
up,0.08,1.4,30.0,0.2188,0.8,False,ok,True,0.8799092011964463,0.3055151858373912,3.4550984365371145
up,0.08,1.4,30.0,0.2188,1.0,False,ok,True,0.9399626057771089,0.3037861842699871,3.354193201642748
up,0.08,1.6,0.0,0.2188,0.5,False,ok,True,1.5415807525518146,0.6026297499635137,0.0027601339032082006
up,0.08,1.6,0.0,0.2188,0.8,False,ok,True,1.7615573091554508,0.5552178403111351,0.001360331922464884
up,0.08,1.6,0.0,0.2188,1.0,False,ok,True,1.7630586821680914,0.620519009570978,0.0012844963295681171
up,0.08,1.6,15.0,0.2188,0.5,False,ok,True,0.8147885675464218,0.4134276182983599,0.00025567492154503717
up,0.08,1.6,15.0,0.2188,0.8,False,ok,True,0.9814505221083951,0.41680198748806235,0.00025932378223959097
up,0.08,1.6,15.0,0.2188,1.0,False,ok,True,1.0624032067440288,0.41927306239838,0.0002562038068757542
up,0.08,1.6,30.0,0.2188,0.5,False,ok,True,0.7991222784241245,0.31982809464485146,3.3837929224273657
up,0.08,1.6,30.0,0.2188,0.8,False,ok,True,0.9701423245837514,0.3346429643043694,3.359850325018799
up,0.08,1.6,30.0,0.2188,1.0,False,ok,True,1.031889774966868,0.33269433801933584,3.5570543163052935
up,0.08,1.8,0.0,0.2188,0.5,False,ok,True,1.6551095006540744,0.5772562025473084,0.0029316442507657694
up,0.08,1.8,0.0,0.2188,0.8,False,ok,True,1.9107135170483796,0.5938950690301911,0.0015278755402278407
up,0.08,1.8,0.0,0.2188,1.0,False,ok,True,1.8998630858218235,0.6781387727216927,0.0014056239834403983
up,0.08,1.8,15.0,0.2188,0.5,False,ok,True,0.887583284077815,0.41843024408463375,0.0003116584174293763
up,0.08,1.8,15.0,0.2188,0.8,False,ok,True,1.064276614097652,0.4231231911832494,0.00033000799829155825
up,0.08,1.8,15.0,0.2188,1.0,False,ok,True,1.1424278278673592,0.42471634401385466,0.00034542179589914807
up,0.08,1.8,30.0,0.2188,0.5,False,ok,True,0.87313665773568,0.34479257477746916,3.6697389242047707
up,0.08,1.8,30.0,0.2188,0.8,False,ok,True,1.0530880227485862,0.36209033900988974,3.637258456587047
up,0.08,1.8,30.0,0.2188,1.0,False,ok,True,1.120446599609281,0.3607858559242757,3.805719516215028
up,0.08,2.0,0.0,0.2188,0.5,False,ok,True,1.735572890778832,0.5530638412779157,0.0032000611533707203
up,0.08,2.0,0.0,0.2188,0.8,False,ok,True,2.0317032882055233,0.6085517176465502,0.0015015385409474324
up,0.08,2.0,0.0,0.2188,1.0,False,ok,True,2.020838895481741,0.7025658506622415,0.0014147005443257573
up,0.08,2.0,15.0,0.2188,0.5,False,ok,True,0.950612587802606,0.46036130766603084,0.00039112237607162836
up,0.08,2.0,15.0,0.2188,0.8,False,ok,True,1.1388466334468341,0.4519794154022658,0.0004855950840543155
up,0.08,2.0,15.0,0.2188,1.0,False,ok,True,1.2239971716410496,0.4375715884081336,0.0005086781497006747
up,0.08,2.0,30.0,0.2188,0.5,False,ok,True,0.9724873037669741,0.3692858960329624,3.437611054941273
up,0.08,2.0,30.0,0.2188,0.8,False,ok,True,1.132032626127903,0.3870272856782769,3.801146162208952
up,0.08,2.0,30.0,0.2188,1.0,False,ok,True,1.2061875023755046,0.3871740306268773,3.6060760939284116
up,0.08,2.2,0.0,0.2188,0.5,False,ok,True,1.8024272153005663,0.500785540711912,0.0005929837944549347
up,0.08,2.2,0.0,0.2188,0.8,False,ok,True,2.1631563237850413,0.6045729296960524,0.0006699512122456361
up,0.08,2.2,0.0,0.2188,1.0,False,ok,True,2.123369165723232,0.693099384706035,0.0005608411829128591
up,0.08,2.2,15.0,0.2188,0.5,False,ok,True,1.0085613021205446,0.49568261942326786,0.00011591887821877985
up,0.08,2.2,15.0,0.2188,0.8,False,ok,True,1.2134792645534322,0.5025707854925826,0.00019666896372415378
up,0.08,2.2,15.0,0.2188,1.0,False,ok,True,1.3033772215747577,0.48772491592708966,0.0002613502729803025
up,0.08,2.2,30.0,0.2188,0.5,False,ok,True,1.1354598353558127,0.38600149801624384,3.4980761540521756
up,0.08,2.2,30.0,0.2188,0.8,False,ok,True,1.2430101124545836,0.4080431044643728,3.85525695467802
up,0.08,2.2,30.0,0.2188,1.0,False,ok,True,1.2846266231359251,0.4108940119888153,3.946855387123416
up,0.08,2.4,0.0,0.2188,0.5,False,ok,True,1.8809264066565232,0.43687201976118617,0.0017280988753747316
up,0.08,2.4,0.0,0.2188,0.8,False,ok,True,2.257014526788412,0.6239248713943125,0.002112835103822765
up,0.08,2.4,0.0,0.2188,1.0,False,ok,True,2.2612726069668856,0.6976920429149913,0.0012457211749003672
up,0.08,2.4,15.0,0.2188,0.5,False,ok,True,1.0695719231540217,0.523836560891578,0.0006150393000834517
up,0.08,2.4,15.0,0.2188,0.8,False,ok,True,1.2865714935555546,0.5255935449260501,0.0008236741192913751
up,0.08,2.4,15.0,0.2188,1.0,False,ok,True,1.3737339539944955,0.5267660030785072,0.0008293935114971104
up,0.08,2.4,30.0,0.2188,0.5,False,ok,True,1.1595860801342825,0.40388730223714236,3.5920928152881815
up,0.08,2.4,30.0,0.2188,0.8,False,ok,True,1.30495188535443,0.4288514593476638,3.8866796395462435
up,0.08,2.4,30.0,0.2188,1.0,False,ok,True,1.3469477378982313,0.43138449306363685,4.030470394535731
up,0.08,2.6,0.0,0.2188,0.5,False,ok,True,1.996564002346556,0.4224831723905632,0.005152218753711392
up,0.08,2.6,0.0,0.2188,0.8,False,ok,True,2.3564855934895577,0.6317967334291775,0.004859597651789675
up,0.08,2.6,0.0,0.2188,1.0,False,ok,True,2.3795692105323747,0.7171850392807197,0.00429263658763397
up,0.08,2.6,15.0,0.2188,0.5,False,ok,True,1.1154127332825823,0.5620729657755927,0.0011057518983940522
up,0.08,2.6,15.0,0.2188,0.8,False,ok,True,1.3447644985861638,0.5502853395445151,0.0017890722375260904
up,0.08,2.6,15.0,0.2188,1.0,False,ok,True,1.4464077410389014,0.5538110002329016,0.002184906051319758
up,0.08,2.6,30.0,0.2188,0.5,False,ok,True,1.214469332156425,0.41690568693124447,3.7258891237357723
up,0.08,2.6,30.0,0.2188,0.8,False,ok,True,1.3413278163722873,0.44634358430652676,3.5543767917929308
up,0.08,2.6,30.0,0.2188,1.0,False,ok,True,1.4256373105539264,0.45124121014564345,3.8163703295159292
up,0.08,2.8,0.0,0.2188,0.5,False,ok,True,2.040813983320654,0.4188657750286038,0.0013773448913968493
up,0.08,2.8,0.0,0.2188,0.8,False,ok,True,2.4776061377812866,0.6543566368551783,0.006778829050737457
up,0.08,2.8,0.0,0.2188,1.0,False,ok,True,2.4636825023315514,0.7359377860450464,0.006371753365225544
up,0.08,2.8,15.0,0.2188,0.5,False,ok,True,1.1643566584250993,0.5875679549938079,0.00017478358970629676
up,0.08,2.8,15.0,0.2188,0.8,False,ok,True,1.4094187869291368,0.5774884301690151,0.0011982791976255568
up,0.08,2.8,15.0,0.2188,1.0,False,ok,True,1.5038343797891227,0.586194519127823,0.002611907489592982
up,0.08,2.8,30.0,0.2188,0.5,False,ok,True,1.215249140969543,0.4300822965060675,3.6484483584350293
up,0.08,2.8,30.0,0.2188,0.8,False,ok,True,1.412714208739096,0.46375495238323744,3.970626904657221
up,0.08,2.8,30.0,0.2188,1.0,False,ok,True,1.4818160055390799,0.4698073795558523,3.756007736436363
up,0.08,3.0,0.0,0.2188,0.5,False,ok,True,2.096665964907109,0.38792278719254875,0.008352022027333431
up,0.08,3.0,0.0,0.2188,0.8,False,ok,True,2.617881786547246,0.6902237387464986,0.001571577894728801
up,0.08,3.0,0.0,0.2188,1.0,False,ok,True,2.5279535277440965,0.7542568556210704,0.0040638518509902586
up,0.08,3.0,15.0,0.2188,0.5,False,ok,True,1.2125689957802976,0.5845276978165419,0.0049117704858769665
up,0.08,3.0,15.0,0.2188,0.8,False,ok,True,1.4776812255919478,0.6399598581427876,0.0063257809407799865
up,0.08,3.0,15.0,0.2188,1.0,False,ok,True,1.5730828188448212,0.6462132355071757,0.0017699193685362467
up,0.08,3.0,30.0,0.2188,0.5,False,ok,True,1.209427019051775,0.44354200672646876,3.5931558802156864
up,0.08,3.0,30.0,0.2188,0.8,False,ok,True,1.4597729092622809,0.47705634837148975,3.939067480153667
up,0.08,3.0,30.0,0.2188,1.0,False,ok,True,1.5532136485524224,0.4870754679505292,3.738157919721932
up,0.1,0.4,0.0,0.2188,0.5,False,stall,False,0.8232099792374848,0.041701281746093055,1.678341005147814
up,0.1,0.4,0.0,0.2188,0.8,False,stall,False,0.8349782042095062,0.11787863570244582,2.1260781199572967
up,0.1,0.4,0.0,0.2188,1.0,False,stall,False,0.8284821657587892,0.11276691383439766,3.956749956014369
up,0.1,0.4,15.0,0.2188,0.5,False,ok,True,0.2587357203381793,0.09409790767455534,0.0002640783305591396
up,0.1,0.4,15.0,0.2188,0.8,False,ok,True,0.3758818677933308,0.11081129805280582,0.00026450240226493096
up,0.1,0.4,15.0,0.2188,1.0,False,ok,True,0.4331479818965654,0.1160369615758156,0.00026453242251027513
up,0.1,0.4,30.0,0.2188,0.5,False,ok,True,0.40842900319242176,0.1493288550674879,3.9230150725554997
up,0.1,0.4,30.0,0.2188,0.8,False,ok,True,0.5434351622989493,0.1448870757999719,4.066523433058285
up,0.1,0.4,30.0,0.2188,1.0,False,ok,True,0.3786412278206475,0.15339387416438105,4.141612469334578
up,0.1,0.6,0.0,0.2188,0.5,False,stall,False,1.0874525991659263,0.1283229849988769,1.7024205999019488
up,0.1,0.6,0.0,0.2188,0.8,False,stall,False,1.1124603273695721,0.20832108168665364,4.9197178892112685
up,0.1,0.6,0.0,0.2188,1.0,False,stall,False,1.1076299327698396,0.797639490567328,12.94452576704227
up,0.1,0.6,15.0,0.2188,0.5,False,ok,True,0.3688222044651433,0.1569581146672665,0.00026536140521190855
up,0.1,0.6,15.0,0.2188,0.8,False,ok,True,0.5134087857448053,0.17062070498327975,0.00026569477231152335
up,0.1,0.6,15.0,0.2188,1.0,False,ok,True,0.5855741468564074,0.17374731895022505,0.0002654858420845636
up,0.1,0.6,30.0,0.2188,0.5,False,ok,True,0.43952548725928875,0.19829897926689893,3.8870575668979157
up,0.1,0.6,30.0,0.2188,0.8,False,ok,True,0.4655517127873711,0.19545270743667237,3.9514049091456074
up,0.1,0.6,30.0,0.2188,1.0,False,ok,True,0.520088122304161,0.1959685730279684,4.107361487864195
up,0.1,0.8,0.0,0.2188,0.5,False,stall,False,1.342579499606889,0.2199016230442768,1.690648232753404
up,0.1,0.8,0.0,0.2188,0.8,False,stall,False,1.3792623464438576,0.9466941063750876,12.689229138921183
up,0.1,0.8,0.0,0.2188,1.0,False,ok,True,1.6798797360159778,0.8319224330754469,0.0028358294553030403
up,0.1,0.8,15.0,0.2188,0.5,False,ok,True,0.4757492295226954,0.21190543918303048,0.00026679889063938635
up,0.1,0.8,15.0,0.2188,0.8,False,ok,True,0.6499933605534562,0.2282571093934604,0.0002670138041332115
up,0.1,0.8,15.0,0.2188,1.0,False,ok,True,0.7227518195720364,0.23477547060282422,0.00026659410209073906
up,0.1,0.8,30.0,0.2188,0.5,False,ok,True,0.4738280505969972,0.24889263087675595,3.892850596318549
up,0.1,0.8,30.0,0.2188,0.8,False,ok,True,0.5929436939163555,0.2618312826320089,4.102585634732618
up,0.1,0.8,30.0,0.2188,1.0,False,ok,True,0.6633723072898159,0.2665906145030821,3.9981727944890366
up,0.1,1.0,0.0,0.2188,0.5,False,stall,False,1.5830336919640497,0.2920140099650535,1.6503537536547597
up,0.1,1.0,0.0,0.2188,0.8,False,ok,True,2.031852823067549,1.015791966279818,0.0020636351597253435
up,0.1,1.0,0.0,0.2188,1.0,False,ok,True,1.6118387849363585,0.594304001889778,0.001854609421797936
up,0.1,1.0,15.0,0.2188,0.5,False,ok,True,0.5831956947369337,0.2869641020024714,0.0002684417824977575
up,0.1,1.0,15.0,0.2188,0.8,False,ok,True,0.7755922903595509,0.3023489278818561,0.00026856684220164163
up,0.1,1.0,15.0,0.2188,1.0,False,ok,True,0.8729019350047432,0.304330159153247,0.000267892328901099
up,0.1,1.0,30.0,0.2188,0.5,False,ok,True,0.5523374894119976,0.294568198590841,3.9033100829900356
up,0.1,1.0,30.0,0.2188,0.8,False,ok,True,0.7235603945291756,0.31279741281844425,4.048840120121943
up,0.1,1.0,30.0,0.2188,1.0,False,ok,True,0.7956341573252765,0.31929934581050473,4.074600623982395
up,0.1,1.2,0.0,0.2188,0.5,False,stall,False,1.7939542179224464,0.3409524423148203,1.6495300780782036
up,0.1,1.2,0.0,0.2188,0.8,False,ok,True,1.8479328634817154,0.5458122457070461,0.001715418230866598
up,0.1,1.2,0.0,0.2188,1.0,False,ok,True,1.831017096082649,0.5666022895585461,0.0015866558423086351
up,0.1,1.2,15.0,0.2188,0.5,False,ok,True,0.6919483789610307,0.3725729178372599,0.00027103028986535265
up,0.1,1.2,15.0,0.2188,0.8,False,ok,True,0.8887849746732382,0.3788020818594201,0.00027125027973927667
up,0.1,1.2,15.0,0.2188,1.0,False,ok,True,0.9991800280172187,0.3842773278080839,0.0002703840062376902
up,0.1,1.2,30.0,0.2188,0.5,False,ok,True,0.663468853833847,0.3016941609709467,3.934924793894586
up,0.1,1.2,30.0,0.2188,0.8,False,ok,True,0.8375389515084708,0.32746181064601404,4.087447402323911
up,0.1,1.2,30.0,0.2188,1.0,False,ok,True,0.9270074257146395,0.332979442086668,4.050079249333007
up,0.1,1.4,0.0,0.2188,0.5,False,stall,False,1.9995927813080139,0.4024323154634504,1.6118802818834765
up,0.1,1.4,0.0,0.2188,0.8,False,ok,True,2.0572356304491137,0.6047830269158516,0.0014454672943341102
up,0.1,1.4,0.0,0.2188,1.0,False,ok,True,2.0464090468953655,0.649746234142588,0.001386351694248571
up,0.1,1.4,15.0,0.2188,0.5,False,ok,True,0.7855452406715236,0.4447540517807805,0.000269594260717894
up,0.1,1.4,15.0,0.2188,0.8,False,ok,True,0.9885979029094423,0.4500499463132822,0.0002674212834833798
up,0.1,1.4,15.0,0.2188,1.0,False,ok,True,1.109273357864338,0.45361472706565004,0.00026600967936434087
up,0.1,1.4,30.0,0.2188,0.5,False,ok,True,0.7514545730211368,0.3250806755554614,3.7751053229042966
up,0.1,1.4,30.0,0.2188,0.8,False,ok,True,0.9574410859801717,0.34898512327313014,4.244346544861422
up,0.1,1.4,30.0,0.2188,1.0,False,ok,True,1.0447104939947094,0.35017699010380127,4.428704953712752
up,0.1,1.6,0.0,0.2188,0.5,False,ok,True,2.1803405125862616,0.8007887574715563,0.002766103085133167
up,0.1,1.6,0.0,0.2188,0.8,False,ok,True,2.251589639708218,0.7038171031259391,0.0013458661279895654
up,0.1,1.6,0.0,0.2188,1.0,False,ok,True,2.234780036762601,0.7638102925845653,0.0012642852995907224
up,0.1,1.6,15.0,0.2188,0.5,False,ok,True,0.8647261323105686,0.4832678463852551,0.00025852346768339974
up,0.1,1.6,15.0,0.2188,0.8,False,ok,True,1.0936132960206801,0.49409066426775705,0.00025980583488239976
up,0.1,1.6,15.0,0.2188,1.0,False,ok,True,1.224860860702276,0.49407301966911277,0.000258933205579042
up,0.1,1.6,30.0,0.2188,0.5,False,ok,True,0.8508359737797659,0.36311302544736956,4.224262699701245
up,0.1,1.6,30.0,0.2188,0.8,False,ok,True,1.0575521114819173,0.3840657876320132,4.160313868975716
up,0.1,1.6,30.0,0.2188,1.0,False,ok,True,1.1625174341145887,0.3889821676222516,4.397088962686739
up,0.1,1.8,0.0,0.2188,0.5,False,ok,True,2.373668911030539,0.8417016382307316,0.0028048333654892114
up,0.1,1.8,0.0,0.2188,0.8,False,ok,True,2.446942116915451,0.790563156979363,0.0015823210610539902
up,0.1,1.8,0.0,0.2188,1.0,False,ok,True,2.443903627651404,0.8579042007964535,0.0014222341285071844
up,0.1,1.8,15.0,0.2188,0.5,False,ok,True,0.9495543560089009,0.5036321014666498,0.0003153008607975077
up,0.1,1.8,15.0,0.2188,0.8,False,ok,True,1.1952320522571298,0.5018517652136035,0.00034678243561618035
up,0.1,1.8,15.0,0.2188,1.0,False,ok,True,1.3235766901304877,0.5097709199579223,0.00036821334388717676
up,0.1,1.8,30.0,0.2188,0.5,False,ok,True,0.9190389222216053,0.3890935408837419,3.972638838191466
up,0.1,1.8,30.0,0.2188,0.8,False,ok,True,1.1613949876293457,0.4178663313097281,4.469740296145255
up,0.1,1.8,30.0,0.2188,1.0,False,ok,True,1.2674567329195316,0.4217583144170699,4.657567978243495
up,0.1,2.0,0.0,0.2188,0.5,False,ok,True,2.549832054340061,0.6928660764651378,0.0021242471622958305
up,0.1,2.0,0.0,0.2188,0.8,False,ok,True,2.6305809353967673,0.8296359207651226,0.0015290417150985725
up,0.1,2.0,0.0,0.2188,1.0,False,ok,True,2.6208157363008793,0.9042010787685836,0.0014315312430409467
up,0.1,2.0,15.0,0.2188,0.5,False,ok,True,1.0072111239701418,0.5457870075833591,0.0002924879567675277
up,0.1,2.0,15.0,0.2188,0.8,False,ok,True,1.2901233144213702,0.5349282157140146,0.00042556929586318724
up,0.1,2.0,15.0,0.2188,1.0,False,ok,True,1.4222531857939475,0.5301285526110794,0.0005021881458411131
up,0.1,2.0,30.0,0.2188,0.5,False,ok,True,0.9960644399280918,0.41450358828096406,4.207005699152046
up,0.1,2.0,30.0,0.2188,0.8,False,ok,True,1.2627969859058463,0.44959254942162274,4.625205448463165
up,0.1,2.0,30.0,0.2188,1.0,False,ok,True,1.3749481926651461,0.45554701143221527,4.823762697921752
up,0.1,2.2,0.0,0.2188,0.5,False,ok,True,2.6561197010253945,0.5292472948740155,0.0003481458007866103
up,0.1,2.2,0.0,0.2188,0.8,False,ok,True,2.8060190878857134,0.8484354460877312,0.00010406020853613015
up,0.1,2.2,0.0,0.2188,1.0,False,ok,True,2.8113479932867143,0.9312044532055324,0.00041528958962268884
up,0.1,2.2,15.0,0.2188,0.5,False,ok,True,1.072401235188706,0.5909559376011757,0.0001614308612715439
up,0.1,2.2,15.0,0.2188,0.8,False,ok,True,1.372883096549183,0.5668333056114752,0.00024977249395783454
up,0.1,2.2,15.0,0.2188,1.0,False,ok,True,1.5209371333391106,0.5669108285871148,0.0001001656715423682
up,0.1,2.2,30.0,0.2188,0.5,False,ok,True,1.1034310451493936,0.4367939740473925,4.3565907684110226
up,0.1,2.2,30.0,0.2188,0.8,False,ok,True,1.3422912053877945,0.4739372978460756,4.718781067356495
up,0.1,2.2,30.0,0.2188,1.0,False,ok,True,1.4704937692531206,0.4846729563169792,4.838970322812863
up,0.1,2.4,0.0,0.2188,0.5,False,ok,True,2.8117943649572306,0.5008239025234007,0.0027756173634550753
up,0.1,2.4,0.0,0.2188,0.8,False,ok,True,2.9581697051181477,0.8317528914832991,0.0031362126781271133
up,0.1,2.4,0.0,0.2188,1.0,False,ok,True,2.954769685899158,0.9454355939284622,0.0037819144781295567
up,0.1,2.4,15.0,0.2188,0.5,False,ok,True,1.1336848978183969,0.6194459932120637,0.0011750358794060493
up,0.1,2.4,15.0,0.2188,0.8,False,ok,True,1.4556384574749957,0.6025005644910256,0.0015897095744883706
up,0.1,2.4,15.0,0.2188,1.0,False,ok,True,1.6100689294718218,0.6032904765737807,0.0018958157195409205
up,0.1,2.4,30.0,0.2188,0.5,False,ok,True,1.169740769432685,0.4551039586581554,4.562521141564266
up,0.1,2.4,30.0,0.2188,0.8,False,ok,True,1.4237723100399085,0.4971183161532412,4.771316391137216
up,0.1,2.4,30.0,0.2188,1.0,False,ok,True,1.559155944125394,0.5100512407000626,4.921137321282427
up,0.1,2.6,0.0,0.2188,0.5,False,ok,True,2.920875665394295,0.5092630776666784,0.0016746715254325588
up,0.1,2.6,0.0,0.2188,0.8,False,ok,True,3.1336522696963742,0.8208479964855695,0.005993514818171836
up,0.1,2.6,0.0,0.2188,1.0,False,ok,True,3.072846860857591,0.9054420193291439,0.005693074857600732
up,0.1,2.6,15.0,0.2188,0.5,False,ok,True,1.1944684933766736,0.6526678675801136,0.0017215293837191184
up,0.1,2.6,15.0,0.2188,0.8,False,ok,True,1.5364585014336058,0.6558954257832885,0.0024516464145845508
up,0.1,2.6,15.0,0.2188,1.0,False,ok,True,1.69778900330267,0.6668445994233723,0.0029547949148829213
up,0.1,2.6,30.0,0.2188,0.5,False,ok,True,1.198203602711375,0.4705983729220681,4.359482737962492
up,0.1,2.6,30.0,0.2188,0.8,False,ok,True,1.4982126807686948,0.5206706127472381,4.644510411506445
up,0.1,2.6,30.0,0.2188,1.0,False,ok,True,1.6434817596823716,0.5352440553953209,4.406183919790077
up,0.1,2.8,0.0,0.2188,0.5,False,ok,True,3.0361378429387536,0.512295264645045,0.004669881338539222
up,0.1,2.8,0.0,0.2188,0.8,False,ok,True,3.268115473079253,0.8481858494032631,0.005489387864920277
up,0.1,2.8,0.0,0.2188,1.0,False,ok,True,3.287259796777873,0.8919366605666061,0.006548553943637154
up,0.1,2.8,15.0,0.2188,0.5,False,ok,True,1.239166270337051,0.6649274477559579,0.000962966789238675
up,0.1,2.8,15.0,0.2188,0.8,False,ok,True,1.6045407496002335,0.7429777028279939,0.000900766964558497
up,0.1,2.8,15.0,0.2188,1.0,False,ok,True,1.785887882297316,0.7367817293329596,0.00165855193133128
up,0.1,2.8,30.0,0.2188,0.5,False,ok,True,1.2332764717009777,0.49216286886920063,4.1707610858212325
up,0.1,2.8,30.0,0.2188,0.8,False,ok,True,1.5713354272915878,0.5426612740174994,4.5239487210056
up,0.1,2.8,30.0,0.2188,1.0,False,ok,True,1.7297820484212292,0.5561141761616629,4.810215077098906
up,0.1,3.0,0.0,0.2188,0.5,False,ok,True,3.1184210597885915,0.5090908624883238,0.01942531069238415
up,0.1,3.0,0.0,0.2188,0.8,False,ok,True,3.4110717840794975,0.8728500083716113,0.00017557538263620432
up,0.1,3.0,0.0,0.2188,1.0,False,ok,True,3.405800488333107,0.9379080672078528,0.0016907184179622314
up,0.1,3.0,15.0,0.2188,0.5,False,ok,True,1.3488365812289558,0.6835275666942158,0.009814214783437315
up,0.1,3.0,15.0,0.2188,0.8,False,ok,True,1.6763163450335832,0.7218113189110655,0.007797275764337089
up,0.1,3.0,15.0,0.2188,1.0,False,ok,True,1.8716213339698278,0.7246715050121763,0.007337164505521761
up,0.1,3.0,30.0,0.2188,0.5,False,ok,True,1.2773796487686349,0.5066618348072307,4.09433366225162
up,0.1,3.0,30.0,0.2188,0.8,False,ok,True,1.630779923013256,0.5605956487633575,4.7697381055699966
up,0.1,3.0,30.0,0.2188,1.0,False,ok,True,1.8053222179825477,0.5805059895957365,4.828010405718459
up,0.12,0.4,0.0,0.2188,0.5,False,stall,False,0.9990234231759098,0.09414005209850447,1.8856986253162327
up,0.12,0.4,0.0,0.2188,0.8,False,stall,False,0.9288021777407778,0.10705452891942772,2.475920910255298
up,0.12,0.4,0.0,0.2188,1.0,False,stall,False,0.9603580326849476,0.1081306213341382,5.824468197908788
up,0.12,0.4,15.0,0.2188,0.5,False,ok,True,0.29712571292843903,0.09263811158843582,0.0002640977475014477
up,0.12,0.4,15.0,0.2188,0.8,False,ok,True,0.3606780842230727,0.11040459620995137,0.00026450946068780275
up,0.12,0.4,15.0,0.2188,1.0,False,ok,True,0.43201344627587385,0.11948344692164996,0.0002645131413640612
up,0.12,0.4,30.0,0.2188,0.5,False,ok,True,0.4016094042013401,0.170763875990253,4.446760855604745
up,0.12,0.4,30.0,0.2188,0.8,False,ok,True,0.4305888081462795,0.16862438665907067,4.89293879049762
up,0.12,0.4,30.0,0.2188,1.0,False,ok,True,0.4527655722665442,0.1688249137281218,4.941730447809202
up,0.12,0.6,0.0,0.2188,0.5,False,stall,False,1.332328795946224,0.20030708299591105,1.9792865394835581
up,0.12,0.6,0.0,0.2188,0.8,False,stall,False,1.3149100221769612,0.21150890003729295,6.325846684707972
up,0.12,0.6,0.0,0.2188,1.0,False,stall,False,1.3144251601101402,0.8163397050298323,15.159590629771518
up,0.12,0.6,15.0,0.2188,0.5,False,ok,True,0.38962842523399677,0.1677789370276621,0.00026537839673563895
up,0.12,0.6,15.0,0.2188,0.8,False,ok,True,0.5043544332433124,0.17797342362883953,0.00026568824094455335
up,0.12,0.6,15.0,0.2188,1.0,False,ok,True,0.5943214306303369,0.18659712017382485,0.000265502829623839
up,0.12,0.6,30.0,0.2188,0.5,False,ok,True,0.4804471024215094,0.20812022829266344,4.633619551797119
up,0.12,0.6,30.0,0.2188,0.8,False,ok,True,0.47704667964037134,0.2073255029562404,4.863953963958191
up,0.12,0.6,30.0,0.2188,1.0,False,ok,True,0.52719764090104,0.2082923837431372,4.901589265878434
up,0.12,0.8,0.0,0.2188,0.5,False,stall,False,1.659381070371288,0.29530159347617435,1.967471247835501
up,0.12,0.8,0.0,0.2188,0.8,False,stall,False,1.6431149858269494,1.144317849643433,14.924088990583117
up,0.12,0.8,0.0,0.2188,1.0,False,stall,False,1.638710733486453,0.7400853105722545,15.322271382583232
up,0.12,0.8,15.0,0.2188,0.5,False,ok,True,0.5492813775068313,0.22726700077911463,0.0002667824688592113
up,0.12,0.8,15.0,0.2188,0.8,False,ok,True,0.6473502558340702,0.24750296746314768,0.00026701090601401043
up,0.12,0.8,15.0,0.2188,1.0,False,ok,True,0.7534193025717696,0.2545923283017791,0.00026658614132879044
up,0.12,0.8,30.0,0.2188,0.5,False,ok,True,0.5172800986721852,0.27136689229075855,4.431737009610562
up,0.12,0.8,30.0,0.2188,0.8,False,ok,True,0.5917896835936661,0.29631770168417826,4.891243140959011
up,0.12,0.8,30.0,0.2188,1.0,False,ok,True,0.681116668782369,0.2988730900878991,4.743620811010049
up,0.12,1.0,0.0,0.2188,0.5,False,stall,False,1.9656288810779454,0.3118024627433048,2.033086548110311
up,0.12,1.0,0.0,0.2188,0.8,False,stall,False,1.9437470166718032,0.7623210827377337,14.990621672714562
up,0.12,1.0,0.0,0.2188,1.0,False,ok,True,1.9336325989471643,0.9109997464990405,0.001926648392488704
up,0.12,1.0,15.0,0.2188,0.5,False,ok,True,0.6635515011389347,0.30678401036768144,0.0002683745623120464
up,0.12,1.0,15.0,0.2188,0.8,False,ok,True,0.7819269498863434,0.32831401212822414,0.0002685179073770352
up,0.12,1.0,15.0,0.2188,1.0,False,ok,True,0.9108030817119628,0.33932019610419417,0.0002678830425703729
up,0.12,1.0,30.0,0.2188,0.5,False,ok,True,0.6992148979176804,0.30654086615187476,4.302194255439868
up,0.12,1.0,30.0,0.2188,0.8,False,ok,True,0.7203448159206272,0.3349090021240009,4.674511708014572
up,0.12,1.0,30.0,0.2188,1.0,False,ok,True,0.8239067309185619,0.34144013886158237,4.970942158631656
up,0.12,1.2,0.0,0.2188,0.5,False,stall,False,2.2505492110643557,0.3510274601379627,2.0006332211818396
up,0.12,1.2,0.0,0.2188,0.8,False,ok,True,2.2416361818617307,0.857410497764217,0.001818069716905786
up,0.12,1.2,0.0,0.2188,1.0,False,ok,True,2.227265712310399,0.6434723291001729,0.0015970343683520548
up,0.12,1.2,15.0,0.2188,0.5,False,ok,True,0.7626159645351065,0.3989569020867614,0.00027081744494466403
up,0.12,1.2,15.0,0.2188,0.8,False,ok,True,0.9086860065709846,0.4152727679582973,0.0002711821926470179
up,0.12,1.2,15.0,0.2188,1.0,False,ok,True,1.0498271361862717,0.4244600464500741,0.00027050902074345903
up,0.12,1.2,30.0,0.2188,0.5,False,ok,True,0.8601772024425658,0.3373318725391648,4.109753041836842
up,0.12,1.2,30.0,0.2188,0.8,False,ok,True,0.850933002867076,0.3469304241224618,4.870423024607136
up,0.12,1.2,30.0,0.2188,1.0,False,ok,True,0.960550608067242,0.365742444975705,4.802201945486076
up,0.12,1.4,0.0,0.2188,0.5,False,stall,False,2.5351736973590953,0.4136540248666457,1.973885250291124
up,0.12,1.4,0.0,0.2188,0.8,False,ok,True,2.5113850697541746,0.7001243120892567,0.0015350308846181315
up,0.12,1.4,0.0,0.2188,1.0,False,ok,True,2.5072896626195593,0.7339689187259163,0.0014630765507185773
up,0.12,1.4,15.0,0.2188,0.5,False,ok,True,0.7832565621033166,0.48983117070873533,0.0002693641786610429
up,0.12,1.4,15.0,0.2188,0.8,False,ok,True,1.0339667900260348,0.5013196727238635,0.0002649817934083594
up,0.12,1.4,15.0,0.2188,1.0,False,ok,True,1.1855499765043653,0.5067888462725,0.0002633232968367063
up,0.12,1.4,30.0,0.2188,0.5,False,ok,True,0.9967667810023747,0.37831030695503237,3.9010769575672923
up,0.12,1.4,30.0,0.2188,0.8,False,ok,True,0.9842396720271218,0.38189853386930267,4.7440483204987665
up,0.12,1.4,30.0,0.2188,1.0,False,ok,True,1.1059244244779287,0.3891984251911877,5.095258956283485
up,0.12,1.6,0.0,0.2188,0.5,False,ok,True,2.7886957059117288,0.9249114348077856,0.0028265943089893194
up,0.12,1.6,0.0,0.2188,0.8,False,ok,True,2.7697134068903466,0.823618683668195,0.0013980615665343853
up,0.12,1.6,0.0,0.2188,1.0,False,ok,True,2.7716019594926875,0.877035055851563,0.0013246239415449677
up,0.12,1.6,15.0,0.2188,0.5,False,ok,True,0.8748857230251659,0.5571908284797512,0.0002645273261670398
up,0.12,1.6,15.0,0.2188,0.8,False,ok,True,1.1422012033330389,0.5547508699646772,0.00027542588536335033
up,0.12,1.6,15.0,0.2188,1.0,False,ok,True,1.316868329044442,0.5581688476057285,0.0002773409638607185
up,0.12,1.6,30.0,0.2188,0.5,False,ok,True,1.0341625234702791,0.39902847815889425,3.859293361011772
up,0.12,1.6,30.0,0.2188,0.8,False,ok,True,1.0772474024935559,0.41877245394624596,4.83619254459251
up,0.12,1.6,30.0,0.2188,1.0,False,ok,True,1.2269274396032732,0.43023064851594367,5.192215041478893
up,0.12,1.8,0.0,0.2188,0.5,False,ok,True,3.037206448682157,1.1091825525084982,0.0021881270137174224
up,0.12,1.8,0.0,0.2188,0.8,False,ok,True,3.025763990212491,0.9444114498818504,0.0016891301735114331
up,0.12,1.8,0.0,0.2188,1.0,False,ok,True,3.02178707442459,0.9978300453096473,0.0016469983874246058
up,0.12,1.8,15.0,0.2188,0.5,False,ok,True,0.9393366680122146,0.6141304222740611,0.0003249129715083088
up,0.12,1.8,15.0,0.2188,0.8,False,ok,True,1.2439457825287055,0.5769292399358424,0.00036445906287199995
up,0.12,1.8,15.0,0.2188,1.0,False,ok,True,1.4298100255765445,0.5841278490873596,0.0004132955033753318
up,0.12,1.8,30.0,0.2188,0.5,False,ok,True,1.058461691174916,0.42154301244254544,2.875579930112113
up,0.12,1.8,30.0,0.2188,0.8,False,ok,True,1.1859167075452486,0.4609595655766325,5.069743122701317
up,0.12,1.8,30.0,0.2188,1.0,False,ok,True,1.3432614064629027,0.4708536216120576,5.339955190566081
up,0.12,2.0,0.0,0.2188,0.5,False,ok,True,3.2825612499625088,0.6599026380765198,0.001275462051062817
up,0.12,2.0,0.0,0.2188,0.8,False,ok,True,3.2695830654303992,1.0213245422849029,0.0015629788335664806
up,0.12,2.0,0.0,0.2188,1.0,False,ok,True,3.24918918158827,1.088319765709256,0.0015483344342325461
up,0.12,2.0,15.0,0.2188,0.5,False,ok,True,1.007043573532544,0.6500903743446262,0.000196737639432434
up,0.12,2.0,15.0,0.2188,0.8,False,ok,True,1.3386684043552577,0.6224646323879979,0.0003166684141596654
up,0.12,2.0,15.0,0.2188,1.0,False,ok,True,1.540413781344146,0.6057494916327585,0.000319235506796499
up,0.12,2.0,30.0,0.2188,0.5,False,ok,True,1.092975440467074,0.4506049774646068,2.909685909171264
up,0.12,2.0,30.0,0.2188,0.8,False,ok,True,1.2815840922824147,0.4958455257764617,4.906289564065663
up,0.12,2.0,30.0,0.2188,1.0,False,ok,True,1.4566871190629351,0.5076207307290517,5.42899030048057
up,0.12,2.2,0.0,0.2188,0.5,False,ok,True,3.5081775282480256,0.6290830877164095,0.0007273756932688415
up,0.12,2.2,0.0,0.2188,0.8,False,ok,True,3.501276693628542,1.086413935095547,0.0001438491462433677
up,0.12,2.2,0.0,0.2188,1.0,False,ok,True,3.5080676446578467,1.2029548810349162,0.0005928616351870362
up,0.12,2.2,15.0,0.2188,0.5,False,ok,True,1.079328581909798,0.671800793941315,0.0006169557824911688
up,0.12,2.2,15.0,0.2188,0.8,False,ok,True,1.4269978929013507,0.6561137659779976,0.0007884158164736713
up,0.12,2.2,15.0,0.2188,1.0,False,ok,True,1.6591914250096418,0.6738572636110207,0.0014824335544691856
up,0.12,2.2,30.0,0.2188,0.5,False,ok,True,1.1626947040089646,0.47588532012836554,3.153810458682577
up,0.12,2.2,30.0,0.2188,0.8,False,ok,True,1.3551904930633192,0.5235930604265661,4.732267969667482
up,0.12,2.2,30.0,0.2188,1.0,False,ok,True,1.5595119910548518,0.541343968338114,5.379412167943671
up,0.12,2.4,0.0,0.2188,0.5,False,ok,True,3.7187958465121516,0.6511168629644893,0.0025528189142720896
up,0.12,2.4,0.0,0.2188,0.8,False,ok,True,3.7009206897869085,1.1145701086496227,0.004387760601183428
up,0.12,2.4,0.0,0.2188,1.0,False,ok,True,3.6892246370619564,1.1437224098953243,0.0037475925780824796
up,0.12,2.4,15.0,0.2188,0.5,False,ok,True,1.157404856074378,0.7202561115891225,0.0019558963175367932
up,0.12,2.4,15.0,0.2188,0.8,False,ok,True,1.5136003599421397,0.7419488575147063,0.002700892594452461
up,0.12,2.4,15.0,0.2188,1.0,False,ok,True,1.750844680797274,0.7204803231882677,0.002931998497796899
up,0.12,2.4,30.0,0.2188,0.5,False,ok,True,1.2165156424167867,0.4970394597115384,3.2967813127107957
up,0.12,2.4,30.0,0.2188,0.8,False,ok,True,1.4512992444947646,0.5555649259995732,5.037230865705105
up,0.12,2.4,30.0,0.2188,1.0,False,ok,True,1.6474766445229065,0.574786217040803,5.375917278344761
up,0.12,2.6,0.0,0.2188,0.5,False,ok,True,3.9158394541196517,0.676082443825138,0.004921202030360696
up,0.12,2.6,0.0,0.2188,0.8,False,ok,True,3.908249705474871,0.9465035557180498,0.007721158462581495
up,0.12,2.6,0.0,0.2188,1.0,False,ok,True,3.9028608224110903,0.961150752262103,0.007679581136059456
up,0.12,2.6,15.0,0.2188,0.5,False,ok,True,1.2086349010663144,0.7738657737046211,0.0019558365508158216
up,0.12,2.6,15.0,0.2188,0.8,False,ok,True,1.6055724485548266,0.7867837826789239,0.0035741852264347175
up,0.12,2.6,15.0,0.2188,1.0,False,ok,True,1.853410744043955,0.7678994045013271,0.004453158263908855
up,0.12,2.6,30.0,0.2188,0.5,False,ok,True,1.2707529115192044,0.5176769596346296,4.054809929304099
up,0.12,2.6,30.0,0.2188,0.8,False,ok,True,1.5366934010003066,0.5823631918953275,5.165302046162179
up,0.12,2.6,30.0,0.2188,1.0,False,ok,True,1.7435789906196761,0.6041075993428088,5.4651577661868345
up,0.12,2.8,0.0,0.2188,0.5,False,ok,True,4.11716318959537,0.7048141286637367,0.017670788200641618
up,0.12,2.8,0.0,0.2188,0.8,False,ok,True,4.130995311095831,0.9705580492651206,0.006688700849843343
up,0.12,2.8,0.0,0.2188,1.0,False,ok,True,4.1297212104991265,1.0061016709725357,0.006140099841651735
up,0.12,2.8,15.0,0.2188,0.5,False,ok,True,1.3797287693865874,0.7493741695972941,3.292800378825596e-05
up,0.12,2.8,15.0,0.2188,0.8,False,ok,True,1.6941204978867455,0.7770549516084144,0.00018409480931329183
up,0.12,2.8,15.0,0.2188,1.0,False,ok,True,2.0235150130345376,0.7795631783696876,0.002036541549577035
up,0.12,2.8,30.0,0.2188,0.5,False,ok,True,1.2815828632385964,0.5400864552401831,4.807365245978033
up,0.12,2.8,30.0,0.2188,0.8,False,ok,True,1.6173366603941828,0.6044788430683011,5.0844425642600815
up,0.12,2.8,30.0,0.2188,1.0,False,ok,True,1.8362945945558014,0.633089039977515,4.635182132410338
up,0.12,3.0,0.0,0.2188,0.5,False,ok,True,4.274902094304731,0.7274404572287171,0.030542354536952122
up,0.12,3.0,0.0,0.2188,0.8,False,ok,True,4.320117627788152,1.0138430455380865,0.004022176816329011
up,0.12,3.0,0.0,0.2188,1.0,False,ok,True,4.338422355114054,1.063002287412663,0.012412578454551857
up,0.12,3.0,15.0,0.2188,0.5,False,ok,True,1.7391106021474019,0.7318124094642919,0.029904906520253977
up,0.12,3.0,15.0,0.2188,0.8,False,ok,True,2.037721106477498,0.7601637810419295,0.018903894586021753
up,0.12,3.0,15.0,0.2188,1.0,False,ok,True,2.0388714785451634,0.7801998604417573,0.020816583875978338
up,0.12,3.0,30.0,0.2188,0.5,False,ok,True,1.308921016400282,0.5601501915857218,4.755538919488008
up,0.12,3.0,30.0,0.2188,0.8,False,ok,True,1.6891998297030708,0.6282361096439122,4.908665619094721
up,0.12,3.0,30.0,0.2188,1.0,False,ok,True,1.9363648951697292,0.6575406654579544,5.288809188426508
up,0.14,0.4,0.0,0.2188,0.5,False,stall,False,1.096177516942579,0.09238612516242325,2.0906823547612485
up,0.14,0.4,0.0,0.2188,0.8,False,stall,False,1.0700594852189322,0.09583383361428097,4.194885534302294
up,0.14,0.4,0.0,0.2188,1.0,False,stall,False,1.0720993853321064,0.09092537588595737,7.806435145673619
up,0.14,0.4,15.0,0.2188,0.5,False,stall,False,0.6827838036253016,0.1384952808434096,15.756447375836347
up,0.14,0.4,15.0,0.2188,0.8,False,ok,True,0.3401448400317762,0.10451762384725954,0.0002644994713387944
up,0.14,0.4,15.0,0.2188,1.0,False,ok,True,0.41916183811014496,0.11955035235812772,0.00026450939819651917
up,0.14,0.4,30.0,0.2188,0.5,False,stall,False,0.46056090304244834,0.14159610414212032,8.931622783180243
up,0.14,0.4,30.0,0.2188,0.8,False,ok,True,0.49955429881414215,0.18495966753170967,5.598704941185217
up,0.14,0.4,30.0,0.2188,1.0,False,ok,True,0.5105815597024685,0.18557665573616136,5.847867611997342
up,0.14,0.6,0.0,0.2188,0.5,False,stall,False,1.502179785190877,0.19904532654647877,2.4080750764443155
up,0.14,0.6,0.0,0.2188,0.8,False,stall,False,1.506513212179818,0.3284985116827012,16.747220460670516
up,0.14,0.6,0.0,0.2188,1.0,False,stall,False,1.4952531384910988,1.1808038535539234,17.252919009727265
up,0.14,0.6,15.0,0.2188,0.5,False,ok,True,0.4395158258201843,0.1845621116957146,0.0002654445226310683
up,0.14,0.6,15.0,0.2188,0.8,False,ok,True,0.490922320710491,0.18352345779764456,0.000265719985630007
up,0.14,0.6,15.0,0.2188,1.0,False,ok,True,0.5840136078042326,0.19759747918756057,0.00026550252362556124
up,0.14,0.6,30.0,0.2188,0.5,False,ok,True,0.6249421942728839,0.2496366678166069,0.8119285223518669
up,0.14,0.6,30.0,0.2188,0.8,False,ok,True,0.6707674882511641,0.2562931366532302,5.530551546900648
up,0.14,0.6,30.0,0.2188,1.0,False,ok,True,0.6867917190243841,0.26313479078567403,5.639926197180194
up,0.14,0.8,0.0,0.2188,0.5,False,stall,False,1.8967259909026242,0.2851678049512451,2.484952344729076
up,0.14,0.8,0.0,0.2188,0.8,False,stall,False,1.8801717703417054,1.0590646389742189,17.096735685127832
up,0.14,0.8,0.0,0.2188,1.0,False,stall,False,1.8888272800033945,0.6708833137934636,17.471305174175114
up,0.14,0.8,15.0,0.2188,0.5,False,ok,True,0.5682673116197774,0.2377602653685461,0.00026671728062619007
up,0.14,0.8,15.0,0.2188,0.8,False,ok,True,0.6418436450312283,0.262396489172053,0.00026701129685882907
up,0.14,0.8,15.0,0.2188,1.0,False,ok,True,0.7485503343016475,0.27449718836260395,0.0002665867564157489
up,0.14,0.8,30.0,0.2188,0.5,False,ok,True,0.7345389144320781,0.280301707202452,3.3513852123607633
up,0.14,0.8,30.0,0.2188,0.8,False,ok,True,0.7573557110295274,0.26626798332467116,5.562364662958347
up,0.14,0.8,30.0,0.2188,1.0,False,ok,True,0.7790257754074427,0.2725900246592126,5.409761164280362
up,0.14,1.0,0.0,0.2188,0.5,False,stall,False,2.277248835461033,0.3140234935185012,2.9117470977334876
up,0.14,1.0,0.0,0.2188,0.8,False,stall,False,2.2540858417198604,0.6958109821778717,17.261194654328214
up,0.14,1.0,0.0,0.2188,1.0,False,stall,False,2.267849093287938,0.6417046666490792,17.6582016742471
up,0.14,1.0,15.0,0.2188,0.5,False,ok,True,0.6816468286303817,0.3176280866313524,0.0002679593622095582
up,0.14,1.0,15.0,0.2188,0.8,False,ok,True,0.7785345731893636,0.34914215651074015,0.0002685112940684367
up,0.14,1.0,15.0,0.2188,1.0,False,ok,True,0.9113235712969849,0.3624620294454983,0.0002678484004681466
up,0.14,1.0,30.0,0.2188,0.5,False,ok,True,0.7925370610019903,0.3368977106047334,3.3587881292558595
up,0.14,1.0,30.0,0.2188,0.8,False,ok,True,0.8102016425204933,0.35444873015808065,5.309450167131262
up,0.14,1.0,30.0,0.2188,1.0,False,ok,True,0.8205472920842571,0.3555297410276756,5.398612679152197
up,0.14,1.2,0.0,0.2188,0.5,False,stall,False,2.651720418160566,0.3910317227927141,3.351652713840004
up,0.14,1.2,0.0,0.2188,0.8,False,stall,False,2.6168762289042493,0.705020917032445,17.084743171427835
up,0.14,1.2,0.0,0.2188,1.0,False,ok,True,2.6361331942681865,0.8076178631751499,0.001836534486383749
up,0.14,1.2,15.0,0.2188,0.5,False,ok,True,0.8143484697192228,0.40016131326314663,0.000270048583521423
up,0.14,1.2,15.0,0.2188,0.8,False,ok,True,0.9213347034265716,0.44388502524570284,0.0002711861518049537
up,0.14,1.2,15.0,0.2188,1.0,False,ok,True,1.0790423503145128,0.45912570686334025,0.000270555104306589
up,0.14,1.2,30.0,0.2188,0.5,False,ok,True,0.7999607375723545,0.37928795424312617,2.9242782065931894
up,0.14,1.2,30.0,0.2188,0.8,False,ok,True,0.8341844234213857,0.3543602882474472,5.021559301386461
up,0.14,1.2,30.0,0.2188,1.0,False,ok,True,0.9575803374272469,0.37089765440383715,5.579300007994547
up,0.14,1.4,0.0,0.2188,0.5,False,stall,False,3.0110840587518672,0.4663722700208864,3.8864505179782927
up,0.14,1.4,0.0,0.2188,0.8,False,ok,True,2.956714344763985,0.8482985798346051,0.0015137007136098004
up,0.14,1.4,0.0,0.2188,1.0,False,ok,True,2.96237209094941,0.8099490536948928,0.0013721740726561845
up,0.14,1.4,15.0,0.2188,0.5,False,ok,True,0.8854677697347034,0.5535860774731807,0.00026394627624849677
up,0.14,1.4,15.0,0.2188,0.8,False,ok,True,1.0252614068396912,0.5392670841752784,0.0002615281898350783
up,0.14,1.4,15.0,0.2188,1.0,False,ok,True,1.2180874775909087,0.5525981471016447,0.00026087380574610944
up,0.14,1.4,30.0,0.2188,0.5,False,ok,True,0.8461146452582018,0.4197048973962903,2.853353600016407
up,0.14,1.4,30.0,0.2188,0.8,False,ok,True,0.9229086908871358,0.4200193965817546,4.884320864496086
up,0.14,1.4,30.0,0.2188,1.0,False,ok,True,1.084021335936154,0.40846940277243515,5.573786413778618
up,0.14,1.6,0.0,0.2188,0.5,False,timeout,False,3.3355947135764485,0.531489349016373,4.176823986124237
up,0.14,1.6,0.0,0.2188,0.8,False,ok,True,3.3127606577044215,0.9169300351974865,0.0014402011021856691
up,0.14,1.6,0.0,0.2188,1.0,False,ok,True,3.2808820808939454,0.9668696906509513,0.0013346754609367035
up,0.14,1.6,15.0,0.2188,0.5,False,ok,True,0.8549346767805434,0.6933708430590704,0.0002799965918213902
up,0.14,1.6,15.0,0.2188,0.8,False,ok,True,1.1210938960821617,0.6065126332543426,0.0002983103949176038
up,0.14,1.6,15.0,0.2188,1.0,False,ok,True,1.3216578393276348,0.6082959999912165,0.00028158569263873857
up,0.14,1.6,30.0,0.2188,0.5,False,ok,True,0.9258611694786772,0.4440158286959047,2.8618520191596097
up,0.14,1.6,30.0,0.2188,0.8,False,ok,True,1.0196351759817526,0.45733426837344743,4.967701787675544
up,0.14,1.6,30.0,0.2188,1.0,False,ok,True,1.1967971914710014,0.45683089428197676,5.551299943977932
up,0.14,1.8,0.0,0.2188,0.5,False,ok,True,3.6493603234605105,1.426756045306467,0.0019653042240594426
up,0.14,1.8,0.0,0.2188,0.8,False,ok,True,3.6164585124739226,1.079062954116599,0.0019091878024855055
up,0.14,1.8,0.0,0.2188,1.0,False,ok,True,3.642241298814832,1.1263737618385172,0.0018652806508291007
up,0.14,1.8,15.0,0.2188,0.5,False,ok,True,0.9365145136892513,0.7335090926194752,0.00034010392248979995
up,0.14,1.8,15.0,0.2188,0.8,False,ok,True,1.2225926074250266,0.6464679246976304,0.0004859131827608282
up,0.14,1.8,15.0,0.2188,1.0,False,ok,True,1.4540325688275206,0.6455467368964467,0.0004823308576933984
up,0.14,1.8,30.0,0.2188,0.5,False,ok,True,1.0114295607265658,0.4499729415584597,1.799567280065885
up,0.14,1.8,30.0,0.2188,0.8,False,ok,True,1.1142229604807006,0.4855863406530133,5.018998808032078
up,0.14,1.8,30.0,0.2188,1.0,False,ok,True,1.3170700333230883,0.5054161450754537,5.7929954041954925
up,0.14,2.0,0.0,0.2188,0.5,False,ok,True,3.9621988286978094,0.7758651238907941,0.0008346508532931632
up,0.14,2.0,0.0,0.2188,0.8,False,ok,True,3.9482619759501856,1.2062493146861706,0.002064394277519026
up,0.14,2.0,0.0,0.2188,1.0,False,ok,True,3.9216010385376445,1.3287325337138165,0.0013972873278166337
up,0.14,2.0,15.0,0.2188,0.5,False,ok,True,1.0357908643115474,0.7606230745023786,4.540011544378767e-05
up,0.14,2.0,15.0,0.2188,0.8,False,ok,True,1.4999025612238617,0.7427112513069062,0.0002937130337296434
up,0.14,2.0,15.0,0.2188,1.0,False,ok,True,1.5672849203374286,0.7135781223389159,0.0002780201615015443
up,0.14,2.0,30.0,0.2188,0.5,False,ok,True,1.1112843348488848,0.477841160827353,1.9217011168911384
up,0.14,2.0,30.0,0.2188,0.8,False,ok,True,1.2134402415022254,0.5240108287081504,4.975021906694533
up,0.14,2.0,30.0,0.2188,1.0,False,ok,True,1.4324191908513824,0.546971472842465,5.825672764206701
up,0.14,2.2,0.0,0.2188,0.5,False,ok,True,4.295780750428258,0.7779701798431502,0.001231928238710547
up,0.14,2.2,0.0,0.2188,0.8,False,ok,True,4.217186251493406,1.3631995985142973,0.0007077792466219744
up,0.14,2.2,0.0,0.2188,1.0,False,ok,True,4.234158219474199,1.333576000521378,0.0008787631690914063
up,0.14,2.2,15.0,0.2188,0.5,False,ok,True,1.3931327125790223,0.793246337997806,0.002612480463631051
up,0.14,2.2,15.0,0.2188,0.8,False,ok,True,1.6841810525279302,0.7817698983331376,0.002049540734548654
up,0.14,2.2,15.0,0.2188,1.0,False,ok,True,1.6824277056500507,0.7606513265803296,0.0016412481046766752
up,0.14,2.2,30.0,0.2188,0.5,False,ok,True,1.1792219427396502,0.5093462681154887,2.244834420450537
up,0.14,2.2,30.0,0.2188,0.8,False,ok,True,1.3037133585120229,0.5600830708711958,4.549050738566791
up,0.14,2.2,30.0,0.2188,1.0,False,ok,True,1.534220099240972,0.5869472474715545,6.4839439081761565
up,0.14,2.4,0.0,0.2188,0.5,False,ok,True,4.5708075308184615,0.8011187665448867,0.0032238202140859344
up,0.14,2.4,0.0,0.2188,0.8,False,ok,True,4.521558415786586,1.0695236092744849,0.005304784548745703
up,0.14,2.4,0.0,0.2188,1.0,False,ok,True,4.515559376193289,0.9598296885903024,0.0055757417126525485
up,0.14,2.4,15.0,0.2188,0.5,False,ok,True,1.4334515324520212,0.8225666324856249,0.005054140149999083
up,0.14,2.4,15.0,0.2188,0.8,False,ok,True,1.8518090589553349,0.8029099879589119,0.005672152622017361
up,0.14,2.4,15.0,0.2188,1.0,False,ok,True,1.7944771262144255,0.7888381026781839,0.0047560820828363975
up,0.14,2.4,30.0,0.2188,0.5,False,ok,True,1.2926787521976537,0.5343010773069423,2.589873934857153
up,0.14,2.4,30.0,0.2188,0.8,False,ok,True,1.409880714454688,0.5954587765517139,4.625640603723908
up,0.14,2.4,30.0,0.2188,1.0,False,ok,True,1.6349114337011785,0.621144396076605,5.534843026537564
up,0.14,2.6,0.0,0.2188,0.5,False,ok,True,4.858450972749848,0.8229440084421104,0.002518509084219746
up,0.14,2.6,0.0,0.2188,0.8,False,ok,True,4.807352601068689,0.9848376667142509,0.009684861042327832
up,0.14,2.6,0.0,0.2188,1.0,False,ok,True,4.7565366061884236,1.020157283694379,0.010135543499797608
up,0.14,2.6,15.0,0.2188,0.5,False,ok,True,1.6407428755620812,0.8007168748336572,0.004130928588848352
up,0.14,2.6,15.0,0.2188,0.8,False,ok,True,2.0781488094673715,0.8224715355042725,0.006888537758878166
up,0.14,2.6,15.0,0.2188,1.0,False,ok,True,2.1297234942498955,0.8086000506040333,0.007428909409314533
up,0.14,2.6,30.0,0.2188,0.5,False,ok,True,1.3918706009646242,0.5631725187098556,2.120155865541229
up,0.14,2.6,30.0,0.2188,0.8,False,ok,True,1.4979655016920477,0.6257712692876931,5.045398425249026
up,0.14,2.6,30.0,0.2188,1.0,False,ok,True,1.7320365873392414,0.6571136217132342,5.676047700119636
up,0.14,2.8,0.0,0.2188,0.5,False,ok,True,5.129145855395313,0.8679598215725489,0.012773754250146145
up,0.14,2.8,0.0,0.2188,0.8,False,ok,True,5.066376200648294,1.0338379111672455,0.004870313831778692
up,0.14,2.8,0.0,0.2188,1.0,False,ok,True,5.020944766191426,1.0834840893805537,0.003720991414669198
up,0.14,2.8,15.0,0.2188,0.5,False,ok,True,1.797410844823231,0.7872444125143133,0.007826836764300998
up,0.14,2.8,15.0,0.2188,0.8,False,ok,True,2.067540018521247,0.8103610212972234,0.00011867773126935959
up,0.14,2.8,15.0,0.2188,1.0,False,ok,True,2.1340059324025864,0.8224530856413959,0.0002344962037937396
up,0.14,2.8,30.0,0.2188,0.5,False,ok,True,1.4863720884776452,0.5849948002850175,2.5071098586316345
up,0.14,2.8,30.0,0.2188,0.8,False,ok,True,1.5955347980040169,0.6544904915773254,4.883200736299455
up,0.14,2.8,30.0,0.2188,1.0,False,ok,True,1.8560181822952255,0.6937599558377793,5.430812995272247
up,0.14,3.0,0.0,0.2188,0.5,False,ok,True,5.385672682538288,0.912774665733671,0.056753508492984876
up,0.14,3.0,0.0,0.2188,0.8,False,ok,True,5.330690665764504,1.0929545816221218,0.013310808535547222
up,0.14,3.0,0.0,0.2188,1.0,False,ok,True,5.27800996055652,1.1343453311793734,0.020397874892455477
up,0.14,3.0,15.0,0.2188,0.5,False,ok,True,1.5652744345596454,0.8402159383144008,0.03907803546936855
up,0.14,3.0,15.0,0.2188,0.8,False,ok,True,1.8717336874131805,0.8583848291218494,0.024699988633524968
up,0.14,3.0,15.0,0.2188,1.0,False,ok,True,2.1087969600405585,0.8579782868356545,0.0322430903459827
up,0.14,3.0,30.0,0.2188,0.5,False,ok,True,1.58442112309301,0.6033645723928904,2.6313603638229934
up,0.14,3.0,30.0,0.2188,0.8,False,ok,True,1.6862037280407474,0.684368581129218,5.204600474678356
up,0.14,3.0,30.0,0.2188,1.0,False,ok,True,1.9493614663340555,0.7229880014111083,5.5178129513546725
up,0.16,0.4,0.0,0.2188,0.5,False,stall,False,1.1502292812506976,0.07350690502785932,2.3650943879866677
up,0.16,0.4,0.0,0.2188,0.8,False,stall,False,1.17112005388678,0.06475708089538823,6.307995247164928
up,0.16,0.4,0.0,0.2188,1.0,False,stall,False,1.16020097444017,0.06673101871366874,9.845814834521391
up,0.16,0.4,15.0,0.2188,0.5,False,stall,False,0.7140821341252666,0.15696602221396644,17.877275663177972
up,0.16,0.4,15.0,0.2188,0.8,False,stall,False,0.5597431068757243,0.08971634396166671,18.528042408347073
up,0.16,0.4,15.0,0.2188,1.0,False,stall,False,0.38085752320880817,0.1068874247648271,13.581325354271168
up,0.16,0.4,30.0,0.2188,0.5,False,stall,False,0.4505637699879044,0.1644250242254455,12.37422577673822
up,0.16,0.4,30.0,0.2188,0.8,False,stall,False,0.4920764808992748,0.1755112693992931,12.344874495291672
up,0.16,0.4,30.0,0.2188,1.0,False,ok,True,0.4999708294840755,0.21115133166893324,7.246807618944345
up,0.16,0.6,0.0,0.2188,0.5,False,stall,False,1.6050505577770022,0.13095474502325352,3.0124443537667083
up,0.16,0.6,0.0,0.2188,0.8,False,stall,False,1.6510984141189473,0.3999898437274335,18.74750702709373
up,0.16,0.6,0.0,0.2188,1.0,False,stall,False,1.662120616131674,1.0584285349904667,19.201527103596003
up,0.16,0.6,15.0,0.2188,0.5,False,ok,True,0.48171008396386844,0.20037401283928374,0.0002653643602659221
up,0.16,0.6,15.0,0.2188,0.8,False,ok,True,0.45103966233572884,0.1777126115775301,0.0002657157161826903
up,0.16,0.6,15.0,0.2188,1.0,False,ok,True,0.5445952480235933,0.1916855951846046,0.00026549100844960183
up,0.16,0.6,30.0,0.2188,0.5,False,ok,True,0.9247080683333787,0.2972112401530996,0.31892946786989884
up,0.16,0.6,30.0,0.2188,0.8,False,ok,True,0.5550746869470746,0.24837255395873245,5.454731045160858
up,0.16,0.6,30.0,0.2188,1.0,False,ok,True,0.5771345169422146,0.24636251645258647,6.439454736558003
up,0.16,0.8,0.0,0.2188,0.5,False,stall,False,2.0814943623986064,0.21224373779896974,4.270544902344511
up,0.16,0.8,0.0,0.2188,0.8,False,stall,False,2.09773195664742,0.948688358468216,19.203530131758864
up,0.16,0.8,0.0,0.2188,1.0,False,stall,False,2.1100603198688455,0.6167828874004843,19.564008042554825
up,0.16,0.8,15.0,0.2188,0.5,False,ok,True,0.5924866977878267,0.24108431882746037,0.0002665339236774164
up,0.16,0.8,15.0,0.2188,0.8,False,ok,True,0.59650733654138,0.25968434126528056,0.00026700976366308114
up,0.16,0.8,15.0,0.2188,1.0,False,ok,True,0.7164418643804963,0.27613342627360626,0.0002665877048620782
up,0.16,0.8,30.0,0.2188,0.5,False,ok,True,0.8955864032506116,0.3665178704051195,0.7704269164803138
up,0.16,0.8,30.0,0.2188,0.8,False,ok,True,0.5355050625853653,0.26242230078353673,5.16945863233947
up,0.16,0.8,30.0,0.2188,1.0,False,ok,True,0.6182157423356254,0.2601833121695557,6.641365174433634
up,0.16,1.0,0.0,0.2188,0.5,False,stall,False,2.5388183461469334,0.29237917377188183,4.4231539798677915
up,0.16,1.0,0.0,0.2188,0.8,False,stall,False,2.5547195225788353,0.6972761382174458,19.483006230880836
up,0.16,1.0,0.0,0.2188,1.0,False,stall,False,2.563437054445382,0.6778633468615772,19.49865323371476
up,0.16,1.0,15.0,0.2188,0.5,False,ok,True,0.6820512284674118,0.3514578183049821,0.0002677499822516051
up,0.16,1.0,15.0,0.2188,0.8,False,ok,True,0.7476418474994994,0.3905247087112172,0.00026845705857538
up,0.16,1.0,15.0,0.2188,1.0,False,ok,True,0.878482255996108,0.39189011672266755,0.00026785817175370614
up,0.16,1.0,30.0,0.2188,0.5,False,ok,True,0.9500916366023255,0.4097760898118536,0.7673791874027384
up,0.16,1.0,30.0,0.2188,0.8,False,ok,True,0.6744144440618051,0.32326272216926133,5.207442574824699
up,0.16,1.0,30.0,0.2188,1.0,False,ok,True,0.7816482463924304,0.32751685549450066,6.757090714531251
up,0.16,1.2,0.0,0.2188,0.5,False,stall,False,2.943064985070857,0.3705737709192058,5.050568791197316
up,0.16,1.2,0.0,0.2188,0.8,False,stall,False,2.9585460825608814,0.7720100116482987,19.482838511897732
up,0.16,1.2,0.0,0.2188,1.0,False,ok,True,2.978271187273409,1.0735117134946741,0.00249312962456876
up,0.16,1.2,15.0,0.2188,0.5,False,ok,True,0.8687284093999493,0.49087440971712043,0.00026940001892501416
up,0.16,1.2,15.0,0.2188,0.8,False,ok,True,0.8394416129497823,0.5051162727940858,0.00027112839251213286
up,0.16,1.2,15.0,0.2188,1.0,False,ok,True,1.0220645551030483,0.5273147685306461,0.0002706989617116214
up,0.16,1.2,30.0,0.2188,0.5,False,ok,True,0.8589447255236959,0.52261018045189,0.5555649043371333
up,0.16,1.2,30.0,0.2188,0.8,False,ok,True,0.7590778513780215,0.43126128607364234,5.586712477392081
up,0.16,1.2,30.0,0.2188,1.0,False,ok,True,0.9009098388781721,0.3758293341270475,6.917030867238652
up,0.16,1.4,0.0,0.2188,0.5,False,stall,False,3.377506404381397,0.4737417439087283,4.615414183071079
up,0.16,1.4,0.0,0.2188,0.8,False,stall,False,3.3871050471755115,0.8534760023313644,19.53364178114757
up,0.16,1.4,0.0,0.2188,1.0,False,ok,True,3.4141928279922555,0.8779416417464142,0.0016058065643765754
up,0.16,1.4,15.0,0.2188,0.5,False,ok,True,1.011288328154537,0.6803440238867478,0.00025768926971276907
up,0.16,1.4,15.0,0.2188,0.8,False,ok,True,0.9307484602138594,0.5493330949641696,0.0002586769967639406
up,0.16,1.4,15.0,0.2188,1.0,False,ok,True,1.1253619799354198,0.6209705119722488,0.0002596926632772916
up,0.16,1.4,30.0,0.2188,0.5,False,ok,True,0.9664531835022975,0.5892851704872235,0.32368722464765104
up,0.16,1.4,30.0,0.2188,0.8,False,ok,True,0.928939448799154,0.4979269701360999,5.441226884288901
up,0.16,1.4,30.0,0.2188,1.0,False,ok,True,0.9942723474800454,0.45927149521631194,6.742674012132833
up,0.16,1.6,0.0,0.2188,0.5,False,timeout,False,3.779683494912349,0.5297508461532828,5.363288614254056
up,0.16,1.6,0.0,0.2188,0.8,False,ok,True,3.8308180836700774,0.9931171179562778,0.0016292491174977708
up,0.16,1.6,0.0,0.2188,1.0,False,ok,True,3.7798409220312377,1.0446601392116956,0.001469871943578062
up,0.16,1.6,15.0,0.2188,0.5,False,ok,True,0.9829492202399682,0.8166725096680658,0.0003355635180473328
up,0.16,1.6,15.0,0.2188,0.8,False,ok,True,1.0976648088591314,0.6673212114958891,0.0002932446462719953
up,0.16,1.6,15.0,0.2188,1.0,False,ok,True,1.2426819762627466,0.6798955688683204,0.00027948646624680924
up,0.16,1.6,30.0,0.2188,0.5,False,ok,True,1.0380068878704845,0.587465402791177,0.17811205737901303
up,0.16,1.6,30.0,0.2188,0.8,False,ok,True,1.0292806838931177,0.5034462460108209,5.658756066364118
up,0.16,1.6,30.0,0.2188,1.0,False,ok,True,1.1043417290237225,0.5106647686932109,6.611230636275053
up,0.16,1.8,0.0,0.2188,0.5,False,timeout,False,4.2291133978678435,0.6098396556513056,2.535962930507704
up,0.16,1.8,0.0,0.2188,0.8,False,ok,True,4.175973182509137,1.1912481401346933,0.001745506910591848
up,0.16,1.8,0.0,0.2188,1.0,False,ok,True,4.206072253601693,1.245861874549169,0.0017709439465916
up,0.16,1.8,15.0,0.2188,0.5,False,ok,True,1.182141896773418,0.8932275062176888,0.0005235272033591299
up,0.16,1.8,15.0,0.2188,0.8,False,ok,True,1.282819904166974,0.767759793273676,0.0005664274095666926
up,0.16,1.8,15.0,0.2188,1.0,False,ok,True,1.3641771972999046,0.7518610530970624,0.0005691705655708514
up,0.16,1.8,30.0,0.2188,0.5,False,ok,True,1.1000980218886236,0.5199709678637366,0.1955885944423877
up,0.16,1.8,30.0,0.2188,0.8,False,ok,True,1.1100430910124066,0.5239397736066286,4.62566150863669
up,0.16,1.8,30.0,0.2188,1.0,False,ok,True,1.2228618233073174,0.5435592228391415,6.739089750758505
up,0.16,2.0,0.0,0.2188,0.5,False,stall,False,4.569095833410197,1.424050210863115,18.60969941533456
up,0.16,2.0,0.0,0.2188,0.8,False,ok,True,4.5812037713080755,1.332717075936192,0.001723250095860888
up,0.16,2.0,0.0,0.2188,1.0,False,ok,True,4.556324363419189,1.5426154810464154,0.0013766903052521
up,0.16,2.0,15.0,0.2188,0.5,False,ok,True,1.418608242319483,0.9129996028222659,0.00014069045746133366
up,0.16,2.0,15.0,0.2188,0.8,False,ok,True,1.7166778266603029,0.8413953985115908,0.00045814918948098714
up,0.16,2.0,15.0,0.2188,1.0,False,ok,True,1.6669300291604254,0.8426088301025514,0.00046679066262046335
up,0.16,2.0,30.0,0.2188,0.5,False,ok,True,1.1559503608640371,0.5080678533459774,0.2823319478736435
up,0.16,2.0,30.0,0.2188,0.8,False,ok,True,1.2277999529085222,0.5520929310517715,5.474487004844148
up,0.16,2.0,30.0,0.2188,1.0,False,ok,True,1.3382304406686367,0.5941743007951041,6.645567162679926
up,0.16,2.2,0.0,0.2188,0.5,False,ok,True,4.971262446077657,0.9810504463388722,0.003727672762602817
up,0.16,2.2,0.0,0.2188,0.8,False,ok,True,4.967718970405663,1.4591779409133934,0.0019142240660673649
up,0.16,2.2,0.0,0.2188,1.0,False,ok,True,4.936111521515209,1.1518980319270646,0.0013364950241854811
up,0.16,2.2,15.0,0.2188,0.5,False,ok,True,1.5395415206805076,0.9629193734922701,0.0030091763750595005
up,0.16,2.2,15.0,0.2188,0.8,False,ok,True,1.8403142771767989,0.8900058008194663,0.0014700908988356256
up,0.16,2.2,15.0,0.2188,1.0,False,ok,True,1.8487303561032025,0.8885735568267612,0.0014773773534802873
up,0.16,2.2,30.0,0.2188,0.5,False,ok,True,1.260101671993023,0.5426261756178578,0.30668296377664617
up,0.16,2.2,30.0,0.2188,0.8,False,ok,True,1.3449632844264574,0.5889775464321537,4.543120052396083
up,0.16,2.2,30.0,0.2188,1.0,False,ok,True,1.4497213486624578,0.61827216283142,5.87162513025917
up,0.16,2.4,0.0,0.2188,0.5,False,ok,True,5.366011776008423,0.8026308732159774,0.0014788897088610458
up,0.16,2.4,0.0,0.2188,0.8,False,ok,True,5.304865960700918,0.9231453012119002,0.006858629368973739
up,0.16,2.4,0.0,0.2188,1.0,False,ok,True,5.33171778380927,0.9569178952164725,0.005928650628273176
up,0.16,2.4,15.0,0.2188,0.5,False,ok,True,1.6785191790286413,0.8881799846155873,0.007080863124583582
up,0.16,2.4,15.0,0.2188,0.8,False,ok,True,2.048541616716277,0.837004806989746,0.00610288152642
up,0.16,2.4,15.0,0.2188,1.0,False,ok,True,2.1613997205102726,0.8339788504256151,0.005514059779643257
up,0.16,2.4,30.0,0.2188,0.5,False,ok,True,1.3638078778821758,0.5682348303119864,0.38809825748731225
up,0.16,2.4,30.0,0.2188,0.8,False,ok,True,1.3726455163539022,0.6227863315470353,4.356000768918456
up,0.16,2.4,30.0,0.2188,1.0,False,ok,True,1.5819427790500065,0.6616644885858062,5.777034071091368
up,0.16,2.6,0.0,0.2188,0.5,False,ok,True,5.7006806339063845,0.8630188100688708,0.0054788342801911395
up,0.16,2.6,0.0,0.2188,0.8,False,ok,True,5.682942319773926,1.002811550364076,0.009600789546391555
up,0.16,2.6,0.0,0.2188,1.0,False,ok,True,5.631255450219894,1.0357899995639002,0.010420566683090457
up,0.16,2.6,15.0,0.2188,0.5,False,ok,True,1.7914356967738447,0.825832032312397,0.006550735218070623
up,0.16,2.6,15.0,0.2188,0.8,False,ok,True,2.031819974445548,0.8497580213265699,0.007205808344297577
up,0.16,2.6,15.0,0.2188,1.0,False,ok,True,2.154006120061658,0.8580187119321517,0.007741161602599778
up,0.16,2.6,30.0,0.2188,0.5,False,ok,True,1.5358232701825711,0.6264980738279502,0.7924020718168641
up,0.16,2.6,30.0,0.2188,0.8,False,ok,True,1.4605250590389638,0.6611975248657633,3.4511887518191644
up,0.16,2.6,30.0,0.2188,1.0,False,ok,True,1.692445106500322,0.6980420744724702,5.550326752840611
up,0.16,2.8,0.0,0.2188,0.5,False,ok,True,6.069478743686842,0.9204111390496675,0.017330758561120024
up,0.16,2.8,0.0,0.2188,0.8,False,ok,True,6.00027113138502,1.0683435234035272,0.005735294161025072
up,0.16,2.8,0.0,0.2188,1.0,False,ok,True,5.9434872805618655,1.1095666727409017,0.002609337049125556
up,0.16,2.8,15.0,0.2188,0.5,False,ok,True,1.5358047330226356,0.8929236834392825,0.008047105503816628
up,0.16,2.8,15.0,0.2188,0.8,False,ok,True,1.8304042049917533,0.8957664089284045,0.007470519914590514
up,0.16,2.8,15.0,0.2188,1.0,False,ok,True,1.968852059662569,0.8841684842757837,0.0018773857914897278
up,0.16,2.8,30.0,0.2188,0.5,False,ok,True,1.652432607371603,0.6535697383715148,1.2751084218410387
up,0.16,2.8,30.0,0.2188,0.8,False,ok,True,1.559287897708795,0.6925190123905232,3.013475171035026
up,0.16,2.8,30.0,0.2188,1.0,False,ok,True,1.8068571801764872,0.7364958464404296,4.065396319766273
up,0.16,3.0,0.0,0.2188,0.5,False,ok,True,6.390888392998005,0.9732241744511454,0.07900994808813559
up,0.16,3.0,0.0,0.2188,0.8,False,ok,True,6.352335384371757,1.1282822951652827,0.01916794148947906
up,0.16,3.0,0.0,0.2188,1.0,False,ok,True,6.323594238056605,1.1649570281410366,0.015441346304152788
up,0.16,3.0,15.0,0.2188,0.5,False,ok,True,1.6067337196387816,0.9416496419362281,0.03977140064613882
up,0.16,3.0,15.0,0.2188,0.8,False,ok,True,1.7920032000819799,0.9546953007708225,0.04041430211336544
up,0.16,3.0,15.0,0.2188,1.0,False,ok,True,2.09685987782646,0.9602655000554184,0.03846659874391132
up,0.16,3.0,30.0,0.2188,0.5,False,ok,True,1.7781846808693555,0.6522302674563133,1.5931310245360177
up,0.16,3.0,30.0,0.2188,0.8,False,ok,True,1.7304023263915749,0.72323177280406,3.811027843873719
up,0.16,3.0,30.0,0.2188,1.0,False,ok,True,1.926363320279035,0.7828031542560266,4.116888211175172
down,0.06,0.4,0.0,0.2188,0.5,False,ok,True,0.6718872774581776,0.4888530808511422,0.0002591766586680675
down,0.06,0.4,0.0,0.2188,0.8,False,ok,True,0.6081349900319631,0.3771335149606278,0.00025986792106033374
down,0.06,0.4,0.0,0.2188,1.0,False,ok,True,1.0181657718381576,0.31257032666945644,0.0002603299939900714
down,0.06,0.4,15.0,0.2188,0.5,False,ok,True,0.378539432083873,0.19999423550042586,0.0002591766697052295
down,0.06,0.4,15.0,0.2188,0.8,False,ok,True,0.2605861269896984,0.1980877763518352,0.0002598679116124043
down,0.06,0.4,15.0,0.2188,1.0,False,ok,True,0.34770949623095837,0.1998078153856815,0.0002603299907427134
down,0.06,0.4,30.0,0.2188,0.5,False,ok,True,0.9508838350126471,0.2813141604897879,0.0002591766165651745
down,0.06,0.4,30.0,0.2188,0.8,False,ok,True,0.40561481509098996,0.2818184754393726,0.00025986791288588564
down,0.06,0.4,30.0,0.2188,1.0,False,ok,True,0.46109548305863207,0.28276227611678173,0.0002603300199832608
down,0.06,0.6,0.0,0.2188,0.5,False,ok,True,0.6827823985800193,0.4860480953186452,0.00025917662201683947
down,0.06,0.6,0.0,0.2188,0.8,False,ok,True,0.8820264901815936,0.3713298420443495,0.0002598679193508854
down,0.06,0.6,0.0,0.2188,1.0,False,ok,True,1.2986485075701366,0.321147381597132,0.0002603300124830522
down,0.06,0.6,15.0,0.2188,0.5,False,ok,True,0.3809102220014724,0.19797577178676626,0.0002591766400929401
down,0.06,0.6,15.0,0.2188,0.8,False,ok,True,0.46788714059039743,0.19548853800653893,0.00025986781225115
down,0.06,0.6,15.0,0.2188,1.0,False,ok,True,0.45215462461212197,0.19746495487466076,0.0002603304697230373
down,0.06,0.6,30.0,0.2188,0.5,False,ok,True,0.6501760454514895,0.2813129777685449,0.00025917667606804103
down,0.06,0.6,30.0,0.2188,0.8,False,ok,True,0.5593964863036976,0.281817271653404,0.00025986791484476965
down,0.06,0.6,30.0,0.2188,1.0,False,ok,True,0.4478192307083458,0.28276104262837715,0.00026032918625924285
down,0.06,0.8,0.0,0.2188,0.5,False,ok,True,0.9172665636360933,0.4763707364512278,0.00025917659655384296
down,0.06,0.8,0.0,0.2188,0.8,False,ok,True,0.8503013660422379,0.3735478950415976,0.00025986804359341524
down,0.06,0.8,0.0,0.2188,1.0,False,ok,True,1.268788362320667,0.32445952338970835,0.0002603307959014274
down,0.06,0.8,15.0,0.2188,0.5,False,ok,True,0.8319031580155326,0.19941835750459094,0.00025917690649657015
down,0.06,0.8,15.0,0.2188,0.8,False,ok,True,0.6044921981714214,0.19746494125541045,0.00025986907446678476
down,0.06,0.8,15.0,0.2188,1.0,False,ok,True,0.52039900289192,0.1994395713279833,0.0002603307239947081
down,0.06,0.8,30.0,0.2188,0.5,False,ok,True,0.9960981833715072,0.2813112988155122,0.0002591764812789505
down,0.06,0.8,30.0,0.2188,0.8,False,ok,True,0.6958811111712374,0.2818155622144099,0.0002598693277000895
down,0.06,0.8,30.0,0.2188,1.0,False,ok,True,0.5039109463433775,0.2827592905294336,0.00026033074305536986
down,0.06,1.0,0.0,0.2188,0.5,False,ok,True,0.7215035046245423,0.4772939258075727,0.00025917662152737824
down,0.06,1.0,0.0,0.2188,0.8,False,ok,True,0.7294634999159088,0.40033114502511813,0.00025986795368938934
down,0.06,1.0,0.0,0.2188,1.0,False,ok,True,1.1108101741865306,0.35856105045517866,0.0002603312677432293
down,0.06,1.0,15.0,0.2188,0.5,False,ok,True,1.298567181372237,0.23305812929397018,0.0002591765167870628
down,0.06,1.0,15.0,0.2188,0.8,False,ok,True,0.7023162023383157,0.2396049989586382,0.00025986890808455196
down,0.06,1.0,15.0,0.2188,1.0,False,ok,True,0.697909246229752,0.24187673696433667,0.0002603307494306656
down,0.06,1.0,30.0,0.2188,0.5,False,ok,True,0.771810461023054,0.28130912357801796,0.00025917642553929446
down,0.06,1.0,30.0,0.2188,0.8,False,ok,True,0.8745053318703021,0.2818133470036399,0.00025986900929633153
down,0.06,1.0,30.0,0.2188,1.0,False,ok,True,0.5724434562473494,0.28275701960804783,0.00026033068693949603
down,0.06,1.2,0.0,0.2188,0.5,False,ok,True,0.7374015144953775,0.5217880378751039,0.00025917678323394375
down,0.06,1.2,0.0,0.2188,0.8,False,ok,True,0.7199711006304423,0.47985753517394425,0.0002598681473811665
down,0.06,1.2,0.0,0.2188,1.0,False,ok,True,0.9707008056687376,0.44912613244333655,0.00026033090316000254
down,0.06,1.2,15.0,0.2188,0.5,False,ok,True,0.5847216259441708,0.33153534872795176,0.00025917660709449275
down,0.06,1.2,15.0,0.2188,0.8,False,ok,True,0.5986774476381135,0.34114984596041303,0.0002598681893421182
down,0.06,1.2,15.0,0.2188,1.0,False,ok,True,0.6009391314126888,0.35010185778314173,0.00026033075253177715
down,0.06,1.2,30.0,0.2188,0.5,False,ok,True,0.5402734245512063,0.281306452004595,0.00025917658551074754
down,0.06,1.2,30.0,0.2188,0.8,False,ok,True,0.595219040924546,0.2818106259028247,0.00025986811607133046
down,0.06,1.2,30.0,0.2188,1.0,False,ok,True,0.6309373878294716,0.28275422965231184,0.0002603305688329029
down,0.06,1.4,0.0,0.2188,0.5,False,ok,True,0.8059869039018724,0.5775320781210664,0.000259167682638268
down,0.06,1.4,0.0,0.2188,0.8,False,ok,True,1.0406702404376542,0.5665004048910636,0.0002598514070793533
down,0.06,1.4,0.0,0.2188,1.0,False,ok,True,1.115277008677947,0.5560734083537275,0.0002603129995267389
down,0.06,1.4,15.0,0.2188,0.5,False,ok,True,0.6525261941803676,0.428022138860532,0.0002591718503686097
down,0.06,1.4,15.0,0.2188,0.8,False,ok,True,0.6894552460335939,0.4317762111242823,0.0002598634736667712
down,0.06,1.4,15.0,0.2188,1.0,False,ok,True,0.6737526665133792,0.43149246453499557,0.0002603248939044684
down,0.06,1.4,30.0,0.2188,0.5,False,ok,True,0.5544034309847264,0.281303284044925,0.0002591773258763822
down,0.06,1.4,30.0,0.2188,0.8,False,ok,True,0.6357235785151517,0.2818073987941657,0.0002598689053842815
down,0.06,1.4,30.0,0.2188,1.0,False,ok,True,0.7161312689941278,0.2827509204503292,0.0002603315088656565
down,0.06,1.6,0.0,0.2188,0.5,False,ok,True,0.8671192550226061,0.6270670769394824,0.0002592526347166804
down,0.06,1.6,0.0,0.2188,0.8,False,ok,True,0.8449042156854002,0.6207088356154371,0.0002599481190799654
down,0.06,1.6,0.0,0.2188,1.0,False,ok,True,0.8411252304566625,0.6215120013783915,0.00026041224959186737
down,0.06,1.6,15.0,0.2188,0.5,False,ok,True,0.7121619897884562,0.3191146830991145,0.0002591950134644977
down,0.06,1.6,15.0,0.2188,0.8,False,ok,True,0.7427097964916044,0.30137378025934003,0.0002598810520744162
down,0.06,1.6,15.0,0.2188,1.0,False,ok,True,0.7210930545860769,0.2975716486321456,0.00026034696722787343
down,0.06,1.6,30.0,0.2188,0.5,False,ok,True,0.6180629154800173,0.3080505797444474,0.00025916483404293843
down,0.06,1.6,30.0,0.2188,0.8,False,ok,True,0.7298286677705839,0.3154265325648878,0.0002598547221683266
down,0.06,1.6,30.0,0.2188,1.0,False,ok,True,0.7849040465956382,0.3140667423680269,0.00026031778379862256
down,0.06,1.8,0.0,0.2188,0.5,False,ok,True,0.8462761837127543,0.6354343588369283,0.0002595573811327604
down,0.06,1.8,0.0,0.2188,0.8,False,ok,True,0.855158170244131,0.638949509134466,0.00026029582146598244
down,0.06,1.8,0.0,0.2188,1.0,False,ok,True,0.8367077860492932,0.6301624577033312,0.0002607332293039647
down,0.06,1.8,15.0,0.2188,0.5,False,ok,True,0.7486638358371118,0.316042119900594,0.000259666708758428
down,0.06,1.8,15.0,0.2188,0.8,False,ok,True,0.7880597521027651,0.32082597406770436,0.00026038469204617385
down,0.06,1.8,15.0,0.2188,1.0,False,ok,True,0.7742507899605087,0.324110250537992,0.0002608558842476108
down,0.06,1.8,30.0,0.2188,0.5,False,ok,True,0.6720067149148468,0.3231449803914123,0.0002592537644132458
down,0.06,1.8,30.0,0.2188,0.8,False,ok,True,0.7917544195679213,0.3317299298600598,0.0002599337018100078
down,0.06,1.8,30.0,0.2188,1.0,False,ok,True,0.8497108227411425,0.33326089446159946,0.0002604014250802205
down,0.06,2.0,0.0,0.2188,0.5,False,ok,True,0.8369998577134337,0.628883852314801,0.0002535998207581695
down,0.06,2.0,0.0,0.2188,0.8,False,ok,True,0.8316490901423722,0.6227043542537312,0.00025414361868087413
down,0.06,2.0,0.0,0.2188,1.0,False,ok,True,0.8325066262410628,0.6239000908633164,0.0002555757514162985
down,0.06,2.0,15.0,0.2188,0.5,False,ok,True,0.763110531628232,0.3769450481650664,0.0002563880091763636
down,0.06,2.0,15.0,0.2188,0.8,False,ok,True,0.7986009583950758,0.38441715998077935,0.0002573192629622938
down,0.06,2.0,15.0,0.2188,1.0,False,ok,True,0.7962346014626497,0.38578072009719777,0.00025765366401632385
down,0.06,2.0,30.0,0.2188,0.5,False,ok,True,0.7223554244830906,0.32187635054143826,0.0002595556627112313
down,0.06,2.0,30.0,0.2188,0.8,False,ok,True,0.8455960734740476,0.3301474089035702,0.0002602346864652947
down,0.06,2.0,30.0,0.2188,1.0,False,ok,True,0.908950770623986,0.33995629607326233,0.00026070420733795296
down,0.06,2.2,0.0,0.2188,0.5,False,ok,True,0.8068360991178445,0.5926049128715479,0.00025398899919539317
down,0.06,2.2,0.0,0.2188,0.8,False,ok,True,0.8044233995533281,0.5950913890939916,0.0002540102148235614
down,0.06,2.2,0.0,0.2188,1.0,False,ok,True,0.8116615724569787,0.5957792313820561,0.0002540778794037938
down,0.06,2.2,15.0,0.2188,0.5,False,ok,True,0.7549583285825576,0.41772327436903495,0.00025057011656354753
down,0.06,2.2,15.0,0.2188,0.8,False,ok,True,0.7714582969107381,0.4100368577313349,0.00025104629007793405
down,0.06,2.2,15.0,0.2188,1.0,False,ok,True,0.7790299749715685,0.41421915238229573,0.00025117394951471603
down,0.06,2.2,30.0,0.2188,0.5,False,ok,True,0.7697362767803085,0.30997250164657003,0.00025665046163244834
down,0.06,2.2,30.0,0.2188,0.8,False,ok,True,0.9003126774395331,0.32761341983733133,0.00025759058001890013
down,0.06,2.2,30.0,0.2188,1.0,False,ok,True,0.9642837682653888,0.33684198857656433,0.00025792871459445483
down,0.06,2.4,0.0,0.2188,0.5,False,ok,True,0.8062631707271529,0.5605564928403426,0.00030333319446921344
down,0.06,2.4,0.0,0.2188,0.8,False,ok,True,0.8040288127636492,0.5620802995330817,0.000304975616537434
down,0.06,2.4,0.0,0.2188,1.0,False,ok,True,0.8064413018249912,0.5577997606119413,0.00030728435428707527
down,0.06,2.4,15.0,0.2188,0.5,False,ok,True,0.7279745341622992,0.4151907837291404,0.0002773785556689633
down,0.06,2.4,15.0,0.2188,0.8,False,ok,True,0.7462425369094022,0.41187228783081975,0.0002739917988121383
down,0.06,2.4,15.0,0.2188,1.0,False,ok,True,0.7563491056074132,0.4019367648752543,0.000276245603536184
down,0.06,2.4,30.0,0.2188,0.5,False,ok,True,0.8165128894092529,0.3181504195146508,0.0002520274340863389
down,0.06,2.4,30.0,0.2188,0.8,False,ok,True,0.9560106425306887,0.33551852975755714,0.0002525965193039172
down,0.06,2.4,30.0,0.2188,1.0,False,ok,True,1.0208493578657076,0.3392829176388004,0.0002527449848543929
down,0.06,2.6,0.0,0.2188,0.5,False,ok,True,0.8064334033928648,0.532243230558349,0.0003779514593637786
down,0.06,2.6,0.0,0.2188,0.8,False,ok,True,0.8044672770943917,0.5387440000955299,0.00038408521646802107
down,0.06,2.6,0.0,0.2188,1.0,False,ok,True,0.8024846907992506,0.5335568081351616,0.00038523479457914134
down,0.06,2.6,15.0,0.2188,0.5,False,ok,True,0.7272708297226781,0.3964601209484917,0.0003478492957630226
down,0.06,2.6,15.0,0.2188,0.8,False,ok,True,0.7335226566938712,0.39213447803290435,0.00035921468074767016
down,0.06,2.6,15.0,0.2188,1.0,False,ok,True,0.7390908611511954,0.3915673099009298,0.00036314017812300443
down,0.06,2.6,30.0,0.2188,0.5,False,ok,True,0.8554648552309395,0.3282978629258464,0.0002632894926092229
down,0.06,2.6,30.0,0.2188,0.8,False,ok,True,1.0054807268103845,0.3484340542536174,0.00026652568645991933
down,0.06,2.6,30.0,0.2188,1.0,False,ok,True,1.0705170958065997,0.35283678005802976,0.0002676672758893307
down,0.06,2.8,0.0,0.2188,0.5,False,ok,True,0.8060828088639557,0.5321442396080904,0.0003482388567800463
down,0.06,2.8,0.0,0.2188,0.8,False,ok,True,0.8037847417659643,0.5317354082227622,0.0003552324653876132
down,0.06,2.8,0.0,0.2188,1.0,False,ok,True,0.8028086464519562,0.5345257243988195,0.0003590044344772941
down,0.06,2.8,15.0,0.2188,0.5,False,ok,True,0.8085814156737681,0.4227506190215285,0.0003936099033591371
down,0.06,2.8,15.0,0.2188,0.8,False,ok,True,0.7279505007848458,0.4164386398151695,0.00040196919193856483
down,0.06,2.8,15.0,0.2188,1.0,False,ok,True,0.7684252653735808,0.40386529116350034,0.0004033907030271979
down,0.06,2.8,30.0,0.2188,0.5,False,ok,True,0.894922186192865,0.3389567136080707,0.0003174362772693646
down,0.06,2.8,30.0,0.2188,0.8,False,ok,True,1.0501291039063516,0.3587274018971415,0.0003241790530559829
down,0.06,2.8,30.0,0.2188,1.0,False,ok,True,1.1269467133025572,0.36691300257188086,0.0003146281139069603
down,0.06,3.0,0.0,0.2188,0.5,False,ok,True,0.8063863576181501,0.5333630226265073,3.444598186885026e-05
down,0.06,3.0,0.0,0.2188,0.8,False,ok,True,0.8052241342970065,0.5330860613422537,3.178058516935601e-05
down,0.06,3.0,0.0,0.2188,1.0,False,ok,True,0.8034748802192091,0.5381750070389973,2.5323275554969174e-05
down,0.06,3.0,15.0,0.2188,0.5,False,ok,True,0.8706782587367697,0.43195482035067256,0.00026906340079152827
down,0.06,3.0,15.0,0.2188,0.8,False,ok,True,0.7867291622969143,0.4263339483645901,0.00025043407114983766
down,0.06,3.0,15.0,0.2188,1.0,False,ok,True,0.809263652642044,0.42865230892684136,0.0002533840470957023
down,0.06,3.0,30.0,0.2188,0.5,False,ok,True,0.9345520377323794,0.34753891411661936,0.00037281962253985846
down,0.06,3.0,30.0,0.2188,0.8,False,ok,True,1.0942746901793843,0.3725962586490302,0.00038025511383286276
down,0.06,3.0,30.0,0.2188,1.0,False,ok,True,1.174540963760547,0.3794325203755363,0.00038371182787133037
down,0.08,0.4,0.0,0.2188,0.5,False,ok,True,0.8400362841746455,0.5112300421992755,0.000259176651777239
down,0.08,0.4,0.0,0.2188,0.8,False,ok,True,0.7568880685481054,0.38507299177478954,0.0002598679147403063
down,0.08,0.4,0.0,0.2188,1.0,False,ok,True,1.513314525260866,0.35207383390009583,0.000260330011112616
down,0.08,0.4,15.0,0.2188,0.5,False,ok,True,0.5477761168596385,0.3585525046089503,0.00025917662431023005
down,0.08,0.4,15.0,0.2188,0.8,False,ok,True,0.6309530353004221,0.3597717369548328,0.00025986792494363205
down,0.08,0.4,15.0,0.2188,1.0,False,ok,True,0.36425220530158653,0.3627296137724228,0.00026033000405255497
down,0.08,0.4,30.0,0.2188,0.5,False,ok,True,0.505865094949468,0.5058620114488831,0.000259176592927101
down,0.08,0.4,30.0,0.2188,0.8,False,ok,True,0.5209687795356394,0.5069303741952154,0.00025986790868516617
down,0.08,0.4,30.0,0.2188,1.0,False,ok,True,0.5087454923612952,0.508742670346888,0.00026032997672313353
down,0.08,0.6,0.0,0.2188,0.5,False,ok,True,0.8581073670374585,0.5033945707646954,0.0002591767607193316
down,0.08,0.6,0.0,0.2188,0.8,False,ok,True,0.7315885731069731,0.3907247094838275,0.0002598678310938644
down,0.08,0.6,0.0,0.2188,1.0,False,ok,True,1.6416869662047031,0.3700035443950681,0.0002603292700176032
down,0.08,0.6,15.0,0.2188,0.5,False,ok,True,0.5125201300241968,0.3573400910278845,0.0002591766357465303
down,0.08,0.6,15.0,0.2188,0.8,False,ok,True,0.5733086231403486,0.3556965680233545,0.00025986791912233515
down,0.08,0.6,15.0,0.2188,1.0,False,ok,True,0.5584838186803446,0.3587923404517275,0.00026033000207122966
down,0.08,0.6,30.0,0.2188,0.5,False,ok,True,0.9771279810420105,0.5058603199448234,0.00025917661614468216
down,0.08,0.6,30.0,0.2188,0.8,False,ok,True,0.5651840488721911,0.5069286979323196,0.00025986793266831866
down,0.08,0.6,30.0,0.2188,1.0,False,ok,True,0.5904747060024521,0.508741015087221,0.00026032996884293617
down,0.08,0.8,0.0,0.2188,0.5,False,ok,True,0.7133352178641525,0.48574691210718707,0.00025917665550396845
down,0.08,0.8,0.0,0.2188,0.8,False,ok,True,0.668165047541375,0.411659159025443,0.0002598676325732945
down,0.08,0.8,0.0,0.2188,1.0,False,ok,True,1.1162738517357558,0.3985034452435568,0.0002603308160014951
down,0.08,0.8,15.0,0.2188,0.5,False,ok,True,0.5618984999161909,0.35873034822489797,0.00025917654797968687
down,0.08,0.8,15.0,0.2188,0.8,False,ok,True,0.8256405434621336,0.35793665028975763,0.0002598678193932589
down,0.08,0.8,15.0,0.2188,1.0,False,ok,True,0.6708738795303151,0.36101299171016515,0.00026032944452611634
down,0.08,0.8,30.0,0.2188,0.5,False,ok,True,0.5922248818739745,0.505857925901876,0.00025917656039853765
down,0.08,0.8,30.0,0.2188,0.8,False,ok,True,0.7256509694642985,0.5069263226943395,0.0002598696607465967
down,0.08,0.8,30.0,0.2188,1.0,False,ok,True,0.5965312048205339,0.5087386657988177,0.0002603292969687674
down,0.08,1.0,0.0,0.2188,0.5,False,ok,True,0.7463952457078084,0.4944893341541233,0.0002591766254684781
down,0.08,1.0,0.0,0.2188,0.8,False,ok,True,0.7331358852772785,0.4444250455424928,0.0002598679065849905
down,0.08,1.0,0.0,0.2188,1.0,False,ok,True,0.8490684583842686,0.4608464723993369,0.0002603308404894771
down,0.08,1.0,15.0,0.2188,0.5,False,ok,True,1.168313948532711,0.3716822331894385,0.0002591762104866939
down,0.08,1.0,15.0,0.2188,0.8,False,ok,True,0.608036577130506,0.3621796688509445,0.00025986951288966696
down,0.08,1.0,15.0,0.2188,1.0,False,ok,True,0.6589798829635352,0.3630016083824793,0.00026033076605915645
down,0.08,1.0,30.0,0.2188,0.5,False,ok,True,0.579759337188282,0.5058548292294348,0.00025917674866246645
down,0.08,1.0,30.0,0.2188,0.8,False,ok,True,0.6299706371867959,0.5069232484710761,0.0002598689754471474
down,0.08,1.0,30.0,0.2188,1.0,False,ok,True,0.6419604136373366,0.5087356225692206,0.0002603306532134288
down,0.08,1.2,0.0,0.2188,0.5,False,ok,True,0.7817065272461662,0.5701231891245531,0.0002591769752457363
down,0.08,1.2,0.0,0.2188,0.8,False,ok,True,0.8232545085634878,0.5163740252023783,0.0002598682540359868
down,0.08,1.2,0.0,0.2188,1.0,False,ok,True,1.1960321595687442,0.5106275494036996,0.0002603305191905228
down,0.08,1.2,15.0,0.2188,0.5,False,ok,True,0.6676512857162454,0.5572345764874806,0.0002591765506835612
down,0.08,1.2,15.0,0.2188,0.8,False,ok,True,0.6722472706467864,0.5735243760604919,0.00025986921260246756
down,0.08,1.2,15.0,0.2188,1.0,False,ok,True,0.7231870558463487,0.5808052708952341,0.0002603312070835376
down,0.08,1.2,30.0,0.2188,0.5,False,ok,True,0.6399840801059371,0.505851029838255,0.00025917660202702314
down,0.08,1.2,30.0,0.2188,0.8,False,ok,True,0.6608143582891838,0.506919475256223,0.00025986822099697865
down,0.08,1.2,30.0,0.2188,1.0,False,ok,True,0.7386131689464215,0.5087318854916153,0.0002603305911507028
down,0.08,1.4,0.0,0.2188,0.5,False,ok,True,0.9342258859678794,0.6577989773426128,0.00025915683178874777
down,0.08,1.4,0.0,0.2188,0.8,False,ok,True,0.8737037757161237,0.6387436702723402,0.000259852810579321
down,0.08,1.4,0.0,0.2188,1.0,False,ok,True,0.8524244147677553,0.6294123489796792,0.0002603138137034222
down,0.08,1.4,15.0,0.2188,0.5,False,ok,True,0.7137876706065115,0.5939242137524758,0.00025917099235123333
down,0.08,1.4,15.0,0.2188,0.8,False,ok,True,0.8299900948430231,0.5942015765654929,0.00025986060262017104
down,0.08,1.4,15.0,0.2188,1.0,False,ok,True,0.8226268176270962,0.6032336906999453,0.0002603237453581814
down,0.08,1.4,30.0,0.2188,0.5,False,ok,True,0.7115385351574443,0.5058465276405208,0.0002591775918954444
down,0.08,1.4,30.0,0.2188,0.8,False,ok,True,0.7500834811755689,0.5069150030474836,0.0002598692413918385
down,0.08,1.4,30.0,0.2188,1.0,False,ok,True,0.8291009166278982,0.5087274546651199,0.0002603318301626574
down,0.08,1.6,0.0,0.2188,0.5,False,ok,True,0.9441256852435794,0.7138403892683063,0.00025930398731374455
down,0.08,1.6,0.0,0.2188,0.8,False,ok,True,0.9369091930061915,0.7067747076874996,0.0002600016054192813
down,0.08,1.6,0.0,0.2188,1.0,False,ok,True,0.9196810646976237,0.7010946857928477,0.00026046447631627317
down,0.08,1.6,15.0,0.2188,0.5,False,ok,True,0.8408668291627924,0.4296422811750871,0.00025921208108970454
down,0.08,1.6,15.0,0.2188,0.8,False,ok,True,0.8925789865096438,0.440291791518429,0.00025990978051277237
down,0.08,1.6,15.0,0.2188,1.0,False,ok,True,0.8582086634777021,0.4050465022168607,0.00026037640032262
down,0.08,1.6,30.0,0.2188,0.5,False,ok,True,0.7710339137028267,0.5058413225499134,0.00025916037054533794
down,0.08,1.6,30.0,0.2188,0.8,False,ok,True,0.8284868562133041,0.5069098318466816,0.00025984957180945323
down,0.08,1.6,30.0,0.2188,1.0,False,ok,True,0.9160466441369338,0.5087223301949106,0.00026031237617120113
down,0.08,1.8,0.0,0.2188,0.5,False,ok,True,0.9274522798156983,0.719282496066533,0.0002595631003249413
down,0.08,1.8,0.0,0.2188,0.8,False,ok,True,0.9265371386827899,0.7188756759557066,0.0002602606145828013
down,0.08,1.8,0.0,0.2188,1.0,False,ok,True,0.931351707526559,0.721303969070739,0.00026075923868637075
down,0.08,1.8,15.0,0.2188,0.5,False,ok,True,0.9014521738233353,0.44119307731484597,0.000259774230676659
down,0.08,1.8,15.0,0.2188,0.8,False,ok,True,0.897992446619009,0.47176829705847695,0.00026054216869281574
down,0.08,1.8,15.0,0.2188,1.0,False,ok,True,0.9043448220796142,0.47737315356127696,0.00026101543000407615
down,0.08,1.8,30.0,0.2188,0.5,False,ok,True,0.782177715496576,0.5058354144816737,0.00025927967396022574
down,0.08,1.8,30.0,0.2188,0.8,False,ok,True,0.90414584338396,0.5069039616599406,0.0002599614061486098
down,0.08,1.8,30.0,0.2188,1.0,False,ok,True,0.9965439634599159,0.5087165121924498,0.0002604346332139866
down,0.08,2.0,0.0,0.2188,0.5,False,ok,True,0.91965060607346,0.7108216519693408,0.00025121124569820304
down,0.08,2.0,0.0,0.2188,0.8,False,ok,True,0.9228059213304348,0.7088096770305734,0.00025169463555315877
down,0.08,2.0,0.0,0.2188,1.0,False,ok,True,0.9234121277239896,0.7130064578175741,0.0002532186396583209
down,0.08,2.0,15.0,0.2188,0.5,False,ok,True,0.80462870077176,0.5365872580523802,0.0002554358942697647
down,0.08,2.0,15.0,0.2188,0.8,False,ok,True,0.8701785194227437,0.5185970381327834,0.0002551029090187448
down,0.08,2.0,15.0,0.2188,1.0,False,ok,True,0.8703695320969169,0.5419652940687861,0.0002564933540169296
down,0.08,2.0,30.0,0.2188,0.5,False,ok,True,0.8073528844447101,0.5058288033526747,0.000259626179435254
down,0.08,2.0,30.0,0.2188,0.8,False,ok,True,0.9782381238508895,0.5068973924977839,0.0002603481710362049
down,0.08,2.0,30.0,0.2188,1.0,False,ok,True,1.0745725704657947,0.5087100007756772,0.00026080310540835223
down,0.08,2.2,0.0,0.2188,0.5,False,ok,True,0.8954456406250825,0.6762672774232162,0.0002544875768467769
down,0.08,2.2,0.0,0.2188,0.8,False,ok,True,0.8966331165945992,0.6787481523418943,0.0002545482531577317
down,0.08,2.2,0.0,0.2188,1.0,False,ok,True,0.890862395930577,0.6741895445184899,0.00025522567150076367
down,0.08,2.2,15.0,0.2188,0.5,False,ok,True,0.662072971629,0.37369705335841874,0.00025214487319920797
down,0.08,2.2,15.0,0.2188,0.8,False,ok,True,0.8379686907950727,0.552987642659907,0.00024886947698816536
down,0.08,2.2,15.0,0.2188,1.0,False,ok,True,0.8330397824402658,0.5486258130344649,0.00024943362092722616
down,0.08,2.2,30.0,0.2188,0.5,False,ok,True,0.8468703605640182,0.5058214890814849,0.0002558265676312228
down,0.08,2.2,30.0,0.2188,0.8,False,ok,True,1.043099515535289,0.5068901243752871,0.0002567258070114052
down,0.08,2.2,30.0,0.2188,1.0,False,ok,True,1.1449291081740811,0.5087027960692113,0.00025689604730747966
down,0.08,2.4,0.0,0.2188,0.5,False,ok,True,0.8823680861964747,0.6273589516430051,0.000328655752448316
down,0.08,2.4,0.0,0.2188,0.8,False,ok,True,0.8879191615022813,0.6394033628397146,0.00033038876475527997
down,0.08,2.4,0.0,0.2188,1.0,False,ok,True,0.8820941619015903,0.6360428614777555,0.0003334031669682514
down,0.08,2.4,15.0,0.2188,0.5,False,ok,True,0.6787001927546439,0.2788559488324681,0.0002849514455232816
down,0.08,2.4,15.0,0.2188,0.8,False,ok,True,0.8010117013646756,0.529916929005697,0.0002933068233057851
down,0.08,2.4,15.0,0.2188,1.0,False,ok,True,0.8036585564314501,0.528420796157309,0.0002842091498277871
down,0.08,2.4,30.0,0.2188,0.5,False,ok,True,0.9049748871253338,0.5058134715884732,0.0002498327357193173
down,0.08,2.4,30.0,0.2188,0.8,False,ok,True,1.1093961213640602,0.5068821573122262,0.00025018100392026725
down,0.08,2.4,30.0,0.2188,1.0,False,ok,True,1.2216087205364154,0.5086948982045955,0.000250281869769319
down,0.08,2.6,0.0,0.2188,0.5,False,ok,True,0.8823055983983484,0.5956019113417889,0.0004234925692117272
down,0.08,2.6,0.0,0.2188,0.8,False,ok,True,0.8875642841671229,0.6003858723757384,0.00043100323184126467
down,0.08,2.6,0.0,0.2188,1.0,False,ok,True,0.8852060135363544,0.5992924441273692,0.00043317372499334966
down,0.08,2.6,15.0,0.2188,0.5,False,ok,True,0.7933438663121116,0.5075980802688609,0.00038223608626849765
down,0.08,2.6,15.0,0.2188,0.8,False,ok,True,0.7865623280880882,0.5030551388174935,0.00039378221735108273
down,0.08,2.6,15.0,0.2188,1.0,False,ok,True,0.8308030695726472,0.49653830510433566,0.00039727656760621307
down,0.08,2.6,30.0,0.2188,0.5,False,ok,True,1.0036464464812829,0.5058047507958203,0.0002720583721353672
down,0.08,2.6,30.0,0.2188,0.8,False,ok,True,1.1701545045596051,0.5068734913332322,0.0002692520271854693
down,0.08,2.6,30.0,0.2188,1.0,False,ok,True,1.2829874000247152,0.5086863073204614,0.0002711973684490522
down,0.08,2.8,0.0,0.2188,0.5,False,ok,True,0.882113284328323,0.5958131083776382,0.00034562177191204346
down,0.08,2.8,0.0,0.2188,0.8,False,ok,True,0.8804940160444373,0.5958550801620001,0.0003513879030303221
down,0.08,2.8,0.0,0.2188,1.0,False,ok,True,0.8787847729491252,0.5975610410315798,0.0003493043927487162
down,0.08,2.8,15.0,0.2188,0.5,False,ok,True,0.799948744088552,0.5079261502586325,0.00042480080471198766
down,0.08,2.8,15.0,0.2188,0.8,False,ok,True,0.8042020118889799,0.5119302980568324,0.0004309980869246851
down,0.08,2.8,15.0,0.2188,1.0,False,ok,True,0.928677980153071,0.5068098402340284,0.000432270748497346
down,0.08,2.8,30.0,0.2188,0.5,False,ok,True,1.123588473487019,0.5057953266276781,0.0003366416783099504
down,0.08,2.8,30.0,0.2188,0.8,False,ok,True,1.2248611732618853,0.5068641264679395,0.00034610957115922743
down,0.08,2.8,30.0,0.2188,1.0,False,ok,True,1.3439402132100216,0.5086770235435574,0.00035079836755231745
down,0.08,3.0,0.0,0.2188,0.5,False,ok,True,0.8826475302447815,0.5972129194385799,0.00013690586547311604
down,0.08,3.0,0.0,0.2188,0.8,False,ok,True,0.8819279184282052,0.596852428629558,0.00014753684465452393
down,0.08,3.0,0.0,0.2188,1.0,False,ok,True,0.8859842932921171,0.5993694428420553,0.00017093542931620915
down,0.08,3.0,15.0,0.2188,0.5,False,ok,True,0.9217977771324005,0.5242723481067082,0.0001555738608809922
down,0.08,3.0,15.0,0.2188,0.8,False,ok,True,0.8191681624600203,0.5202395908008141,0.0001283560947599325
down,0.08,3.0,15.0,0.2188,1.0,False,ok,True,1.0622666874362539,0.5138855886096191,0.00012557353717282383
down,0.08,3.0,30.0,0.2188,0.5,False,ok,True,1.2185554821286897,0.5057851990101679,0.0004036364255876825
down,0.08,3.0,30.0,0.2188,0.8,False,ok,True,1.2820386246085618,0.5068540627511335,0.00041511523236445973
down,0.08,3.0,30.0,0.2188,1.0,False,ok,True,1.4137096994789333,0.5086670469967557,0.0004217591144645076
down,0.1,0.4,0.0,0.2188,0.5,False,ok,True,1.2203808723803375,0.4991466604723187,0.0002591765976491831
down,0.1,0.4,0.0,0.2188,0.8,False,ok,True,0.8867238857356375,0.42974824992382554,0.0002598679060657462
down,0.1,0.4,0.0,0.2188,1.0,False,ok,True,1.6867030286433269,0.27276500204221643,0.00026032999531963564
down,0.1,0.4,15.0,0.2188,0.5,False,ok,True,0.5475312833698877,0.546397040035818,0.000259176610809148
down,0.1,0.4,15.0,0.2188,0.8,False,ok,True,0.5515045376992711,0.55073958560492,0.0002598679205107212
down,0.1,0.4,15.0,0.2188,1.0,False,ok,True,0.5558715522644313,0.5550831180786681,0.000260330006036182
down,0.1,0.4,30.0,0.2188,0.5,False,ok,True,0.7747490190326412,0.7747471282070763,0.00025917662515776796
down,0.1,0.4,30.0,0.2188,0.8,False,ok,True,0.7765740239894008,0.7765722264418867,0.00025986792426779413
down,0.1,0.4,30.0,0.2188,1.0,False,ok,True,0.7793521527541962,0.7793504596796474,0.0002603300063740413
down,0.1,0.6,0.0,0.2188,0.5,False,ok,True,1.0861891014600678,0.500262084202138,0.0002591766213138726
down,0.1,0.6,0.0,0.2188,0.8,False,ok,True,0.838347958622047,0.42498603602486623,0.00025986797097563247
down,0.1,0.6,0.0,0.2188,1.0,False,ok,True,1.124493932091525,0.3978644241588438,0.0002603300912989264
down,0.1,0.6,15.0,0.2188,0.5,False,ok,True,0.5938182565812234,0.5450331495293637,0.00025917659274697175
down,0.1,0.6,15.0,0.2188,0.8,False,ok,True,0.5484851426674895,0.5473593291894031,0.0002598679158722796
down,0.1,0.6,15.0,0.2188,1.0,False,ok,True,0.5497108183376429,0.5484128728833507,0.00026033000404643286
down,0.1,0.6,30.0,0.2188,0.5,False,ok,True,0.7747491493612515,0.7747448480381034,0.0002591766297322306
down,0.1,0.6,30.0,0.2188,0.8,False,ok,True,0.9080908744063456,0.7765699048642689,0.00025986790893987356
down,0.1,0.6,30.0,0.2188,1.0,False,ok,True,0.7793519365363041,0.779348082403912,0.0002603298863423209
down,0.1,0.8,0.0,0.2188,0.5,False,ok,True,0.8963432980106502,0.520124371255242,0.00025917657235383134
down,0.1,0.8,0.0,0.2188,0.8,False,ok,True,0.8492354117635533,0.4737419866128765,0.0002598678280778448
down,0.1,0.8,0.0,0.2188,1.0,False,ok,True,0.912299488613027,0.48920920542765317,0.0002603308662557892
down,0.1,0.8,15.0,0.2188,0.5,False,ok,True,0.636525426118778,0.5462368202027161,0.00025917652816417815
down,0.1,0.8,15.0,0.2188,0.8,False,ok,True,0.6389003497343021,0.5448724294523345,0.00025986792892759185
down,0.1,0.8,15.0,0.2188,1.0,False,ok,True,0.6239394452359309,0.5488838873460747,0.0002603302146065225
down,0.1,0.8,30.0,0.2188,0.5,False,ok,True,0.8727853429441949,0.7747416349147143,0.00025917630953139874
down,0.1,0.8,30.0,0.2188,0.8,False,ok,True,0.776573946861834,0.7765666340858707,0.00025986793237147776
down,0.1,0.8,30.0,0.2188,1.0,False,ok,True,0.7793516258223189,0.7793447340540564,0.00026032951100021643
down,0.1,1.0,0.0,0.2188,0.5,False,ok,True,0.9097548130371803,0.5816542350734416,0.0002591766258009879
down,0.1,1.0,0.0,0.2188,0.8,False,ok,True,0.8719959797174273,0.5467470245129248,0.00025986780574507016
down,0.1,1.0,0.0,0.2188,1.0,False,ok,True,0.8947625917665443,0.5718493562848057,0.00026032962611297495
down,0.1,1.0,15.0,0.2188,0.5,False,ok,True,0.6955210702082956,0.628352840279859,0.00025917617644832564
down,0.1,1.0,15.0,0.2188,0.8,False,ok,True,0.7044083716554548,0.6103660272178351,0.00025986964054592297
down,0.1,1.0,15.0,0.2188,1.0,False,ok,True,0.6948473393491266,0.6182395681831356,0.0002603308902234245
down,0.1,1.0,30.0,0.2188,0.5,False,ok,True,0.7747495420747119,0.7747374888403873,0.00025917641977707883
down,0.1,1.0,30.0,0.2188,0.8,False,ok,True,0.7765738789535166,0.7765624141099722,0.00025986913776343686
down,0.1,1.0,30.0,0.2188,1.0,False,ok,True,0.7793512206823318,0.7793404146330966,0.00026033072037024644
down,0.1,1.2,0.0,0.2188,0.5,False,ok,True,0.8958518294105854,0.630267953700276,0.00025917705587360845
down,0.1,1.2,0.0,0.2188,0.8,False,ok,True,0.8879443023797183,0.6028651864765637,0.00025986838429561466
down,0.1,1.2,0.0,0.2188,1.0,False,ok,True,0.9082889011574972,0.6258453639195676,0.0002603303974386469
down,0.1,1.2,15.0,0.2188,0.5,False,ok,True,0.9335050161045295,0.7788068479118317,0.0002591765276799484
down,0.1,1.2,15.0,0.2188,0.8,False,ok,True,0.9127155991241622,0.8019365596496006,0.0002598687592593826
down,0.1,1.2,15.0,0.2188,1.0,False,ok,True,0.8967200853165403,0.8249251673154058,0.0002603315652267835
down,0.1,1.2,30.0,0.2188,0.5,False,ok,True,0.7747498046160012,0.7747324098195494,0.000259176430116636
down,0.1,1.2,30.0,0.2188,0.8,False,ok,True,0.8079088935500027,0.7765572449407894,0.0002598683649021715
down,0.1,1.2,30.0,0.2188,1.0,False,ok,True,0.7962560441800147,0.779335124144851,0.0002603306622293329
down,0.1,1.4,0.0,0.2188,0.5,False,ok,True,1.2432982570340283,0.7063935457395242,0.0002591498785058462
down,0.1,1.4,0.0,0.2188,0.8,False,ok,True,0.9276441821379814,0.6900772502184971,0.00025984617958708684
down,0.1,1.4,0.0,0.2188,1.0,False,ok,True,0.909956761860064,0.6802359199769937,0.00026030708316693627
down,0.1,1.4,15.0,0.2188,0.5,False,ok,True,0.8332773601979239,0.6555166398812906,0.0002591675435786145
down,0.1,1.4,15.0,0.2188,0.8,False,ok,True,0.851925150556393,0.7172639363846657,0.00025985785869295783
down,0.1,1.4,15.0,0.2188,1.0,False,ok,True,0.8618911323821707,0.7544843585968011,0.0002603196093778398
down,0.1,1.4,30.0,0.2188,0.5,False,ok,True,0.7747501114173206,0.7747263978576249,0.00025917780382642917
down,0.1,1.4,30.0,0.2188,0.8,False,ok,True,0.8855177991871711,0.776551126583419,0.0002598695851176049
down,0.1,1.4,30.0,0.2188,1.0,False,ok,True,0.8844739254186745,0.7793288625939541,0.00026033217957783123
down,0.1,1.6,0.0,0.2188,0.5,False,ok,True,1.0041378348933705,0.7775377809962359,0.0002593647119755687
down,0.1,1.6,0.0,0.2188,0.8,False,ok,True,0.9789780147637431,0.7614661595484175,0.00026006168461643994
down,0.1,1.6,0.0,0.2188,1.0,False,ok,True,0.9723883267825075,0.7564870579413582,0.0002605308102983528
down,0.1,1.6,15.0,0.2188,0.5,False,ok,True,0.9361837774586624,0.5718723150997443,0.00025924714901809403
down,0.1,1.6,15.0,0.2188,0.8,False,ok,True,0.986579816193096,0.6060003104075369,0.00025991574185850675
down,0.1,1.6,15.0,0.2188,1.0,False,ok,True,0.962316635420191,0.5976273791094786,0.00026040741159238305
down,0.1,1.6,30.0,0.2188,0.5,False,ok,True,0.7747504626058827,0.7747194529609555,0.0002591553821796555
down,0.1,1.6,30.0,0.2188,0.8,False,ok,True,0.9125545045611747,0.7765440590438442,0.0002598459046154033
down,0.1,1.6,30.0,0.2188,1.0,False,ok,True,0.98811699348799,0.7793216299858702,0.00026030597682013623
down,0.1,1.8,0.0,0.2188,0.5,False,ok,True,0.9833692872939596,0.7853167534407195,0.0002594932470789369
down,0.1,1.8,0.0,0.2188,0.8,False,ok,True,0.9886113167816397,0.7782381879095278,0.00026018874337838897
down,0.1,1.8,0.0,0.2188,1.0,False,ok,True,0.9909100777012088,0.7811672142270822,0.0002606613070411431
down,0.1,1.8,15.0,0.2188,0.5,False,ok,True,0.9151244557532839,0.5639347448606883,0.00025991336649841264
down,0.1,1.8,15.0,0.2188,0.8,False,ok,True,1.014079105420648,0.5016758633716923,0.00026063230568848056
down,0.1,1.8,15.0,0.2188,1.0,False,ok,True,0.9339756751478424,0.6049112918902382,0.00026112797436144694
down,0.1,1.8,30.0,0.2188,0.5,False,ok,True,0.8380974903755822,0.7747115751368636,0.00025931941821054875
down,0.1,1.8,30.0,0.2188,0.8,False,ok,True,0.958835029125415,0.7765360423289909,0.00026003090357280205
down,0.1,1.8,30.0,0.2188,1.0,False,ok,True,1.084224202202142,0.7793134263268697,0.00026049362237173926
down,0.1,2.0,0.0,0.2188,0.5,False,ok,True,0.9745662225280437,0.7735855543462542,0.0002499327845639752
down,0.1,2.0,0.0,0.2188,0.8,False,ok,True,0.9803829042173627,0.7691759777842275,0.0002503715101753888
down,0.1,2.0,0.0,0.2188,1.0,False,ok,True,0.9864045054937318,0.7734719632290379,0.00025054044957479297
down,0.1,2.0,15.0,0.2188,0.5,False,ok,True,0.7522435069848169,0.3859989015110283,0.0002552469338302554
down,0.1,2.0,15.0,0.2188,0.8,False,ok,True,0.9537648683360559,0.5395701748121614,0.00025483577346989764
down,0.1,2.0,15.0,0.2188,1.0,False,ok,True,0.9078748305627116,0.664792919731879,0.00025451691296388986
down,0.1,2.0,30.0,0.2188,0.5,False,ok,True,0.852005864606441,0.7747027643936267,0.0002594284863310536
down,0.1,2.0,30.0,0.2188,0.8,False,ok,True,1.031890288026038,0.7765270764466587,0.00026039677694188337
down,0.1,2.0,30.0,0.2188,1.0,False,ok,True,1.175919390758724,0.7793042516241414,0.00026097099276964835
down,0.1,2.2,0.0,0.2188,0.5,False,ok,True,0.9462493888977987,0.7368993034025063,0.0002567867208625644
down,0.1,2.2,0.0,0.2188,0.8,False,ok,True,0.9519505607269263,0.7376274360594367,0.0002575318362818802
down,0.1,2.2,0.0,0.2188,1.0,False,ok,True,0.9584262632058277,0.7398115548258413,0.00025716494907908794
down,0.1,2.2,15.0,0.2188,0.5,False,ok,True,0.6950984075924372,0.405504476825167,0.0002503101805767991
down,0.1,2.2,15.0,0.2188,0.8,False,ok,True,0.8891028786038285,0.5854597027208036,0.0002458539603069158
down,0.1,2.2,15.0,0.2188,1.0,False,ok,True,0.9000395671067342,0.6637108827082959,0.00024683931600083937
down,0.1,2.2,30.0,0.2188,0.5,False,ok,True,0.9013843287858375,0.7746930207404871,0.00025599609216557485
down,0.1,2.2,30.0,0.2188,0.8,False,ok,True,1.0924068830544338,0.7765171614055512,0.0002549153149437685
down,0.1,2.2,30.0,0.2188,1.0,False,ok,True,1.2496652277192835,0.7792941058856276,0.00025514903536861367
down,0.1,2.4,0.0,0.2188,0.5,False,ok,True,0.9348159184947034,0.6889909732536921,0.0003571042925696208
down,0.1,2.4,0.0,0.2188,0.8,False,ok,True,0.9368798098009943,0.6975475761936961,0.00036342997714506025
down,0.1,2.4,0.0,0.2188,1.0,False,ok,True,0.9345794502860685,0.6856282015195719,0.0003651808914500434
down,0.1,2.4,15.0,0.2188,0.5,False,ok,True,0.6872142390304498,0.3796721646575312,0.00028846019727347407
down,0.1,2.4,15.0,0.2188,0.8,False,ok,True,0.7873975309169786,0.4971432035475179,0.00029042782345684785
down,0.1,2.4,15.0,0.2188,1.0,False,ok,True,0.8709155833007969,0.6324346529178394,0.000299753965538249
down,0.1,2.4,30.0,0.2188,0.5,False,ok,True,0.955004302953614,0.7746823441876393,0.0002588301957083277
down,0.1,2.4,30.0,0.2188,0.8,False,ok,True,1.155789545262007,0.7765062972152859,0.00024794815115853036
down,0.1,2.4,30.0,0.2188,1.0,False,ok,True,1.3237775176762503,0.7792829891200659,0.00024778008376703494
down,0.1,2.6,0.0,0.2188,0.5,False,ok,True,0.9347794683353963,0.6327230975303697,0.00046932192461988313
down,0.1,2.6,0.0,0.2188,0.8,False,ok,True,0.9358790344865621,0.6383597830857373,0.00047781692210974896
down,0.1,2.6,0.0,0.2188,1.0,False,ok,True,0.9370154977576257,0.636068323039965,0.00048380291246384057
down,0.1,2.6,15.0,0.2188,0.5,False,ok,True,0.8381334147322065,0.3619515692298095,0.00032808818737305363
down,0.1,2.6,15.0,0.2188,0.8,False,ok,True,0.8778843071661776,0.5841707999544956,0.0004385928312602144
down,0.1,2.6,15.0,0.2188,1.0,False,ok,True,0.8806161963614837,0.5729903650390558,0.00044111087395215244
down,0.1,2.6,30.0,0.2188,0.5,False,ok,True,1.031599033557282,0.774670734746243,0.0002684720773728111
down,0.1,2.6,30.0,0.2188,0.8,False,ok,True,1.2185926097940043,0.7764944838863602,0.000281310633983513
down,0.1,2.6,30.0,0.2188,1.0,False,ok,True,1.4036211813653312,0.779270901336983,0.00027230469391385554
down,0.1,2.8,0.0,0.2188,0.5,False,ok,True,0.934792259856472,0.6330705144449655,0.00030370655326707684
down,0.1,2.8,0.0,0.2188,0.8,False,ok,True,0.934933088387544,0.6361024869163712,0.00030795867488963555
down,0.1,2.8,0.0,0.2188,1.0,False,ok,True,0.9362359771543927,0.6385612351539052,0.0003086095971040098
down,0.1,2.8,15.0,0.2188,0.5,False,ok,True,0.8610796021009232,0.417208747513824,0.00026245551269676393
down,0.1,2.8,15.0,0.2188,0.8,False,ok,True,0.8919990896622196,0.5791928599025989,0.0004495130983642026
down,0.1,2.8,15.0,0.2188,1.0,False,ok,True,0.8938412225672026,0.5681089906034665,0.0004564948341189085
down,0.1,2.8,30.0,0.2188,0.5,False,ok,True,1.0871398509758454,0.7746581924283947,0.0003557925674486136
down,0.1,2.8,30.0,0.2188,0.8,False,ok,True,1.2744573747670616,0.7764817214301888,0.00036426873631289054
down,0.1,2.8,30.0,0.2188,1.0,False,ok,True,1.4690123099109054,0.7792578425467311,0.00037133079952727914
down,0.1,3.0,0.0,0.2188,0.5,False,ok,True,0.9354765845298099,0.63455507385848,0.0003612724206888793
down,0.1,3.0,0.0,0.2188,0.8,False,ok,True,0.9349947640312786,0.6340923818527191,0.0003767239769714033
down,0.1,3.0,0.0,0.2188,1.0,False,ok,True,0.9348135218461417,0.6378964308814586,0.0003911590104699017
down,0.1,3.0,15.0,0.2188,0.5,False,ok,True,0.8193986626358037,0.45775208489571456,3.418505305216376e-05
down,0.1,3.0,15.0,0.2188,0.8,False,ok,True,0.9200604094898744,0.5793890913033553,6.770868070924455e-06
down,0.1,3.0,15.0,0.2188,1.0,False,ok,True,0.9162938358358856,0.5851203765282935,7.99439591499236e-06
down,0.1,3.0,30.0,0.2188,0.5,False,ok,True,1.1118019673297388,0.7746447172471893,0.000441719265322574
down,0.1,3.0,30.0,0.2188,0.8,False,ok,True,1.332551202694596,0.7764680098590835,0.0004484158388823501
down,0.1,3.0,30.0,0.2188,1.0,False,ok,True,1.5391995251339985,0.7792438127604827,0.00045747747419006083
down,0.12,0.4,0.0,0.2188,0.5,False,ok,True,1.6890868308622589,0.5525851730689042,0.00025917660653218506
down,0.12,0.4,0.0,0.2188,0.8,False,ok,True,0.9687707973481039,0.3582293752487518,0.0002598679163144941
down,0.12,0.4,0.0,0.2188,1.0,False,ok,True,1.0861071658171153,0.3171409024982895,0.00026032998920533956
down,0.12,0.4,15.0,0.2188,0.5,False,ok,True,0.7496616834561214,0.7491463692817727,0.0002591766241915977
down,0.12,0.4,15.0,0.2188,0.8,False,ok,True,0.7545796452307953,0.7535936609993221,0.0002598679136599267
down,0.12,0.4,15.0,0.2188,1.0,False,ok,True,0.7585163312949663,0.7572902036996212,0.00026033000436209984
down,0.12,0.4,30.0,0.2188,0.5,False,ok,True,1.068656531376657,1.0686557288800498,0.0002591766115769959
down,0.12,0.4,30.0,0.2188,0.8,False,ok,True,1.0711009007324666,1.071100161729937,0.0002598679204574252
down,0.12,0.4,30.0,0.2188,1.0,False,ok,True,1.0745109296464663,1.0745102655418914,0.00026033000475533634
down,0.12,0.6,0.0,0.2188,0.5,False,ok,True,1.326080290987871,0.572652367501423,0.0002591773097842711
down,0.12,0.6,0.0,0.2188,0.8,False,ok,True,1.0181759991543322,0.45598587007689734,0.0002598679399552612
down,0.12,0.6,0.0,0.2188,1.0,False,ok,True,1.1198621962402089,0.4454118023309161,0.00026032935142782413
down,0.12,0.6,15.0,0.2188,0.5,False,ok,True,0.7440723707222672,0.7432698762972211,0.00025917664706009893
down,0.12,0.6,15.0,0.2188,0.8,False,ok,True,0.7462644768739027,0.7446518148185869,0.0002598679211225929
down,0.12,0.6,15.0,0.2188,1.0,False,ok,True,0.7501938407350396,0.748332678946513,0.00026033000981088433
down,0.12,0.6,30.0,0.2188,0.5,False,ok,True,1.0686548908620104,1.0686530504794765,0.00025917663304542436
down,0.12,0.6,30.0,0.2188,0.8,False,ok,True,1.07109913244575,1.0710974362759942,0.000259867915812007
down,0.12,0.6,30.0,0.2188,1.0,False,ok,True,1.0745090024593902,1.0745074764491007,0.00026033001056082654
down,0.12,0.8,0.0,0.2188,0.5,False,ok,True,1.107361676429115,0.6062740991558755,0.00025917684925798177
down,0.12,0.8,0.0,0.2188,0.8,False,ok,True,1.0717568302719038,0.5591946340213128,0.0002598677661800702
down,0.12,0.8,0.0,0.2188,1.0,False,ok,True,1.0471408909863051,0.560275172853233,0.0002603293007814411
down,0.12,0.8,15.0,0.2188,0.5,False,ok,True,0.7415742133850258,0.7408826453724963,0.00025917642713481765
down,0.12,0.8,15.0,0.2188,0.8,False,ok,True,0.7509075041080309,0.7497547513834087,0.0002598679330353566
down,0.12,0.8,15.0,0.2188,1.0,False,ok,True,0.7504326975559267,0.7490089358535741,0.00026032988113726044
down,0.12,0.8,30.0,0.2188,0.5,False,ok,True,1.0686525921025776,1.0686492891463775,0.000259176517786002
down,0.12,0.8,30.0,0.2188,0.8,False,ok,True,1.0710966549626089,1.071093609585828,0.0002598679373725441
down,0.12,0.8,30.0,0.2188,1.0,False,ok,True,1.0745063027656587,1.0745035613512717,0.0002603304513700692
down,0.12,1.0,0.0,0.2188,0.5,False,ok,True,1.0790331975938057,0.6737815057159974,0.0002591766254465735
down,0.12,1.0,0.0,0.2188,0.8,False,ok,True,1.0754487673792874,0.6379650776560994,0.0002598676860268141
down,0.12,1.0,0.0,0.2188,1.0,False,ok,True,1.0606737013301355,0.6344597646752957,0.00026032950205747953
down,0.12,1.0,15.0,0.2188,0.5,False,ok,True,0.9118005209848444,0.8416334153140723,0.00025917601964780613
down,0.12,1.0,15.0,0.2188,0.8,False,ok,True,1.0015078414608436,0.8948572276145604,0.0002598689602018643
down,0.12,1.0,15.0,0.2188,1.0,False,ok,True,1.0385095653079583,0.9105841969985512,0.0002603308910108427
down,0.12,1.0,30.0,0.2188,0.5,False,ok,True,1.0686496351501626,1.0686444448834156,0.00025917625675207133
down,0.12,1.0,30.0,0.2188,0.8,False,ok,True,1.0710934683327469,1.0710886816608904,0.00025986952221325064
down,0.12,1.0,30.0,0.2188,1.0,False,ok,True,1.074502830640908,1.0744985202769457,0.00026033078508509147
down,0.12,1.2,0.0,0.2188,0.5,False,ok,True,1.068761573773454,0.7236619610383597,0.0002591771407852742
down,0.12,1.2,0.0,0.2188,0.8,False,ok,True,1.0682853361515183,0.7087762194867329,0.00025986854607859344
down,0.12,1.2,0.0,0.2188,1.0,False,ok,True,1.0467346961166613,0.6988708722046492,0.00026033064727081705
down,0.12,1.2,15.0,0.2188,0.5,False,ok,True,0.8429545233729429,0.829998326400671,0.00025917667523156864
down,0.12,1.2,15.0,0.2188,0.8,False,ok,True,0.9427769026311801,0.9279776783148475,0.0002598683112078201
down,0.12,1.2,15.0,0.2188,1.0,False,ok,True,1.0162196114745186,0.9926700733395231,0.00026033101871814036
down,0.12,1.2,30.0,0.2188,0.5,False,ok,True,1.0686460200792303,1.0686385177017852,0.0002591764016210043
down,0.12,1.2,30.0,0.2188,0.8,False,ok,True,1.0710895726200715,1.0710826525029666,0.0002598687840084543
down,0.12,1.2,30.0,0.2188,1.0,False,ok,True,1.0744985861473348,1.0744923532276482,0.00026033077742752234
down,0.12,1.4,0.0,0.2188,0.5,False,ok,True,1.060693960518682,0.7425678432492933,0.0002591495105197096
down,0.12,1.4,0.0,0.2188,0.8,False,ok,True,1.0737288142569767,0.7225627253689897,0.0002598383106760941
down,0.12,1.4,0.0,0.2188,1.0,False,ok,True,1.0382382898954712,0.7112301603585126,0.0002602984507973007
down,0.12,1.4,15.0,0.2188,0.5,False,ok,True,0.9516310705906069,0.7904768452661606,0.0002591670059580006
down,0.12,1.4,15.0,0.2188,0.8,False,ok,True,0.9190138703636869,0.8964290699366482,0.0002598531913735623
down,0.12,1.4,15.0,0.2188,1.0,False,ok,True,0.9410166422379831,0.9317048308429822,0.0002603150671929318
down,0.12,1.4,30.0,0.2188,0.5,False,ok,True,1.0686417469717744,1.0686315076060844,0.00025917808729922605
down,0.12,1.4,30.0,0.2188,0.8,False,ok,True,1.0710849679027055,1.0710755221141846,0.000259869787991991
down,0.12,1.4,30.0,0.2188,1.0,False,ok,True,1.0744935693609496,1.0744850602051534,0.0002603327744995115
down,0.12,1.6,0.0,0.2188,0.5,False,ok,True,1.0757640710253817,0.8146637076894105,0.00025943642560596533
down,0.12,1.6,0.0,0.2188,0.8,False,ok,True,1.0548799035330303,0.7951206568626639,0.0002601368742146635
down,0.12,1.6,0.0,0.2188,1.0,False,ok,True,1.0727149120504804,0.7951221700355565,0.0002606110661175729
down,0.12,1.6,15.0,0.2188,0.5,False,ok,True,0.9652890471905805,0.7915365732418521,0.00025927761548451305
down,0.12,1.6,15.0,0.2188,0.8,False,ok,True,1.0704945324270652,0.8511518734890247,0.00025993515221181833
down,0.12,1.6,15.0,0.2188,1.0,False,ok,True,1.0428390999388322,0.9068570286760907,0.0002604238442384397
down,0.12,1.6,30.0,0.2188,0.5,False,ok,True,1.0686368159222093,1.0686234145992066,0.000259147970629497
down,0.12,1.6,30.0,0.2188,0.8,False,ok,True,1.0710796542729841,1.0710672904970122,0.0002598413321082158
down,0.12,1.6,30.0,0.2188,1.0,False,ok,True,1.074487780371593,1.0744766412114992,0.00026029785228606956
down,0.12,1.8,0.0,0.2188,0.5,False,ok,True,1.0551002273284813,0.8267870087268275,0.0002592667546710915
down,0.12,1.8,0.0,0.2188,0.8,False,ok,True,1.0378423222411621,0.815707335537736,0.0002599596639809082
down,0.12,1.8,0.0,0.2188,1.0,False,ok,True,1.0466825537764828,0.8166356580122036,0.0002604251994046268
down,0.12,1.8,15.0,0.2188,0.5,False,ok,True,0.8620543176480729,0.6342465540723542,0.00025975036066726585
down,0.12,1.8,15.0,0.2188,0.8,False,ok,True,1.014117632009186,0.7007148442123249,0.00026082029295220724
down,0.12,1.8,15.0,0.2188,1.0,False,ok,True,1.0585282510920826,0.6220461891601826,0.00026130153058105145
down,0.12,1.8,30.0,0.2188,0.5,False,ok,True,1.0686312270394482,1.068614238684415,0.00025937630523691844
down,0.12,1.8,30.0,0.2188,0.8,False,ok,True,1.071073631837466,1.0710579576542654,0.00026004802508976677
down,0.12,1.8,30.0,0.2188,1.0,False,ok,True,1.088201829549143,1.0744670962489602,0.0002605665052365545
down,0.12,2.0,0.0,0.2188,0.5,False,ok,True,1.0507214320130573,0.8186790991758195,0.00024720325595396254
down,0.12,2.0,0.0,0.2188,0.8,False,ok,True,1.0530512048559026,0.808622284222144,0.00024751122836125716
down,0.12,2.0,0.0,0.2188,1.0,False,ok,True,1.0395009904703247,0.8108497069035375,0.0002476294493409049
down,0.12,2.0,15.0,0.2188,0.5,False,ok,True,0.7707170504641847,0.49938176396580064,0.00025332891560012153
down,0.12,2.0,15.0,0.2188,0.8,False,ok,True,0.9407716754572293,0.6269215824787068,0.0002526882849762406
down,0.12,2.0,15.0,0.2188,1.0,False,ok,True,0.9972463531552022,0.598535753399879,0.0002523558429139561
down,0.12,2.0,30.0,0.2188,0.5,False,ok,True,1.1776272702206347,1.0686039798654157,0.0002594767984015049
down,0.12,2.0,30.0,0.2188,0.8,False,ok,True,1.0859439257983319,1.071047523589096,0.0002605273920829816
down,0.12,2.0,30.0,0.2188,1.0,False,ok,True,1.1644447147629937,1.0744564253200695,0.0002610910216599135
down,0.12,2.2,0.0,0.2188,0.5,False,ok,True,1.0678751693271238,0.7914360714837676,0.0002612511401089169
down,0.12,2.2,0.0,0.2188,0.8,False,ok,True,1.0460558542180818,0.7792738451932852,0.0002624913409872725
down,0.12,2.2,0.0,0.2188,1.0,False,ok,True,1.0509769409152483,0.775959002112495,0.00026318060924211234
down,0.12,2.2,15.0,0.2188,0.5,False,ok,True,0.7633822841004839,0.5259104296924222,0.0002501195660902849
down,0.12,2.2,15.0,0.2188,0.8,False,ok,True,0.8147074608188443,0.5182738117619945,0.00024568328030041007
down,0.12,2.2,15.0,0.2188,1.0,False,ok,True,0.9435171852957946,0.6286232191332021,0.00024374163476696968
down,0.12,2.2,30.0,0.2188,0.5,False,ok,True,1.2691811644173634,1.0685926381462778,0.00025479284834742296
down,0.12,2.2,30.0,0.2188,0.8,False,ok,True,1.2344662186857136,1.0710359883049838,0.0002536620770518094
down,0.12,2.2,30.0,0.2188,1.0,False,ok,True,1.2442611851506904,1.0744446284275955,0.0002544255236244042
down,0.12,2.4,0.0,0.2188,0.5,False,ok,True,1.0657714023504967,0.7397688195832605,0.0003951436380533107
down,0.12,2.4,0.0,0.2188,0.8,False,ok,True,1.0526287819895965,0.7311127896466718,0.00039963133619169277
down,0.12,2.4,0.0,0.2188,1.0,False,ok,True,1.0330552095397123,0.7191372603896843,0.0004013271000024572
down,0.12,2.4,15.0,0.2188,0.5,False,ok,True,0.7292174120066652,0.48000327174032725,0.0002940796842133024
down,0.12,2.4,15.0,0.2188,0.8,False,ok,True,0.7870463707705462,0.5875567021654262,0.0003148724597838843
down,0.12,2.4,15.0,0.2188,1.0,False,ok,True,0.8006942913555789,0.5593785169793772,0.0003002131267564915
down,0.12,2.4,30.0,0.2188,0.5,False,ok,True,1.3616110324617683,1.0685802135314801,0.000262170862958796
down,0.12,2.4,30.0,0.2188,0.8,False,ok,True,1.3703194929948816,1.0710233518057737,0.0002454079305455369
down,0.12,2.4,30.0,0.2188,1.0,False,ok,True,1.3196464091058755,1.074431705574559,0.00024547306540625085
down,0.12,2.6,0.0,0.2188,0.5,False,ok,True,1.0642851490577665,0.6903437556879414,0.0005177321904630267
down,0.12,2.6,0.0,0.2188,0.8,False,ok,True,1.0480745995940572,0.6827934447198483,0.0005219582977137682
down,0.12,2.6,0.0,0.2188,1.0,False,ok,True,1.0478571995645187,0.6774314535889948,0.0005260938996399105
down,0.12,2.6,15.0,0.2188,0.5,False,ok,True,0.799235486283019,0.48281955451540304,0.0003287419588315838
down,0.12,2.6,15.0,0.2188,0.8,False,ok,True,0.8866560580936466,0.615449607547631,0.00046825124795775913
down,0.12,2.6,15.0,0.2188,1.0,False,ok,True,1.0358333673699776,0.635385619626377,0.00048085503464772135
down,0.12,2.6,30.0,0.2188,0.5,False,ok,True,1.420579469164089,1.0685667060259039,0.0002709278118138713
down,0.12,2.6,30.0,0.2188,0.8,False,ok,True,1.4930600889377958,1.0710096140956202,0.0002797088038938948
down,0.12,2.6,30.0,0.2188,1.0,False,ok,True,1.4074681391735762,1.0744176567642203,0.00028881256910999773
down,0.12,2.8,0.0,0.2188,0.5,False,ok,True,1.0627863391015882,0.6586226148079275,0.0002647794291419442
down,0.12,2.8,0.0,0.2188,0.8,False,ok,True,1.0606180210910816,0.659083464942862,0.00024552353282929196
down,0.12,2.8,0.0,0.2188,1.0,False,ok,True,1.0531692607614196,0.658499721416081,0.00023245667679922517
down,0.12,2.8,15.0,0.2188,0.5,False,ok,True,0.9545770678855693,0.5326081248229254,0.00021896426510562011
down,0.12,2.8,15.0,0.2188,0.8,False,ok,True,0.8883275050980655,0.6336158057999187,0.0005182520306270882
down,0.12,2.8,15.0,0.2188,1.0,False,ok,True,1.0764167970417842,0.6148199653934946,0.00047396294717166605
down,0.12,2.8,30.0,0.2188,0.5,False,ok,True,1.2866403600395198,1.0685521156348263,0.0002381242591812521
down,0.12,2.8,30.0,0.2188,0.8,False,ok,True,1.3775948770806552,1.0709947751790385,0.00040520486437094786
down,0.12,2.8,30.0,0.2188,1.0,False,ok,True,1.4716253320760047,1.0744024820001072,0.0003975112105420433
down,0.12,3.0,0.0,0.2188,0.5,False,ok,True,1.0822356643517073,0.6599582448270265,0.0006411306360754551
down,0.12,3.0,0.0,0.2188,0.8,False,ok,True,1.077636241687753,0.659491644483755,0.0006506252228395901
down,0.12,3.0,0.0,0.2188,1.0,False,ok,True,1.0484981516135001,0.6583535071960236,0.0006986780879617594
down,0.12,3.0,15.0,0.2188,0.5,False,ok,True,0.9495958262331038,0.56162224291139,4.443650655739548e-05
down,0.12,3.0,15.0,0.2188,0.8,False,ok,True,0.925240998208508,0.6686878365814041,0.0002882598972109056
down,0.12,3.0,15.0,0.2188,1.0,False,ok,True,1.1189228682028078,0.6262173939278495,9.79870088425441e-05
down,0.12,3.0,30.0,0.2188,0.5,False,ok,True,1.3622902425793326,1.0685364423639194,0.0002334378457434205
down,0.12,3.0,30.0,0.2188,0.8,False,ok,True,1.5238468121889557,1.070978835060867,0.0004854168461004948
down,0.12,3.0,30.0,0.2188,1.0,False,ok,True,1.5834932150790693,1.0743861812859679,0.0004965442712488874
down,0.14,0.4,0.0,0.2188,0.5,False,ok,True,1.9627042622047899,0.6061925619126844,0.0002591766182768344
down,0.14,0.4,0.0,0.2188,0.8,False,ok,True,1.1816577738092138,0.34411956965999824,0.00025986792468180286
down,0.14,0.4,0.0,0.2188,1.0,False,ok,True,1.143756503892217,0.38791735998690297,0.0002603299978690663
down,0.14,0.4,15.0,0.2188,0.5,False,ok,True,0.9035418008101077,0.9024218048457705,0.00025917663815430513
down,0.14,0.4,15.0,0.2188,0.8,False,ok,True,0.9071826266841976,0.9068787749507826,0.00025986791370609125
down,0.14,0.4,15.0,0.2188,1.0,False,ok,True,0.9153347227921027,0.9147714141040941,0.0002603300076760466
down,0.14,0.4,30.0,0.2188,0.5,False,ok,True,0.954706305361849,0.9547061703170641,0.00025917670473556956
down,0.14,0.4,30.0,0.2188,0.8,False,ok,True,0.9551655801083272,0.9551654800224417,0.00025986791175220254
down,0.14,0.4,30.0,0.2188,1.0,False,ok,True,0.955784027786123,0.9557839646615581,0.00026033000579212646
down,0.14,0.6,0.0,0.2188,0.5,False,ok,True,1.2946956087001502,0.6272883866273207,0.000259177432822982
down,0.14,0.6,0.0,0.2188,0.8,False,ok,True,1.3143263356151487,0.4970612416651226,0.000259867932322669
down,0.14,0.6,0.0,0.2188,1.0,False,ok,True,1.1993203862486268,0.5324611993956129,0.0002603300126288503
down,0.14,0.6,15.0,0.2188,0.5,False,ok,True,0.9051297913357169,0.9040282944206517,0.0002591766234246345
down,0.14,0.6,15.0,0.2188,0.8,False,ok,True,0.9065053864062236,0.9056794015660562,0.00025986791613298533
down,0.14,0.6,15.0,0.2188,1.0,False,ok,True,0.9071674257079836,0.905829725517715,0.00026033000640415826
down,0.14,0.6,30.0,0.2188,0.5,False,ok,True,0.954708739279612,0.9547084158788066,0.0002591766769659647
down,0.14,0.6,30.0,0.2188,0.8,False,ok,True,0.9551679963839438,0.9551677542844397,0.00025986791567000916
down,0.14,0.6,30.0,0.2188,1.0,False,ok,True,0.9557864323696064,0.9557862768108937,0.0002603300022207137
down,0.14,0.8,0.0,0.2188,0.5,False,ok,True,1.252418672228473,0.7061179045997447,0.00025917725821455296
down,0.14,0.8,0.0,0.2188,0.8,False,ok,True,1.2175251498102555,0.6215466787730887,0.00025986770263133023
down,0.14,0.8,0.0,0.2188,1.0,False,ok,True,1.2235120065180956,0.639309842908356,0.00026033085339132177
down,0.14,0.8,15.0,0.2188,0.5,False,ok,True,0.9098315749747913,0.9087518535288338,0.0002591762955596906
down,0.14,0.8,15.0,0.2188,0.8,False,ok,True,0.9084071172975537,0.9076937051507458,0.00025986793516131194
down,0.14,0.8,15.0,0.2188,1.0,False,ok,True,0.9129546965816832,0.9119394805715635,0.0002603298411810954
down,0.14,0.8,30.0,0.2188,0.5,False,ok,True,0.9547121266312143,0.9547115338836548,0.0002591765067701386
down,0.14,0.8,30.0,0.2188,0.8,False,ok,True,0.9551713583166359,0.955170912456336,0.0002598679447389366
down,0.14,0.8,30.0,0.2188,1.0,False,ok,True,0.9557897770091105,0.9557894880035878,0.0002603297609521431
down,0.14,1.0,0.0,0.2188,0.5,False,ok,True,1.2671079145543342,0.7575937891848263,0.00025917662825595357
down,0.14,1.0,0.0,0.2188,0.8,False,ok,True,1.2281301674036726,0.7141764700588126,0.0002598675416686185
down,0.14,1.0,0.0,0.2188,1.0,False,ok,True,1.2102498235424481,0.6981683212759667,0.00026032936122020767
down,0.14,1.0,15.0,0.2188,0.5,False,ok,True,1.078279422542163,1.0386199773077402,0.00025917632759741796
down,0.14,1.0,15.0,0.2188,0.8,False,ok,True,1.1518817847263034,1.0969000782544442,0.0002598683157970065
down,0.14,1.0,15.0,0.2188,1.0,False,ok,True,1.2296515178619152,1.1479043997304166,0.0002603309574041107
down,0.14,1.0,30.0,0.2188,0.5,False,ok,True,0.9547164672646414,0.9547155241450964,0.0002591761861393296
down,0.14,1.0,30.0,0.2188,0.8,False,ok,True,0.9551756657448297,0.9551749543457274,0.0002598696400250543
down,0.14,1.0,30.0,0.2188,1.0,False,ok,True,0.9557940615300891,0.95579359803922,0.0002603308280630312
down,0.14,1.2,0.0,0.2188,0.5,False,ok,True,1.2331988983577105,0.7952556487687149,0.0002591772702986524
down,0.14,1.2,0.0,0.2188,0.8,False,ok,True,1.2374907150448105,0.7723719284571728,0.00025986881404020396
down,0.14,1.2,0.0,0.2188,1.0,False,ok,True,1.2143395314920928,0.7720169596724503,0.0002603305576388732
down,0.14,1.2,15.0,0.2188,0.5,False,ok,True,1.0058733263826911,0.999669500590312,0.00025917677112273545
down,0.14,1.2,15.0,0.2188,0.8,False,ok,True,1.1134473761511536,1.1098640306682144,0.0002598681836267593
down,0.14,1.2,15.0,0.2188,1.0,False,ok,True,1.1805588601763128,1.1729821073317466,0.0002603306899866339
down,0.14,1.2,30.0,0.2188,0.5,False,ok,True,0.9547217609856068,0.9547203864243781,0.00025917638997451786
down,0.14,1.2,30.0,0.2188,0.8,False,ok,True,0.9551809184620688,0.9551798797064088,0.0002598685481732467
down,0.14,1.2,30.0,0.2188,1.0,False,ok,True,0.9557992857093405,0.9557986066611971,0.00026033085046087633
down,0.14,1.4,0.0,0.2188,0.5,False,ok,True,1.2357280376352944,0.7873801516507429,0.0002591426801638662
down,0.14,1.4,0.0,0.2188,0.8,False,ok,True,1.2493103192728208,0.7776825322649645,0.00025983032570760776
down,0.14,1.4,0.0,0.2188,1.0,False,ok,True,1.2056811694060123,0.7776695644734346,0.0002602909296354302
down,0.14,1.4,15.0,0.2188,0.5,False,ok,True,1.010288809954005,0.9707325468041369,0.000259160366246805
down,0.14,1.4,15.0,0.2188,0.8,False,ok,True,1.0629098739335319,1.0566965239238608,0.0002598520449440037
down,0.14,1.4,15.0,0.2188,1.0,False,ok,True,1.1269600077766317,1.1089164529397308,0.00026031140979014376
down,0.14,1.4,30.0,0.2188,0.5,False,ok,True,1.0652905984163201,0.9547261204305341,0.00025917834964279594
down,0.14,1.4,30.0,0.2188,0.8,False,ok,True,1.0221460452041171,0.9551856882385497,0.00025987007140932896
down,0.14,1.4,30.0,0.2188,1.0,False,ok,True,1.017097374529574,0.9558045135567684,0.00026033211304681974
down,0.14,1.6,0.0,0.2188,0.5,False,ok,True,1.2051630725363918,0.829930121645753,0.0002595248006944652
down,0.14,1.6,0.0,0.2188,0.8,False,ok,True,1.2280444156078991,0.8221300818690442,0.00026023561501505266
down,0.14,1.6,0.0,0.2188,1.0,False,ok,True,1.2022173760997978,0.8208540939314596,0.00026070339179690307
down,0.14,1.6,15.0,0.2188,0.5,False,ok,True,0.9143783710075017,0.87234722826907,0.0002592906303662978
down,0.14,1.6,15.0,0.2188,0.8,False,ok,True,1.1138868708264038,0.952671495483799,0.0002599987675883399
down,0.14,1.6,15.0,0.2188,1.0,False,ok,True,1.1165780185465402,0.9077607294398896,0.0002604387750668355
down,0.14,1.6,30.0,0.2188,0.5,False,ok,True,1.1919428162026597,0.9740891272437586,0.0002591495687726978
down,0.14,1.6,30.0,0.2188,0.8,False,ok,True,1.154934657810713,0.974414431753262,0.00025983417757862267
down,0.14,1.6,30.0,0.2188,1.0,False,ok,True,1.1080923278092876,0.9748543895685478,0.00026029693802443284
down,0.14,1.8,0.0,0.2188,0.5,False,ok,True,1.235816061075736,0.8505084705533001,0.0002589232702931825
down,0.14,1.8,0.0,0.2188,0.8,False,ok,True,1.2122630263106693,0.8412248874018056,0.0002596145805142003
down,0.14,1.8,0.0,0.2188,1.0,False,ok,True,1.2226360454801004,0.84350653834337,0.0002606213109242914
down,0.14,1.8,15.0,0.2188,0.5,False,ok,True,0.853987848137431,0.7408193995357897,0.0002598795054615987
down,0.14,1.8,15.0,0.2188,0.8,False,ok,True,0.9971892318396554,0.6807707904792328,0.0002609295262395643
down,0.14,1.8,15.0,0.2188,1.0,False,ok,True,1.0677529185448644,0.64353162470287,0.0002614133575143133
down,0.14,1.8,30.0,0.2188,0.5,False,ok,True,1.328156131382678,0.9740953350333394,0.0002594002984426768
down,0.14,1.8,30.0,0.2188,0.8,False,ok,True,1.2181932913247713,0.9744208447636539,0.00026007336408196465
down,0.14,1.8,30.0,0.2188,1.0,False,ok,True,1.1748019480825795,0.974861075442136,0.0002605566839026307
down,0.14,2.0,0.0,0.2188,0.5,False,ok,True,1.2298562115400318,0.847038868272548,0.00024426124524618096
down,0.14,2.0,0.0,0.2188,0.8,False,ok,True,1.2361193293487276,0.8391084910621834,0.000244440638489472
down,0.14,2.0,0.0,0.2188,1.0,False,ok,True,1.2157352155368506,0.8384788205263867,0.00024455883044839167
down,0.14,2.0,15.0,0.2188,0.5,False,ok,True,0.8352675795553413,0.5861282947699876,0.0002507499941201662
down,0.14,2.0,15.0,0.2188,0.8,False,ok,True,0.9529722807821496,0.6356329764181595,0.00025135082673019484
down,0.14,2.0,15.0,0.2188,1.0,False,ok,True,0.9896124000712765,0.7009964719168702,0.0002502118219817127
down,0.14,2.0,30.0,0.2188,0.5,False,ok,True,1.378420737586076,0.9741024021307295,0.00025956653918529654
down,0.14,2.0,30.0,0.2188,0.8,False,ok,True,1.3261769417495148,0.9744282582106009,0.00026030860377274285
down,0.14,2.0,30.0,0.2188,1.0,False,ok,True,1.2722644928243931,0.9748689388190804,0.00026110361790179754
down,0.14,2.2,0.0,0.2188,0.5,False,ok,True,1.245958116192838,0.8218333051458588,0.00027042392281444546
down,0.14,2.2,0.0,0.2188,0.8,False,ok,True,1.224564375284181,0.8101972131323902,0.000270988108696964
down,0.14,2.2,0.0,0.2188,1.0,False,ok,True,1.2221940324200242,0.80667253112076,0.00027158388462810866
down,0.14,2.2,15.0,0.2188,0.5,False,ok,True,0.78822368588311,0.5539755461710245,0.00025056390120825
down,0.14,2.2,15.0,0.2188,0.8,False,ok,True,0.8818935521008833,0.6335523629269961,0.0002446443347519406
down,0.14,2.2,15.0,0.2188,1.0,False,ok,True,0.9349721124023361,0.6356343381442658,0.00024175456087088587
down,0.14,2.2,30.0,0.2188,0.5,False,ok,True,1.4306308440570938,0.9741103298195326,0.0002548871698940461
down,0.14,2.2,30.0,0.2188,0.8,False,ok,True,1.5123371532485426,0.9744366732063202,0.00025425614797062524
down,0.14,2.2,30.0,0.2188,1.0,False,ok,True,1.351957957603829,0.9748779806509644,0.0002521430095434743
down,0.14,2.4,0.0,0.2188,0.5,False,ok,True,1.2457623775335207,0.7739557053989575,0.0004334649621454655
down,0.14,2.4,0.0,0.2188,0.8,False,ok,True,1.2318188486951756,0.7735914816671854,0.00044110300529098253
down,0.14,2.4,0.0,0.2188,1.0,False,ok,True,1.208296327287152,0.7609307066508406,0.0004448212414290441
down,0.14,2.4,15.0,0.2188,0.5,False,ok,True,0.8042128009061325,0.5591526986769391,0.0002951317351026275
down,0.14,2.4,15.0,0.2188,0.8,False,ok,True,0.8527823304433094,0.6209122133839593,0.00033471705713952206
down,0.14,2.4,15.0,0.2188,1.0,False,ok,True,0.9561743247051668,0.6758812559121676,0.0003213111495656701
down,0.14,2.4,30.0,0.2188,0.5,False,ok,True,1.306862713621624,0.9741191193697372,0.00026381427157526886
down,0.14,2.4,30.0,0.2188,0.8,False,ok,True,1.4988618643639198,0.9744460907715787,0.00024267454244284383
down,0.14,2.4,30.0,0.2188,1.0,False,ok,True,1.4910320613519124,0.9748882017307673,0.00024346431592104116
down,0.14,2.6,0.0,0.2188,0.5,False,ok,True,1.2472921050010364,0.7220666034045389,0.0005555486449434182
down,0.14,2.6,0.0,0.2188,0.8,False,ok,True,1.2275090876240493,0.7138879767812397,0.0005654227836346974
down,0.14,2.6,0.0,0.2188,1.0,False,ok,True,1.2261837236171094,0.7141739406133055,0.0005718897751724537
down,0.14,2.6,15.0,0.2188,0.5,False,ok,True,0.8601836537634237,0.5960043120102742,0.0003206039530465159
down,0.14,2.6,15.0,0.2188,0.8,False,ok,True,0.8345052672849645,0.6107624715622428,0.0004996526249055066
down,0.14,2.6,15.0,0.2188,1.0,False,ok,True,0.9598323036204842,0.6507164995565166,0.0005422580369091627
down,0.14,2.6,30.0,0.2188,0.5,False,ok,True,1.5264048396297982,0.9741287720378926,0.00027575351783996926
down,0.14,2.6,30.0,0.2188,0.8,False,ok,True,1.4332236105346245,0.9744565118365444,0.00029170418497863793
down,0.14,2.6,30.0,0.2188,1.0,False,ok,True,1.4273175383237802,0.9748996026940958,0.00029011971515269057
down,0.14,2.8,0.0,0.2188,0.5,False,ok,True,1.239504341418298,0.6730286009895334,0.00013908660479583387
down,0.14,2.8,0.0,0.2188,0.8,False,ok,True,1.2328876716768762,0.6701116235179858,0.00015712850880799048
down,0.14,2.8,0.0,0.2188,1.0,False,ok,True,1.2211560005485123,0.6699699894547722,0.00015386442093704615
down,0.14,2.8,15.0,0.2188,0.5,False,ok,True,1.0719160162858274,0.6476798241037394,0.00012504131018423816
down,0.14,2.8,15.0,0.2188,0.8,False,ok,True,0.9295233944440527,0.6687888916744502,0.00044602179397302497
down,0.14,2.8,15.0,0.2188,1.0,False,ok,True,0.9377470267473395,0.6772275431576346,0.0005948468968084822
down,0.14,2.8,30.0,0.2188,0.5,False,ok,True,1.6983857900738508,0.9741392890676351,0.00021607247477458633
down,0.14,2.8,30.0,0.2188,0.8,False,ok,True,1.7086884007476515,0.9744679372418104,0.00043035321936292227
down,0.14,2.8,30.0,0.2188,1.0,False,ok,True,1.7551143477351248,0.9749121840206603,0.0004177147866240256
down,0.14,3.0,0.0,0.2188,0.5,False,ok,True,1.2974174154290425,0.670746782478978,0.0009394387624468905
down,0.14,3.0,0.0,0.2188,0.8,False,ok,True,1.2904135679032753,0.6703042319570276,0.001017223479646652
down,0.14,3.0,0.0,0.2188,1.0,False,ok,True,1.261050212833856,0.6701217954404609,0.001074343840583849
down,0.14,3.0,15.0,0.2188,0.5,False,ok,True,1.1434583001744585,0.684840519104144,0.00013256665675654257
down,0.14,3.0,15.0,0.2188,0.8,False,ok,True,1.0428249154901836,0.7320175419379288,0.00012944306240082878
down,0.14,3.0,15.0,0.2188,1.0,False,ok,True,0.9516978074672751,0.7184686839031549,0.00024085110414262425
down,0.14,3.0,30.0,0.2188,0.5,False,ok,True,1.8654291138761427,0.9741506716900311,0.00021964134848408455
down,0.14,3.0,30.0,0.2188,0.8,False,ok,True,1.7054391971629903,0.9744803677396526,0.0004553351834066599
down,0.14,3.0,30.0,0.2188,1.0,False,ok,True,1.7114852327136598,0.9749259460360246,0.000537455578898685
down,0.16,0.4,0.0,0.2188,0.5,False,ok,True,1.9937866465580276,0.65071671710639,0.00025917659221637724
down,0.16,0.4,0.0,0.2188,0.8,False,ok,True,1.327670696725393,0.4156143978810644,0.00025986791657573566
down,0.16,0.4,0.0,0.2188,1.0,False,ok,True,1.2737548260343525,0.4483378213911546,0.0002603300035466866
down,0.16,0.4,15.0,0.2188,0.5,False,ok,True,1.0229485666040972,1.0198216327777199,0.00025917657558197505
down,0.16,0.4,15.0,0.2188,0.8,False,ok,True,1.018433964619876,1.0178790808122207,0.0002598679207491795
down,0.16,0.4,15.0,0.2188,1.0,False,ok,True,1.023922297637775,1.023727901601792,0.0002603300041206429
down,0.16,0.4,30.0,0.2188,0.5,False,ok,True,1.0203210629644737,1.020320729322197,0.0002591766290284972
down,0.16,0.4,30.0,0.2188,0.8,False,ok,True,1.0254017410824945,1.0254013332096865,0.0002598679207670099
down,0.16,0.4,30.0,0.2188,1.0,False,ok,True,1.031805448914511,1.03180493565589,0.0002603300071911666
down,0.16,0.6,0.0,0.2188,0.5,False,ok,True,1.4401293082487918,0.7456908175719469,0.0002591766137946785
down,0.16,0.6,0.0,0.2188,0.8,False,ok,True,1.3695644982564863,0.573828318283606,0.0002598677938115546
down,0.16,0.6,0.0,0.2188,1.0,False,ok,True,1.3306676305441196,0.5864817275809235,0.0002603303717142963
down,0.16,0.6,15.0,0.2188,0.5,False,ok,True,1.0100327702147607,1.0067918946007774,0.00025917662175973887
down,0.16,0.6,15.0,0.2188,0.8,False,ok,True,1.012252381972744,1.0116290254680123,0.00025986791665238035
down,0.16,0.6,15.0,0.2188,1.0,False,ok,True,1.0172515524053525,1.0169285862524364,0.00026033000622001254
down,0.16,0.6,30.0,0.2188,0.5,False,ok,True,1.0203217283279773,1.0203210116975108,0.00025917661536295727
down,0.16,0.6,30.0,0.2188,0.8,False,ok,True,1.0254021672689282,1.0254012872197245,0.0002598679176129745
down,0.16,0.6,30.0,0.2188,1.0,False,ok,True,1.031805564433563,1.031804451848355,0.00026033000496666084
down,0.16,0.8,0.0,0.2188,0.5,False,ok,True,1.4107616755347,0.7726507870744485,0.00025917599587712794
down,0.16,0.8,0.0,0.2188,0.8,False,ok,True,1.380214654992814,0.6871547570984412,0.00025986745784489237
down,0.16,0.8,0.0,0.2188,1.0,False,ok,True,1.38886899888077,0.7043150051336817,0.00026032926115740165
down,0.16,0.8,15.0,0.2188,0.5,False,ok,True,1.1737193126288632,1.0843922609416337,0.00025917651716802294
down,0.16,0.8,15.0,0.2188,0.8,False,ok,True,1.0527811592195677,1.0357699813885244,0.00025986790894118306
down,0.16,0.8,15.0,0.2188,1.0,False,ok,True,1.0425598250908572,1.0348198020669326,0.0002603299249131505
down,0.16,0.8,30.0,0.2188,0.5,False,ok,True,1.0203225591269307,1.0203213149206005,0.000259176441077777
down,0.16,0.8,30.0,0.2188,0.8,False,ok,True,1.0254026656980244,1.0254011341760683,0.00025986794445691594
down,0.16,0.8,30.0,0.2188,1.0,False,ok,True,1.0318056311421724,1.0318036903039556,0.0002603296077491073
down,0.16,1.0,0.0,0.2188,0.5,False,ok,True,1.414119761685745,0.8246612518188701,0.00025917662978362056
down,0.16,1.0,0.0,0.2188,0.8,False,ok,True,1.4141278132916744,0.767792629727152,0.0002598674121462915
down,0.16,1.0,0.0,0.2188,1.0,False,ok,True,1.3965868298400732,0.7709632035454069,0.00026032934518094476
down,0.16,1.0,15.0,0.2188,0.5,False,ok,True,1.1864280953395792,1.154639103340854,0.00025917645665811764
down,0.16,1.0,15.0,0.2188,0.8,False,ok,True,1.3213368021895537,1.2694821011590232,0.0002598679284908702
down,0.16,1.0,15.0,0.2188,1.0,False,ok,True,1.4085043353686297,1.342049103482557,0.0002603300537322695
down,0.16,1.0,30.0,0.2188,0.5,False,ok,True,1.0203235531457446,1.0203216368337427,0.0002591757317298922
down,0.16,1.0,30.0,0.2188,0.8,False,ok,True,1.0254032340990389,1.0254008718721916,0.00025986985765392865
down,0.16,1.0,30.0,0.2188,1.0,False,ok,True,1.0318056466958085,1.0318026487503138,0.0002603307999170369
down,0.16,1.2,0.0,0.2188,0.5,False,ok,True,1.4018023145427452,0.8685779621056855,0.000259177546999885
down,0.16,1.2,0.0,0.2188,0.8,False,ok,True,1.3866214007556574,0.8343216275343898,0.00025986889384067196
down,0.16,1.2,0.0,0.2188,1.0,False,ok,True,1.413379870606416,0.8266978475702221,0.00026033093921743155
down,0.16,1.2,15.0,0.2188,0.5,False,ok,True,1.0954802080403512,1.0913220891605868,0.00025917677051672937
down,0.16,1.2,15.0,0.2188,0.8,False,ok,True,1.2240466411368187,1.2203079543793913,0.0002598681464415124
down,0.16,1.2,15.0,0.2188,1.0,False,ok,True,1.3800380565568942,1.3703227524727515,0.00026033032721778853
down,0.16,1.2,30.0,0.2188,0.5,False,ok,True,1.0203247075460544,1.020321974672732,0.00025917642356295865
down,0.16,1.2,30.0,0.2188,0.8,False,ok,True,1.025403869562852,1.0254004974812954,0.00025986822384175976
down,0.16,1.2,30.0,0.2188,1.0,False,ok,True,1.0331680223069881,1.0318013242761002,0.0002603306547192615
down,0.16,1.4,0.0,0.2188,0.5,False,ok,True,1.410011055738469,0.8568518081651609,0.0002591323906855081
down,0.16,1.4,0.0,0.2188,0.8,False,ok,True,1.4070000568735412,0.8444220730277069,0.0002598206062108481
down,0.16,1.4,0.0,0.2188,1.0,False,ok,True,1.3995000738943546,0.8464059651219448,0.0002602816506299087
down,0.16,1.4,15.0,0.2188,0.5,False,ok,True,1.0441298592825896,1.0386979169766035,0.00025915995229776334
down,0.16,1.4,15.0,0.2188,0.8,False,ok,True,1.184042893911765,1.1507765361664388,0.00025984844095340706
down,0.16,1.4,15.0,0.2188,1.0,False,ok,True,1.2566939005292583,1.1875501398521167,0.0002603106784315219
down,0.16,1.4,30.0,0.2188,0.5,False,ok,True,1.1859345710063343,1.0203223250671711,0.00025917842453718095
down,0.16,1.4,30.0,0.2188,0.8,False,ok,True,1.1555973262228523,1.0254000075565077,0.0002598701985760468
down,0.16,1.4,30.0,0.2188,1.0,False,ok,True,1.0744904346183488,1.0317997133312127,0.0002603323710324651
down,0.16,1.6,0.0,0.2188,0.5,False,ok,True,1.4027495564433659,0.8508545364370194,0.00025964111021228273
down,0.16,1.6,0.0,0.2188,0.8,False,ok,True,1.3764260516163445,0.8384390473004975,0.00026034401860317014
down,0.16,1.6,0.0,0.2188,1.0,False,ok,True,1.4092317897624556,0.8479325688397427,0.0002608204123707802
down,0.16,1.6,15.0,0.2188,0.5,False,ok,True,1.028384066299182,0.9355943981053707,0.0002593396043911086
down,0.16,1.6,15.0,0.2188,0.8,False,ok,True,1.1818968636982485,0.9431458471178209,0.0002600016975367941
down,0.16,1.6,15.0,0.2188,1.0,False,ok,True,1.2315553851245993,0.931826688543063,0.00026046525621695833
down,0.16,1.6,30.0,0.2188,0.5,False,ok,True,1.3858203312476443,1.0203226840407182,0.0002591406370860954
down,0.16,1.6,30.0,0.2188,0.8,False,ok,True,1.2811525909729173,1.025399398031222,0.00025982769292406493
down,0.16,1.6,30.0,0.2188,1.0,False,ok,True,1.2140841415000734,1.031797811727192,0.0002602873601195403
down,0.16,1.8,0.0,0.2188,0.5,False,ok,True,1.385471090484071,0.8615310010047669,0.00025834919590445585
down,0.16,1.8,0.0,0.2188,0.8,False,ok,True,1.4229686930103544,0.8599182149680104,0.000259797832317203
down,0.16,1.8,0.0,0.2188,1.0,False,ok,True,1.3717663603101509,0.8550267537032802,0.0002601949763914894
down,0.16,1.8,15.0,0.2188,0.5,False,ok,True,1.0791480424315416,0.8435388571910758,0.0002597415219847786
down,0.16,1.8,15.0,0.2188,0.8,False,ok,True,1.1835181501453844,0.7306415712594554,0.00026086030201609564
down,0.16,1.8,15.0,0.2188,1.0,False,ok,True,1.2010622663738526,0.7341897715482703,0.0002614934024356108
down,0.16,1.8,30.0,0.2188,0.5,False,ok,True,1.5095193822383006,1.02032304701154,0.0002594610796012632
down,0.16,1.8,30.0,0.2188,0.8,False,ok,True,1.414959497841295,1.0253986642195212,0.00026012789121843984
down,0.16,1.8,30.0,0.2188,1.0,False,ok,True,1.359707934005928,1.0317956146376246,0.00026063222524926613
down,0.16,2.0,0.0,0.2188,0.5,False,ok,True,1.3795661757897033,0.8614521390567772,0.00024097752286185708
down,0.16,2.0,0.0,0.2188,0.8,False,ok,True,1.3795541775726308,0.8557336694755798,0.00024110803588738974
down,0.16,2.0,0.0,0.2188,1.0,False,ok,True,1.3990974238650793,0.8581964242794071,0.00024121317860818447
down,0.16,2.0,15.0,0.2188,0.5,False,ok,True,0.9552646466861285,0.6263111518143484,0.0002500770735063773
down,0.16,2.0,15.0,0.2188,0.8,False,ok,True,1.2077660352056376,0.6963475294812942,0.0002478125807789102
down,0.16,2.0,15.0,0.2188,1.0,False,ok,True,1.2294946272697822,0.7326549733820076,0.00024805264515302125
down,0.16,2.0,30.0,0.2188,0.5,False,ok,True,1.2339290503286724,1.0203234087926847,0.0002593808963287674
down,0.16,2.0,30.0,0.2188,0.8,False,ok,True,1.5822679163352835,1.025397800816569,0.0002605114021782741
down,0.16,2.0,30.0,0.2188,1.0,False,ok,True,1.4587253175275507,1.031793116598596,0.0002609986279154001
down,0.16,2.2,0.0,0.2188,0.5,False,ok,True,1.395791923082841,0.8433611624010869,0.0002815243355942478
down,0.16,2.2,0.0,0.2188,0.8,False,ok,True,1.372090329649403,0.8394280774198448,0.0002813700875851137
down,0.16,2.2,0.0,0.2188,1.0,False,ok,True,1.3762004267788208,0.8395978168073673,0.00026905818952415925
down,0.16,2.2,15.0,0.2188,0.5,False,ok,True,0.8562918079005095,0.6089232851276075,0.0002515059389012953
down,0.16,2.2,15.0,0.2188,0.8,False,ok,True,1.187277998316012,0.6804994946872847,0.0002488374230470865
down,0.16,2.2,15.0,0.2188,1.0,False,ok,True,1.1245067574542964,0.7035188131834805,0.00024640301101381255
down,0.16,2.2,30.0,0.2188,0.5,False,ok,True,1.554902392968687,1.0203237635924711,0.0002549136701382349
down,0.16,2.2,30.0,0.2188,0.8,False,ok,True,1.5359928712400668,1.0253968018990987,0.00025176508727327556
down,0.16,2.2,30.0,0.2188,1.0,False,ok,True,1.5599439388538014,1.0317903115091414,0.0002529116594349474
down,0.16,2.4,0.0,0.2188,0.5,False,ok,True,1.3920154052586793,0.7949500741172522,0.00047456834272375663
down,0.16,2.4,0.0,0.2188,0.8,False,ok,True,1.3791656162591595,0.7961897188634598,0.00048496483503009916
down,0.16,2.4,0.0,0.2188,1.0,False,ok,True,1.413694352191508,0.8042556134440203,0.0004571550543414023
down,0.16,2.4,15.0,0.2188,0.5,False,ok,True,0.9056658458010448,0.6504958876832799,0.0003021098855492285
down,0.16,2.4,15.0,0.2188,0.8,False,ok,True,1.0896079980199653,0.5901158882189038,0.0003671687108355839
down,0.16,2.4,15.0,0.2188,1.0,False,ok,True,1.1297309489352028,0.6949961068500558,0.0003492714350342926
down,0.16,2.4,30.0,0.2188,0.5,False,ok,True,1.7195027661004494,1.020324105015243,0.00026901537831464664
down,0.16,2.4,30.0,0.2188,0.8,False,ok,True,1.538968386551147,1.0253956609260164,0.0002440293775385659
down,0.16,2.4,30.0,0.2188,1.0,False,ok,True,1.399517772728914,1.031787192631975,0.00024091290478912223
down,0.16,2.6,0.0,0.2188,0.5,False,ok,True,1.388574538966097,0.7342211598946203,0.0005865939276785124
down,0.16,2.6,0.0,0.2188,0.8,False,ok,True,1.3637473938208107,0.7230169338929013,0.000598782541635321
down,0.16,2.6,0.0,0.2188,1.0,False,ok,True,1.3566476698307786,0.7146499057288005,0.0006062976837611262
down,0.16,2.6,15.0,0.2188,0.5,False,ok,True,1.130895552446746,0.7105245719912261,0.0003065919654209306
down,0.16,2.6,15.0,0.2188,0.8,False,ok,True,1.0225109855022143,0.6391393979264738,0.0004968985052919266
down,0.16,2.6,15.0,0.2188,1.0,False,ok,True,1.0299367383080134,0.6975989700001871,0.0005800774200192596
down,0.16,2.6,30.0,0.2188,0.5,False,ok,True,1.765587867231845,1.0203244260616808,0.0002739080292569043
down,0.16,2.6,30.0,0.2188,0.8,False,ok,True,1.7369686038788543,1.0253943707389461,0.0002963190435211384
down,0.16,2.6,30.0,0.2188,1.0,False,ok,True,1.722448713196703,1.0317837525939837,0.0002952440470658896
down,0.16,2.8,0.0,0.2188,0.5,False,ok,True,1.4180409212699139,0.6781856895565769,2.606076244388511e-05
down,0.16,2.8,0.0,0.2188,0.8,False,ok,True,1.413998345489324,0.6748869002141007,1.1518336952036228e-05
down,0.16,2.8,0.0,0.2188,1.0,False,ok,True,1.3978279938412053,0.6749338281783811,0.00019971518847059893
down,0.16,2.8,15.0,0.2188,0.5,False,ok,True,1.2598953224713825,0.7579945537349899,0.00010819958924304974
down,0.16,2.8,15.0,0.2188,0.8,False,ok,True,1.1506555251583195,0.7421683587154052,0.0004278678698209351
down,0.16,2.8,15.0,0.2188,1.0,False,ok,True,1.010710669272225,0.6590074164294589,0.0005547926267961781
down,0.16,2.8,30.0,0.2188,0.5,False,ok,True,1.7829860557974708,1.020324719129671,0.00019413245787417642
down,0.16,2.8,30.0,0.2188,0.8,False,ok,True,1.7085777791925612,1.0253929235629506,0.00043316499663873404
down,0.16,2.8,30.0,0.2188,1.0,False,ok,True,1.7801502384181092,1.0317799833870727,0.0004455906809675576
down,0.16,3.0,0.0,0.2188,0.5,False,ok,True,1.4863870069752807,0.6760758434014014,0.0012454985504673903
down,0.16,3.0,0.0,0.2188,0.8,False,ok,True,1.4789044509264062,0.6748373840282396,0.0013679914127713887
down,0.16,3.0,0.0,0.2188,1.0,False,ok,True,1.5217820170089662,0.6758767583613947,0.0013781735190980407
down,0.16,3.0,15.0,0.2188,0.5,False,ok,True,1.2836151872184072,0.7771137238883077,0.00020958500744784915
down,0.16,3.0,15.0,0.2188,0.8,False,ok,True,1.5241161691158613,0.8716644939286691,5.952976560956389e-05
down,0.16,3.0,15.0,0.2188,1.0,False,ok,True,1.1287571044372566,0.729333286974599,7.887987412067846e-05
down,0.16,3.0,30.0,0.2188,0.5,False,ok,True,1.8098959988093137,1.020324976014859,0.0002559464935380615
down,0.16,3.0,30.0,0.2188,0.8,False,ok,True,1.7296928497253143,1.0253913110072228,0.0003834642424455612
down,0.16,3.0,30.0,0.2188,1.0,False,ok,True,1.7118733666321344,1.0317758763687934,0.0005403518087767252
