outcome,success,time_s,path_m,mean_speed,peak_shock_g,peak_shock_vertical_g,shock_rms_g,shock_over_budget,frac_time_over_budget,min_clearance_m,collision_kind,energy_wh,steps,sc_family,sc_seed,sc_kerb_h,sc_ramp_down,sc_ramp_up,sc_x_down,sc_x_up,sc_x_goal,sc_tyre_mu,sc_payload_mass,sc_n_ped,sc_n_obstacle,controller,family,seed,shield,tag,wall_s,interventions,intervention_frac,safe
goal,True,23.599999999999586,36.06680705501589,1.5284097668240948,1.9629413600037366,0.7359229397888287,0.189646961818704,False,0.0,,,0.3877830779758403,1180,kerb,30000,0.1003470359394405,False,False,16.0,22.0,36.0,0.94623404235241,3.601266983379266,0,0,mppi,kerb,30000,True,base,290.1670662999968,0,0.0,True
goal,True,23.699999999999584,36.056306248523576,1.5219449942932017,1.2558247706035657,0.8398971301360042,0.1620120409671313,False,0.0,,,0.37390830435854117,1185,kerb,30001,0.1428189020601956,False,True,16.0,22.0,36.0,1.043269391848437,3.722613671694816,0,0,mppi,kerb,30001,True,base,294.4019776000059,0,0.0,True
goal,True,23.47999999999959,36.07201701217507,1.536713568055835,1.3424694195308342,0.8076844302979003,0.16217546892367102,False,0.0,,,0.37953127762846817,1174,kerb,30002,0.13754704829513487,False,True,16.0,22.0,36.0,1.094295256192989,3.7143547524892653,0,0,mppi,kerb,30002,True,base,292.82007180000073,0,0.0,True
goal,True,23.85999999999958,36.1154942625484,1.513649671855507,1.2022111160877889,0.7887176960161055,0.19908396502988482,False,0.0,,,0.4202033240923057,1193,kerb,30003,0.1431392465995096,False,False,16.0,22.0,36.0,0.9930631191143491,4.7960100374527626,0,0,mppi,kerb,30003,True,base,294.028264499997,0,0.0,True
goal,True,23.999999999999577,36.077240682699745,1.5032704790389044,3.009293090145049,1.0420964539378041,0.22968946217958117,True,0.0003333333333333333,,,0.4070534021756793,1200,kerb,30004,0.13132799020649005,False,False,16.0,22.0,36.0,1.0216820008660161,3.381410802327469,0,0,mppi,kerb,30004,True,base,295.8521183999983,0,0.0,False
goal,True,23.79999999999958,36.08903645476592,1.5165425612457437,2.296228473330575,1.0092765231438379,0.23039322326237274,False,0.0,,,0.41863206428289623,1190,kerb,30005,0.13472670619880006,False,False,16.0,22.0,36.0,1.0920269352884409,3.6033298161351226,0,0,mppi,kerb,30005,True,base,292.7677481999999,0,0.0,True
goal,True,23.779999999999582,36.0663240664192,1.5170052824238984,1.33831050970646,0.9090121307554728,0.16465381409888694,False,0.0,,,0.3844827667860586,1189,kerb,30006,0.13355617686690438,False,True,16.0,22.0,36.0,0.9174085093638475,3.0530624208527843,0,0,mppi,kerb,30006,True,base,295.0649199000036,0,0.0,True
goal,True,23.93999999999958,36.12955162112635,1.5091414594184518,1.2155391242470193,0.8436549869759438,0.20812415339346663,False,0.0,,,0.40216154760114076,1197,kerb,30007,0.14604976560108118,False,False,16.0,22.0,36.0,0.7185444503357252,4.27839074373451,0,0,mppi,kerb,30007,True,base,294.41909420000593,0,0.0,True
goal,True,23.47999999999959,36.052159384653564,1.5357167693189246,1.7794008516818998,0.662791922732951,0.14388887796253452,False,0.0,,,0.40700711696805836,1174,kerb,30008,0.09688845619584842,True,False,16.0,22.0,36.0,0.936046807503324,4.779690582549411,0,0,mppi,kerb,30008,True,base,292.5210192000013,0,0.0,True
goal,True,23.779999999999582,36.06672710869052,1.5166948069313206,2.9782192852163423,0.9910637865737878,0.23145591562797035,False,0.0,,,0.4128443240933853,1189,kerb,30009,0.1303524223744153,False,False,16.0,22.0,36.0,0.8604384077926199,3.4236432027256516,0,0,mppi,kerb,30009,True,base,293.24355579999974,0,0.0,True
goal,True,23.81999999999958,36.06216116430708,1.513954149609262,2.0768939956324246,0.8837909963583558,0.2220936606185691,False,0.0,,,0.42058228564022737,1191,kerb,30010,0.14463196798437483,False,False,16.0,22.0,36.0,1.0876996971909287,4.2074360503736035,0,0,mppi,kerb,30010,True,base,293.87544490000437,0,0.0,True
goal,True,23.499999999999588,36.10134798504972,1.5362808441690365,2.118849363150921,0.807236960825574,0.1965936773087606,False,0.0,,,0.3978295396753517,1175,kerb,30011,0.10344774205795826,False,False,16.0,22.0,36.0,0.8803736260578074,3.5629736436997854,0,0,mppi,kerb,30011,True,base,288.7857298000017,0,0.0,True
goal,True,23.639999999999585,36.07592416138957,1.5261574618556835,1.9518220302688398,0.7924109231930364,0.1863995336364956,False,0.0,,,0.4084756696328392,1182,kerb,30012,0.10142766444049402,False,False,16.0,22.0,36.0,1.0571494568401196,4.287478562137952,0,0,mppi,kerb,30012,True,base,291.14540110000235,0,0.0,True
goal,True,23.519999999999587,36.08881010484982,1.5349805333921074,0.8904608021360063,0.09975477976961711,0.08746906486355813,False,0.0,,,0.3609244330413462,1176,kerb,30013,0.11387942893657875,True,True,16.0,22.0,36.0,0.9522616297640685,3.1089084441278008,0,0,mppi,kerb,30013,True,base,295.99033160000545,0,0.0,True
goal,True,23.619999999999585,36.08364483321306,1.5281017413946538,0.9864797271855311,0.7763045076257583,0.142242096752913,False,0.0,,,0.3783634569118075,1181,kerb,30014,0.1226360465774994,False,True,16.0,22.0,36.0,0.9811832948310352,4.854952407449609,0,0,mppi,kerb,30014,True,base,296.9340921000039,0,0.0,True
goal,True,23.45999999999959,36.109496921792335,1.539098121077669,1.6332680006771363,0.8324812222118102,0.2129571529198802,False,0.0,,,0.4139576557518461,1173,kerb,30015,0.13952034251217432,False,False,16.0,22.0,36.0,0.9260795764344749,4.128861180271976,0,0,mppi,kerb,30015,True,base,288.7667711000031,0,0.0,True
goal,True,23.559999999999587,36.073665833740066,1.5315628067584603,1.0060635936247875,0.8070052961690515,0.1463317900718455,False,0.0,,,0.3862689353980788,1178,kerb,30016,0.12324413790021449,False,True,16.0,22.0,36.0,0.9851147692440038,4.5322748790052305,0,0,mppi,kerb,30016,True,base,293.175373099999,0,0.0,True
goal,True,23.93999999999958,36.09777524793941,1.5077505580938912,1.5528404869275039,1.0672194826679453,0.22585107103078353,False,0.0,,,0.41823422987164866,1197,kerb,30017,0.14932260537797498,False,False,16.0,22.0,36.0,0.9156840878797285,3.924854169270101,0,0,mppi,kerb,30017,True,base,295.2551988999985,0,0.0,True
goal,True,23.979999999999578,36.121693560981754,1.5064939925255378,1.8547209511043954,0.8058456743657069,0.1589612310322996,False,0.0,,,0.3956269368844235,1199,kerb,30018,0.11689804203978599,True,False,16.0,22.0,36.0,0.8062032162168414,4.7410347833925695,0,0,mppi,kerb,30018,True,base,298.92171479999524,0,0.0,True
goal,True,23.33999999999959,36.0784847806125,1.546080694058788,2.9836010336304524,1.0686942130201176,0.19642638036652665,False,0.0,,,0.3928498845286983,1167,kerb,30019,0.13953235102862394,True,False,16.0,22.0,36.0,1.0802208805064,3.8552242826295764,0,0,mppi,kerb,30019,True,base,291.20600820000254,0,0.0,True
goal,True,25.979999999999535,36.1349454810596,1.3907922483496875,1.9629413600037366,0.7359229397888287,0.18432844211849161,False,0.0,0.8237350595285619,,0.4202695742397767,1299,mixed,30000,0.1003470359394405,False,False,16.0,22.0,36.0,0.94623404235241,3.601266983379266,2,1,mppi,mixed,30000,True,base,323.34951790000196,0,0.0,True
stall,False,23.659999999999584,6.269525741665029,0.2644508168789978,0.9623308201584957,0.05833122440583678,0.0753458835775488,False,0.0,0.26716805292765755,,0.2118365045420438,1183,mixed,30001,0.1428189020601956,False,True,16.0,22.0,36.0,1.043269391848437,3.722613671694816,4,1,mppi,mixed,30001,True,base,308.20503210000606,734,0.6204564666103127,False
goal,True,31.719999999999413,36.8701783366346,1.1610234273890656,1.0003770317652443,0.5007700276778506,0.16136491239443124,False,0.0,0.3912631014457344,,0.7423145865292434,1586,mixed,30002,0.13754704829513487,False,True,16.0,22.0,36.0,1.094295256192989,3.7143547524892653,2,2,mppi,mixed,30002,True,base,384.75605379999615,205,0.12925598991172763,True
goal,True,33.59999999999965,36.732769834264104,1.0914803351660984,1.7387202264908028,0.8022993360600866,0.17679302034223796,False,0.0,0.36236501805659527,,0.5544770613447649,1680,mixed,30003,0.1431392465995096,False,False,16.0,22.0,36.0,0.9930631191143491,4.7960100374527626,4,2,mppi,mixed,30003,True,base,423.31017730000167,103,0.06130952380952381,True
goal,True,28.659999999999478,36.34278503195621,1.2666057950393368,1.6285528103383053,0.8233174185812155,0.20578239141209598,False,0.0,0.484654670651934,,0.5165510125250796,1433,mixed,30004,0.13132799020649005,False,False,16.0,22.0,36.0,1.0216820008660161,3.381410802327469,2,1,mppi,mixed,30004,True,base,358.522449600001,174,0.12142358688066993,True
goal,True,34.699999999999825,36.49547584483434,1.0510852794654024,1.5223757370396576,0.8336633078798324,0.1899044533000804,False,0.0,0.3332322462275551,,0.5129663067624496,1735,mixed,30005,0.13472670619880006,False,False,16.0,22.0,36.0,1.0920269352884409,3.6033298161351226,2,3,mppi,mixed,30005,True,base,433.5507743000053,60,0.0345821325648415,True
off_sidewalk,False,20.019999999999662,25.52975519626139,1.273174174720344,1.3331736007502029,0.906007043162901,0.19388484999244043,False,0.0,0.31475525554519435,,0.3352664630157123,1001,mixed,30006,0.13355617686690438,False,True,16.0,22.0,36.0,0.9174085093638475,3.0530624208527843,3,1,mppi,mixed,30006,True,base,245.0152797999981,218,0.2177822177822178,False
goal,True,27.359999999999506,36.34915627136605,1.3280194364661864,1.4172166217668967,0.9914313788270982,0.19813973073396252,False,0.0,0.6589835449407332,,0.4517777243489782,1368,mixed,30007,0.14604976560108118,False,False,16.0,22.0,36.0,0.7185444503357252,4.27839074373451,2,3,mppi,mixed,30007,True,base,342.00220499999705,67,0.0489766081871345,True
off_sidewalk,False,16.519999999999737,9.109015659255473,0.5485039927704214,0.9608918457366573,0.07730419837709748,0.14350323315229666,False,0.0,0.22039575500464342,,0.24557989382038442,826,mixed,30008,0.09688845619584842,True,False,16.0,22.0,36.0,0.936046807503324,4.779690582549411,3,3,mppi,mixed,30008,True,base,199.4302777999983,75,0.09079903147699758,False
stall,False,43.32000000000117,22.328383306024207,0.5120567256992564,2.411714338974546,0.8940445579344993,0.16003596089559405,False,0.0,0.37583230783962107,,0.4954949842606183,2166,mixed,30009,0.1303524223744153,False,False,16.0,22.0,36.0,0.8604384077926199,3.4236432027256516,3,1,mppi,mixed,30009,True,base,590.5261987999984,176,0.08125577100646353,False
goal,True,30.659999999999435,36.358974322445434,1.185116885313686,1.1892417415118428,0.8059587714517962,0.1842968348761175,False,0.0,0.6743529315484081,,0.5053505387474985,1533,mixed,30010,0.14463196798437483,False,False,16.0,22.0,36.0,1.0876996971909287,4.2074360503736035,3,2,mppi,mixed,30010,True,base,379.3056460000007,0,0.0,True
off_sidewalk,False,8.099999999999916,3.3671672135332784,0.4136195828564119,0.8117986493308186,0.06193987538103054,0.13127946661482268,False,0.0,0.6823742372841504,,0.09538904103029028,405,mixed,30011,0.10344774205795826,False,False,16.0,22.0,36.0,0.8803736260578074,3.5629736436997854,3,1,mppi,mixed,30011,True,base,95.4598346000057,0,0.0,False
goal,True,27.319999999999506,36.41180599500769,1.3315498296267165,2.1023629827558543,0.7060781787643877,0.17992778994521422,False,0.0,0.5615746482053025,,0.4710906826179421,1366,mixed,30012,0.10142766444049402,False,False,16.0,22.0,36.0,1.0571494568401196,4.287478562137952,4,1,mppi,mixed,30012,True,base,337.1114113000003,111,0.08125915080527087,True
goal,True,33.039999999999566,36.747385891548426,1.1106328928501932,0.9840291409325728,0.39597192076381876,0.13682356708302557,False,0.0,0.4178061919574585,,0.5534877201314308,1652,mixed,30013,0.11387942893657875,True,True,16.0,22.0,36.0,0.9522616297640685,3.1089084441278008,4,1,mppi,mixed,30013,True,base,414.16094709999743,199,0.12046004842615012,True
goal,True,37.7600000000003,37.062625801768675,0.9787509065134042,1.0091481423811068,0.7694743357014051,0.1639680781469143,False,0.0,0.19314094983425706,,0.6264632459783687,1888,mixed,30014,0.1226360465774994,False,True,16.0,22.0,36.0,0.9811832948310352,4.854952407449609,3,2,mppi,mixed,30014,True,base,479.82720680000057,287,0.1520127118644068,True
goal,True,28.659999999999478,36.60210971611963,1.275490372646213,1.4430553245342297,0.8301269945005046,0.2075611319551245,False,0.0,0.47295323129976496,,0.5013081264752282,1433,mixed,30015,0.13952034251217432,False,False,16.0,22.0,36.0,0.9260795764344749,4.128861180271976,3,1,mppi,mixed,30015,True,base,356.5681461999993,99,0.06908583391486392,True
goal,True,37.380000000000244,37.1014740400255,0.9906739549066035,1.0345714508625408,0.801603132714586,0.14089319584541418,False,0.0,0.33389313248197217,,0.5629662404646217,1869,mixed,30016,0.12324413790021449,False,True,16.0,22.0,36.0,0.9851147692440038,4.5322748790052305,2,3,mppi,mixed,30016,True,base,469.2440213999944,67,0.03584804708400214,True
stall,False,43.140000000001145,23.144975502896436,0.5233031451036109,1.9144515958565544,0.8088228331945366,0.18183403875100435,False,0.0,0.4114697241280476,,1.6321786718244302,2157,mixed,30017,0.14932260537797498,False,False,16.0,22.0,36.0,0.9156840878797285,3.924854169270101,2,3,mppi,mixed,30017,True,base,540.9253231000039,78,0.03616133518776078,False
off_sidewalk,False,42.880000000001104,31.114935741741576,0.7247581723454969,1.8926668565419478,0.7770484807219851,0.13525018887364962,False,0.0,0.3861594154249236,,0.559700443993938,2144,mixed,30018,0.11689804203978599,True,False,16.0,22.0,36.0,0.8062032162168414,4.7410347833925695,3,1,mppi,mixed,30018,True,base,525.7191338000048,185,0.08628731343283583,False
goal,True,36.70000000000014,37.13292530555016,1.0092640309271976,2.1221833627087126,0.9739148151390614,0.19462148569840754,False,0.0,0.2604956709891225,,0.8825112074979998,1835,mixed,30019,0.13953235102862394,True,False,16.0,22.0,36.0,1.0802208805064,3.8552242826295764,4,1,mppi,mixed,30019,True,base,430.4075098999965,180,0.09809264305177112,True
goal,True,42.220000000001,37.289872915714476,0.8797874089791454,0.9433567567015537,0.05717901873766819,0.13345467357791246,False,0.0,0.4488752287878146,,0.6511713527540957,2111,crowded,30000,0.0,False,False,1000.0,1000.0,36.0,0.94623404235241,3.601266983379266,6,1,mppi,crowded,30000,True,base,457.3233306000038,289,0.1369019422074846,True
goal,True,46.30000000000164,37.197381308921386,0.8018195274996828,0.9680215362858897,0.058576805119264344,0.09286825769234199,False,0.0,0.13099040830301395,,0.5697612563602458,2315,crowded,30001,0.0,False,False,1000.0,1000.0,36.0,1.043269391848437,3.722613671694816,5,2,mppi,crowded,30001,True,base,494.6391928000012,127,0.05485961123110151,True
goal,True,48.04000000000191,37.206419597872035,0.7725284930575759,0.9702695275454366,0.058752899075406345,0.12872348004947243,False,0.0,0.24338034626128627,,0.709751457084656,2402,crowded,30002,0.0,False,False,1000.0,1000.0,36.0,1.094295256192989,3.7143547524892653,6,2,mppi,crowded,30002,True,base,515.9582434999975,392,0.16319733555370525,True
goal,True,45.78000000000156,37.03589447979427,0.8064938158632695,0.9253307558730737,0.07039923878503619,0.10488060848930118,False,0.0,0.13781488125239383,,0.6141821682559939,2289,crowded,30003,0.0,False,False,1000.0,1000.0,36.0,0.9930631191143491,4.7960100374527626,6,2,mppi,crowded,30003,True,base,493.1575945000004,160,0.06989951944080385,True
goal,True,32.55999999999949,36.81955649147874,1.1292818764521129,0.9400724887545935,0.051954318537842305,0.10446505398249614,False,0.0,0.3749143613027548,,0.4608866154488292,1628,crowded,30004,0.0,False,False,1000.0,1000.0,36.0,1.0216820008660161,3.381410802327469,4,2,mppi,crowded,30004,True,base,348.55738670000574,250,0.15356265356265356,True
stall,False,26.859999999999516,13.328168242584413,0.4935640580198799,1.0405149742745181,0.06972991631878153,0.12849654107392416,False,0.0,0.3068661914247448,,0.331515268611743,1343,crowded,30005,0.0,False,False,1000.0,1000.0,36.0,1.0920269352884409,3.6033298161351226,5,2,mppi,crowded,30005,True,base,294.42364239999733,97,0.07222635889798958,False
goal,True,34.87999999999985,36.88759925378416,1.0557301328976842,0.9311403051161321,0.05329411092986162,0.09519030206209048,False,0.0,0.446529627641003,,0.48474138491101126,1744,crowded,30006,0.0,False,False,1000.0,1000.0,36.0,0.9174085093638475,3.0530624208527843,4,2,mppi,crowded,30006,True,base,375.6161897999991,225,0.1290137614678899,True
goal,True,34.21999999999975,36.49327271883165,1.0653627227622835,0.9780939793475593,0.06881172953188168,0.08919738063697522,False,0.0,0.0908082580631503,,0.46449663502986166,1711,crowded,30007,0.0,False,False,1000.0,1000.0,36.0,0.7185444503357252,4.27839074373451,4,2,mppi,crowded,30007,True,base,372.4890366000036,95,0.055523085914669784,True
goal,True,36.240000000000066,37.113078900241334,1.0223302846444813,0.9659290604380482,0.07875441290174368,0.1178806140269633,False,0.0,0.25435520140889345,,0.5419787671281281,1812,crowded,30008,0.0,False,False,1000.0,1000.0,36.0,0.936046807503324,4.779690582549411,4,1,mppi,crowded,30008,True,base,388.9127937000012,290,0.1600441501103753,True
goal,True,38.30000000000039,36.779261198942436,0.958199207538193,0.8838270110215127,0.05237948026078447,0.10978587951227513,False,0.0,0.35779487680725675,,0.5445717476489473,1915,crowded,30009,0.0,False,False,1000.0,1000.0,36.0,0.8604384077926199,3.4236432027256516,6,2,mppi,crowded,30009,True,base,417.54308769999625,430,0.2245430809399478,True
stall,False,40.520000000000735,14.174831708875196,0.3480309772311052,0.9321395939522932,0.06583285710743245,0.1160480627210948,False,0.0,0.12301938843408697,,0.45250377117542034,2026,crowded,30010,0.0,False,False,1000.0,1000.0,36.0,1.0876996971909287,4.2074360503736035,6,2,mppi,crowded,30010,True,base,438.33325740000146,155,0.07650542941757157,False
goal,True,28.459999999999482,36.43277802830037,1.2785883096258555,1.014915960190854,0.07094770138775743,0.13811956762956829,False,0.0,0.09716372175050195,,0.46983632084231014,1423,crowded,30011,0.0,False,False,1000.0,1000.0,36.0,0.8803736260578074,3.5629736436997854,4,1,mppi,crowded,30011,True,base,302.3335211999947,225,0.15811665495432187,True
goal,True,40.9400000000008,37.04115528727652,0.9029178086774783,0.9608970247365652,0.06662134353352649,0.10411150841866693,False,0.0,0.2653538389777046,,0.5763223722653745,2047,crowded,30012,0.0,False,False,1000.0,1000.0,36.0,1.0571494568401196,4.287478562137952,3,1,mppi,crowded,30012,True,base,439.3787286000006,461,0.2252076209086468,True
goal,True,35.69999999999998,36.96583084260478,1.0330023582181915,0.9907447197578916,0.05642214874235277,0.13891241745862076,False,0.0,0.25177963498199907,,0.5746860610390092,1785,crowded,30013,0.0,False,False,1000.0,1000.0,36.0,0.9522616297640685,3.1089084441278008,4,1,mppi,crowded,30013,True,base,382.43284209999547,298,0.16694677871148458,True
goal,True,53.34000000000274,37.3352160879104,0.6985810735843248,0.8088687707071794,0.06285404198161501,0.09412332276246665,False,0.0,0.1515347372669859,,0.6419077719219954,2667,crowded,30014,0.0,False,False,1000.0,1000.0,36.0,0.9811832948310352,4.854952407449609,3,2,mppi,crowded,30014,True,base,572.0980395000006,162,0.06074240719910011,True
goal,True,47.16000000000177,36.48652731231618,0.7727390597590167,0.9734384445272789,0.06324487359217212,0.10173624597077639,False,0.0,0.4342574637622305,,0.583764213481657,2358,crowded,30015,0.0,False,False,1000.0,1000.0,36.0,0.9260795764344749,4.128861180271976,6,2,mppi,crowded,30015,True,base,512.7591824999981,952,0.4037319762510602,True
goal,True,29.299999999999464,36.538490850035174,1.2463450884352407,0.9098821139804008,0.06128082651945718,0.09874353482300659,False,0.0,0.5418054244071511,,0.44707187089708683,1465,crowded,30016,0.0,False,False,1000.0,1000.0,36.0,0.9851147692440038,4.5322748790052305,4,2,mppi,crowded,30016,True,base,309.47744989999774,150,0.10238907849829351,True
goal,True,30.85999999999943,36.57620227658359,1.1833452957345822,1.0086059381693815,0.07064032249460521,0.13585718513395836,False,0.0,0.052487432895794855,,0.497775139421747,1543,crowded,30017,0.0,False,False,1000.0,1000.0,36.0,0.9156840878797285,3.924854169270101,3,2,mppi,crowded,30017,True,base,328.02940999999555,128,0.0829552819183409,True
goal,True,26.979999999999514,36.27052049695819,1.3439561938823341,0.9112301582278252,0.06890089092186003,0.08499506832035297,False,0.0,0.43508940778735117,,0.3765670208228681,1349,crowded,30018,0.0,False,False,1000.0,1000.0,36.0,0.8062032162168414,4.7410347833925695,3,1,mppi,crowded,30018,True,base,281.9337960000048,0,0.0,True
timeout,False,90.01999999999923,19.56187093382214,0.21637754489127264,1.0059659566640458,0.06522667738428857,0.07168323040093685,False,0.0,0.4054451857509306,,0.787990254691531,4501,crowded,30019,0.0,False,False,1000.0,1000.0,36.0,1.0802208805064,3.8552242826295764,3,2,mppi,crowded,30019,True,base,957.1350822000022,39,0.008664741168629194,False
goal,True,23.599999999999586,36.06520062199907,1.5283243120029106,1.8918864037938128,0.7328791068550731,0.18794708223071857,False,0.0,,,0.3871996983348668,1180,kerb,30000,0.1003470359394405,False,False,16.0,22.0,36.0,0.94623404235241,3.601266983379266,0,0,mppi,kerb,30000,True,shock_x2.5,283.7748240000001,0,0.0,True
goal,True,23.699999999999584,36.057130486608656,1.5219844383267431,1.237839924681149,0.838426562051463,0.1614196014689461,False,0.0,,,0.3739455423656123,1185,kerb,30001,0.1428189020601956,False,True,16.0,22.0,36.0,1.043269391848437,3.722613671694816,0,0,mppi,kerb,30001,True,shock_x2.5,287.5696377999993,0,0.0,True
goal,True,23.499999999999588,36.08710897944359,1.5360375839011753,1.3181313787535223,0.8040420433532126,0.16132348931513887,False,0.0,,,0.37937806225927767,1175,kerb,30002,0.13754704829513487,False,True,16.0,22.0,36.0,1.094295256192989,3.7143547524892653,0,0,mppi,kerb,30002,True,shock_x2.5,284.64522840000427,0,0.0,True
goal,True,23.87999999999958,36.13136636795191,1.5130343296332833,1.1845751808793554,0.7915270700000305,0.19698019158404964,False,0.0,,,0.4216634372615381,1194,kerb,30003,0.1431392465995096,False,False,16.0,22.0,36.0,0.9930631191143491,4.7960100374527626,0,0,mppi,kerb,30003,True,shock_x2.5,287.0171457999968,0,0.0,True
goal,True,23.999999999999577,36.0682201090802,1.5029880421568576,2.9205212976223685,1.0394956093399474,0.22705079666602446,False,0.0,,,0.4067251646885099,1200,kerb,30004,0.13132799020649005,False,False,16.0,22.0,36.0,1.0216820008660161,3.381410802327469,0,0,mppi,kerb,30004,True,shock_x2.5,290.23296150000533,0,0.0,True
goal,True,23.79999999999958,36.071180497881684,1.5157526556800804,1.925474894722304,0.9514588342529533,0.22430158020947796,False,0.0,,,0.4187250884042104,1190,kerb,30005,0.13472670619880006,False,False,16.0,22.0,36.0,1.0920269352884409,3.6033298161351226,0,0,mppi,kerb,30005,True,shock_x2.5,285.955595899999,0,0.0,True
goal,True,23.779999999999582,36.06687073541845,1.517026698551857,1.3118312900584983,0.9051427050785987,0.16421760622129325,False,0.0,,,0.38453310194719853,1189,kerb,30006,0.13355617686690438,False,True,16.0,22.0,36.0,0.9174085093638475,3.0530624208527843,0,0,mppi,kerb,30006,True,shock_x2.5,288.9515965000028,0,0.0,True
goal,True,23.959999999999578,36.11658021158873,1.5073544760185722,1.2353271222946163,0.8743938612566562,0.20827638306232119,False,0.0,,,0.40106874621381183,1198,kerb,30007,0.14604976560108118,False,False,16.0,22.0,36.0,0.7185444503357252,4.27839074373451,0,0,mppi,kerb,30007,True,shock_x2.5,288.55001740000444,0,0.0,True
goal,True,23.499999999999588,36.069870404933376,1.5352086633671012,1.773375922162138,0.6602555102869824,0.14414588088697797,False,0.0,,,0.4095496254397513,1175,kerb,30008,0.09688845619584842,True,False,16.0,22.0,36.0,0.936046807503324,4.779690582549411,0,0,mppi,kerb,30008,True,shock_x2.5,285.89893710000615,0,0.0,True
goal,True,23.81999999999958,36.06068612633863,1.5138544733648058,2.8715059827340235,0.9212997435709078,0.22788000099831726,False,0.0,,,0.41452824029368274,1191,kerb,30009,0.1303524223744153,False,False,16.0,22.0,36.0,0.8604384077926199,3.4236432027256516,0,0,mppi,kerb,30009,True,shock_x2.5,288.39905769999314,0,0.0,True
goal,True,23.83999999999958,36.069648935593726,1.5129686499585224,1.9881215526020775,0.8284053392841408,0.21965622749892477,False,0.0,,,0.4213606428978358,1192,kerb,30010,0.14463196798437483,False,False,16.0,22.0,36.0,1.0876996971909287,4.2074360503736035,0,0,mppi,kerb,30010,True,shock_x2.5,287.384547200003,0,0.0,True
goal,True,23.499999999999588,36.092591931886425,1.5358843589295628,2.0924955364440487,0.8075368386264768,0.19598319833275368,False,0.0,,,0.3971349892593186,1175,kerb,30011,0.10344774205795826,False,False,16.0,22.0,36.0,0.8803736260578074,3.5629736436997854,0,0,mppi,kerb,30011,True,shock_x2.5,282.7159249000033,0,0.0,True
goal,True,23.639999999999585,36.06754523850931,1.5258097982088434,1.8793839165544723,0.7913454528146875,0.1860239502967005,False,0.0,,,0.4084904971327965,1182,kerb,30012,0.10142766444049402,False,False,16.0,22.0,36.0,1.0571494568401196,4.287478562137952,0,0,mppi,kerb,30012,True,shock_x2.5,285.3907529000062,0,0.0,True
goal,True,23.519999999999587,36.08169593225581,1.5346737904647911,0.8904546859762299,0.0965281828977707,0.08759494665315543,False,0.0,,,0.3609654135361135,1176,kerb,30013,0.11387942893657875,True,True,16.0,22.0,36.0,0.9522616297640685,3.1089084441278008,0,0,mppi,kerb,30013,True,shock_x2.5,290.32946049999737,0,0.0,True
goal,True,23.619999999999585,36.088111100630634,1.528283605480036,0.9797569843595384,0.7756120028065155,0.14229178077925064,False,0.0,,,0.3782639536148261,1181,kerb,30014,0.1226360465774994,False,True,16.0,22.0,36.0,0.9811832948310352,4.854952407449609,0,0,mppi,kerb,30014,True,shock_x2.5,288.07740249999915,0,0.0,True
goal,True,23.499999999999588,36.12674092420969,1.537134281745393,1.5114776019125689,0.8321820390403081,0.21109720123219458,False,0.0,,,0.4158027948021538,1175,kerb,30015,0.13952034251217432,False,False,16.0,22.0,36.0,0.9260795764344749,4.128861180271976,0,0,mppi,kerb,30015,True,shock_x2.5,282.5724610999969,0,0.0,True
goal,True,23.559999999999587,36.072006813253275,1.5314925916908497,1.005906722629974,0.8063844911519829,0.1458461429595886,False,0.0,,,0.3856802393314036,1178,kerb,30016,0.12324413790021449,False,True,16.0,22.0,36.0,0.9851147692440038,4.5322748790052305,0,0,mppi,kerb,30016,True,shock_x2.5,286.24543450000056,0,0.0,True
goal,True,23.979999999999578,36.1157313976262,1.506047020260637,1.5823581582366992,1.1089094280258671,0.22585961092117904,False,0.0,,,0.41846933202755104,1199,kerb,30017,0.14932260537797498,False,False,16.0,22.0,36.0,0.9156840878797285,3.924854169270101,0,0,mppi,kerb,30017,True,shock_x2.5,288.52545820000523,0,0.0,True
goal,True,23.999999999999577,36.1253465964521,1.5054524949583785,1.6765216819696573,0.8169554961396902,0.15739114804872711,False,0.0,,,0.39705980139435226,1200,kerb,30018,0.11689804203978599,True,False,16.0,22.0,36.0,0.8062032162168414,4.7410347833925695,0,0,mppi,kerb,30018,True,shock_x2.5,291.15411609999865,0,0.0,True
goal,True,23.35999999999959,36.077677828349415,1.544686171545186,2.779265962584637,1.0543369442176067,0.19300907748967708,False,0.0,,,0.3939230672629316,1168,kerb,30019,0.13953235102862394,True,False,16.0,22.0,36.0,1.0802208805064,3.8552242826295764,0,0,mppi,kerb,30019,True,shock_x2.5,284.09357440000167,0,0.0,True
goal,True,25.979999999999535,36.13845536318289,1.3909062341462624,1.9025582652946926,0.733632553582026,0.18316687363803819,False,0.0,0.8241333514183998,,0.41962722569921684,1299,mixed,30000,0.1003470359394405,False,False,16.0,22.0,36.0,0.94623404235241,3.601266983379266,2,1,mppi,mixed,30000,True,shock_x2.5,316.98004019999644,0,0.0,True
stall,False,23.659999999999584,6.269525741665029,0.2644508168789978,0.9623308201584957,0.05833122440583678,0.0753458835775488,False,0.0,0.26716805292765755,,0.2118365045420438,1183,mixed,30001,0.1428189020601956,False,True,16.0,22.0,36.0,1.043269391848437,3.722613671694816,4,1,mppi,mixed,30001,True,shock_x2.5,300.21261499999673,734,0.6204564666103127,False
goal,True,31.739999999999412,36.86955431989427,1.160142954143335,1.0168174740295945,0.5113847482753444,0.1621045071766615,False,0.0,0.39088482894711196,,0.7443705637415656,1587,mixed,30002,0.13754704829513487,False,True,16.0,22.0,36.0,1.094295256192989,3.7143547524892653,2,2,mppi,mixed,30002,True,shock_x2.5,375.29672330000176,203,0.12791430371770637,True
goal,True,33.83999999999969,36.80912764071899,1.0857267118671756,1.724141295149993,0.8066423774413387,0.17588791993958644,False,0.0,0.35136704356225595,,0.5472901751616814,1692,mixed,30003,0.1431392465995096,False,False,16.0,22.0,36.0,0.9930631191143491,4.7960100374527626,4,2,mppi,mixed,30003,True,shock_x2.5,417.31821330000093,98,0.057919621749408984,True
goal,True,28.63999999999948,36.31127396776293,1.2664799123091461,1.6905700451533296,0.8348007560965398,0.2048328612257973,False,0.0,0.48100301312085436,,0.5113157583521437,1432,mixed,30004,0.13132799020649005,False,False,16.0,22.0,36.0,1.0216820008660161,3.381410802327469,2,1,mppi,mixed,30004,True,shock_x2.5,349.64258820000396,174,0.12150837988826815,True
goal,True,34.699999999999825,36.48380063865469,1.050774219909641,1.5118069195624217,0.8428287320446285,0.18775527782209867,False,0.0,0.32878906710264744,,0.5110785587182031,1735,mixed,30005,0.13472670619880006,False,False,16.0,22.0,36.0,1.0920269352884409,3.6033298161351226,2,3,mppi,mixed,30005,True,shock_x2.5,422.7886240000007,60,0.0345821325648415,True
off_sidewalk,False,20.019999999999662,25.535276022976635,1.2733977138193548,1.3467410160119568,0.9094655908672041,0.1944004711110219,False,0.0,0.3154403322743743,,0.33495510414710633,1001,mixed,30006,0.13355617686690438,False,True,16.0,22.0,36.0,0.9174085093638475,3.0530624208527843,3,1,mppi,mixed,30006,True,shock_x2.5,239.38116250000166,218,0.2177822177822178,False
goal,True,27.339999999999506,36.32931772084157,1.3282922987427872,1.3094222972275773,0.9644559542589006,0.19741980332604478,False,0.0,0.6529711433780016,,0.4524938722932622,1367,mixed,30007,0.14604976560108118,False,False,16.0,22.0,36.0,0.7185444503357252,4.27839074373451,2,3,mppi,mixed,30007,True,shock_x2.5,333.5648918000006,69,0.05047549378200439,True
stall,False,27.379999999999505,8.449039196300289,0.3067410738828434,0.9482471593945502,0.07641588503095643,0.11340818737426478,False,0.0,0.27097668615550907,,0.30500520689405486,1369,mixed,30008,0.09688845619584842,True,False,16.0,22.0,36.0,0.936046807503324,4.779690582549411,3,3,mppi,mixed,30008,True,shock_x2.5,349.86305740000535,755,0.5514974433893353,False
goal,True,47.22000000000178,36.72992252261938,0.7764095233814439,1.3277810140059074,0.8255833292284454,0.15242653815768656,False,0.0,0.33497662265502937,,0.6262500581170566,2361,mixed,30009,0.1303524223744153,False,False,16.0,22.0,36.0,0.8604384077926199,3.4236432027256516,3,1,mppi,mixed,30009,True,shock_x2.5,597.7441122000018,213,0.09021601016518424,True
goal,True,30.659999999999435,36.358545432873825,1.1851158804218225,1.1892331583518931,0.8055282222044449,0.18466302130588197,False,0.0,0.6732211616347338,,0.5051375655952446,1533,mixed,30010,0.14463196798437483,False,False,16.0,22.0,36.0,1.0876996971909287,4.2074360503736035,3,2,mppi,mixed,30010,True,shock_x2.5,375.64487329999974,0,0.0,True
off_sidewalk,False,8.159999999999915,3.3707480949046658,0.4109914659383844,0.8117986629444349,0.057735610574138216,0.13160081008862926,False,0.0,0.6807563898828309,,0.09594449501553806,408,mixed,30011,0.10344774205795826,False,False,16.0,22.0,36.0,0.8803736260578074,3.5629736436997854,3,1,mppi,mixed,30011,True,shock_x2.5,94.21041269999841,0,0.0,False
goal,True,27.359999999999506,36.41173053795459,1.3296395726875345,2.0770877869396305,0.7058895127593672,0.17894451673864203,False,0.0,0.5611953823858463,,0.47048761239793974,1368,mixed,30012,0.10142766444049402,False,False,16.0,22.0,36.0,1.0571494568401196,4.287478562137952,4,1,mppi,mixed,30012,True,shock_x2.5,336.2302705000038,107,0.07821637426900585,True
goal,True,33.07999999999957,36.774085047772175,1.1099838674812206,0.9789857184948095,0.39737062033837134,0.1418732015063596,False,0.0,0.40755495222493154,,0.5540702167248437,1654,mixed,30013,0.11387942893657875,True,True,16.0,22.0,36.0,0.9522616297640685,3.1089084441278008,4,1,mppi,mixed,30013,True,shock_x2.5,409.8883765000064,196,0.1185006045949214,True
off_sidewalk,False,21.47999999999963,10.831726735352305,0.5000497600171628,1.0161000574675627,0.2922037705719775,0.16630064211942663,False,0.0,0.12226927631700105,,0.3189469154895931,1074,mixed,30014,0.1226360465774994,False,True,16.0,22.0,36.0,0.9811832948310352,4.854952407449609,3,2,mppi,mixed,30014,True,shock_x2.5,265.32779660000233,131,0.12197392923649907,False
goal,True,28.439999999999483,36.60839061212578,1.2855541668960773,1.2583607847486014,0.8249964423034721,0.20610297407603545,False,0.0,0.4759392545305493,,0.5024976702841333,1422,mixed,30015,0.13952034251217432,False,False,16.0,22.0,36.0,0.9260795764344749,4.128861180271976,3,1,mppi,mixed,30015,True,shock_x2.5,347.235359899998,99,0.06962025316455696,True
goal,True,37.520000000000266,37.11050853926405,0.9871500730197494,1.0381859229459205,0.8025478919499299,0.14100618082526792,False,0.0,0.2951728704096327,,0.5704256261327884,1876,mixed,30016,0.12324413790021449,False,True,16.0,22.0,36.0,0.9851147692440038,4.5322748790052305,2,3,mppi,mixed,30016,True,shock_x2.5,467.6107241999998,67,0.03571428571428571,True
stall,False,43.280000000001166,23.114349382821036,0.5218892115324126,1.703940247576175,0.8246314858668706,0.17691330729837354,False,0.0,0.408452421774972,,1.6144937011351357,2164,mixed,30017,0.14932260537797498,False,False,16.0,22.0,36.0,0.9156840878797285,3.924854169270101,2,3,mppi,mixed,30017,True,shock_x2.5,537.6491116999969,73,0.03373382624768946,False
goal,True,35.779999999999994,36.30405687518656,1.0142506730609835,1.6823470291703055,0.8495184533643148,0.14358074886137218,False,0.0,0.30456875277664963,,0.5292164297107,1789,mixed,30018,0.11689804203978599,True,False,16.0,22.0,36.0,0.8062032162168414,4.7410347833925695,3,1,mppi,mixed,30018,True,shock_x2.5,447.9560926999984,177,0.09893795416433762,True
stall,False,34.87999999999985,11.070982138837994,0.31488054896590034,0.9880343894604461,0.26321804231424517,0.12191472719812094,False,0.0,0.24786725125455186,,0.4051715809397174,1744,mixed,30019,0.13953235102862394,True,False,16.0,22.0,36.0,1.0802208805064,3.8552242826295764,4,1,mppi,mixed,30019,True,shock_x2.5,441.79361490000156,858,0.4919724770642202,False
goal,True,42.26000000000101,37.154890808805206,0.875909097157878,0.9433567567015542,0.05717901873766793,0.12872625686535674,False,0.0,0.44436708599572816,,0.6364023533492276,2113,crowded,30000,0.0,False,False,1000.0,1000.0,36.0,0.94623404235241,3.601266983379266,6,1,mppi,crowded,30000,True,shock_x2.5,451.9238684000011,270,0.12778040700425936,True
goal,True,46.30000000000164,37.197162560591956,0.801811152078722,0.9680215362858906,0.05850586298825843,0.09279477361694695,False,0.0,0.13092500144393504,,0.5695541575289443,2315,crowded,30001,0.0,False,False,1000.0,1000.0,36.0,1.043269391848437,3.722613671694816,5,2,mppi,crowded,30001,True,shock_x2.5,491.1240240000043,127,0.05485961123110151,True
goal,True,48.060000000001914,37.16765220257689,0.77144672453377,0.9702695275454369,0.058752899075406276,0.12755974638598397,False,0.0,0.24329622764986011,,0.7095975284975762,2403,crowded,30002,0.0,False,False,1000.0,1000.0,36.0,1.094295256192989,3.7143547524892653,6,2,mppi,crowded,30002,True,shock_x2.5,512.469608899999,393,0.16354556803995007,True
goal,True,45.10000000000145,37.87237223562084,0.8374894221435957,0.9253307558730737,0.07039923878503614,0.11275994576229088,False,0.0,0.38859804864916436,,0.6270833486546743,2255,crowded,30003,0.0,False,False,1000.0,1000.0,36.0,0.9930631191143491,4.7960100374527626,6,2,mppi,crowded,30003,True,shock_x2.5,488.590371899998,377,0.1671840354767184,True
goal,True,32.55999999999949,36.81591296514876,1.1291740821082248,0.940072488754594,0.05195431853784243,0.10440798052828457,False,0.0,0.37490969815256703,,0.4609133895444403,1628,crowded,30004,0.0,False,False,1000.0,1000.0,36.0,1.0216820008660161,3.381410802327469,4,2,mppi,crowded,30004,True,shock_x2.5,344.1208375999995,250,0.15356265356265356,True
goal,True,41.76000000000093,37.38988490327413,0.8923806608950968,1.0405149742745188,0.06972991631878155,0.12936450695076745,False,0.0,0.15341630024743017,,0.601782740641412,2088,crowded,30005,0.0,False,False,1000.0,1000.0,36.0,1.0920269352884409,3.6033298161351226,5,2,mppi,crowded,30005,True,shock_x2.5,445.0256148999979,285,0.13649425287356323,True
goal,True,34.819999999999844,36.8227525722365,1.0556903940923417,0.9311403051161321,0.05329411092986167,0.09603536945388663,False,0.0,0.43556734244512396,,0.4878567759595871,1741,crowded,30006,0.0,False,False,1000.0,1000.0,36.0,0.9174085093638475,3.0530624208527843,4,2,mppi,crowded,30006,True,shock_x2.5,370.9826850000027,185,0.10626076967260195,True
goal,True,34.21999999999975,36.49250121374357,1.065339795022231,0.9780939793475596,0.06881172953188187,0.08920485956135714,False,0.0,0.09081317511138665,,0.4645872190210714,1711,crowded,30007,0.0,False,False,1000.0,1000.0,36.0,0.7185444503357252,4.27839074373451,4,2,mppi,crowded,30007,True,shock_x2.5,364.8568618999998,95,0.055523085914669784,True
goal,True,36.28000000000007,37.088632206052935,1.0205782334365316,0.9659290604380482,0.0787544129017441,0.11967198049549602,False,0.0,0.25506011801790807,,0.5525745380968128,1814,crowded,30008,0.0,False,False,1000.0,1000.0,36.0,0.936046807503324,4.779690582549411,4,1,mppi,crowded,30008,True,shock_x2.5,384.3655692999964,222,0.12238147739801543,True
goal,True,38.44000000000041,36.90432537903639,0.9577759775003535,0.8838270110215127,0.05237948026078569,0.12444362285457851,False,0.0,0.35733735103164666,,0.5514799791150202,1922,crowded,30009,0.0,False,False,1000.0,1000.0,36.0,0.8604384077926199,3.4236432027256516,6,2,mppi,crowded,30009,True,shock_x2.5,416.9658963000038,575,0.2991675338189386,True
stall,False,29.259999999999465,13.188434022390354,0.44790913309330427,1.1142113079418117,0.06583285710743231,0.1471485227889006,False,0.0,0.11511943813033462,,0.385997086549784,1463,crowded,30010,0.0,False,False,1000.0,1000.0,36.0,1.0876996971909287,4.2074360503736035,6,2,mppi,crowded,30010,True,shock_x2.5,315.17298049999954,167,0.11414900888585099,False
goal,True,32.519999999999484,36.41761717399373,1.1187689813992727,1.0149159601908537,0.07094770138775737,0.10997262159787549,False,0.0,0.24066080993438274,,0.49177115569507207,1626,crowded,30011,0.0,False,False,1000.0,1000.0,36.0,0.8803736260578074,3.5629736436997854,4,1,mppi,crowded,30011,True,shock_x2.5,348.9494865000015,295,0.1814268142681427,True
goal,True,56.520000000003236,38.13437556059731,0.672866075278077,0.9608970247365645,0.06662134353352656,0.09597718375528895,False,0.0,0.5322061907693694,,0.6891818635942517,2826,crowded,30012,0.0,False,False,1000.0,1000.0,36.0,1.0571494568401196,4.287478562137952,3,1,mppi,crowded,30012,True,shock_x2.5,598.1954656999951,78,0.027600849256900213,True
goal,True,38.220000000000375,37.07022439585092,0.9666761717444096,1.125976714206444,0.051371032004050736,0.13662396947923022,False,0.0,0.12519570906467684,,0.5796894227436784,1911,crowded,30013,0.0,False,False,1000.0,1000.0,36.0,0.9522616297640685,3.1089084441278008,4,1,mppi,crowded,30013,True,shock_x2.5,409.280033300005,472,0.24699110413396128,True
goal,True,53.30000000000273,37.30276528923452,0.6985088801512517,0.8119309963080945,0.06285404198161501,0.09418283130707318,False,0.0,0.1515347372669859,,0.6406022315064216,2665,crowded,30014,0.0,False,False,1000.0,1000.0,36.0,0.9811832948310352,4.854952407449609,3,2,mppi,crowded,30014,True,shock_x2.5,568.5818900000013,157,0.05891181988742964,True
goal,True,47.500000000001826,36.46879950978595,0.7668759651522156,0.9734384445272791,0.06324487359217221,0.09144802654336463,False,0.0,0.43446101554780514,,0.5853823939328151,2375,crowded,30015,0.0,False,False,1000.0,1000.0,36.0,0.9260795764344749,4.128861180271976,6,2,mppi,crowded,30015,True,shock_x2.5,514.2935148000033,880,0.3705263157894737,True
goal,True,29.159999999999467,36.512401546248306,1.2515498683708115,0.9098821139804002,0.06128082651945702,0.09823690803308768,False,0.0,0.5282135440221489,,0.44339439900437033,1458,crowded,30016,0.0,False,False,1000.0,1000.0,36.0,0.9851147692440038,4.5322748790052305,4,2,mppi,crowded,30016,True,shock_x2.5,306.7007675000059,156,0.10699588477366255,True
goal,True,30.83999999999943,36.59313606262448,1.1846876378359026,1.0086059381693813,0.07064032249460483,0.13958955482729796,False,0.0,0.05514714786948918,,0.5026381836871856,1542,crowded,30017,0.0,False,False,1000.0,1000.0,36.0,0.9156840878797285,3.924854169270101,3,2,mppi,crowded,30017,True,shock_x2.5,328.80620140000246,127,0.08236057068741894,True
goal,True,26.979999999999514,36.270520496958184,1.3439561938823341,0.9112301582278252,0.06890089092186012,0.08499506832035293,False,0.0,0.43508940778735106,,0.37656702082286786,1349,crowded,30018,0.0,False,False,1000.0,1000.0,36.0,0.8062032162168414,4.7410347833925695,3,1,mppi,crowded,30018,True,shock_x2.5,281.08462560000044,0,0.0,True
timeout,False,90.01999999999923,19.5662540234917,0.21642881213773832,1.0059659566640453,0.06522667738428918,0.07070914150093684,False,0.0,0.41008347136570333,,0.7858040299508666,4501,crowded,30019,0.0,False,False,1000.0,1000.0,36.0,1.0802208805064,3.8552242826295764,3,2,mppi,crowded,30019,True,shock_x2.5,968.2406341000024,38,0.008442568318151522,False
goal,True,23.599999999999586,36.06409304148321,1.5282763691535903,1.937691250637876,0.7369229805939996,0.18940733932390005,False,0.0,,,0.38751462224687266,1180,kerb,30000,0.1003470359394405,False,False,16.0,22.0,36.0,0.94623404235241,3.601266983379266,0,0,mppi,kerb,30000,True,shock_x2.5_clear,283.2432783999975,0,0.0,True
goal,True,23.699999999999584,36.057681915157325,1.5220034309890378,1.2340287951744844,0.838146718305517,0.16143052857424092,False,0.0,,,0.373944729294638,1185,kerb,30001,0.1428189020601956,False,True,16.0,22.0,36.0,1.043269391848437,3.722613671694816,0,0,mppi,kerb,30001,True,shock_x2.5_clear,287.1732871999993,0,0.0,True
goal,True,23.499999999999588,36.09922051102511,1.536556870943995,1.3356159142576063,0.8043658460672175,0.16200757024796486,False,0.0,,,0.37953178798681236,1175,kerb,30002,0.13754704829513487,False,True,16.0,22.0,36.0,1.094295256192989,3.7143547524892653,0,0,mppi,kerb,30002,True,shock_x2.5_clear,284.3779610999991,0,0.0,True
goal,True,23.87999999999958,36.11923963388611,1.5125292569625524,1.1745337027204363,0.7887728537828572,0.195993518792028,False,0.0,,,0.42183791371275625,1194,kerb,30003,0.1431392465995096,False,False,16.0,22.0,36.0,0.9930631191143491,4.7960100374527626,0,0,mppi,kerb,30003,True,shock_x2.5_clear,287.10116549999657,0,0.0,True
goal,True,23.999999999999577,36.06249483053684,1.5026923324712842,2.8742496564350684,1.0372599932653752,0.2269252919282579,False,0.0,,,0.4076394954583063,1200,kerb,30004,0.13132799020649005,False,False,16.0,22.0,36.0,1.0216820008660161,3.381410802327469,0,0,mppi,kerb,30004,True,shock_x2.5_clear,287.7986424999981,0,0.0,True
goal,True,23.79999999999958,36.076553524896084,1.5159578398523257,1.9223979705123642,0.9518915377929288,0.22432821275404888,False,0.0,,,0.4188355356530686,1190,kerb,30005,0.13472670619880006,False,False,16.0,22.0,36.0,1.0920269352884409,3.6033298161351226,0,0,mppi,kerb,30005,True,shock_x2.5_clear,285.4497967999996,0,0.0,True
goal,True,23.779999999999582,36.062074538327245,1.51683083074404,1.3137100525967649,0.9046283427070361,0.1640844077927939,False,0.0,,,0.38421358858481786,1189,kerb,30006,0.13355617686690438,False,True,16.0,22.0,36.0,0.9174085093638475,3.0530624208527843,0,0,mppi,kerb,30006,True,shock_x2.5_clear,289.5172844999979,0,0.0,True
goal,True,23.959999999999578,36.12156883663237,1.507546280421814,1.2165112270749678,0.860664924611134,0.2080559172636646,False,0.0,,,0.4019420103977505,1198,kerb,30007,0.14604976560108118,False,False,16.0,22.0,36.0,0.7185444503357252,4.27839074373451,0,0,mppi,kerb,30007,True,shock_x2.5_clear,287.2292140999998,0,0.0,True
goal,True,23.47999999999959,36.05589471476104,1.5358702464627112,1.7573824796759627,0.6622876992826713,0.1438839271934369,False,0.0,,,0.40754428526311687,1174,kerb,30008,0.09688845619584842,True,False,16.0,22.0,36.0,0.936046807503324,4.779690582549411,0,0,mppi,kerb,30008,True,shock_x2.5_clear,285.18830019999587,0,0.0,True
goal,True,23.81999999999958,36.056493825045834,1.5136887488699857,2.8310014870662616,0.9242697371767096,0.2273307207697523,False,0.0,,,0.4147104284552444,1191,kerb,30009,0.1303524223744153,False,False,16.0,22.0,36.0,0.8604384077926199,3.4236432027256516,0,0,mppi,kerb,30009,True,shock_x2.5_clear,287.2685751999961,0,0.0,True
goal,True,23.85999999999958,36.07593103740615,1.5119743065947189,1.9863373014418535,0.8231256149109037,0.22048053668077428,False,0.0,,,0.4226011857132432,1193,kerb,30010,0.14463196798437483,False,False,16.0,22.0,36.0,1.0876996971909287,4.2074360503736035,0,0,mppi,kerb,30010,True,shock_x2.5_clear,287.17912210000213,0,0.0,True
goal,True,23.499999999999588,36.08907490607327,1.5357874036191648,2.08458348786932,0.8055925106914983,0.19643707660574278,False,0.0,,,0.39760496916521865,1175,kerb,30011,0.10344774205795826,False,False,16.0,22.0,36.0,0.8803736260578074,3.5629736436997854,0,0,mppi,kerb,30011,True,shock_x2.5_clear,281.9395216999983,0,0.0,True
goal,True,23.639999999999585,36.06833087465229,1.525847121298191,1.8711455833695854,0.7900958184913798,0.18534674332156828,False,0.0,,,0.40816042857843676,1182,kerb,30012,0.10142766444049402,False,False,16.0,22.0,36.0,1.0571494568401196,4.287478562137952,0,0,mppi,kerb,30012,True,shock_x2.5_clear,285.09351899999456,0,0.0,True
goal,True,23.519999999999587,36.07645365178786,1.5344540839460492,0.8904566114831456,0.09898550827182727,0.08756337607391884,False,0.0,,,0.3608658664069047,1176,kerb,30013,0.11387942893657875,True,True,16.0,22.0,36.0,0.9522616297640685,3.1089084441278008,0,0,mppi,kerb,30013,True,shock_x2.5_clear,289.30472319999535,0,0.0,True
goal,True,23.619999999999585,36.08605146544317,1.5281983066397364,0.9833035656718138,0.7774216228032614,0.1422456448115609,False,0.0,,,0.37821857320509994,1181,kerb,30014,0.1226360465774994,False,True,16.0,22.0,36.0,0.9811832948310352,4.854952407449609,0,0,mppi,kerb,30014,True,shock_x2.5_clear,287.14349380000203,0,0.0,True
goal,True,23.499999999999588,36.130962153280215,1.5373362449430605,1.5745618876510434,0.8317195805333649,0.2111483689151849,False,0.0,,,0.4154888677661498,1175,kerb,30015,0.13952034251217432,False,False,16.0,22.0,36.0,0.9260795764344749,4.128861180271976,0,0,mppi,kerb,30015,True,shock_x2.5_clear,282.45232039999973,0,0.0,True
goal,True,23.539999999999587,36.05867595340847,1.532223164150214,1.0069971535377533,0.8066599046752878,0.14610476515556942,False,0.0,,,0.3856050633000154,1177,kerb,30016,0.12324413790021449,False,True,16.0,22.0,36.0,0.9851147692440038,4.5322748790052305,0,0,mppi,kerb,30016,True,shock_x2.5_clear,286.61193549999734,0,0.0,True
goal,True,23.979999999999578,36.1058811333619,1.5055982094420013,1.592142504580493,1.111928489432199,0.22593193663380842,False,0.0,,,0.4197062614326458,1199,kerb,30017,0.14932260537797498,False,False,16.0,22.0,36.0,0.9156840878797285,3.924854169270101,0,0,mppi,kerb,30017,True,shock_x2.5_clear,288.7123747000005,0,0.0,True
goal,True,23.979999999999578,36.10257846461645,1.5057814829348368,1.806242221478291,0.8110654401487246,0.1581651435667372,False,0.0,,,0.39608655079801136,1199,kerb,30018,0.11689804203978599,True,False,16.0,22.0,36.0,0.8062032162168414,4.7410347833925695,0,0,mppi,kerb,30018,True,shock_x2.5_clear,292.75511879999976,0,0.0,True
goal,True,23.35999999999959,36.08074958193906,1.544799011296414,2.791302396844681,1.061302627334784,0.1928357242653255,False,0.0,,,0.39349422888410274,1168,kerb,30019,0.13953235102862394,True,False,16.0,22.0,36.0,1.0802208805064,3.8552242826295764,0,0,mppi,kerb,30019,True,shock_x2.5_clear,284.4717079999973,0,0.0,True
goal,True,26.19999999999953,36.13553100564727,1.3791239104382558,1.9427197909866163,0.7310789757668553,0.18174697116997726,False,0.0,0.8810364214258811,,0.4190307990609098,1310,mixed,30000,0.1003470359394405,False,False,16.0,22.0,36.0,0.94623404235241,3.601266983379266,2,1,mppi,mixed,30000,True,shock_x2.5_clear,318.4409693999987,0,0.0,True
goal,True,32.31999999999945,36.71458703699113,1.1340871677693818,1.382714478763728,0.8130970928689759,0.1576082800101055,False,0.0,0.20279665655736206,,0.4987348395740738,1616,mixed,30001,0.1428189020601956,False,True,16.0,22.0,36.0,1.043269391848437,3.722613671694816,4,1,mppi,mixed,30001,True,shock_x2.5_clear,401.0956933000052,104,0.06435643564356436,True
off_sidewalk,False,7.319999999999932,5.350545682446118,0.7286741561526728,0.7806260083092817,0.2304551282399291,0.14366482456223936,False,0.0,0.48301512670988056,,0.10409658342534782,366,mixed,30002,0.13754704829513487,False,True,16.0,22.0,36.0,1.094295256192989,3.7143547524892653,2,2,mppi,mixed,30002,True,shock_x2.5_clear,91.28689350000059,1,0.00273224043715847,False
goal,True,33.83999999999969,36.84767731963381,1.086864501509567,1.1637367911962642,0.7717407351163891,0.16672831584931763,False,0.0,0.4194073865547219,,0.5370207051350061,1692,mixed,30003,0.1431392465995096,False,False,16.0,22.0,36.0,0.9930631191143491,4.7960100374527626,4,2,mppi,mixed,30003,True,shock_x2.5_clear,417.24249710000004,77,0.04550827423167849,True
goal,True,28.699999999999477,36.364484450650785,1.2654108515046143,1.2733020730759732,0.8172632275404792,0.19663495421026972,False,0.0,0.574717590636581,,0.5111671897443136,1435,mixed,30004,0.13132799020649005,False,False,16.0,22.0,36.0,1.0216820008660161,3.381410802327469,2,1,mppi,mixed,30004,True,shock_x2.5_clear,349.094981299997,148,0.10313588850174216,True
goal,True,42.62000000000106,36.50218729136915,0.8557103276442268,1.3809397529454188,0.8071307516415519,0.16888868463289614,False,0.0,0.3935316976431086,,0.5764841542458338,2131,mixed,30005,0.13472670619880006,False,False,16.0,22.0,36.0,1.0920269352884409,3.6033298161351226,2,3,mppi,mixed,30005,True,shock_x2.5_clear,504.5358358000012,65,0.03050211168465509,True
off_sidewalk,False,18.879999999999686,25.34969101818254,1.3412926784869674,1.3553735773064064,0.9109652638529907,0.2004532573147719,False,0.0,0.37952962190364103,,0.3247049342634493,944,mixed,30006,0.13355617686690438,False,True,16.0,22.0,36.0,0.9174085093638475,3.0530624208527843,3,1,mppi,mixed,30006,True,shock_x2.5_clear,228.78656449999835,222,0.23516949152542374,False
goal,True,27.819999999999496,36.39142245837828,1.307451938867715,1.9342326404474413,0.8731501104880269,0.18866912854523596,False,0.0,0.7593409204145302,,0.44696627660078764,1391,mixed,30007,0.14604976560108118,False,False,16.0,22.0,36.0,0.7185444503357252,4.27839074373451,2,3,mppi,mixed,30007,True,shock_x2.5_clear,342.11241329999757,68,0.04888569374550683,True
off_sidewalk,False,14.739999999999775,8.968838740309643,0.604665953685305,0.9482467439328337,0.07641542419213859,0.15610506905601776,False,0.0,0.26197561230498556,,0.23260172549729108,737,mixed,30008,0.09688845619584842,True,False,16.0,22.0,36.0,0.936046807503324,4.779690582549411,3,3,mppi,mixed,30008,True,shock_x2.5_clear,177.14916930000618,73,0.09905020352781546,False
off_sidewalk,False,20.09999999999966,9.985175944676186,0.49370483898255746,0.8775939470930483,0.08368711440101614,0.15321910999846777,False,0.0,0.23704186284001508,,0.29287330793886757,1005,mixed,30009,0.1303524223744153,False,False,16.0,22.0,36.0,0.8604384077926199,3.4236432027256516,3,1,mppi,mixed,30009,True,shock_x2.5_clear,230.97807150000153,59,0.05870646766169154,False
goal,True,31.119999999999425,36.37631175557025,1.1680413477578586,1.223915918096656,0.8124635420052773,0.18422505382681123,False,0.0,0.6501691958573725,,0.5165180510919573,1556,mixed,30010,0.14463196798437483,False,False,16.0,22.0,36.0,1.0876996971909287,4.2074360503736035,3,2,mppi,mixed,30010,True,shock_x2.5_clear,380.9399032000001,0,0.0,True
off_sidewalk,False,7.699999999999924,3.2001312842996086,0.4131431101084877,0.8161304800849198,0.06433597348585814,0.12875718138823816,False,0.0,0.7369469718138618,,0.08957596013389767,385,mixed,30011,0.10344774205795826,False,False,16.0,22.0,36.0,0.8803736260578074,3.5629736436997854,3,1,mppi,mixed,30011,True,shock_x2.5_clear,90.00757639999938,0,0.0,False
goal,True,27.419999999999504,36.47907666855993,1.328914126867436,1.8503456233028595,0.6992089167442692,0.17676707705584957,False,0.0,0.6164468596880234,,0.47259544881035875,1371,mixed,30012,0.10142766444049402,False,False,16.0,22.0,36.0,1.0571494568401196,4.287478562137952,4,1,mppi,mixed,30012,True,shock_x2.5_clear,334.8293171999976,92,0.06710430342815463,True
off_sidewalk,False,7.299999999999932,5.321001363199927,0.7287534749390192,0.7545242679240464,0.2813146487671609,0.14826274693468142,False,0.0,0.4840074742667343,,0.09848416573509433,365,mixed,30013,0.11387942893657875,True,True,16.0,22.0,36.0,0.9522616297640685,3.1089084441278008,4,1,mppi,mixed,30013,True,shock_x2.5_clear,90.21098340000026,5,0.0136986301369863,False
stall,False,41.82000000000094,9.07975288106212,0.21594762509862145,0.8662759338127686,0.04367857561138028,0.09219176851659108,False,0.0,0.23722098445496972,,0.405429328339647,2091,mixed,30014,0.1226360465774994,False,True,16.0,22.0,36.0,0.9811832948310352,4.854952407449609,3,2,mppi,mixed,30014,True,shock_x2.5_clear,560.9470217999988,1315,0.6288857006217121,False
goal,True,29.599999999999458,36.70034644555422,1.2380846775866956,1.2400509233706851,0.8036038184722233,0.20180148685222746,False,0.0,0.4900086838547434,,0.5120758832690394,1480,mixed,30015,0.13952034251217432,False,False,16.0,22.0,36.0,0.9260795764344749,4.128861180271976,3,1,mppi,mixed,30015,True,shock_x2.5_clear,361.51390900000115,100,0.06756756756756757,True
off_sidewalk,False,34.99999999999987,30.39181272854152,0.8663018957100921,1.017128832797251,0.7985262281426957,0.14873160786047235,False,0.0,0.2806169453948404,,0.5148712296911492,1750,mixed,30016,0.12324413790021449,False,True,16.0,22.0,36.0,0.9851147692440038,4.5322748790052305,2,3,mppi,mixed,30016,True,shock_x2.5_clear,417.5755930000014,43,0.02457142857142857,False
off_sidewalk,False,16.659999999999734,7.538112665071181,0.4507971862449405,0.7928724149241474,0.13241646409021926,0.12459991981681172,False,0.0,0.38124563741386874,,0.19047766142465683,833,mixed,30017,0.14932260537797498,False,False,16.0,22.0,36.0,0.9156840878797285,3.924854169270101,2,3,mppi,mixed,30017,True,shock_x2.5_clear,201.9520412999991,25,0.030012004801920768,False
goal,True,42.200000000001,36.41068068207536,0.8624584206754066,1.674656871762316,0.848152463086112,0.13349422400766006,False,0.0,0.4030691465474573,,0.5830999544177884,2110,mixed,30018,0.11689804203978599,True,False,16.0,22.0,36.0,0.8062032162168414,4.7410347833925695,3,1,mppi,mixed,30018,True,shock_x2.5_clear,543.6069491000017,162,0.07677725118483412,True
stall,False,17.73999999999971,3.2993840883368,0.185515848450121,0.9880333310531885,0.0628501456124277,0.08955153391168258,False,0.0,0.1832072524511765,,0.1657319374031628,887,mixed,30019,0.13953235102862394,True,False,16.0,22.0,36.0,1.0802208805064,3.8552242826295764,4,1,mppi,mixed,30019,True,shock_x2.5_clear,240.72273249999853,642,0.7237880496054115,False
stall,False,26.039999999999534,10.82598855734838,0.41317056424263066,0.9433567567015545,0.057179018737699074,0.10462050424414868,False,0.0,0.5764376301931429,,0.29393425645403215,1302,crowded,30000,0.0,False,False,1000.0,1000.0,36.0,0.94623404235241,3.601266983379266,6,1,mppi,crowded,30000,True,shock_x2.5_clear,279.83137559999886,51,0.03917050691244239,False
goal,True,39.0200000000005,36.99090975221099,0.9464297710991189,0.9680215362858903,0.05837705585100017,0.08710460171700983,False,0.0,0.29757231754952035,,0.5022796943953407,1951,crowded,30001,0.0,False,False,1000.0,1000.0,36.0,1.043269391848437,3.722613671694816,5,2,mppi,crowded,30001,True,shock_x2.5_clear,418.0708716000008,159,0.0814966683751922,True
goal,True,53.62000000000278,37.452349878564945,0.6966031101534358,0.9702695275454363,0.058752899075406165,0.10592184220245532,False,0.0,0.30570857340733315,,0.7008854107813142,2681,crowded,30002,0.0,False,False,1000.0,1000.0,36.0,1.094295256192989,3.7143547524892653,6,2,mppi,crowded,30002,True,shock_x2.5_clear,589.580074999998,335,0.12495337560611712,True
goal,True,41.88000000000095,37.505678449491505,0.8927165302706381,0.9253307558731525,0.07039923893191011,0.10411812272902571,False,0.0,0.36558624245755245,,0.5763458693008153,2094,crowded,30003,0.0,False,False,1000.0,1000.0,36.0,0.9930631191143491,4.7960100374527626,6,2,mppi,crowded,30003,True,shock_x2.5_clear,459.6476974000034,786,0.3753581661891118,True
goal,True,36.4400000000001,36.89645110582005,1.0112334839375923,0.9373003987946817,0.04957276145565252,0.09243580115324543,False,0.0,0.4913190433274893,,0.4870523292413742,1822,crowded,30004,0.0,False,False,1000.0,1000.0,36.0,1.0216820008660161,3.381410802327469,4,2,mppi,crowded,30004,True,shock_x2.5_clear,389.2946742999993,102,0.05598243688254665,True
stall,False,19.17999999999968,5.24586612261332,0.2724710528943469,1.0405149742745188,0.06972991631878155,0.09103646409994928,False,0.0,0.12549436358129082,,0.1828554257239609,959,crowded,30005,0.0,False,False,1000.0,1000.0,36.0,1.0920269352884409,3.6033298161351226,5,2,mppi,crowded,30005,True,shock_x2.5_clear,219.58758219999436,700,0.7299270072992701,False
stall,False,56.98000000000331,17.306458125643676,0.30226551405201796,0.9311403051161322,0.05329411092986148,0.08094381889922526,False,0.0,0.13884882776539081,,0.5354444497359314,2849,crowded,30006,0.0,False,False,1000.0,1000.0,36.0,0.9174085093638475,3.0530624208527843,4,2,mppi,crowded,30006,True,shock_x2.5_clear,633.9929612999986,5,0.001755001755001755,False
goal,True,33.75999999999968,36.5213464078365,1.0806725622590545,0.9780939793475593,0.06881172953188193,0.08655171357377783,False,0.0,0.34224332260083146,,0.455533714297442,1688,crowded,30007,0.0,False,False,1000.0,1000.0,36.0,0.7185444503357252,4.27839074373451,4,2,mppi,crowded,30007,True,shock_x2.5_clear,360.66225609999674,153,0.09063981042654029,True
goal,True,40.42000000000072,37.133796054669915,0.9169312997519381,0.9659290604380484,0.07875441290174415,0.1394724221931732,False,0.0,0.20292895727202379,,0.613286185381389,2021,crowded,30008,0.0,False,False,1000.0,1000.0,36.0,0.936046807503324,4.779690582549411,4,1,mppi,crowded,30008,True,shock_x2.5_clear,437.44435570000496,157,0.0776843146956952,True
stall,False,43.36000000000118,9.962201037995818,0.22847773687343131,0.8838270110215125,0.05237948026078463,0.08030957552090273,False,0.0,0.5506839812480417,,0.4027081830922113,2168,crowded,30009,0.0,False,False,1000.0,1000.0,36.0,0.8604384077926199,3.4236432027256516,6,2,mppi,crowded,30009,True,shock_x2.5_clear,472.6612979000056,70,0.03228782287822878,False
collision,False,6.01999999999996,4.883899019032794,0.8073236104697318,1.2367856028927935,0.06583285710743213,0.21077280266434278,False,0.0,-0.008305470678112187,pedestrian,0.1033302544699497,301,crowded,30010,0.0,False,False,1000.0,1000.0,36.0,1.0876996971909287,4.2074360503736035,6,2,mppi,crowded,30010,True,shock_x2.5_clear,67.59492039999895,51,0.16943521594684385,False
goal,True,27.6999999999995,36.712430012178466,1.32373253255445,1.014915960190854,0.07094770138775743,0.10435082294740654,False,0.0,0.6495797846229815,,0.4313512202546218,1385,crowded,30011,0.0,False,False,1000.0,1000.0,36.0,0.8803736260578074,3.5629736436997854,4,1,mppi,crowded,30011,True,shock_x2.5_clear,291.03671709999617,140,0.10108303249097472,True
goal,True,37.86000000000032,36.905966384748524,0.9733233605206921,0.9608970247365647,0.06662134353352658,0.09538000006908526,False,0.0,0.32342364376577026,,0.516159451442794,1893,crowded,30012,0.0,False,False,1000.0,1000.0,36.0,1.0571494568401196,4.287478562137952,3,1,mppi,crowded,30012,True,shock_x2.5_clear,424.16570740000316,448,0.23666138404648707,True
goal,True,46.52000000000167,37.279920037443375,0.7993903903580621,0.9861579907580601,0.05022027896652927,0.1040703520870429,False,0.0,0.13746141761931405,,0.5936776870316685,2326,crowded,30013,0.0,False,False,1000.0,1000.0,36.0,0.9522616297640685,3.1089084441278008,4,1,mppi,crowded,30013,True,shock_x2.5_clear,531.1478398000036,679,0.29191745485812554,True
stall,False,22.119999999999617,6.618308501082701,0.298293987156953,0.790148132317328,0.06285404198161534,0.07331121575760313,False,0.0,0.18860464027927018,,0.20315215928733324,1106,crowded,30014,0.0,False,False,1000.0,1000.0,36.0,0.9811832948310352,4.854952407449609,3,2,mppi,crowded,30014,True,shock_x2.5_clear,251.1509573000003,627,0.5669077757685352,False
goal,True,40.66000000000076,37.31203606139081,0.9155758392198076,0.9734384445272789,0.06324487359217212,0.12445125034701983,False,0.0,0.24661880881327983,,0.6371762378569762,2033,crowded,30015,0.0,False,False,1000.0,1000.0,36.0,0.9260795764344749,4.128861180271976,6,2,mppi,crowded,30015,True,shock_x2.5_clear,457.06826989999536,306,0.15051647811116575,True
goal,True,29.359999999999463,36.58502618935841,1.2453540662796503,0.9098821139804005,0.061280826519457224,0.08989678570903825,False,0.0,0.6231347153385527,,0.43134552368559986,1468,crowded,30016,0.0,False,False,1000.0,1000.0,36.0,0.9851147692440038,4.5322748790052305,4,2,mppi,crowded,30016,True,shock_x2.5_clear,318.61622299999726,108,0.07356948228882834,True
goal,True,35.599999999999966,37.16493949692251,1.0405731768504927,1.0086059381693817,0.07064032249460483,0.11787673068237342,False,0.0,0.0065354238129845255,,0.512927632479252,1780,crowded,30017,0.0,False,False,1000.0,1000.0,36.0,0.9156840878797285,3.924854169270101,3,2,mppi,crowded,30017,True,shock_x2.5_clear,398.7749597000002,360,0.20224719101123595,True
goal,True,27.5399999999995,36.354821285927045,1.3194837695467556,0.9112301582278252,0.06890089092185996,0.08547884304089953,False,0.0,0.5604631745539769,,0.3826598529925319,1377,crowded,30018,0.0,False,False,1000.0,1000.0,36.0,0.8062032162168414,4.7410347833925695,3,1,mppi,crowded,30018,True,shock_x2.5_clear,299.45994000000064,0,0.0,True
stall,False,74.16000000000238,16.075714948870374,0.21527346046529497,1.0059659566640453,0.06522667738428947,0.07433272348873918,False,0.0,0.25278943672376814,,0.6456097315499632,3708,crowded,30019,0.0,False,False,1000.0,1000.0,36.0,1.0802208805064,3.8552242826295764,3,2,mppi,crowded,30019,True,shock_x2.5_clear,841.9653825999994,41,0.011057173678532902,False
goal,True,23.659999999999584,36.03012472091201,1.5231044416375008,2.300357351848841,0.7545556126957412,0.18721164424759035,False,0.0,,,0.37128409064834417,1183,kerb,30000,0.1003470359394405,False,False,16.0,22.0,36.0,0.94623404235241,3.601266983379266,0,0,mppi,kerb,30000,True,shock_x2.5_K192,454.95859740000014,0,0.0,True
goal,True,23.719999999999583,36.058345901340765,1.5207277155059435,1.3548421851266124,0.8329636991837467,0.1630864481612511,False,0.0,,,0.3599730090338096,1186,kerb,30001,0.1428189020601956,False,True,16.0,22.0,36.0,1.043269391848437,3.722613671694816,0,0,mppi,kerb,30001,True,shock_x2.5_K192,459.8710334999996,0,0.0,True
goal,True,23.759999999999582,36.04874131023899,1.5177688901252069,1.2639939872476915,0.811780187573989,0.16052363030977615,False,0.0,,,0.3605735747511995,1188,kerb,30002,0.13754704829513487,False,True,16.0,22.0,36.0,1.094295256192989,3.7143547524892653,0,0,mppi,kerb,30002,True,shock_x2.5_K192,461.7446106999996,0,0.0,True
goal,True,23.81999999999958,36.082902384145505,1.5149387947617414,1.819578351006209,1.3598614696384856,0.20903026788183712,False,0.0,,,0.3868672450510502,1191,kerb,30003,0.1431392465995096,False,False,16.0,22.0,36.0,0.9930631191143491,4.7960100374527626,0,0,mppi,kerb,30003,True,shock_x2.5_K192,457.8725359000018,0,0.0,True
goal,True,23.81999999999958,36.06683556913032,1.5142802797750592,2.1381114283046694,0.9612299554924453,0.21546908188080632,False,0.0,,,0.39816625935949745,1191,kerb,30004,0.13132799020649005,False,False,16.0,22.0,36.0,1.0216820008660161,3.381410802327469,0,0,mppi,kerb,30004,True,shock_x2.5_K192,461.51373800000147,0,0.0,True
goal,True,23.79999999999958,36.10399008038379,1.5171033501899143,1.3787752063544694,0.8450254268650949,0.2051570581495941,False,0.0,,,0.37514435465078405,1190,kerb,30005,0.13472670619880006,False,False,16.0,22.0,36.0,1.0920269352884409,3.6033298161351226,0,0,mppi,kerb,30005,True,shock_x2.5_K192,459.1716790999999,0,0.0,True
goal,True,23.619999999999585,36.06497552051195,1.5273301321484858,1.364528237079787,0.9219378762592687,0.16616149616638287,False,0.0,,,0.3624130055530657,1181,kerb,30006,0.13355617686690438,False,True,16.0,22.0,36.0,0.9174085093638475,3.0530624208527843,0,0,mppi,kerb,30006,True,shock_x2.5_K192,464.6241334000006,0,0.0,True
goal,True,24.019999999999577,36.06442639776726,1.5015845103419594,1.4061183046530605,1.1010658237951838,0.21201715585958975,False,0.0,,,0.3878443304031879,1201,kerb,30007,0.14604976560108118,False,False,16.0,22.0,36.0,0.7185444503357252,4.27839074373451,0,0,mppi,kerb,30007,True,shock_x2.5_K192,478.8723650000029,0,0.0,True
goal,True,23.619999999999585,36.042051840208515,1.5263751458170451,1.9637545802000258,0.6876947735013026,0.14408177686647597,False,0.0,,,0.3696661082071796,1181,kerb,30008,0.09688845619584842,True,False,16.0,22.0,36.0,0.936046807503324,4.779690582549411,0,0,mppi,kerb,30008,True,shock_x2.5_K192,465.89008699999977,0,0.0,True
goal,True,23.719999999999583,36.098290648278535,1.5221114405313665,1.9302682021351125,0.978705208746189,0.2114384883053624,False,0.0,,,0.3704405743975103,1186,kerb,30009,0.1303524223744153,False,False,16.0,22.0,36.0,0.8604384077926199,3.4236432027256516,0,0,mppi,kerb,30009,True,shock_x2.5_K192,462.08331760000146,0,0.0,True
goal,True,23.779999999999582,36.06324760970325,1.5167755035267738,2.085983369195563,1.0658898497153146,0.22431083216408637,False,0.0,,,0.4072500580476794,1189,kerb,30010,0.14463196798437483,False,False,16.0,22.0,36.0,1.0876996971909287,4.2074360503736035,0,0,mppi,kerb,30010,True,shock_x2.5_K192,462.20394159999705,0,0.0,True
goal,True,23.87999999999958,36.062834417311,1.510484424254152,2.409899500734321,0.8236177177577066,0.1948117725532454,False,0.0,,,0.3717404309984666,1194,kerb,30011,0.10344774205795826,False,False,16.0,22.0,36.0,0.8803736260578074,3.5629736436997854,0,0,mppi,kerb,30011,True,shock_x2.5_K192,465.12545250000403,0,0.0,True
goal,True,23.739999999999583,36.064431967789005,1.5193079252051291,2.0372723648999207,0.7422391181701585,0.1853802303217702,False,0.0,,,0.38241476550517506,1187,kerb,30012,0.10142766444049402,False,False,16.0,22.0,36.0,1.0571494568401196,4.287478562137952,0,0,mppi,kerb,30012,True,shock_x2.5_K192,461.8930448000028,0,0.0,True
goal,True,23.519999999999587,36.066982703776,1.5341738567217111,0.8873024089323217,0.09678182008326128,0.08098536301898794,False,0.0,,,0.3304005888576169,1176,kerb,30013,0.11387942893657875,True,True,16.0,22.0,36.0,0.9522616297640685,3.1089084441278008,0,0,mppi,kerb,30013,True,shock_x2.5_K192,464.2906991999989,0,0.0,True
goal,True,23.679999999999584,36.04991269853714,1.5228866101344785,1.0072223435593386,0.7819466068918917,0.142002678232127,False,0.0,,,0.3618649592632179,1184,kerb,30014,0.1226360465774994,False,True,16.0,22.0,36.0,0.9811832948310352,4.854952407449609,0,0,mppi,kerb,30014,True,shock_x2.5_K192,462.6319005999976,0,0.0,True
goal,True,23.679999999999584,36.07878659784438,1.5237673410413244,1.834892588475103,1.0719754080148,0.21553921081638405,False,0.0,,,0.37713530186358923,1184,kerb,30015,0.13952034251217432,False,False,16.0,22.0,36.0,0.9260795764344749,4.128861180271976,0,0,mppi,kerb,30015,True,shock_x2.5_K192,456.1830669999981,0,0.0,True
goal,True,23.619999999999585,36.0488971235544,1.5267137279001053,1.0231739548522982,0.7844048141172415,0.14402602610633838,False,0.0,,,0.35246086739766114,1181,kerb,30016,0.12324413790021449,False,True,16.0,22.0,36.0,0.9851147692440038,4.5322748790052305,0,0,mppi,kerb,30016,True,shock_x2.5_K192,460.36834180000005,0,0.0,True
goal,True,23.83999999999958,36.084607717713055,1.5138425780294598,1.9321054575623036,0.9685535041383027,0.22125231353323924,False,0.0,,,0.3969820054031191,1192,kerb,30017,0.14932260537797498,False,False,16.0,22.0,36.0,0.9156840878797285,3.924854169270101,0,0,mppi,kerb,30017,True,shock_x2.5_K192,459.61708799999906,0,0.0,True
goal,True,23.89999999999958,36.08807319863611,1.5104379290530394,1.9841540337142398,0.7465912678640773,0.15699679993243,False,0.0,,,0.3661060655885693,1195,kerb,30018,0.11689804203978599,True,False,16.0,22.0,36.0,0.8062032162168414,4.7410347833925695,0,0,mppi,kerb,30018,True,shock_x2.5_K192,464.1196179000035,0,0.0,True
goal,True,23.85999999999958,36.09740377801977,1.5132343807691442,1.4493564929230873,0.9207767292219261,0.15442850313490586,False,0.0,,,0.37247202952205416,1193,kerb,30019,0.13953235102862394,True,False,16.0,22.0,36.0,1.0802208805064,3.8552242826295764,0,0,mppi,kerb,30019,True,shock_x2.5_K192,463.7594945999954,0,0.0,True
goal,True,26.27999999999953,36.196108159357635,1.3772131544072392,2.2919665732539873,0.7531706779304059,0.1799901120829953,False,0.0,0.9310858319591447,,0.4019179454615408,1314,mixed,30000,0.1003470359394405,False,False,16.0,22.0,36.0,0.94623404235241,3.601266983379266,2,1,mppi,mixed,30000,True,shock_x2.5_K192,509.81147280000005,0,0.0,True
goal,True,29.339999999999463,36.936961011524374,1.2573409833778906,1.3248755465589248,0.8224367210689961,0.15964739364842878,False,0.0,0.47524234996523307,,0.46087906245020227,1467,mixed,30001,0.1428189020601956,False,True,16.0,22.0,36.0,1.043269391848437,3.722613671694816,4,1,mppi,mixed,30001,True,shock_x2.5_K192,571.7793999999994,52,0.0354464894342195,True
off_sidewalk,False,7.459999999999929,5.31502356705794,0.7104912042205468,0.7784147594179511,0.24641256016330368,0.15170729657449541,False,0.0,0.470245756504294,,0.1084884028253557,373,mixed,30002,0.13754704829513487,False,True,16.0,22.0,36.0,1.094295256192989,3.7143547524892653,2,2,mppi,mixed,30002,True,shock_x2.5_K192,148.5914449999982,0,0.0,False
goal,True,31.559999999999416,36.777418065967,1.1632733827977308,1.1879286390672987,0.8072866307438774,0.1786706730063313,False,0.0,0.5159209619145037,,0.5078076848086425,1578,mixed,30003,0.1431392465995096,False,False,16.0,22.0,36.0,0.9930631191143491,4.7960100374527626,4,2,mppi,mixed,30003,True,shock_x2.5_K192,609.9518566999977,37,0.023447401774397972,True
goal,True,28.59999999999948,36.30099446540159,1.2681989930128823,1.3089331751044022,0.8488824918763314,0.18063676693567507,False,0.0,0.5322814983704355,,0.4586263678179936,1430,mixed,30004,0.13132799020649005,False,False,16.0,22.0,36.0,1.0216820008660161,3.381410802327469,2,1,mppi,mixed,30004,True,shock_x2.5_K192,547.5171573999978,188,0.13146853146853146,True
goal,True,33.359999999999616,36.507763141791735,1.0936486741897362,2.68260014516814,1.044725015252474,0.2017293651013833,False,0.0,0.35873172087261807,,0.4877457717794206,1668,mixed,30005,0.13472670619880006,False,False,16.0,22.0,36.0,1.0920269352884409,3.6033298161351226,2,3,mppi,mixed,30005,True,shock_x2.5_K192,639.5976445999986,59,0.03537170263788969,True
off_sidewalk,False,18.75999999999969,26.02274639752359,1.386374501875216,1.3411279416286197,0.911410470241033,0.19941332611459808,False,0.0,0.41407395025301785,,0.31165440253204846,938,mixed,30006,0.13355617686690438,False,True,16.0,22.0,36.0,0.9174085093638475,3.0530624208527843,3,1,mppi,mixed,30006,True,shock_x2.5_K192,353.0543700999988,241,0.25692963752665243,False
goal,True,27.899999999999494,36.36982170210599,1.303103338043159,2.9803613875638657,0.8629205439707619,0.22245359630525227,False,0.0,0.6969482613843988,,0.4377048378918083,1395,mixed,30007,0.14604976560108118,False,False,16.0,22.0,36.0,0.7185444503357252,4.27839074373451,2,3,mppi,mixed,30007,True,shock_x2.5_K192,530.9767987999949,68,0.04874551971326165,True
off_sidewalk,False,9.019999999999897,8.697725975216365,0.9591901806778191,0.9463722968218478,0.0831797467209194,0.19416548643792023,False,0.0,0.4647366287832009,,0.16604988195413234,451,mixed,30008,0.09688845619584842,True,False,16.0,22.0,36.0,0.936046807503324,4.779690582549411,3,3,mppi,mixed,30008,True,shock_x2.5_K192,179.38567989999865,79,0.17516629711751663,False
off_sidewalk,False,21.739999999999625,9.956781218117179,0.4558251989478626,0.7933740756322322,0.07981110487330897,0.12475964576241962,False,0.0,0.3101944536082084,,0.2747338518185819,1087,mixed,30009,0.1303524223744153,False,False,16.0,22.0,36.0,0.8604384077926199,3.4236432027256516,3,1,mppi,mixed,30009,True,shock_x2.5_K192,417.66990760000044,225,0.20699172033118676,False
goal,True,30.01999999999945,36.29340688168348,1.2083646184688734,1.2612842107391617,0.9374934345007352,0.20302139933223423,False,0.0,0.5848355733764196,,0.4991095600176494,1501,mixed,30010,0.14463196798437483,False,False,16.0,22.0,36.0,1.0876996971909287,4.2074360503736035,3,2,mppi,mixed,30010,True,shock_x2.5_K192,578.6504740000019,0,0.0,True
off_sidewalk,False,7.699999999999924,3.3453302315710487,0.4322811416723755,0.792516533692457,0.13957717013904222,0.1297201405059008,False,0.0,0.6933137754763484,,0.09269838059638079,385,mixed,30011,0.10344774205795826,False,False,16.0,22.0,36.0,0.8803736260578074,3.5629736436997854,3,1,mppi,mixed,30011,True,shock_x2.5_K192,141.49758409999777,0,0.0,False
goal,True,27.979999999999492,36.424728894432086,1.300638906451759,2.1016156419957976,0.7334800404945487,0.1705334296989257,False,0.0,0.49256813983635217,,0.44243508580022667,1399,mixed,30012,0.10142766444049402,False,False,16.0,22.0,36.0,1.0571494568401196,4.287478562137952,4,1,mppi,mixed,30012,True,shock_x2.5_K192,536.4112857999935,55,0.039313795568263046,True
off_sidewalk,False,7.719999999999923,5.3322560032204,0.6892492749114989,0.7966731765272941,0.27083835849100035,0.14388651694458002,False,0.0,0.36614721642160886,,0.09607247244970303,386,mixed,30013,0.11387942893657875,True,True,16.0,22.0,36.0,0.9522616297640685,3.1089084441278008,4,1,mppi,mixed,30013,True,shock_x2.5_K192,149.0586045999953,0,0.0,False
goal,True,41.5600000000009,36.91606091633915,0.8857077861102945,1.2148771905455396,0.6923327045258564,0.15599376713196814,False,0.0,0.30758873199666936,,0.644909909571159,2078,mixed,30014,0.1226360465774994,False,True,16.0,22.0,36.0,0.9811832948310352,4.854952407449609,3,2,mppi,mixed,30014,True,shock_x2.5_K192,790.8932385000007,72,0.03464870067372473,True
goal,True,29.359999999999463,36.66827934197476,1.2471408998777709,1.9978652510167918,0.8921313749303089,0.20588245498567556,False,0.0,0.48525156541158665,,0.5003797798794339,1468,mixed,30015,0.13952034251217432,False,False,16.0,22.0,36.0,0.9260795764344749,4.128861180271976,3,1,mppi,mixed,30015,True,shock_x2.5_K192,563.5193874000033,55,0.03746594005449591,True
stall,False,40.960000000000804,25.616445603865454,0.6245565153446094,1.0049632189059554,0.7904674493280658,0.11901528186801587,False,0.0,0.11326774266424688,,0.4769854351468096,2048,mixed,30016,0.12324413790021449,False,True,16.0,22.0,36.0,0.9851147692440038,4.5322748790052305,2,3,mppi,mixed,30016,True,shock_x2.5_K192,829.3503880999997,641,0.31298828125,False
off_sidewalk,False,16.219999999999743,8.198675066874879,0.5042132274636169,0.7712039197511057,0.07573593452067318,0.09559102524102658,False,0.0,0.745930890059861,,0.17869532020750784,811,mixed,30017,0.14932260537797498,False,False,16.0,22.0,36.0,0.9156840878797285,3.924854169270101,2,3,mppi,mixed,30017,True,shock_x2.5_K192,289.7838896999965,0,0.0,False
stall,False,47.14000000000177,29.47704332666909,0.6244175511226276,2.256620004664102,0.7940385338958816,0.1270378294010435,False,0.0,0.24144727308627723,,0.5667688932227986,2357,mixed,30018,0.11689804203978599,True,False,16.0,22.0,36.0,0.8062032162168414,4.7410347833925695,3,1,mppi,mixed,30018,True,shock_x2.5_K192,932.3130279000034,982,0.4166313109885448,False
goal,True,35.1799999999999,36.76319498812123,1.0433755467560306,2.7897232513735104,1.049475833430609,0.17726102845110386,False,0.0,0.10218925851096514,,0.5701203768499443,1759,mixed,30019,0.13953235102862394,True,False,16.0,22.0,36.0,1.0802208805064,3.8552242826295764,4,1,mppi,mixed,30019,True,shock_x2.5_K192,690.7897078000024,218,0.12393405343945424,True
goal,True,44.08000000000129,37.14277098467912,0.8405110819846001,0.8775210049319798,0.05077793671515606,0.1232270254274086,False,0.0,0.34053968690083014,,0.6143548999952182,2204,crowded,30000,0.0,False,False,1000.0,1000.0,36.0,0.94623404235241,3.601266983379266,6,1,mppi,crowded,30000,True,shock_x2.5_K192,745.4546301999944,360,0.16333938294010888,True
goal,True,30.239999999999444,36.614195030669094,1.2100179534187634,0.9766255983894852,0.06272844470060694,0.08704579197405606,False,0.0,0.5198953511925423,,0.41318636599610986,1512,crowded,30001,0.0,False,False,1000.0,1000.0,36.0,1.043269391848437,3.722613671694816,5,2,mppi,crowded,30001,True,shock_x2.5_K192,497.9052580999996,121,0.08002645502645503,True
goal,True,39.06000000000051,36.843565264741024,0.941241418610471,1.0754936659941279,0.06673823081886089,0.14356226269979933,False,0.0,0.13993201632809146,,0.6146928225527204,1953,crowded,30002,0.0,False,False,1000.0,1000.0,36.0,1.094295256192989,3.7143547524892653,6,2,mppi,crowded,30002,True,shock_x2.5_K192,654.5207864999975,283,0.144905273937532,True
goal,True,40.720000000000766,36.90545769309287,0.9043319692405278,0.8306778361409596,0.06386733377460212,0.10409514007531186,False,0.0,0.17237711665289668,,0.573735287798137,2036,crowded,30003,0.0,False,False,1000.0,1000.0,36.0,0.9930631191143491,4.7960100374527626,6,2,mppi,crowded,30003,True,shock_x2.5_K192,689.4479024999964,79,0.03880157170923379,True
goal,True,34.959999999999866,36.855004485065464,1.0528950801398,1.0450753503483232,0.06252590187033731,0.156999426703473,False,0.0,0.20729488990222314,,0.5574345432290485,1748,crowded,30004,0.0,False,False,1000.0,1000.0,36.0,1.0216820008660161,3.381410802327469,4,2,mppi,crowded,30004,True,shock_x2.5_K192,588.6921403000015,305,0.17448512585812356,True
stall,False,50.84000000000235,14.749062293043835,0.28825690377936664,0.9059979393855134,0.054988273452696655,0.09927365176237388,False,0.0,0.5363929053110283,,0.4927230489286326,2542,crowded,30005,0.0,False,False,1000.0,1000.0,36.0,1.0920269352884409,3.6033298161351226,5,2,mppi,crowded,30005,True,shock_x2.5_K192,859.7774424999952,130,0.05114083398898505,False
goal,True,33.8999999999997,36.840104233686425,1.0847164866831882,0.9859907051196576,0.06035907449719918,0.09404673749611138,False,0.0,0.45726970607644823,,0.46027661782758683,1695,crowded,30006,0.0,False,False,1000.0,1000.0,36.0,0.9174085093638475,3.0530624208527843,4,2,mppi,crowded,30006,True,shock_x2.5_K192,569.9854618999962,242,0.14277286135693215,True
goal,True,28.779999999999475,36.352603668873506,1.2627006331818984,0.9259416988568335,0.057106709820649776,0.08196311484587084,False,0.0,0.42466560897159045,,0.385697440454613,1439,crowded,30007,0.0,False,False,1000.0,1000.0,36.0,0.7185444503357252,4.27839074373451,4,2,mppi,crowded,30007,True,shock_x2.5_K192,476.2226651999954,0,0.0,True
goal,True,34.47999999999979,36.933067278113136,1.0696527066691564,0.9498869733162594,0.07494875628216793,0.12150559271481938,False,0.0,0.2617260410673903,,0.503257960022796,1724,crowded,30008,0.0,False,False,1000.0,1000.0,36.0,0.936046807503324,4.779690582549411,4,1,mppi,crowded,30008,True,shock_x2.5_K192,577.5461313000051,211,0.12238979118329467,True
stall,False,32.139999999999425,11.433646914931687,0.352816844774522,0.7929090968578134,0.04065377604831112,0.08661979404610567,False,0.0,0.2513648883268209,,0.33241092789250926,1607,crowded,30009,0.0,False,False,1000.0,1000.0,36.0,0.8604384077926199,3.4236432027256516,6,2,mppi,crowded,30009,True,shock_x2.5_K192,548.3289070000028,806,0.5015556938394524,False
timeout,False,90.01999999999923,25.539322627122946,0.2818294437645497,1.0003116311045088,0.07079063888356871,0.09191002600922665,False,0.0,0.04655961710995546,,0.8798288419540007,4501,crowded,30010,0.0,False,False,1000.0,1000.0,36.0,1.0876996971909287,4.2074360503736035,6,2,mppi,crowded,30010,True,shock_x2.5_K192,1429.8347840999995,698,0.1550766496334148,False
goal,True,39.86000000000063,37.119903458749555,0.9300686154590313,0.9408480971869698,0.05888373791941103,0.09988623837464641,False,0.0,0.36505542156179827,,0.5085731268725199,1993,crowded,30011,0.0,False,False,1000.0,1000.0,36.0,0.8803736260578074,3.5629736436997854,4,1,mppi,crowded,30011,True,shock_x2.5_K192,665.7260601000016,86,0.04315102860010035,True
goal,True,30.299999999999443,37.02732048930292,1.2204059443073692,0.9845717136950491,0.0707778375592851,0.0968734935703644,False,0.0,0.653265170736921,,0.44109057614030733,1515,crowded,30012,0.0,False,False,1000.0,1000.0,36.0,1.0571494568401196,4.287478562137952,3,1,mppi,crowded,30012,True,shock_x2.5_K192,505.8854519000015,121,0.07986798679867987,True
stall,False,32.519999999999484,17.61199366389758,0.539607653174322,0.8987092403439444,0.048944916175536854,0.08821985941956148,False,0.0,0.10006721878349109,,0.3685855712675024,1626,crowded,30013,0.0,False,False,1000.0,1000.0,36.0,0.9522616297640685,3.1089084441278008,4,1,mppi,crowded,30013,True,shock_x2.5_K192,584.6779521999997,707,0.43480934809348093,False
stall,False,39.72000000000061,13.776462048596564,0.3454147573734486,0.9295565181301381,0.07137544671959672,0.08827474639410822,False,0.0,0.2907358544154498,,0.40056029160698026,1986,crowded,30014,0.0,False,False,1000.0,1000.0,36.0,0.9811832948310352,4.854952407449609,3,2,mppi,crowded,30014,True,shock_x2.5_K192,676.1759593999959,65,0.03272910372608258,False
goal,True,43.280000000001166,37.094570146822875,0.8553210552437077,0.8695945609177173,0.0534614069442244,0.09406092588249572,False,0.0,0.23338922307418764,,0.547497105222557,2164,crowded,30015,0.0,False,False,1000.0,1000.0,36.0,0.9260795764344749,4.128861180271976,6,2,mppi,crowded,30015,True,shock_x2.5_K192,724.4613898000025,345,0.15942698706099814,True
collision,False,23.299999999999592,24.82534325909419,1.0639037142029442,0.9715521547196138,0.07302602182044597,0.09548327049808453,False,0.0,-0.0061181288987697535,pedestrian,0.3005687464902835,1165,crowded,30016,0.0,False,False,1000.0,1000.0,36.0,0.9851147692440038,4.5322748790052305,4,2,mppi,crowded,30016,True,shock_x2.5_K192,395.53420729999925,131,0.11244635193133047,False
goal,True,29.43999999999946,36.61714976971296,1.2424714138977258,1.0172379499439868,0.07361487976853086,0.1148089849655126,False,0.0,0.38716854451023075,,0.4536910238704285,1472,crowded,30017,0.0,False,False,1000.0,1000.0,36.0,0.9156840878797285,3.924854169270101,3,2,mppi,crowded,30017,True,shock_x2.5_K192,495.1160111999998,87,0.059103260869565216,True
goal,True,27.419999999999504,36.40049217547849,1.3268210840613432,0.9502613146117902,0.07267877111913262,0.08675440928886369,False,0.0,0.21875258344558152,,0.37002023379330423,1371,crowded,30018,0.0,False,False,1000.0,1000.0,36.0,0.8062032162168414,4.7410347833925695,3,1,mppi,crowded,30018,True,shock_x2.5_K192,456.0296208,0,0.0,True
goal,True,36.4800000000001,37.09167386396465,1.0152555391648683,0.8829907385487322,0.04961928658734909,0.08180866793292282,False,0.0,0.41433734074561335,,0.46593907302775367,1824,crowded,30019,0.0,False,False,1000.0,1000.0,36.0,1.0802208805064,3.8552242826295764,3,2,mppi,crowded,30019,True,shock_x2.5_K192,611.4674603000021,190,0.10416666666666667,True
goal,True,22.9399999999996,36.06553424835889,1.5723979608124181,2.0102854814704076,0.7554028405609887,0.18608045120117858,False,0.0,,,0.3691479460103439,1147,kerb,30000,0.1003470359394405,False,False,16.0,22.0,36.0,0.94623404235241,3.601266983379266,0,0,mppi,kerb,30000,True,smooth,291.6618740999984,0,0.0,True
goal,True,23.079999999999597,36.07238124509933,1.5635250518007555,1.3137613260695962,0.8274997257083083,0.16091077891027286,False,0.0,,,0.356049203417255,1154,kerb,30001,0.1428189020601956,False,True,16.0,22.0,36.0,1.043269391848437,3.722613671694816,0,0,mppi,kerb,30001,True,smooth,295.86677350000537,0,0.0,True
goal,True,22.839999999999602,36.08004977023302,1.5801376741785473,1.2115179341760778,0.7837047677560408,0.15969995311778218,False,0.0,,,0.36363766890774546,1142,kerb,30002,0.13754704829513487,False,True,16.0,22.0,36.0,1.094295256192989,3.7143547524892653,0,0,mppi,kerb,30002,True,smooth,292.5286897000042,0,0.0,True
goal,True,23.279999999999593,36.14320974829899,1.5525942251406348,1.299956805815617,0.7896778666790303,0.2026935124042528,False,0.0,,,0.3979674344687949,1164,kerb,30003,0.1431392465995096,False,False,16.0,22.0,36.0,0.9930631191143491,4.7960100374527626,0,0,mppi,kerb,30003,True,smooth,296.17566960000113,0,0.0,True
goal,True,23.239999999999593,36.072331944388814,1.5522940456941243,2.086281233300752,1.0418587557614702,0.22101216680177704,False,0.0,,,0.3895578245424585,1162,kerb,30004,0.13132799020649005,False,False,16.0,22.0,36.0,1.0216820008660161,3.381410802327469,0,0,mppi,kerb,30004,True,smooth,296.6817410999938,0,0.0,True
goal,True,23.159999999999595,36.06244193963576,1.5572648833577862,2.0497133168903128,1.0057699281409052,0.22887165092428016,False,0.0,,,0.4019816626389173,1158,kerb,30005,0.13472670619880006,False,False,16.0,22.0,36.0,1.0920269352884409,3.6033298161351226,0,0,mppi,kerb,30005,True,smooth,295.1608395000003,0,0.0,True
goal,True,23.099999999999596,36.04722096915081,1.5608868731110968,1.3689072951971075,0.9171192215557804,0.16464756313718093,False,0.0,,,0.3634384060647073,1155,kerb,30006,0.13355617686690438,False,True,16.0,22.0,36.0,0.9174085093638475,3.0530624208527843,0,0,mppi,kerb,30006,True,smooth,291.4160996999999,0,0.0,True
goal,True,23.279999999999593,36.1205382637644,1.5514746830409591,1.2974259859076105,0.8308930371410458,0.21079664756435354,False,0.0,,,0.3832135830031243,1164,kerb,30007,0.14604976560108118,False,False,16.0,22.0,36.0,0.7185444503357252,4.27839074373451,0,0,mppi,kerb,30007,True,smooth,289.7135918999993,0,0.0,True
goal,True,22.799999999999603,36.05519201270634,1.5816692378611745,1.4147683039659262,0.6642258859401862,0.1391575147153843,False,0.0,,,0.3752684333021863,1140,kerb,30008,0.09688845619584842,True,False,16.0,22.0,36.0,0.936046807503324,4.779690582549411,0,0,mppi,kerb,30008,True,smooth,287.9319655999934,0,0.0,True
goal,True,23.139999999999596,36.05864287080992,1.5582869643187518,3.071352465943294,1.0113994052501074,0.23797838067007684,True,0.00034572169403630077,,,0.4014887634525425,1157,kerb,30009,0.1303524223744153,False,False,16.0,22.0,36.0,0.8604384077926199,3.4236432027256516,0,0,mppi,kerb,30009,True,smooth,287.86060060000455,0,0.0,False
goal,True,23.299999999999592,36.07161043734206,1.5482465592073402,3.2289444804611858,0.9832132058756876,0.24080777928281655,True,0.0008583690987124463,,,0.4095079865400957,1165,kerb,30010,0.14463196798437483,False,False,16.0,22.0,36.0,1.0876996971909287,4.2074360503736035,0,0,mppi,kerb,30010,True,smooth,288.57776999999624,0,0.0,False
goal,True,22.8799999999996,36.102979333914114,1.577993476831176,2.1290642761944674,0.8440732453746567,0.19899481783700682,False,0.0,,,0.38140542813304285,1144,kerb,30011,0.10344774205795826,False,False,16.0,22.0,36.0,0.8803736260578074,3.5629736436997854,0,0,mppi,kerb,30011,True,smooth,283.4439771999969,0,0.0,True
goal,True,22.9799999999996,36.06576535290648,1.5696379555305116,1.931476758292413,0.7715097651421039,0.1851942161504778,False,0.0,,,0.38429395987263515,1149,kerb,30012,0.10142766444049402,False,False,16.0,22.0,36.0,1.0571494568401196,4.287478562137952,0,0,mppi,kerb,30012,True,smooth,284.9201155000046,0,0.0,True
goal,True,22.8799999999996,36.094541666463094,1.5782216349378972,0.8096889920329357,0.10401459650837412,0.08270110754980947,False,0.0,,,0.34306242770730433,1144,kerb,30013,0.11387942893657875,True,True,16.0,22.0,36.0,0.9522616297640685,3.1089084441278008,0,0,mppi,kerb,30013,True,smooth,289.5036289999989,0,0.0,True
goal,True,22.9599999999996,36.085347996694935,1.5721126798118745,1.0115764496277102,0.779202554567426,0.13940616832880662,False,0.0,,,0.35461085761803934,1148,kerb,30014,0.1226360465774994,False,True,16.0,22.0,36.0,0.9811832948310352,4.854952407449609,0,0,mppi,kerb,30014,True,smooth,285.4501184999972,0,0.0,True
goal,True,22.9599999999996,36.11884451093552,1.5730664295699215,2.566358096677046,0.9925247070987591,0.22946983426289086,False,0.0,,,0.403546866162252,1148,kerb,30015,0.13952034251217432,False,False,16.0,22.0,36.0,0.9260795764344749,4.128861180271976,0,0,mppi,kerb,30015,True,smooth,282.9233879000021,0,0.0,True
goal,True,22.8799999999996,36.063449578779085,1.576680289237759,1.017400031819352,0.7964474326773081,0.14329358315007293,False,0.0,,,0.3576370201689444,1144,kerb,30016,0.12324413790021449,False,True,16.0,22.0,36.0,0.9851147692440038,4.5322748790052305,0,0,mppi,kerb,30016,True,smooth,283.6449194000015,0,0.0,True
goal,True,23.299999999999592,36.107074393719216,1.5495602984785928,1.997928119756795,1.1513782875704024,0.23299105762334332,False,0.0,,,0.4004511058213632,1165,kerb,30017,0.14932260537797498,False,False,16.0,22.0,36.0,0.9156840878797285,3.924854169270101,0,0,mppi,kerb,30017,True,smooth,285.8502496000001,0,0.0,True
goal,True,23.37999999999959,36.132201530840284,1.5456462494791747,1.8006758622282657,0.723216922901719,0.1556828801731794,False,0.0,,,0.37561817913788925,1169,kerb,30018,0.11689804203978599,True,False,16.0,22.0,36.0,0.8062032162168414,4.7410347833925695,0,0,mppi,kerb,30018,True,smooth,290.6978151000003,0,0.0,True
goal,True,22.799999999999603,36.09835534332649,1.5834558624334196,1.915982055326446,0.9481491081480655,0.1815748432210136,False,0.0,,,0.37907095735942753,1140,kerb,30019,0.13953235102862394,True,False,16.0,22.0,36.0,1.0802208805064,3.8552242826295764,0,0,mppi,kerb,30019,True,smooth,283.1959424000015,0,0.0,True
goal,True,25.139999999999553,36.139321533420706,1.4374590047444142,1.8741626320380607,0.7554576667133834,0.1800897479093506,False,0.0,0.8292246817579492,,0.39910940944513806,1257,mixed,30000,0.1003470359394405,False,False,16.0,22.0,36.0,0.94623404235241,3.601266983379266,2,1,mppi,mixed,30000,True,smooth,310.66446749999886,0,0.0,True
stall,False,24.119999999999575,6.262061417569367,0.25915273201152705,0.8664014878798483,0.047917608018556664,0.06840962931817826,False,0.0,0.2725125832729315,,0.21478857549810923,1206,mixed,30001,0.1428189020601956,False,True,16.0,22.0,36.0,1.043269391848437,3.722613671694816,4,1,mppi,mixed,30001,True,smooth,308.60541979999834,752,0.6235489220563848,False
off_sidewalk,False,10.019999999999875,5.71099277197119,0.5664879041001802,0.7963837676782676,0.2586573644130235,0.1395138952475108,False,0.0,0.3056516858953221,,0.12256870067858222,501,mixed,30002,0.13754704829513487,False,True,16.0,22.0,36.0,1.094295256192989,3.7143547524892653,2,2,mppi,mixed,30002,True,smooth,120.99824709999666,1,0.001996007984031936,False
goal,True,31.959999999999408,36.78867134507293,1.149098439243333,1.5708216734408624,0.7914666937728088,0.1730119511864166,False,0.0,0.4454652714956875,,0.49469438647882225,1598,mixed,30003,0.1431392465995096,False,False,16.0,22.0,36.0,0.9930631191143491,4.7960100374527626,4,2,mppi,mixed,30003,True,smooth,397.70580390000396,131,0.08197747183979975,True
goal,True,28.199999999999488,36.29175242653243,1.28587864678564,1.2535352700000575,0.8278318260937743,0.17429440004503252,False,0.0,0.5238205296588799,,0.45953534964890547,1410,mixed,30004,0.13132799020649005,False,False,16.0,22.0,36.0,1.0216820008660161,3.381410802327469,2,1,mppi,mixed,30004,True,smooth,345.1279293000043,204,0.14468085106382977,True
goal,True,39.40000000000056,36.54760558361273,0.9270205363343673,2.237545283249479,1.017826009108181,0.18187601282147875,False,0.0,0.3620026641597821,,0.5529392745004207,1970,mixed,30005,0.13472670619880006,False,False,16.0,22.0,36.0,1.0920269352884409,3.6033298161351226,2,3,mppi,mixed,30005,True,smooth,486.192435500001,0,0.0,True
goal,True,32.35999999999946,36.31495212062786,1.1204552963962233,1.307325081769419,0.9184144802974423,0.1684217696616323,False,0.0,0.39662523516517223,,0.6943907030970186,1618,mixed,30006,0.13355617686690438,False,True,16.0,22.0,36.0,0.9174085093638475,3.0530624208527843,3,1,mppi,mixed,30006,True,smooth,384.7543033999973,384,0.2373300370828183,True
goal,True,26.61999999999952,36.32267209988322,1.3641583308044034,1.2659897640968405,0.9693368546905259,0.19682086280469455,False,0.0,0.6392829315405794,,0.42024937008161745,1331,mixed,30007,0.14604976560108118,False,False,16.0,22.0,36.0,0.7185444503357252,4.27839074373451,2,3,mppi,mixed,30007,True,smooth,323.13597209999716,60,0.045078888054094664,True
goal,True,40.460000000000726,37.12209783321148,0.9153541292436627,1.549918538811818,0.6659341867901856,0.13990029289350456,False,0.0,0.28440977341448925,,0.5998233439569493,2023,mixed,30008,0.09688845619584842,True,False,16.0,22.0,36.0,0.936046807503324,4.779690582549411,3,3,mppi,mixed,30008,True,smooth,493.7349893999999,349,0.17251606524962926,True
off_sidewalk,False,15.639999999999755,5.023400474659399,0.31955987438864186,0.7965582379266916,0.12272754486894186,0.10218848789178779,False,0.0,0.6268328339315095,,0.16616058446953766,782,mixed,30009,0.1303524223744153,False,False,16.0,22.0,36.0,0.8604384077926199,3.4236432027256516,3,1,mppi,mixed,30009,True,smooth,169.24289839999983,0,0.0,False
goal,True,29.09999999999947,36.302429848710666,1.2467289471384795,1.202539063356944,0.8161792056645178,0.18121527396188591,False,0.0,0.6967043473099331,,0.46325774864138214,1455,mixed,30010,0.14463196798437483,False,False,16.0,22.0,36.0,1.0876996971909287,4.2074360503736035,3,2,mppi,mixed,30010,True,smooth,356.31394540000474,0,0.0,True
off_sidewalk,False,9.119999999999894,3.4067774201934267,0.37166426429994875,0.8200621686550066,0.08031798470115038,0.1226630888197258,False,0.0,0.6342334798351457,,0.10160129457506731,456,mixed,30011,0.10344774205795826,False,False,16.0,22.0,36.0,0.8803736260578074,3.5629736436997854,3,1,mppi,mixed,30011,True,smooth,103.05399159999797,0,0.0,False
goal,True,26.479999999999524,36.44720538128815,1.3750790530107153,2.19016466761763,0.7492888378215848,0.17649581144259263,False,0.0,0.5865690855606353,,0.4385350659286151,1324,mixed,30012,0.10142766444049402,False,False,16.0,22.0,36.0,1.0571494568401196,4.287478562137952,4,1,mppi,mixed,30012,True,smooth,323.83779920000234,124,0.09365558912386707,True
off_sidewalk,False,7.139999999999936,5.606539922217927,0.7841593526862791,0.7674227344701651,0.25962658969392627,0.14688142107341687,False,0.0,0.49426612678125637,,0.09623415135346003,357,mixed,30013,0.11387942893657875,True,True,16.0,22.0,36.0,0.9522616297640685,3.1089084441278008,4,1,mppi,mixed,30013,True,smooth,87.483733699999,0,0.0,False
off_sidewalk,False,10.519999999999865,6.312406599477435,0.5971679245314647,0.6755187810978638,0.04931639974338077,0.14166608480905019,False,0.0,0.527084294929893,,0.15036147678435993,526,mixed,30014,0.1226360465774994,False,True,16.0,22.0,36.0,0.9811832948310352,4.854952407449609,3,2,mppi,mixed,30014,True,smooth,118.96277679999912,0,0.0,False
goal,True,27.759999999999497,36.58057872752608,1.3163582185017146,1.936109924882579,0.9866525598786858,0.21528853167111903,False,0.0,0.4759063191650884,,0.48502824965059277,1388,mixed,30015,0.13952034251217432,False,False,16.0,22.0,36.0,0.9260795764344749,4.128861180271976,3,1,mppi,mixed,30015,True,smooth,340.4808701000002,98,0.07060518731988473,True
goal,True,37.80000000000031,36.8042207391799,0.9725250899419923,1.0544551393019448,0.7980389833066789,0.13356938051106795,False,0.0,0.3733342873605777,,0.5455369797039856,1890,mixed,30016,0.12324413790021449,False,True,16.0,22.0,36.0,0.9851147692440038,4.5322748790052305,2,3,mppi,mixed,30016,True,smooth,453.2567603999996,137,0.07248677248677249,True
off_sidewalk,False,14.51999999999978,7.953693999966063,0.5462117741018815,0.7789730389264388,0.05934717719693282,0.10678766790908122,False,0.0,0.7007135267919188,,0.17199913877267745,726,mixed,30017,0.14932260537797498,False,False,16.0,22.0,36.0,0.9156840878797285,3.924854169270101,2,3,mppi,mixed,30017,True,smooth,169.89614009999787,0,0.0,False
goal,True,47.3200000000018,36.40021939782138,0.7687353911673848,2.307832225620041,0.8244490054804295,0.1303958999704052,False,0.0,0.3723996877789594,,0.5990447710654049,2366,mixed,30018,0.11689804203978599,True,False,16.0,22.0,36.0,0.8062032162168414,4.7410347833925695,3,1,mppi,mixed,30018,True,smooth,542.3463625000004,246,0.10397295012679628,True
goal,True,36.4400000000001,37.068488835454914,1.0149567577459744,1.4869742210969856,0.8113565568020126,0.16548514335341596,False,0.0,0.440733488870249,,0.8291606419352446,1822,mixed,30019,0.13953235102862394,True,False,16.0,22.0,36.0,1.0802208805064,3.8552242826295764,4,1,mppi,mixed,30019,True,smooth,411.82643170000665,96,0.052689352360043906,True
stall,False,84.08000000000041,26.363027446816304,0.3115730550132366,0.8628109863548833,0.04980561698099918,0.09918331951850974,False,0.0,0.28952099277209353,,0.9166093613108579,4204,crowded,30000,0.0,False,False,1000.0,1000.0,36.0,0.94623404235241,3.601266983379266,6,1,mppi,crowded,30000,True,smooth,715.9425365999996,1507,0.3584681255946717,False
goal,True,29.47999999999946,36.54708312966344,1.2388554212038527,0.8594226754323105,0.04748718946697541,0.08579263993862303,False,0.0,0.5149581769519246,,0.4191032489891622,1474,crowded,30001,0.0,False,False,1000.0,1000.0,36.0,1.043269391848437,3.722613671694816,5,2,mppi,crowded,30001,True,smooth,311.22992610000074,127,0.08616010854816825,True
goal,True,35.25999999999991,36.81294780030082,1.0421223507951882,0.8472451491714154,0.04784538127411562,0.1292355002254874,False,0.0,0.12560009287541604,,0.5788592706850325,1763,crowded,30002,0.0,False,False,1000.0,1000.0,36.0,1.094295256192989,3.7143547524892653,6,2,mppi,crowded,30002,True,smooth,367.920638100004,425,0.2410663641520136,True
stall,False,80.88000000000105,26.66864723080617,0.3280072476333152,0.8676082974076569,0.06030059160992347,0.0847891345672854,False,0.0,0.16438030538493764,,0.8006689806229951,4044,crowded,30003,0.0,False,False,1000.0,1000.0,36.0,0.9930631191143491,4.7960100374527626,6,2,mppi,crowded,30003,True,smooth,667.7439959999974,976,0.2413452027695351,False
goal,True,34.87999999999985,36.834660459025514,1.0547134811825054,0.8808407644747422,0.0459141068386253,0.08417039027939724,False,0.0,0.41349934288908785,,0.45199804019614714,1744,crowded,30004,0.0,False,False,1000.0,1000.0,36.0,1.0216820008660161,3.381410802327469,4,2,mppi,crowded,30004,True,smooth,358.0220744000035,36,0.020642201834862386,True
goal,True,60.20000000000381,38.400592000110564,0.6356210176906278,0.9880458711962521,0.05951816196017513,0.11400785902931544,False,0.0,0.14987421961871156,,0.8066562773495862,3010,crowded,30005,0.0,False,False,1000.0,1000.0,36.0,1.0920269352884409,3.6033298161351226,5,2,mppi,crowded,30005,True,smooth,543.2564490000004,372,0.12358803986710963,True
stall,False,44.38000000000134,26.303933154643136,0.5911649104624132,0.8612054556656646,0.045468717063186996,0.07130801660823513,False,0.0,0.4561075341645592,,0.46005255466016737,2219,crowded,30006,0.0,False,False,1000.0,1000.0,36.0,0.9174085093638475,3.0530624208527843,4,2,mppi,crowded,30006,True,smooth,436.6961300999974,195,0.0878774222622803,False
goal,True,37.16000000000021,37.00485479111392,0.9941903086784483,0.9760684693252288,0.06980769962819959,0.10147372103819716,False,0.0,0.09781868587015102,,0.5287757662595601,1858,crowded,30007,0.0,False,False,1000.0,1000.0,36.0,0.7185444503357252,4.27839074373451,4,2,mppi,crowded,30007,True,smooth,380.6897495999947,85,0.045748116254036596,True
goal,True,45.88000000000157,37.171737233346335,0.8083408215643326,0.952964200118445,0.07622452868378411,0.11372857917695033,False,0.0,0.12357870947227054,,0.595870159102639,2294,crowded,30008,0.0,False,False,1000.0,1000.0,36.0,0.936046807503324,4.779690582549411,4,1,mppi,crowded,30008,True,smooth,443.8017172000036,192,0.08369659982563209,True
stall,False,53.68000000000279,21.11713843592467,0.3920518060473577,0.7831087597540258,0.04516759872062733,0.08449806566741692,False,0.0,0.35622957124290866,,0.5542448224459001,2684,crowded,30009,0.0,False,False,1000.0,1000.0,36.0,0.8604384077926199,3.4236432027256516,6,2,mppi,crowded,30009,True,smooth,499.3799414000023,117,0.043591654247391955,False
collision,False,5.739999999999966,5.191788935901174,0.9021649949115285,0.879695332889151,0.059686362449526305,0.23103630226483754,False,0.0,-0.002359609075313629,pedestrian,0.11572773115455987,287,crowded,30010,0.0,False,False,1000.0,1000.0,36.0,1.0876996971909287,4.2074360503736035,6,2,mppi,crowded,30010,True,smooth,62.51583080000273,46,0.1602787456445993,False
goal,True,27.6399999999995,36.6185505257456,1.3233840571782725,0.9261804977564707,0.056908851466183095,0.10215083882152746,False,0.0,0.5850674501658762,,0.4108167377250212,1382,crowded,30011,0.0,False,False,1000.0,1000.0,36.0,0.8803736260578074,3.5629736436997854,4,1,mppi,crowded,30011,True,smooth,283.2818526999981,117,0.08465991316931983,True
goal,True,29.55999999999946,37.07171028981371,1.2524051890378918,0.8787400389399836,0.0601017369760088,0.10382651064841607,False,0.0,0.5601489932928991,,0.4384491664564127,1478,crowded,30012,0.0,False,False,1000.0,1000.0,36.0,1.0571494568401196,4.287478562137952,3,1,mppi,crowded,30012,True,smooth,301.94797839999956,139,0.09404600811907984,True
goal,True,63.64000000000435,38.18663828128746,0.5979735950882141,1.0215521948240722,0.04718030272925273,0.11012012421305958,False,0.0,0.26496581565610866,,0.7619175722143735,3182,crowded,30013,0.0,False,False,1000.0,1000.0,36.0,0.9522616297640685,3.1089084441278008,4,1,mppi,crowded,30013,True,smooth,527.8415010000026,348,0.10936517913262099,True
stall,False,74.0600000000024,15.001580347176537,0.20155053011494736,0.7736876020247501,0.06015032664212597,0.06349306368109225,False,0.0,0.2474784496782096,,0.6236104938602354,3703,crowded,30014,0.0,False,False,1000.0,1000.0,36.0,0.9811832948310352,4.854952407449609,3,2,mppi,crowded,30014,True,smooth,568.5976781999998,0,0.0,False
goal,True,38.920000000000485,37.0093952276573,0.9490151800976493,0.928064004913718,0.0591567186325185,0.10192818438174157,False,0.0,0.40512947411617306,,0.5573163651222994,1946,crowded,30015,0.0,False,False,1000.0,1000.0,36.0,0.9260795764344749,4.128861180271976,6,2,mppi,crowded,30015,True,smooth,366.8395763000008,584,0.3001027749229188,True
goal,True,28.879999999999473,36.48555340586039,1.2629597999309148,0.878532000850136,0.058133486233246844,0.0880192101577318,False,0.0,0.5508264147547951,,0.4224076953044858,1444,crowded,30016,0.0,False,False,1000.0,1000.0,36.0,0.9851147692440038,4.5322748790052305,4,2,mppi,crowded,30016,True,smooth,280.8154945999995,145,0.10041551246537396,True
collision,False,19.799999999999667,22.181024772690403,1.1188752175599899,1.0019038786924261,0.06909337128088736,0.10341586399840995,False,0.0,-0.004178159569688172,pedestrian,0.281186806443922,990,crowded,30017,0.0,False,False,1000.0,1000.0,36.0,0.9156840878797285,3.924854169270101,3,2,mppi,crowded,30017,True,smooth,201.71613519999664,71,0.07171717171717172,False
goal,True,26.099999999999532,36.282796710456914,1.389673285536088,0.821440591245128,0.05988529209264022,0.07819008774673943,False,0.0,0.4546540606463825,,0.35515146182243723,1305,crowded,30018,0.0,False,False,1000.0,1000.0,36.0,0.8062032162168414,4.7410347833925695,3,1,mppi,crowded,30018,True,smooth,240.7077008999986,0,0.0,True
timeout,False,90.01999999999923,18.538778805883435,0.20526545259876658,0.9279698259240404,0.05867188170259682,0.061337283201674295,False,0.0,0.31263769981956924,,0.7575578993214277,4501,crowded,30019,0.0,False,False,1000.0,1000.0,36.0,1.0802208805064,3.8552242826295764,3,2,mppi,crowded,30019,True,smooth,585.3021049000017,55,0.012219506776271939,False
