outcome,success,time_s,path_m,mean_speed,peak_shock_g,peak_shock_vertical_g,shock_rms_g,shock_over_budget,frac_time_over_budget,min_clearance_m,collision_kind,energy_wh,steps,sc_family,sc_seed,sc_kerb_h,sc_ramp_down,sc_ramp_up,sc_x_down,sc_x_up,sc_x_goal,sc_tyre_mu,sc_payload_mass,sc_n_ped,sc_n_obstacle,controller,family,seed,shield,condition,wall_s,interventions,intervention_frac,safe
goal,True,23.759999999999582,36.128424037267244,1.521064330580955,0.9324563468790704,0.09132631472058945,0.0873947645531016,False,0.0,,,0.35398459207547905,1188,kerb,20000,0.12843232933396198,True,True,16.0,22.0,36.0,1.1313989832912106,4.053578853961741,0,0,mppi,kerb,20000,True,id,304.9541945000019,0,0.0,True
goal,True,23.639999999999585,36.07652774733036,1.5262943388599537,2.3928307745444886,0.9259560854150896,0.21489136667277214,False,0.0,,,0.39075640200888834,1182,kerb,20001,0.1168585960289818,False,False,16.0,22.0,36.0,1.0562714521118246,3.1383771289516806,0,0,mppi,kerb,20001,True,id,300.96639180000057,0,0.0,True
goal,True,23.759999999999582,36.05460765793913,1.5177991956527679,1.133574452576031,0.6354221689027728,0.142733581076358,False,0.0,,,0.3987915129248173,1188,kerb,20002,0.07150349411896181,False,False,16.0,22.0,36.0,0.5152594284795413,4.568323062029927,0,0,mppi,kerb,20002,True,id,299.08892759999435,0,0.0,True
goal,True,23.679999999999584,36.08192598564173,1.5239831994403337,1.7639320245341323,0.6830570187366614,0.1577743463273426,False,0.0,,,0.39362165827584344,1184,kerb,20003,0.0760441566485695,False,False,16.0,22.0,36.0,0.7891774437395254,3.6950972021831383,0,0,mppi,kerb,20003,True,id,301.0454128000056,0,0.0,True
goal,True,23.679999999999584,36.100923272257006,1.5248767059424853,1.1642385281457956,0.8011547661053906,0.158824300419529,False,0.0,,,0.39041542295819803,1184,kerb,20004,0.13731894391199906,False,True,16.0,22.0,36.0,0.9486985366003076,4.306167078816012,0,0,mppi,kerb,20004,True,id,299.2324587999974,0,0.0,True
goal,True,23.539999999999587,36.077737671570056,1.5330604311014346,1.1970503901249119,0.810289058835254,0.15875923036722095,False,0.0,,,0.3771144306477658,1177,kerb,20005,0.1299846017430102,False,True,16.0,22.0,36.0,0.7039660701080666,3.7679980347094397,0,0,mppi,kerb,20005,True,id,303.2390214000043,0,0.0,True
goal,True,23.519999999999587,36.04441796454302,1.532869410149055,0.9132440309361939,0.7059232597641527,0.12533569765775252,False,0.0,,,0.36586416666160587,1176,kerb,20006,0.07269333854763303,False,True,16.0,22.0,36.0,0.5495112970451754,3.389247059011182,0,0,mppi,kerb,20006,True,id,298.862386599998,0,0.0,True
goal,True,23.759999999999582,36.088187894180734,1.5189544291405375,1.786265855392397,0.7061846416970925,0.16452770246142792,False,0.0,,,0.39839605931074823,1188,kerb,20007,0.09150070355267764,False,False,16.0,22.0,36.0,0.6481739896030303,4.635101412642601,0,0,mppi,kerb,20007,True,id,301.992210299999,0,0.0,True
goal,True,23.37999999999959,36.081889042684075,1.5433925581126975,1.0815585327037125,0.7566174526767594,0.16710546402884344,False,0.0,,,0.3938401463790057,1169,kerb,20008,0.10811846527503906,False,False,16.0,22.0,36.0,0.9668439017502839,4.848474254493182,0,0,mppi,kerb,20008,True,id,293.3072052999996,0,0.0,True
goal,True,23.699999999999584,36.11744024574632,1.524358621957309,0.9740236657158158,0.1073892507415697,0.09306613938020637,False,0.0,,,0.36119325534184427,1185,kerb,20009,0.08275023654730332,True,True,16.0,22.0,36.0,0.7706246983229506,3.69956913547227,0,0,mppi,kerb,20009,True,id,306.5403699000017,0,0.0,True
goal,True,23.47999999999959,36.07786244559872,1.5366111070132562,1.2836303825148712,0.6770139624206124,0.15134563806234472,False,0.0,,,0.3895463620363533,1174,kerb,20010,0.07380143134160361,False,False,16.0,22.0,36.0,0.5611351801843887,4.37085018349743,0,0,mppi,kerb,20010,True,id,295.4279714999939,0,0.0,True
goal,True,23.37999999999959,36.0973137582368,1.5441460582836164,1.1842308329245228,0.7498666365105398,0.1761105584400629,False,0.0,,,0.38116174296727606,1169,kerb,20011,0.09235676388168668,False,False,16.0,22.0,36.0,0.6955172013472936,3.1769049779900986,0,0,mppi,kerb,20011,True,id,296.594731899997,0,0.0,True
goal,True,23.91999999999958,36.07178467089481,1.5084271586195128,3.72658934495625,1.2096160826673936,0.2299579715133928,True,0.001003344481605351,,,0.3993191753859932,1196,kerb,20012,0.15858236562038797,True,False,16.0,22.0,36.0,0.7406627564325037,3.0617503503740853,0,0,mppi,kerb,20012,True,id,303.7146181999997,0,0.0,False
goal,True,23.519999999999587,36.089051396457776,1.5345691497809368,1.4011252896090047,0.6451050791707578,0.1515339258248001,False,0.0,,,0.39258665633403056,1176,kerb,20013,0.07280753225522647,False,False,16.0,22.0,36.0,1.0576165568905593,4.610537059342762,0,0,mppi,kerb,20013,True,id,300.76450979999936,0,0.0,True
goal,True,23.699999999999584,36.08063161484414,1.522634990273594,1.6999625556790612,0.8221999641506225,0.18950873998461779,False,0.0,,,0.40668655692618894,1185,kerb,20014,0.1179632249019362,False,False,16.0,22.0,36.0,0.7789941675573437,4.643927656878525,0,0,mppi,kerb,20014,True,id,296.83778500000335,0,0.0,True
goal,True,23.41999999999959,36.086977490462154,1.5411010812832513,2.1760375022367913,0.9573724693019575,0.1782868900975223,False,0.0,,,0.38850990554970677,1171,kerb,20015,0.13565501144576492,True,False,16.0,22.0,36.0,1.0799199200874088,4.212718516623833,0,0,mppi,kerb,20015,True,id,300.52180249999947,0,0.0,True
goal,True,23.79999999999958,36.0821005012766,1.5162947218608303,1.3020378321147001,0.6519546760175261,0.1540045218605718,False,0.0,,,0.4124398037374267,1190,kerb,20016,0.07101341959162902,False,False,16.0,22.0,36.0,0.5263634475805654,3.8804668888320917,0,0,mppi,kerb,20016,True,id,299.2724378999992,0,0.0,True
goal,True,23.619999999999585,36.104374253961396,1.5289110836007227,1.6160636932203847,0.8789700075441966,0.15651369852120933,False,0.0,,,0.3849482486297611,1181,kerb,20017,0.11941868507919796,True,False,16.0,22.0,36.0,0.9775845312192193,3.925054574983727,0,0,mppi,kerb,20017,True,id,303.74534439999843,0,0.0,True
goal,True,23.79999999999958,36.092699634456494,1.5166952584060869,1.2320442687867492,0.8146519961806262,0.1576472786323858,False,0.0,,,0.3800035774104348,1190,kerb,20018,0.1376578321930952,False,True,16.0,22.0,36.0,0.8136281028071288,3.786391784438904,0,0,mppi,kerb,20018,True,id,301.2275956999947,0,0.0,True
goal,True,24.059999999999576,36.110840458529985,1.5004098915199127,2.469505453106021,1.0843856872067623,0.25151108967139235,False,0.0,,,0.44590837281376733,1203,kerb,20019,0.14513449034733966,False,False,16.0,22.0,36.0,0.7641486695576738,3.2154782479885347,0,0,mppi,kerb,20019,True,id,303.9031904000003,0,0.0,True
goal,True,23.579999999999586,36.10510576495189,1.5315660675247338,1.4626975268110973,0.8706238866605114,0.17746587638288655,False,0.0,,,0.4015411768912916,1179,kerb,20020,0.15516075276539898,False,True,16.0,22.0,36.0,0.8885876540186612,3.7436670446590714,0,0,mppi,kerb,20020,True,id,298.6144129000022,0,0.0,True
goal,True,23.659999999999584,36.08402106520336,1.5256501488575973,0.9620711702458759,0.09535924520279658,0.09082012596510093,False,0.0,,,0.3554292037069777,1183,kerb,20021,0.11329045341441929,True,True,16.0,22.0,36.0,0.7203180953825223,3.4266242250056873,0,0,mppi,kerb,20021,True,id,307.7475618999961,0,0.0,True
goal,True,23.559999999999587,36.07870285224457,1.5314729027245986,2.8332989476308996,0.9832437456945888,0.18781539448815848,False,0.0,,,0.4030192408216493,1178,kerb,20022,0.1268613723793956,True,False,16.0,22.0,36.0,1.0373388671645993,3.927530768544716,0,0,mppi,kerb,20022,True,id,299.5546841999967,0,0.0,True
goal,True,23.639999999999585,36.09328701897495,1.5272233251480538,0.9667314228534308,0.744156644244901,0.14084772092020298,False,0.0,,,0.3831563696292233,1182,kerb,20023,0.12100850156970268,False,True,16.0,22.0,36.0,1.0608568624137475,4.581591014998616,0,0,mppi,kerb,20023,True,id,303.7974893000064,0,0.0,True
goal,True,23.599999999999586,36.0782458377832,1.5291032911556788,1.553911786615904,1.0091908839226984,0.1780308768799946,False,0.0,,,0.38591049981074793,1180,kerb,20024,0.1541370293622097,False,True,16.0,22.0,36.0,1.1230728962996546,3.038559699469644,0,0,mppi,kerb,20024,True,id,298.1742063999991,0,0.0,True
goal,True,32.91999999999955,36.81798210621401,1.115843769376683,0.81724054453676,0.08438905723234123,0.12264919877086532,False,0.0,0.37796839536991456,,0.549491900773709,1646,mixed,20000,0.12843232933396198,True,True,16.0,22.0,36.0,1.1313989832912106,4.053578853961741,4,1,mppi,mixed,20000,True,id,432.81216020000284,76,0.046172539489671933,True
goal,True,41.64000000000091,36.711176231842074,0.8802764122226091,1.361291582590059,0.8329340385433018,0.16139754145266003,False,0.0,0.23097521280033173,,0.5960283729370237,2082,mixed,20001,0.1168585960289818,False,False,16.0,22.0,36.0,1.0562714521118246,3.1383771289516806,2,3,mppi,mixed,20001,True,id,519.0549148999999,0,0.0,True
goal,True,44.7600000000014,36.81986605933091,0.821486744462531,1.0318153622769273,0.6375584690517145,0.12201908127482679,False,0.0,0.30594382684805665,,0.5716453168599711,2238,mixed,20002,0.07150349411896181,False,False,16.0,22.0,36.0,0.5152594284795413,4.568323062029927,2,3,mppi,mixed,20002,True,id,595.1656736000004,0,0.0,True
goal,True,37.42000000000025,36.945308004346224,0.9852083470586662,1.5119924373646536,0.6578775742760792,0.1486555195274916,False,0.0,0.2626813600240109,,0.5407844958276058,1871,mixed,20003,0.0760441566485695,False,False,16.0,22.0,36.0,0.7891774437395254,3.6950972021831383,4,2,mppi,mixed,20003,True,id,488.0225355999937,170,0.09086050240513095,True
off_sidewalk,False,19.61999999999967,9.030113402716175,0.45779478910276195,0.9468559060367586,0.17866538801434714,0.10339242388561849,False,0.0,0.23962373153570288,,0.19899068629514952,981,mixed,20004,0.13731894391199906,False,True,16.0,22.0,36.0,0.9486985366003076,4.306167078816012,4,3,mppi,mixed,20004,True,id,236.44097239999974,0,0.0,False
goal,True,28.55999999999948,36.57985421939916,1.2794962346365388,1.2322896200490494,0.8113885637970261,0.1565548173655655,False,0.0,0.47375493295492577,,0.4564836284863624,1428,mixed,20005,0.1299846017430102,False,True,16.0,22.0,36.0,0.7039660701080666,3.7679980347094397,2,2,mppi,mixed,20005,True,id,370.6004405000058,52,0.036414565826330535,True
goal,True,26.359999999999527,36.67220044144742,1.389732335925427,0.8934217953400118,0.690639595162652,0.15415824736191058,False,0.0,0.3168815541006187,,0.44259750195571984,1318,mixed,20006,0.07269333854763303,False,True,16.0,22.0,36.0,0.5495112970451754,3.389247059011182,3,1,mppi,mixed,20006,True,id,342.8967782999971,116,0.08801213960546282,True
goal,True,28.399999999999483,36.31751516553144,1.2777095931382185,1.100081974466777,0.7258044200870275,0.14115865546272982,False,0.0,0.5849904662820332,,0.44648180613450283,1420,mixed,20007,0.09150070355267764,False,False,16.0,22.0,36.0,0.6481739896030303,4.635101412642601,4,1,mppi,mixed,20007,True,id,366.3849599999958,40,0.028169014084507043,True
goal,True,32.839999999999534,36.777669935080176,1.1180276421916218,1.660075527196046,0.7242983555317412,0.18799003192613373,False,0.0,0.2893752906841148,,0.572079152126692,1642,mixed,20008,0.10811846527503906,False,False,16.0,22.0,36.0,0.9668439017502839,4.848474254493182,2,1,mppi,mixed,20008,True,id,422.48270640000555,122,0.07429963459196103,True
off_sidewalk,False,29.739999999999455,30.66088730133524,1.029791177770655,0.9733944459406104,0.11037491842879094,0.09938905934633718,False,0.0,0.40484639508738984,,0.4163267856342689,1487,mixed,20009,0.08275023654730332,True,True,16.0,22.0,36.0,0.7706246983229506,3.69956913547227,4,1,mppi,mixed,20009,True,id,368.8114859000052,5,0.0033624747814391394,False
goal,True,34.15999999999974,36.396491148936796,1.0648126598056842,1.2507467050709191,0.664988459115801,0.14467914016996908,False,0.0,0.38965265676629257,,0.5366452767827112,1708,mixed,20010,0.07380143134160361,False,False,16.0,22.0,36.0,0.5611351801843887,4.37085018349743,4,1,mppi,mixed,20010,True,id,454.95099910000135,159,0.09309133489461359,True
stall,False,35.019999999999875,25.09896449654078,0.7160093237565824,1.1335057398983404,0.7374804952717198,0.14026763680307297,False,0.0,0.11390980009502516,,0.40472393806723506,1751,mixed,20011,0.09235676388168668,False,False,16.0,22.0,36.0,0.6955172013472936,3.1769049779900986,3,3,mppi,mixed,20011,True,id,458.99745899999834,568,0.32438606510565393,False
stall,False,34.33999999999977,22.8978125120135,0.6499611422114852,3.39793955701954,1.0310224458490371,0.19544984965378856,True,0.0006988934187536401,0.6191755086115288,,0.524508627198854,1717,mixed,20012,0.15858236562038797,True,False,16.0,22.0,36.0,0.7406627564325037,3.0617503503740853,4,2,mppi,mixed,20012,True,id,486.7052390999961,64,0.037274315666860805,False
goal,True,32.399999999999466,36.23044731355527,1.1174057689142523,1.5040794025409516,0.5323351168795584,0.1390945444544531,False,0.0,0.34452589041901616,,0.48834057392611113,1620,mixed,20013,0.07280753225522647,False,False,16.0,22.0,36.0,1.0576165568905593,4.610537059342762,2,1,mppi,mixed,20013,True,id,424.54122910000297,226,0.13950617283950617,True
stall,False,17.459999999999717,3.009333940789928,0.17158264039006738,0.9748931689597314,0.08142502631966962,0.0948614783521739,False,0.0,0.36865206194136324,,0.16401494021383545,873,mixed,20014,0.1179632249019362,False,False,16.0,22.0,36.0,0.7789941675573437,4.643927656878525,2,2,mppi,mixed,20014,True,id,251.2310976000008,640,0.7331042382588774,False
goal,True,31.179999999999424,36.5164556715043,1.170306284377829,2.8411012176028523,1.007267104872152,0.170329850240581,False,0.0,0.4313021984718496,,0.480494704202312,1559,mixed,20015,0.13565501144576492,True,False,16.0,22.0,36.0,1.0799199200874088,4.212718516623833,4,3,mppi,mixed,20015,True,id,405.93825020000077,34,0.021808851828094934,True
off_sidewalk,False,33.619999999999656,26.4063785087184,0.7842018063950104,1.1843595566314373,0.4962148545003281,0.13988923483527085,False,0.0,0.32974074613091175,,0.47047561712318553,1681,mixed,20016,0.07101341959162902,False,False,16.0,22.0,36.0,0.5263634475805654,3.8804668888320917,2,1,mppi,mixed,20016,True,id,409.50163610000163,179,0.10648423557406306,False
off_sidewalk,False,26.839999999999517,26.700121783099153,0.9917061577133437,1.6216678919888838,0.8131461782834517,0.18473658913840948,False,0.0,0.46653293312339505,,0.47609596601295107,1342,mixed,20017,0.11941868507919796,True,False,16.0,22.0,36.0,0.9775845312192193,3.925054574983727,4,3,mppi,mixed,20017,True,id,339.72203420000005,103,0.07675111773472429,False
off_sidewalk,False,36.560000000000116,29.551992854112452,0.806686798263337,1.2563515351023575,0.7963345932855375,0.14255614074277703,False,0.0,0.3441378767693436,,0.5053641452877801,1828,mixed,20018,0.1376578321930952,False,True,16.0,22.0,36.0,0.8136281028071288,3.786391784438904,4,2,mppi,mixed,20018,True,id,475.79943900000217,59,0.032275711159737416,False
goal,True,28.799999999999475,36.206750565482096,1.2567042978455203,1.4433488068397666,1.0535871594637136,0.2173925660918095,False,0.0,0.4540021719558387,,0.4953008382323306,1440,mixed,20019,0.14513449034733966,False,False,16.0,22.0,36.0,0.7641486695576738,3.2154782479885347,3,1,mppi,mixed,20019,True,id,368.6256324999995,239,0.16597222222222222,True
off_sidewalk,False,42.02000000000097,32.82544912373591,0.7790309001635292,1.395720261011139,0.8763526078643417,0.15673860555072436,False,0.0,0.2730276194306318,,0.6163513147970076,2101,mixed,20020,0.15516075276539898,False,True,16.0,22.0,36.0,0.8885876540186612,3.7436670446590714,4,2,mppi,mixed,20020,True,id,537.253779599996,111,0.05283198476915754,False
off_sidewalk,False,34.759999999999835,28.939205734376717,0.8316062398857479,0.9506972180127203,0.10311934472597054,0.09411572232366044,False,0.0,0.5696249267763819,,0.43977135714433535,1738,mixed,20021,0.11329045341441929,True,True,16.0,22.0,36.0,0.7203180953825223,3.4266242250056873,2,3,mppi,mixed,20021,True,id,441.95670289999543,0,0.0,False
goal,True,24.599999999999564,36.174073072811275,1.4704025501104214,2.232651220500448,0.8355059266766002,0.17748119518509153,False,0.0,0.6956309018614251,,0.4188803649341404,1230,mixed,20022,0.1268613723793956,True,False,16.0,22.0,36.0,1.0373388671645993,3.927530768544716,2,1,mppi,mixed,20022,True,id,327.1941736000008,0,0.0,True
goal,True,27.919999999999494,36.27347893357874,1.2989658411225575,0.9673363259868575,0.7445065262738254,0.13458324078445466,False,0.0,0.4791136282273033,,0.43015612799813746,1396,mixed,20023,0.12100850156970268,False,True,16.0,22.0,36.0,1.0608568624137475,4.581591014998616,4,1,mppi,mixed,20023,True,id,361.0355894000022,0,0.0,True
goal,True,28.759999999999476,36.24913979832685,1.2602625470730626,1.5944624354682262,0.9958796681049581,0.16890726169674036,False,0.0,0.6235948314771521,,0.4547385606314922,1438,mixed,20024,0.1541370293622097,False,True,16.0,22.0,36.0,1.1230728962996546,3.038559699469644,3,2,mppi,mixed,20024,True,id,370.83723800000007,0,0.0,True
goal,True,23.83999999999958,36.1493682787877,1.5170146889215663,0.9324795270315078,0.09174148202098453,0.08739205913811061,False,0.0,,,0.36314392415811036,1192,kerb,20000,0.1773729317335848,True,True,16.0,22.0,36.0,1.1313989832912106,4.053578853961741,0,0,mppi,kerb,20000,True,ood_kerb,308.7306196000063,0,0.0,True
goal,True,23.89999999999958,36.1077281987803,1.5108466134361052,1.7010521542466255,1.1766144953960203,0.24554831467052457,False,0.0,,,0.40834492735847705,1195,kerb,20001,0.1727434384115927,False,False,16.0,22.0,36.0,1.0562714521118246,3.1383771289516806,0,0,mppi,kerb,20001,True,ood_kerb,301.94260470000154,0,0.0,True
goal,True,23.89999999999958,36.089840484581664,1.5102589840299676,1.2288187561430508,1.0006854120962247,0.20614887932981735,False,0.0,,,0.4023491286094259,1195,kerb,20002,0.1546013976475847,False,False,16.0,22.0,36.0,0.5152594284795413,4.568323062029927,0,0,mppi,kerb,20002,True,ood_kerb,298.7878969000012,0,0.0,True
goal,True,23.87999999999958,36.08138464336143,1.511098622233445,1.477200800118694,1.0048622134298306,0.22486334922305373,False,0.0,,,0.4069085173145974,1194,kerb,20003,0.1564176626594278,False,False,16.0,22.0,36.0,0.7891774437395254,3.6950972021831383,0,0,mppi,kerb,20003,True,ood_kerb,303.0446987000032,0,0.0,True
goal,True,23.739999999999583,36.1024967465959,1.5211693891329947,1.5576346462109347,0.8469031078927619,0.1810796719458925,False,0.0,,,0.3997331427118286,1187,kerb,20004,0.1809275775647996,False,True,16.0,22.0,36.0,0.9486985366003076,4.306167078816012,0,0,mppi,kerb,20004,True,ood_kerb,300.58880150000186,0,0.0,True
goal,True,23.579999999999586,36.0494428067149,1.5293276448017254,1.6759024313051714,0.9444245277021329,0.1837116526191701,False,0.0,,,0.3854872782550142,1179,kerb,20005,0.1779938406972041,False,True,16.0,22.0,36.0,0.7039660701080666,3.7679980347094397,0,0,mppi,kerb,20005,True,ood_kerb,301.7802038000009,0,0.0,True
goal,True,23.659999999999584,36.06251794786615,1.5247084550255354,1.5430980933156224,0.9452709382775284,0.17335776563409677,False,0.0,,,0.3861742684504113,1183,kerb,20006,0.15507733541905322,False,True,16.0,22.0,36.0,0.5495112970451754,3.389247059011182,0,0,mppi,kerb,20006,True,ood_kerb,301.47389300000214,0,0.0,True
goal,True,23.91999999999958,36.089700147249154,1.5087891011713612,1.3159833204752147,1.0204424245176762,0.21542423017649676,False,0.0,,,0.4018994655824225,1196,kerb,20007,0.16260028142107105,False,False,16.0,22.0,36.0,0.6481739896030303,4.635101412642601,0,0,mppi,kerb,20007,True,ood_kerb,305.18253829999594,0,0.0,True
goal,True,23.539999999999587,36.10736862677271,1.533844820798118,2.110740061338967,1.9785406490216937,0.22302741289928124,False,0.0,,,0.40899474023998383,1177,kerb,20008,0.1692473861100156,False,False,16.0,22.0,36.0,0.9668439017502839,4.848474254493182,0,0,mppi,kerb,20008,True,ood_kerb,296.05492049999884,0,0.0,True
goal,True,23.79999999999958,36.11335758248731,1.5180303494455074,0.9772674685245858,0.09252709303256415,0.09263344652237447,False,0.0,,,0.37245387263721985,1190,kerb,20009,0.15910009461892133,True,True,16.0,22.0,36.0,0.7706246983229506,3.69956913547227,0,0,mppi,kerb,20009,True,ood_kerb,309.15194200000406,0,0.0,True
goal,True,23.679999999999584,36.080914466396585,1.5237201178618587,1.3229533385173704,1.062742466515869,0.21514283887092758,False,0.0,,,0.40336550672407634,1184,kerb,20010,0.15552057253664145,False,False,16.0,22.0,36.0,0.5611351801843887,4.37085018349743,0,0,mppi,kerb,20010,True,ood_kerb,296.1270450999946,0,0.0,True
goal,True,23.559999999999587,36.10907145183144,1.5326282789680197,1.5515119509825823,1.0564807021260998,0.23483205777452046,False,0.0,,,0.40451761550470355,1178,kerb,20011,0.16294270555267468,False,False,16.0,22.0,36.0,0.6955172013472936,3.1769049779900986,0,0,mppi,kerb,20011,True,ood_kerb,299.2213732999953,0,0.0,True
goal,True,24.29999999999957,36.0654045050893,1.4838423050286786,3.779246688150395,1.4604326785321189,0.26543784173880736,True,0.0011522633744855968,,,0.4315739118762455,1215,kerb,20012,0.1894329462481552,True,False,16.0,22.0,36.0,0.7406627564325037,3.0617503503740853,0,0,mppi,kerb,20012,True,ood_kerb,306.9149658000024,0,0.0,False
goal,True,23.89999999999958,36.08131370223617,1.5095812402252216,3.0163359837386916,0.976109850767031,0.24657792661577113,True,0.00016736401673640169,,,0.44566787561802235,1195,kerb,20013,0.15512301290209057,False,False,16.0,22.0,36.0,1.0576165568905593,4.610537059342762,0,0,mppi,kerb,20013,True,ood_kerb,302.43432120000216,0,0.0,False
goal,True,24.159999999999574,36.09133586005995,1.4935470882257804,3.064269683905251,1.0700483509558285,0.27000576122766373,True,0.0004966887417218543,,,0.45688057870177634,1208,kerb,20014,0.17318528996077448,False,False,16.0,22.0,36.0,0.7789941675573437,4.643927656878525,0,0,mppi,kerb,20014,True,ood_kerb,303.3476590999999,0,0.0,False
goal,True,23.599999999999586,36.10814918006744,1.5303181280783758,1.5944253533905028,1.2031487616288499,0.18741532424214136,False,0.0,,,0.39336229768115455,1180,kerb,20015,0.18026200457830596,True,False,16.0,22.0,36.0,1.0799199200874088,4.212718516623833,0,0,mppi,kerb,20015,True,ood_kerb,303.6340643000003,0,0.0,True
goal,True,24.139999999999574,36.07454705129633,1.494276530311736,3.3333285261452987,1.1717150193227697,0.280405234471645,True,0.0008285004142502071,,,0.4444143970786475,1207,kerb,20016,0.1544053678366516,False,False,16.0,22.0,36.0,0.5263634475805654,3.8804668888320917,0,0,mppi,kerb,20016,True,ood_kerb,304.17260689999966,0,0.0,False
goal,True,23.87999999999958,36.10455660627373,1.5122148939055735,3.6149383424473167,1.050597857966718,0.21704552673800934,True,0.0011725293132328308,,,0.4052346840375515,1194,kerb,20017,0.1737674740316792,True,False,16.0,22.0,36.0,0.9775845312192193,3.925054574983727,0,0,mppi,kerb,20017,True,ood_kerb,306.12636019999627,0,0.0,False
goal,True,23.83999999999958,36.08407327368153,1.5138812129446548,1.6444492161664475,0.9329744091931643,0.1797058737319735,False,0.0,,,0.38891239354216006,1192,kerb,20018,0.18106313287723808,False,True,16.0,22.0,36.0,0.8136281028071288,3.786391784438904,0,0,mppi,kerb,20018,True,ood_kerb,302.53794180000114,0,0.0,True
goal,True,24.179999999999573,36.13105269889512,1.4932324881719077,3.049780081387556,1.1991943975825503,0.2737433495440612,True,0.00033085194375516956,,,0.44528853465396756,1209,kerb,20019,0.18405379613893585,False,False,16.0,22.0,36.0,0.7641486695576738,3.2154782479885347,0,0,mppi,kerb,20019,True,ood_kerb,305.0226867999954,0,0.0,False
goal,True,23.599999999999586,36.08701530285143,1.5295421106093865,1.72413906163142,0.9935916069630697,0.1937698999307305,False,0.0,,,0.409341766021388,1180,kerb,20020,0.1880643011061596,False,True,16.0,22.0,36.0,0.8885876540186612,3.7436670446590714,0,0,mppi,kerb,20020,True,ood_kerb,297.98269119999895,0,0.0,True
goal,True,23.699999999999584,36.076040222236095,1.5229356372694964,0.9621038997331042,0.09864130729285726,0.090168660246186,False,0.0,,,0.3631102964752811,1185,kerb,20021,0.1713161813657677,True,True,16.0,22.0,36.0,0.7203180953825223,3.4266242250056873,0,0,mppi,kerb,20021,True,ood_kerb,306.6043492000026,0,0.0,True
goal,True,23.87999999999958,36.10712138788007,1.5119951049099747,2.801311085860825,1.221914565238977,0.2061383091573845,False,0.0,,,0.4098856372199324,1194,kerb,20022,0.17674454895175823,True,False,16.0,22.0,36.0,1.0373388671645993,3.927530768544716,0,0,mppi,kerb,20022,True,ood_kerb,302.5875706000006,0,0.0,True
goal,True,23.699999999999584,36.07751993213384,1.5227554212942724,1.36622085385696,0.8486334267069435,0.16699084438111308,False,0.0,,,0.39503205202667674,1185,kerb,20023,0.17440340062788107,False,True,16.0,22.0,36.0,1.0608568624137475,4.581591014998616,0,0,mppi,kerb,20023,True,ood_kerb,304.0828379999948,0,0.0,True
goal,True,23.639999999999585,36.079857701495555,1.5266479455774578,1.8516675639345006,1.126889712651098,0.1942860369720334,False,0.0,,,0.3934667552823487,1182,kerb,20024,0.18765481174488385,False,True,16.0,22.0,36.0,1.1230728962996546,3.038559699469644,0,0,mppi,kerb,20024,True,ood_kerb,299.8966924999986,0,0.0,True
goal,True,32.67999999999951,36.88127976997766,1.1261119561852884,0.9907799309101689,0.08653981423257931,0.12718828840048854,False,0.0,0.3383386965434765,,0.5539669051137319,1634,mixed,20000,0.1773729317335848,True,True,16.0,22.0,36.0,1.1313989832912106,4.053578853961741,4,1,mppi,mixed,20000,True,ood_kerb,431.2140969000029,97,0.05936352509179926,True
off_sidewalk,False,37.1200000000002,29.12683905178338,0.7835121106357489,1.6810330566372025,1.0282829846259116,0.19029996036863706,False,0.0,0.36120562802687833,,0.4998982362302494,1856,mixed,20001,0.1727434384115927,False,False,16.0,22.0,36.0,1.0562714521118246,3.1383771289516806,2,3,mppi,mixed,20001,True,ood_kerb,462.3264849999978,0,0.0,False
goal,True,45.260000000001476,36.698261886634945,0.8097500554833954,1.3566637991513129,0.8310935277088615,0.16065715018933507,False,0.0,0.3452756712611817,,0.7789251862809459,2263,mixed,20002,0.1546013976475847,False,False,16.0,22.0,36.0,0.5152594284795413,4.568323062029927,2,3,mppi,mixed,20002,True,ood_kerb,568.2980902000054,0,0.0,True
stall,False,39.90000000000064,23.175644396817663,0.5647587023077161,2.997466723537074,0.9014619103014515,0.2132472317313352,False,0.0,0.26101473967538436,,1.0420007009293637,1995,mixed,20003,0.1564176626594278,False,False,16.0,22.0,36.0,0.7891774437395254,3.6950972021831383,4,2,mppi,mixed,20003,True,ood_kerb,553.6143738999963,138,0.06917293233082707,False
off_sidewalk,False,18.999999999999684,9.002651295965132,0.47161293891594325,0.9466082355147819,0.2724325490277429,0.09883112158522385,False,0.0,0.2590195195285923,,0.19456647219682954,950,mixed,20004,0.1809275775647996,False,True,16.0,22.0,36.0,0.9486985366003076,4.306167078816012,4,3,mppi,mixed,20004,True,ood_kerb,239.89679749999777,0,0.0,False
goal,True,28.63999999999948,36.57839579226248,1.2758605980507225,1.6325645528807498,0.9234919663503671,0.17644427668009666,False,0.0,0.4651256432791828,,0.4667525750851286,1432,mixed,20005,0.1779938406972041,False,True,16.0,22.0,36.0,0.7039660701080666,3.7679980347094397,2,2,mppi,mixed,20005,True,ood_kerb,372.84074439999677,48,0.0335195530726257,True
stall,False,32.41999999999947,25.17129559624677,0.7755415833598246,1.4836307504848487,0.9558736321314056,0.15356680276846524,False,0.0,0.06603957104623123,,0.4190522568522062,1621,mixed,20006,0.15507733541905322,False,True,16.0,22.0,36.0,0.5495112970451754,3.389247059011182,3,1,mppi,mixed,20006,True,ood_kerb,438.28338919999806,661,0.40777297964219616,False
goal,True,29.139999999999468,36.7096694305596,1.247198686783373,1.5286226942005583,0.8476575426013073,0.20631477032968268,False,0.0,0.6406768139549756,,0.5043174165484938,1457,mixed,20007,0.16260028142107105,False,False,16.0,22.0,36.0,0.6481739896030303,4.635101412642601,4,1,mppi,mixed,20007,True,ood_kerb,377.032100299999,50,0.03431708991077557,True
goal,True,33.37999999999962,36.79250671651285,1.100205559351264,1.7869382618701823,1.5814169561468379,0.21286190417919595,False,0.0,0.2729607772259788,,0.6122761771601423,1669,mixed,20008,0.1692473861100156,False,False,16.0,22.0,36.0,0.9668439017502839,4.848474254493182,2,1,mppi,mixed,20008,True,ood_kerb,441.59295199999906,113,0.0677052127022169,True
off_sidewalk,False,28.97999999999947,30.532673909797662,1.052345906915519,0.9772881050085233,0.12224845318468541,0.0995833121323996,False,0.0,0.41070282481245124,,0.4176182994034126,1449,mixed,20009,0.15910009461892133,True,True,16.0,22.0,36.0,0.7706246983229506,3.69956913547227,4,1,mppi,mixed,20009,True,ood_kerb,357.65096820000326,25,0.01725327812284334,False
goal,True,34.59999999999981,36.4424869719928,1.0517471564072034,2.2933460176102547,0.9713201322877713,0.20232782965671475,False,0.0,0.39168114704672097,,0.5603801926265722,1730,mixed,20010,0.15552057253664145,False,False,16.0,22.0,36.0,0.5611351801843887,4.37085018349743,4,1,mppi,mixed,20010,True,ood_kerb,448.0039439999964,162,0.09364161849710982,True
stall,False,35.279999999999916,25.118781180350467,0.7111931337262188,1.5422761934863072,1.0787317058648593,0.19209146810914768,False,0.0,0.11377533995896283,,0.43909635255307167,1764,mixed,20011,0.16294270555267468,False,False,16.0,22.0,36.0,0.6955172013472936,3.1769049779900986,3,3,mppi,mixed,20011,True,ood_kerb,460.91214229999605,575,0.32596371882086167,False
stall,False,34.33999999999977,22.923666033244324,0.6493192173873839,3.5142709392952938,1.245689731594952,0.2029239665636358,True,0.0005824111822947001,0.6224680805489833,,0.4749044154171909,1717,mixed,20012,0.1894329462481552,True,False,16.0,22.0,36.0,0.7406627564325037,3.0617503503740853,4,2,mppi,mixed,20012,True,ood_kerb,505.96931269999914,65,0.0378567268491555,False
goal,True,32.75999999999952,36.25156452614643,1.1054375235208573,1.795181791662501,0.9600831948585151,0.19819576107079115,False,0.0,0.3458433661900694,,0.5168974258592663,1638,mixed,20013,0.15512301290209057,False,False,16.0,22.0,36.0,1.0576165568905593,4.610537059342762,2,1,mppi,mixed,20013,True,ood_kerb,425.45899420000205,228,0.1391941391941392,True
stall,False,17.459999999999717,3.025295423050723,0.17260964440674495,0.9750053919738687,0.07953994877694162,0.0946801956997887,False,0.0,0.3712145275249492,,0.1641668987299602,873,mixed,20014,0.17318528996077448,False,False,16.0,22.0,36.0,0.7789941675573437,4.643927656878525,2,2,mppi,mixed,20014,True,ood_kerb,241.25174620000325,635,0.7273768613974799,False
goal,True,31.499999999999417,36.510103624743785,1.158106533868588,1.710684150067506,1.5215953017035055,0.1770082149908405,False,0.0,0.4427940605562194,,0.4862741168555108,1575,mixed,20015,0.18026200457830596,True,False,16.0,22.0,36.0,1.0799199200874088,4.212718516623833,4,3,mppi,mixed,20015,True,ood_kerb,408.5785351000013,47,0.029841269841269842,True
goal,True,29.319999999999464,36.85526284917109,1.2544556072236743,1.3265458326639854,1.1698328466888805,0.20221766176177597,False,0.0,0.6796181615000313,,0.49597550838318594,1466,mixed,20016,0.1544053678366516,False,False,16.0,22.0,36.0,0.5263634475805654,3.8804668888320917,2,1,mppi,mixed,20016,True,ood_kerb,382.4426244999995,106,0.0723055934515689,True
off_sidewalk,False,26.27999999999953,26.409968281304053,1.0016162955414478,1.249612164778479,1.0884785502563363,0.2204357592702547,False,0.0,0.2676650007878695,,0.49452104008099484,1314,mixed,20017,0.1737674740316792,True,False,16.0,22.0,36.0,0.9775845312192193,3.925054574983727,4,3,mppi,mixed,20017,True,ood_kerb,333.115407199999,146,0.1111111111111111,False
off_sidewalk,False,32.15999999999943,26.314296989980086,0.816252269863964,1.6082149677179292,0.9285139238927491,0.16929552254255045,False,0.0,0.5330235615999193,,0.4665908680835666,1608,mixed,20018,0.18106313287723808,False,True,16.0,22.0,36.0,0.8136281028071288,3.786391784438904,4,2,mppi,mixed,20018,True,ood_kerb,395.7534661000027,34,0.021144278606965175,False
goal,True,29.159999999999467,36.25110982041223,1.2424960131262353,1.84661871401607,1.3722863229019215,0.24565482965683663,False,0.0,0.42821013262101426,,0.5091292173118409,1458,mixed,20019,0.18405379613893585,False,False,16.0,22.0,36.0,0.7641486695576738,3.2154782479885347,3,1,mppi,mixed,20019,True,ood_kerb,373.5481604000015,240,0.1646090534979424,True
off_sidewalk,False,41.860000000000944,32.82094283118649,0.7815520069317426,1.7095219288152874,0.9712476270827173,0.17170342308134934,False,0.0,0.26622034796877425,,0.633880773024886,2093,mixed,20020,0.1880643011061596,False,True,16.0,22.0,36.0,0.8885876540186612,3.7436670446590714,4,2,mppi,mixed,20020,True,ood_kerb,553.9629027999981,131,0.06258958432871477,False
goal,True,32.31999999999945,36.81488114637398,1.1380124528960949,0.9506972702474907,0.09987982208246592,0.10735113621294774,False,0.0,0.5686621243478475,,0.49070226127806493,1616,mixed,20021,0.1713161813657677,True,True,16.0,22.0,36.0,0.7203180953825223,3.4266242250056873,2,3,mppi,mixed,20021,True,ood_kerb,427.1496995999987,16,0.009900990099009901,True
goal,True,24.87999999999956,36.19771527458885,1.4546956656858883,1.6571565820169618,0.818941779584471,0.1855123945143045,False,0.0,0.6937992546908238,,0.43046372461302407,1244,mixed,20022,0.17674454895175823,True,False,16.0,22.0,36.0,1.0373388671645993,3.927530768544716,2,1,mppi,mixed,20022,True,ood_kerb,314.9720120999991,0,0.0,True
goal,True,28.01999999999949,36.267994066650346,1.294224886615346,1.36622085385696,0.8486334267069435,0.15729286321550376,False,0.0,0.46218140762377624,,0.44096859969850705,1401,mixed,20023,0.17440340062788107,False,True,16.0,22.0,36.0,1.0608568624137475,4.581591014998616,4,1,mppi,mixed,20023,True,ood_kerb,363.1699529000034,0,0.0,True
goal,True,28.839999999999474,36.247500098767375,1.256727340257659,1.9215537617131202,1.0991955187514695,0.18386884003476736,False,0.0,0.6210793050966504,,0.45816125580460276,1442,mixed,20024,0.18765481174488385,False,True,16.0,22.0,36.0,1.1230728962996546,3.038559699469644,3,2,mppi,mixed,20024,True,ood_kerb,381.70562800000334,0,0.0,True
goal,True,23.79999999999958,36.14980638657339,1.519406446594349,0.743337654106186,0.09212398682450225,0.08076327093978869,False,0.0,,,0.3526049657733859,1190,kerb,20000,0.12843232933396198,True,True,16.0,22.0,36.0,0.48039970951177446,4.053578853961741,0,0,mppi,kerb,20000,True,ood_mu,304.2810974000022,0,0.0,True
goal,True,23.639999999999585,36.09781932054364,1.5272467203559608,1.4233989682186536,0.9047394169700292,0.19713121103246073,False,0.0,,,0.3837871956833373,1182,kerb,20001,0.1168585960289818,False,False,16.0,22.0,36.0,0.45893470060337843,3.1383771289516806,0,0,mppi,kerb,20001,True,ood_mu,300.2822430000015,0,0.0,True
goal,True,23.85999999999958,36.07547118072877,1.5123359505138647,1.051707296012825,0.6408718482535649,0.14103523203949958,False,0.0,,,0.40078596167191416,1193,kerb,20002,0.07150349411896181,False,False,16.0,22.0,36.0,0.30435983670844036,4.568323062029927,0,0,mppi,kerb,20002,True,ood_mu,300.1923112000004,0,0.0,True
goal,True,23.81999999999958,36.08307235471852,1.5151000590674368,1.3477329598520442,0.7037536979261367,0.1651142672144988,False,0.0,,,0.41159799261262947,1191,kerb,20003,0.0760441566485695,False,False,16.0,22.0,36.0,0.3826221267827215,3.6950972021831383,0,0,mppi,kerb,20003,True,ood_mu,303.22160359999543,0,0.0,True
goal,True,23.739999999999583,36.09931493774044,1.5209580405384893,1.2016758261845104,0.8168759014207576,0.1556813075251474,False,0.0,,,0.39035413974356714,1187,kerb,20004,0.13731894391199906,False,True,16.0,22.0,36.0,0.4281995818858022,4.306167078816012,0,0,mppi,kerb,20004,True,ood_mu,300.3348474999948,0,0.0,True
goal,True,23.619999999999585,36.07917297397212,1.5279209486295486,1.2311743837653315,0.8359934169161553,0.1550946318592709,False,0.0,,,0.3796257942057785,1181,kerb,20005,0.1299846017430102,False,True,16.0,22.0,36.0,0.35827602003087616,3.7679980347094397,0,0,mppi,kerb,20005,True,ood_mu,303.7165382000021,0,0.0,True
goal,True,23.619999999999585,36.04107564155346,1.5262358304777701,0.8952185664884702,0.702323704452229,0.1182629917155474,False,0.0,,,0.37148055335847663,1181,kerb,20006,0.07269333854763303,False,True,16.0,22.0,36.0,0.3141460848700501,3.389247059011182,0,0,mppi,kerb,20006,True,ood_mu,299.5533884999968,0,0.0,True
goal,True,23.999999999999577,36.077171615843916,1.5033852183475611,1.4869017465766026,0.7169007213131232,0.18094480073299668,False,0.0,,,0.42428102085638425,1200,kerb,20007,0.09150070355267764,False,False,16.0,22.0,36.0,0.34233542560086583,4.635101412642601,0,0,mppi,kerb,20007,True,ood_mu,304.7533362000031,0,0.0,True
goal,True,23.41999999999959,36.077848080314645,1.5407584414040076,1.229586191801181,0.7514800375561064,0.16021736397628564,False,0.0,,,0.39192639190016343,1171,kerb,20008,0.10811846527503906,False,False,16.0,22.0,36.0,0.4333839719286525,4.848474254493182,0,0,mppi,kerb,20008,True,ood_mu,294.468947399997,0,0.0,True
goal,True,23.779999999999582,36.099863600051265,1.5184761508338942,0.6503878989318299,0.11266619455850152,0.08088477442766734,False,0.0,,,0.36637203131387575,1189,kerb,20009,0.08275023654730332,True,True,16.0,22.0,36.0,0.37732134237798587,3.69956913547227,0,0,mppi,kerb,20009,True,ood_mu,307.87071289999585,0,0.0,True
goal,True,23.659999999999584,36.08687883352011,1.5253412621627696,1.3649079722601702,0.6789738697951877,0.1523331706880192,False,0.0,,,0.4057033453871136,1183,kerb,20010,0.07380143134160361,False,False,16.0,22.0,36.0,0.31746719433839676,4.37085018349743,0,0,mppi,kerb,20010,True,ood_mu,297.44853539999895,0,0.0,True
goal,True,23.41999999999959,36.09071023452499,1.5412885027563608,1.0004502936879958,0.761665656012002,0.1673596904343285,False,0.0,,,0.38278980430801424,1171,kerb,20011,0.09235676388168668,False,False,16.0,22.0,36.0,0.35586205752779815,3.1769049779900986,0,0,mppi,kerb,20011,True,ood_mu,297.93173399999796,0,0.0,True
stall,False,30.179999999999445,23.27111398827834,0.7319458721392709,2.904162637343057,1.0128188651940042,0.2623118647305478,False,0.0,,,1.5432137153886192,1509,kerb,20012,0.15858236562038797,True,False,16.0,22.0,36.0,0.3687607875521439,3.0617503503740853,0,0,mppi,kerb,20012,True,ood_mu,400.05331310000474,0,0.0,False
goal,True,23.579999999999586,36.091758009003435,1.5308423532600608,1.1159484385143787,0.6361616860257201,0.1490763365476275,False,0.0,,,0.4055402875111735,1179,kerb,20013,0.07280753225522647,False,False,16.0,22.0,36.0,0.4593190162544455,4.610537059342762,0,0,mppi,kerb,20013,True,ood_mu,306.9767340000035,0,0.0,True
goal,True,23.91999999999958,36.06719790404433,1.5079181031902273,1.9671419910246022,0.771545676410951,0.21403012106478736,False,0.0,,,0.4344841884988627,1196,kerb,20014,0.1179632249019362,False,False,16.0,22.0,36.0,0.3797126193020982,4.643927656878525,0,0,mppi,kerb,20014,True,ood_mu,278.32923850000225,0,0.0,True
goal,True,23.579999999999586,36.08563113454797,1.5306197422898342,1.8654997158242475,0.8149734898555868,0.18625504600685272,False,0.0,,,0.3981400941213208,1179,kerb,20015,0.13565501144576492,True,False,16.0,22.0,36.0,0.46569140573925966,4.212718516623833,0,0,mppi,kerb,20015,True,ood_mu,258.6268254999959,0,0.0,True
goal,True,23.87999999999958,36.07246337706995,1.510811987676633,1.103928058362159,0.6652662243815013,0.14896617418046207,False,0.0,,,0.41118931934229913,1194,kerb,20016,0.07101341959162902,False,False,16.0,22.0,36.0,0.3075324135944473,3.8804668888320917,0,0,mppi,kerb,20016,True,ood_mu,308.58532189999823,0,0.0,True
goal,True,24.25999999999957,36.218303725313554,1.4889099637535743,2.3425265729045126,0.931794038792749,0.2111677353049331,False,0.0,,,0.44735939824781606,1213,kerb,20017,0.11941868507919796,True,False,16.0,22.0,36.0,0.4364527232054912,3.925054574983727,0,0,mppi,kerb,20017,True,ood_mu,321.6333476,0,0.0,True
goal,True,23.83999999999958,36.0864128578854,1.5139507119583888,1.247785568071746,0.8304740879582825,0.1545555059170382,False,0.0,,,0.37969861489247775,1192,kerb,20018,0.1376578321930952,False,True,16.0,22.0,36.0,0.3896080293734654,3.786391784438904,0,0,mppi,kerb,20018,True,ood_mu,287.7933841999984,0,0.0,True
goal,True,24.139999999999574,36.102530868668545,1.495386187364881,2.2904152721366167,1.0335430075967103,0.23339647175976247,False,0.0,,,0.43588540870365156,1207,kerb,20019,0.14513449034733966,False,False,16.0,22.0,36.0,0.37547104844504964,3.2154782479885347,0,0,mppi,kerb,20019,True,ood_mu,266.434806199999,0,0.0,True
goal,True,23.659999999999584,36.11022378341309,1.5266185025553893,1.3555858579908062,0.882669640249991,0.17065865948314768,False,0.0,,,0.4056582600135884,1183,kerb,20020,0.15516075276539898,False,True,16.0,22.0,36.0,0.4110250440053318,3.7436670446590714,0,0,mppi,kerb,20020,True,ood_mu,307.8513071999987,0,0.0,True
goal,True,23.699999999999584,36.05658582246083,1.5218888909899289,0.6525415025800115,0.09778348776675067,0.08046903945307077,False,0.0,,,0.36181988730850717,1185,kerb,20021,0.11329045341441929,True,True,16.0,22.0,36.0,0.36294802725214925,3.4266242250056873,0,0,mppi,kerb,20021,True,ood_mu,316.83032249999815,0,0.0,True
goal,True,24.77999999999956,36.22997552144877,1.4566411050518564,2.8301867443077704,0.8357769573231879,0.21795879625581008,False,0.0,,,0.49056523335385566,1239,kerb,20022,0.1268613723793956,True,False,16.0,22.0,36.0,0.4535253906184569,3.927530768544716,0,0,mppi,kerb,20022,True,ood_mu,298.487879100001,0,0.0,True
goal,True,23.679999999999584,36.084026039938344,1.5242452955163583,0.9557506387469393,0.7380850725265469,0.13558374713946608,False,0.0,,,0.38218883320837044,1184,kerb,20023,0.12100850156970268,False,True,16.0,22.0,36.0,0.4602448178324993,4.581591014998616,0,0,mppi,kerb,20023,True,ood_mu,264.3868568999969,0,0.0,True
goal,True,23.619999999999585,36.06119033441286,1.5270725707885389,1.591119300845663,1.0282091806492517,0.1775635862046957,False,0.0,,,0.3841431943180945,1181,kerb,20024,0.1541370293622097,False,True,16.0,22.0,36.0,0.478020827514187,3.038559699469644,0,0,mppi,kerb,20024,True,ood_mu,308.45073380000395,0,0.0,True
stall,False,36.18000000000006,24.786544836347144,0.683013555989843,0.7117994101882466,0.09050862145228271,0.08686048986676873,False,0.0,0.07930579068865848,,0.45644276447194637,1809,mixed,20000,0.12843232933396198,True,True,16.0,22.0,36.0,0.48039970951177446,4.053578853961741,4,1,mppi,mixed,20000,True,ood_mu,501.5326442000005,704,0.38916528468767275,False
off_sidewalk,False,36.92000000000017,29.131476666286197,0.7880124128454624,1.1423112453396653,0.8369695868674206,0.14750656259358108,False,0.0,0.37332044529575675,,0.4767016733286187,1846,mixed,20001,0.1168585960289818,False,False,16.0,22.0,36.0,0.45893470060337843,3.1383771289516806,2,3,mppi,mixed,20001,True,ood_mu,403.71921629999997,0,0.0,False
goal,True,42.200000000001,36.88400037498624,0.8728439344240625,0.8541699547174612,0.6355092199323757,0.11669398324762563,False,0.0,0.29984362663769837,,0.5637890125909879,2110,mixed,20002,0.07150349411896181,False,False,16.0,22.0,36.0,0.30435983670844036,4.568323062029927,2,3,mppi,mixed,20002,True,ood_mu,349.55130720000307,69,0.032701421800947865,True
goal,True,38.56000000000043,36.99436176611744,0.9569803046829817,1.080868625177612,0.6619730105948246,0.1548886940328615,False,0.0,0.35127385950223683,,0.5926057220883891,1928,mixed,20003,0.0760441566485695,False,False,16.0,22.0,36.0,0.3826221267827215,3.6950972021831383,4,2,mppi,mixed,20003,True,ood_mu,518.3170121000003,153,0.07935684647302904,True
off_sidewalk,False,19.979999999999663,9.058356448529281,0.4511614060845958,0.6807382722048047,0.280559277142151,0.09445244325492592,False,0.0,0.24357724888682242,,0.2053406896423374,999,mixed,20004,0.13731894391199906,False,True,16.0,22.0,36.0,0.4281995818858022,4.306167078816012,4,3,mppi,mixed,20004,True,ood_mu,241.51133480000135,0,0.0,False
goal,True,32.5999999999995,36.38571355430005,1.1153262934405919,1.2320686753723582,0.8278863215000268,0.15647062193028524,False,0.0,0.2561633911037795,,0.48985621605965296,1630,mixed,20005,0.1299846017430102,False,True,16.0,22.0,36.0,0.35827602003087616,3.7679980347094397,2,2,mppi,mixed,20005,True,ood_mu,379.7893502000006,161,0.09877300613496932,True
stall,False,32.31999999999945,25.006644789274524,0.7727695531459347,0.9320822885581327,0.6941799558051467,0.10390779090814062,False,0.0,0.10162464641182042,,0.40148990360031095,1616,mixed,20006,0.07269333854763303,False,True,16.0,22.0,36.0,0.3141460848700501,3.389247059011182,3,1,mppi,mixed,20006,True,ood_mu,323.534073099996,679,0.42017326732673266,False
goal,True,28.939999999999472,36.402762629500806,1.2565598503951696,0.9546402630556994,0.7233986681427617,0.14650023084292124,False,0.0,0.6508460862221147,,0.48014603701317493,1447,mixed,20007,0.09150070355267764,False,False,16.0,22.0,36.0,0.34233542560086583,4.635101412642601,4,1,mppi,mixed,20007,True,ood_mu,382.99694199999794,55,0.03800967519004837,True
goal,True,30.099999999999447,36.52808403331732,1.211427845792852,1.7151655065291167,0.7484250927760608,0.20810723140859108,False,0.0,0.5299505608344313,,0.6032634036949603,1505,mixed,20008,0.10811846527503906,False,False,16.0,22.0,36.0,0.4333839719286525,4.848474254493182,2,1,mppi,mixed,20008,True,ood_mu,392.14323760000116,62,0.04119601328903655,True
off_sidewalk,False,28.55999999999948,30.501671817621407,1.0666777704847143,0.6503878989299776,0.11391860773532313,0.09196128335319599,False,0.0,0.362287471997229,,0.4104693877960719,1428,mixed,20009,0.08275023654730332,True,True,16.0,22.0,36.0,0.37732134237798587,3.69956913547227,4,1,mppi,mixed,20009,True,ood_mu,319.9230972000005,12,0.008403361344537815,False
goal,True,37.000000000000185,36.45279901446949,0.9845040157996233,1.1534322530289092,0.6580447100685196,0.13171799657713942,False,0.0,0.35029954528625584,,0.55667476127381,1850,mixed,20010,0.07380143134160361,False,False,16.0,22.0,36.0,0.31746719433839676,4.37085018349743,4,1,mppi,mixed,20010,True,ood_mu,365.0787426999959,140,0.07567567567567568,True
goal,True,31.659999999999414,36.43959195618501,1.1501140214530308,1.3498852552335594,0.7542741366384106,0.17404800496717665,False,0.0,0.31252875990035567,,0.717149092607462,1583,mixed,20011,0.09235676388168668,False,False,16.0,22.0,36.0,0.35586205752779815,3.1769049779900986,3,3,mppi,mixed,20011,True,ood_mu,402.7274586000058,22,0.013897662665824383,True
goal,True,33.619999999999656,36.67050200474245,1.0879673180144283,2.5576336247391627,0.6278566556685492,0.15905510484262392,False,0.0,0.3254722992492308,,0.5576399841867258,1681,mixed,20012,0.15858236562038797,True,False,16.0,22.0,36.0,0.3687607875521439,3.0617503503740853,4,2,mppi,mixed,20012,True,ood_mu,441.3098511999997,97,0.05770374776918501,True
goal,True,29.47999999999946,36.34776320978766,1.2315703006105791,0.863592091483892,0.6564236531671098,0.13599097349745193,False,0.0,0.4902526719762865,,0.4695453362552746,1474,mixed,20013,0.07280753225522647,False,False,16.0,22.0,36.0,0.4593190162544455,4.610537059342762,2,1,mppi,mixed,20013,True,ood_mu,333.9578573000035,88,0.05970149253731343,True
off_sidewalk,False,8.219999999999914,4.606057356472704,0.5572102075861453,0.6697485709226421,0.07174819184713858,0.14934753439798112,False,0.0,0.4655195146141079,,0.1341880005232365,411,mixed,20014,0.1179632249019362,False,False,16.0,22.0,36.0,0.3797126193020982,4.643927656878525,2,2,mppi,mixed,20014,True,ood_mu,81.4187224999987,25,0.06082725060827251,False
goal,True,32.11999999999942,36.73632917381291,1.1385281740879114,2.875582894131154,0.920850376875563,0.19486010501582426,False,0.0,0.4383080719993747,,0.5428296587667528,1606,mixed,20015,0.13565501144576492,True,False,16.0,22.0,36.0,0.46569140573925966,4.212718516623833,4,3,mppi,mixed,20015,True,ood_mu,430.4078152000002,65,0.040473225404732256,True
off_sidewalk,False,29.55999999999946,27.17027540858885,0.9172465612856219,1.00150471267256,0.6679580512693988,0.14317665142559763,False,0.0,0.6721586960868494,,0.4369396452913255,1478,mixed,20016,0.07101341959162902,False,False,16.0,22.0,36.0,0.3075324135944473,3.8804668888320917,2,1,mppi,mixed,20016,True,ood_mu,367.8629440000004,54,0.036535859269282815,False
off_sidewalk,False,25.23999999999955,26.749503884908684,1.0566523903431668,1.1408515214933697,0.8327190408943663,0.17140537359147068,False,0.0,0.36911102064901136,,0.447877365523189,1262,mixed,20017,0.11941868507919796,True,False,16.0,22.0,36.0,0.4364527232054912,3.925054574983727,4,3,mppi,mixed,20017,True,ood_mu,286.95970160000434,90,0.07131537242472266,False
off_sidewalk,False,34.41999999999978,29.7367132498975,0.8619638192276525,1.244310121508025,0.8192472642999897,0.1515211774111765,False,0.0,0.479388484216954,,0.5030261089882201,1721,mixed,20018,0.1376578321930952,False,True,16.0,22.0,36.0,0.3896080293734654,3.786391784438904,4,2,mppi,mixed,20018,True,ood_mu,338.95731449999585,68,0.039511911679256245,False
goal,True,29.119999999999468,36.23679925129741,1.2439723711781512,1.4345466537642884,0.9625006685227578,0.20485822289273775,False,0.0,0.4292110310388786,,0.49899008475244694,1456,mixed,20019,0.14513449034733966,False,False,16.0,22.0,36.0,0.37547104844504964,3.2154782479885347,3,1,mppi,mixed,20019,True,ood_mu,383.3845633000019,244,0.16758241758241757,True
off_sidewalk,False,26.73999999999952,26.17896506466358,0.9761907256775657,1.4046345394889515,0.832807871509052,0.1826049470611068,False,0.0,0.27427970234786936,,0.47886111534314596,1337,mixed,20020,0.15516075276539898,False,True,16.0,22.0,36.0,0.4110250440053318,3.7436670446590714,4,2,mppi,mixed,20020,True,ood_mu,345.45061870000063,53,0.039640987284966345,False
goal,True,30.799999999999432,36.705409981147916,1.1906134707614582,0.8217952868291101,0.09873973113863962,0.10169763411170045,False,0.0,0.5632791341234631,,0.46728592989202244,1540,mixed,20021,0.11329045341441929,True,True,16.0,22.0,36.0,0.36294802725214925,3.4266242250056873,2,3,mppi,mixed,20021,True,ood_mu,363.61036330000206,28,0.01818181818181818,True
goal,True,24.619999999999564,36.17681774723015,1.4694748024478428,1.3196570893511756,0.821355935127905,0.15093346293957047,False,0.0,0.7015124738338401,,0.4125657486662776,1231,mixed,20022,0.1268613723793956,True,False,16.0,22.0,36.0,0.4535253906184569,3.927530768544716,2,1,mppi,mixed,20022,True,ood_mu,250.5118427999987,0,0.0,True
goal,True,28.59999999999948,36.29820078373713,1.2688392975000848,0.9619209994830201,0.7443056201332164,0.12772381264188246,False,0.0,0.4228077647975005,,0.432492778067943,1430,mixed,20023,0.12100850156970268,False,True,16.0,22.0,36.0,0.4602448178324993,4.581591014998616,4,1,mppi,mixed,20023,True,ood_mu,378.1618787000043,0,0.0,True
goal,True,28.819999999999474,36.24945390597668,1.257654285564661,1.6312918908794756,1.0020827009602202,0.16780948021983605,False,0.0,0.6117658833709553,,0.44855961547282364,1441,mixed,20024,0.1541370293622097,False,True,16.0,22.0,36.0,0.478020827514187,3.038559699469644,3,2,mppi,mixed,20024,True,ood_mu,379.1338481999992,0,0.0,True
goal,True,23.87999999999958,36.154504626848755,1.514674374367705,0.7434297170140974,0.09064527481737816,0.08138932343155195,False,0.0,,,0.3637199172498669,1194,kerb,20000,0.1773729317335848,True,True,16.0,22.0,36.0,0.48039970951177446,4.053578853961741,0,0,mppi,kerb,20000,True,ood_both,277.058460799999,0,0.0,True
goal,True,23.89999999999958,36.11090801162951,1.5109727883109627,1.6355425055190913,1.1260687467395747,0.23330367176737613,False,0.0,,,0.40211827414825424,1195,kerb,20001,0.1727434384115927,False,False,16.0,22.0,36.0,0.45893470060337843,3.1383771289516806,0,0,mppi,kerb,20001,True,ood_both,251.8869782000038,0,0.0,True
goal,True,23.979999999999578,36.072427486141045,1.5045108177772213,1.228517753251158,0.9111335408498064,0.19763749370437025,False,0.0,,,0.40381035200018844,1199,kerb,20002,0.1546013976475847,False,False,16.0,22.0,36.0,0.30435983670844036,4.568323062029927,0,0,mppi,kerb,20002,True,ood_both,309.7522047999955,0,0.0,True
goal,True,23.89999999999958,36.064440221178984,1.5091876436366463,1.3619301139973052,1.0637147859435472,0.21458737901085992,False,0.0,,,0.4018223004499403,1195,kerb,20003,0.1564176626594278,False,False,16.0,22.0,36.0,0.3826221267827215,3.6950972021831383,0,0,mppi,kerb,20003,True,ood_both,313.0984729999982,0,0.0,True
goal,True,23.79999999999958,36.10740194078732,1.5175180018615693,1.5483014710612009,0.862954266038891,0.17806770642443437,False,0.0,,,0.39934720068392193,1190,kerb,20004,0.1809275775647996,False,True,16.0,22.0,36.0,0.4281995818858022,4.306167078816012,0,0,mppi,kerb,20004,True,ood_both,286.7617132999949,0,0.0,True
goal,True,23.679999999999584,36.07667455445477,1.5240197528175075,1.6440092226756262,0.9405056806995795,0.1790294277492369,False,0.0,,,0.38796565447893466,1184,kerb,20005,0.1779938406972041,False,True,16.0,22.0,36.0,0.35827602003087616,3.7679980347094397,0,0,mppi,kerb,20005,True,ood_both,265.5660420999993,0,0.0,True
goal,True,23.739999999999583,36.058950246104736,1.5193851243058718,1.473708601693749,0.9580852236626114,0.16797739324518238,False,0.0,,,0.3882045250642464,1187,kerb,20006,0.15507733541905322,False,True,16.0,22.0,36.0,0.3141460848700501,3.389247059011182,0,0,mppi,kerb,20006,True,ood_both,311.9674575999961,0,0.0,True
goal,True,23.979999999999578,36.11443943808729,1.506039909869214,1.3054406535300318,0.8663349420486632,0.2034705135493899,False,0.0,,,0.39821326327617074,1199,kerb,20007,0.16260028142107105,False,False,16.0,22.0,36.0,0.34233542560086583,4.635101412642601,0,0,mppi,kerb,20007,True,ood_both,315.30296900000394,0,0.0,True
goal,True,23.559999999999587,36.091673510130605,1.532063572118761,1.767952199948137,1.7341834139883772,0.2044543853025257,False,0.0,,,0.40233363411188794,1178,kerb,20008,0.1692473861100156,False,False,16.0,22.0,36.0,0.4333839719286525,4.848474254493182,0,0,mppi,kerb,20008,True,ood_both,281.2478262000004,0,0.0,True
goal,True,23.87999999999958,36.089453484057564,1.5119337326635154,0.6459605411486846,0.09577128715074758,0.0803039324347187,False,0.0,,,0.37312597319877794,1194,kerb,20009,0.15910009461892133,True,True,16.0,22.0,36.0,0.37732134237798587,3.69956913547227,0,0,mppi,kerb,20009,True,ood_both,270.74917560000176,0,0.0,True
goal,True,23.759999999999582,36.084888240522524,1.5188567463657985,1.2635809780534335,0.9188586299716068,0.1951412961211586,False,0.0,,,0.4032263487913102,1188,kerb,20010,0.15552057253664145,False,False,16.0,22.0,36.0,0.31746719433839676,4.37085018349743,0,0,mppi,kerb,20010,True,ood_both,306.57048219999706,0,0.0,True
goal,True,23.579999999999586,36.094370152390425,1.5309325114740293,1.5465693179795907,1.025354921875619,0.21795012882337247,False,0.0,,,0.40068982654034396,1179,kerb,20011,0.16294270555267468,False,False,16.0,22.0,36.0,0.35586205752779815,3.1769049779900986,0,0,mppi,kerb,20011,True,ood_both,308.2825484999994,0,0.0,True
stall,False,30.89999999999943,22.677733096028962,0.7143068840561893,4.061458136863455,1.2398343928017317,0.22291861585031955,True,0.001035598705501618,,,0.483925040092298,1545,kerb,20012,0.1894329462481552,True,False,16.0,22.0,36.0,0.3687607875521439,3.0617503503740853,0,0,mppi,kerb,20012,True,ood_both,402.04874830000335,0,0.0,False
goal,True,24.31999999999957,36.09819110752075,1.4842022284221297,3.010577093669189,1.1895565509880763,0.2699720992737978,True,0.0001644736842105263,,,0.47600342132440887,1216,kerb,20013,0.15512301290209057,False,False,16.0,22.0,36.0,0.4593190162544455,4.610537059342762,0,0,mppi,kerb,20013,True,ood_both,258.4776358999952,0,0.0,False
goal,True,24.85999999999956,36.243238835530974,1.4515997576331132,3.0924457001434185,1.0062598988349274,0.24192586891571058,True,0.0004827031375703942,,,0.4971974218340307,1243,kerb,20014,0.17318528996077448,False,False,16.0,22.0,36.0,0.3797126193020982,4.643927656878525,0,0,mppi,kerb,20014,True,ood_both,322.0562856000033,0,0.0,False
goal,True,23.619999999999585,36.091313625918296,1.5282297746946751,1.2155209442628145,1.2001574199765441,0.17230095806391085,False,0.0,,,0.3902127707814372,1181,kerb,20015,0.18026200457830596,True,False,16.0,22.0,36.0,0.46569140573925966,4.212718516623833,0,0,mppi,kerb,20015,True,ood_both,313.1056514000011,0,0.0,True
goal,True,24.099999999999575,36.10541924349644,1.498281397964562,2.2030075636045767,1.0025935606846204,0.2167362140604903,False,0.0,,,0.41859523442597923,1205,kerb,20016,0.1544053678366516,False,False,16.0,22.0,36.0,0.3075324135944473,3.8804668888320917,0,0,mppi,kerb,20016,True,ood_both,285.91375759999937,0,0.0,True
stall,False,32.21999999999944,23.021297138306284,0.6867058761952236,3.422664369426415,1.0875918846732378,0.22998246037959016,True,0.0007448789571694599,,,0.6215687818677075,1611,kerb,20017,0.1737674740316792,True,False,16.0,22.0,36.0,0.4364527232054912,3.925054574983727,0,0,mppi,kerb,20017,True,ood_both,381.7963697000014,0,0.0,False
goal,True,23.87999999999958,36.09580290326919,1.5119064876580186,1.6505698997524147,0.9301127882114214,0.17701051370354973,False,0.0,,,0.3869225266172659,1194,kerb,20018,0.18106313287723808,False,True,16.0,22.0,36.0,0.3896080293734654,3.786391784438904,0,0,mppi,kerb,20018,True,ood_both,317.34690820000105,0,0.0,True
goal,True,24.35999999999957,36.110847636221024,1.4819026266929793,2.7753541462814066,1.069609130318432,0.2501256750125738,False,0.0,,,0.4451008378584472,1218,kerb,20019,0.18405379613893585,False,False,16.0,22.0,36.0,0.37547104844504964,3.2154782479885347,0,0,mppi,kerb,20019,True,ood_both,308.3390505999996,0,0.0,True
goal,True,23.699999999999584,36.10646510387425,1.5239336706092785,1.670925881614803,0.9793938940234406,0.18679671083379418,False,0.0,,,0.41420527584667677,1185,kerb,20020,0.1880643011061596,False,True,16.0,22.0,36.0,0.4110250440053318,3.7436670446590714,0,0,mppi,kerb,20020,True,ood_both,271.35645930000464,0,0.0,True
goal,True,23.779999999999582,36.06968481597115,1.5175417615773683,0.6525283124594254,0.09850910520258173,0.07954604046470488,False,0.0,,,0.37001278473894333,1189,kerb,20021,0.1713161813657677,True,True,16.0,22.0,36.0,0.36294802725214925,3.4266242250056873,0,0,mppi,kerb,20021,True,ood_both,259.21221649999643,0,0.0,True
goal,True,23.83999999999958,36.104186721914196,1.5144546011282138,1.2433698115937148,1.2206694082589167,0.17922237980088598,False,0.0,,,0.39813678402161895,1192,kerb,20022,0.17674454895175823,True,False,16.0,22.0,36.0,0.4535253906184569,3.927530768544716,0,0,mppi,kerb,20022,True,ood_both,316.2092386000004,0,0.0,True
goal,True,23.739999999999583,36.082014846184144,1.520414001981144,1.362296424343842,0.8410533666768918,0.16239838345396707,False,0.0,,,0.3927326712832873,1187,kerb,20023,0.17440340062788107,False,True,16.0,22.0,36.0,0.4602448178324993,4.581591014998616,0,0,mppi,kerb,20023,True,ood_both,304.13569930000085,0,0.0,True
goal,True,23.659999999999584,36.06797996557727,1.524842638416451,1.8547409395491599,1.1332701664166294,0.19238267186547237,False,0.0,,,0.3916973963113682,1183,kerb,20024,0.18765481174488385,False,True,16.0,22.0,36.0,0.478020827514187,3.038559699469644,0,0,mppi,kerb,20024,True,ood_both,271.471827399997,0,0.0,True
off_sidewalk,False,32.6399999999995,27.305889389368453,0.8341203291822308,0.71179941047417,0.10089904052095651,0.09450883646573556,False,0.0,0.381016633372511,,0.45789192054240163,1632,mixed,20000,0.1773729317335848,True,True,16.0,22.0,36.0,0.48039970951177446,4.053578853961741,4,1,mppi,mixed,20000,True,ood_both,329.14867880000384,33,0.02022058823529412,False
off_sidewalk,False,37.320000000000235,29.02897543602772,0.7764519298387692,1.6621037419349192,1.085294313248429,0.18927483476679488,False,0.0,0.37381376498684227,,0.49456544150166876,1866,mixed,20001,0.1727434384115927,False,False,16.0,22.0,36.0,0.45893470060337843,3.1383771289516806,2,3,mppi,mixed,20001,True,ood_both,471.8950344000041,0,0.0,False
goal,True,37.700000000000294,36.6862574638633,0.9720557859401177,1.2590017216712248,0.890923224385958,0.15816948009256426,False,0.0,0.3826760624032982,,0.6651077173693485,1885,mixed,20002,0.1546013976475847,False,False,16.0,22.0,36.0,0.30435983670844036,4.568323062029927,2,3,mppi,mixed,20002,True,ood_both,424.0932552000013,40,0.021220159151193633,True
stall,False,19.859999999999665,3.477210440632789,0.17290249153094234,0.6321592206389983,0.03224478615685762,0.08937248154656763,False,0.0,0.23275091770544587,,0.19043437114462056,993,mixed,20003,0.1564176626594278,False,False,16.0,22.0,36.0,0.3826221267827215,3.6950972021831383,4,2,mppi,mixed,20003,True,ood_both,200.16401510000287,756,0.7613293051359517,False
off_sidewalk,False,19.039999999999683,9.003582613471563,0.47125584302710316,0.6817560917586307,0.15903194369288673,0.08412798375533984,False,0.0,0.28502506817536427,,0.19837206682799322,952,mixed,20004,0.1809275775647996,False,True,16.0,22.0,36.0,0.4281995818858022,4.306167078816012,4,3,mppi,mixed,20004,True,ood_both,152.08691450000333,0,0.0,False
goal,True,32.91999999999955,36.41205439964325,1.10531481114858,1.660961200494614,0.9277407296039605,0.1710104742683925,False,0.0,0.2572266699027792,,0.4976914068969135,1646,mixed,20005,0.1779938406972041,False,True,16.0,22.0,36.0,0.35827602003087616,3.7679980347094397,2,2,mppi,mixed,20005,True,ood_both,443.3170132000014,144,0.08748481166464156,True
stall,False,32.979999999999556,24.895533013938138,0.7537258367731865,1.4457087753681688,0.9509192570383345,0.14332540753423667,False,0.0,0.10902766547347739,,0.4124211149039534,1649,mixed,20006,0.15507733541905322,False,True,16.0,22.0,36.0,0.3141460848700501,3.389247059011182,3,1,mppi,mixed,20006,True,ood_both,407.7946290000036,703,0.4263189812007277,False
goal,True,29.239999999999466,36.40936612451832,1.2428759269546865,1.7629386990752538,0.9391343720564522,0.19369958145892727,False,0.0,0.6544873349136606,,0.5152512762697271,1462,mixed,20007,0.16260028142107105,False,False,16.0,22.0,36.0,0.34233542560086583,4.635101412642601,4,1,mppi,mixed,20007,True,ood_both,287.9437790000011,60,0.04103967168262654,True
goal,True,29.07999999999947,36.610030597778994,1.2572511325534932,1.8281890442137885,1.7704713637075102,0.21265173320281217,False,0.0,0.5244402896774366,,0.5485306412348698,1454,mixed,20008,0.1692473861100156,False,False,16.0,22.0,36.0,0.4333839719286525,4.848474254493182,2,1,mppi,mixed,20008,True,ood_both,206.20056889999978,67,0.04607977991746905,True
off_sidewalk,False,28.919999999999472,30.55009346251175,1.0551099656262866,0.6939973249547348,0.11404211862799675,0.09221473854337432,False,0.0,0.40537273325853795,,0.418592374944049,1446,mixed,20009,0.15910009461892133,True,True,16.0,22.0,36.0,0.37732134237798587,3.69956913547227,4,1,mppi,mixed,20009,True,ood_both,368.3914372000072,35,0.024204702627939143,False
goal,True,35.73999999999999,36.3873670204236,1.0175025719167161,2.0440940122126285,0.8709277391293727,0.18254406704059772,False,0.0,0.3971659836430025,,0.5397774338906252,1787,mixed,20010,0.15552057253664145,False,False,16.0,22.0,36.0,0.31746719433839676,4.37085018349743,4,1,mppi,mixed,20010,True,ood_both,426.4202068000013,135,0.07554560716284275,True
goal,True,30.739999999999434,36.31344935277553,1.1810080404975982,1.9138818894516043,1.0091385976116247,0.20677981612113422,False,0.0,0.42182149606642827,,0.4830894600123748,1537,mixed,20011,0.16294270555267468,False,False,16.0,22.0,36.0,0.35586205752779815,3.1769049779900986,3,3,mppi,mixed,20011,True,ood_both,307.8761545000016,0,0.0,True
goal,True,33.45999999999963,36.566171069730856,1.0918677696718078,1.158252434388204,1.0869352805817,0.15009896225118904,False,0.0,0.3987750544937836,,0.5272880396767478,1673,mixed,20012,0.1894329462481552,True,False,16.0,22.0,36.0,0.3687607875521439,3.0617503503740853,4,2,mppi,mixed,20012,True,ood_both,235.523709400004,89,0.05319784817692767,True
goal,True,29.879999999999452,36.36577607663376,1.215707726940585,1.151858414161503,0.8705909159907733,0.1866159998355734,False,0.0,0.5058602009677468,,0.47705942428928444,1494,mixed,20013,0.15512301290209057,False,False,16.0,22.0,36.0,0.4593190162544455,4.610537059342762,2,1,mppi,mixed,20013,True,ood_both,386.106958999997,76,0.050870147255689425,True
off_sidewalk,False,8.159999999999915,4.6100705142404586,0.5612277997834281,0.6696796953566014,0.08770310106569154,0.1480582367115158,False,0.0,0.46301566152651985,,0.13369410156615102,408,mixed,20014,0.17318528996077448,False,False,16.0,22.0,36.0,0.3797126193020982,4.643927656878525,2,2,mppi,mixed,20014,True,ood_both,91.42629859999579,25,0.061274509803921566,False
goal,True,31.43999999999942,36.565487772833215,1.1618205643578619,1.7113285567257857,1.165393907706625,0.16928667134866768,False,0.0,0.4412248632180079,,0.4825543979421324,1572,mixed,20015,0.18026200457830596,True,False,16.0,22.0,36.0,0.46569140573925966,4.212718516623833,4,3,mppi,mixed,20015,True,ood_both,352.1071399000066,105,0.06679389312977099,True
stall,False,33.95999999999971,23.768871962148403,0.6592191355019188,2.5729441136534876,0.8556542984489012,0.23789862781092289,False,0.0,0.6807634559612109,,1.5179668802003041,1698,mixed,20016,0.1544053678366516,False,False,16.0,22.0,36.0,0.3075324135944473,3.8804668888320917,2,1,mppi,mixed,20016,True,ood_both,287.4746421000018,45,0.026501766784452298,False
off_sidewalk,False,25.419999999999547,26.68149945565824,1.0448166631514069,1.0426048077430212,0.9573431864562917,0.17965682204884711,False,0.0,0.49526583085043185,,0.4560788394557691,1271,mixed,20017,0.1737674740316792,True,False,16.0,22.0,36.0,0.4364527232054912,3.925054574983727,4,3,mppi,mixed,20017,True,ood_both,327.30878900000243,104,0.08182533438237609,False
goal,True,36.560000000000116,36.728485338919405,1.0028217201595149,1.6229424270785047,0.9689403219880752,0.16849468883189508,False,0.0,0.10609948918520828,,0.5922037119842269,1828,mixed,20018,0.18106313287723808,False,True,16.0,22.0,36.0,0.3896080293734654,3.786391784438904,4,2,mppi,mixed,20018,True,ood_both,429.8254244999989,84,0.045951859956236324,True
goal,True,29.49999999999946,36.25508059474956,1.2284232318608075,1.7561904661148455,1.1493205682791363,0.23268068185167884,False,0.0,0.38003743806847745,,0.5246840424590425,1475,mixed,20019,0.18405379613893585,False,False,16.0,22.0,36.0,0.37547104844504964,3.2154782479885347,3,1,mppi,mixed,20019,True,ood_both,272.4435212000026,239,0.16203389830508474,True
off_sidewalk,False,26.579999999999522,26.246415864677964,0.9837856861119025,1.658985577304241,0.9469378537892227,0.1951528506636041,False,0.0,0.28075031931194483,,0.4745190687655283,1329,mixed,20020,0.1880643011061596,False,True,16.0,22.0,36.0,0.4110250440053318,3.7436670446590714,4,2,mppi,mixed,20020,True,ood_both,169.3140194000007,59,0.04439428141459744,False
goal,True,31.179999999999424,36.67819308522844,1.1753280803336748,0.638521056429955,0.09896001935786546,0.10394032414808384,False,0.0,0.5387440358902755,,0.48446224690240997,1559,mixed,20021,0.1713161813657677,True,True,16.0,22.0,36.0,0.36294802725214925,3.4266242250056873,2,3,mppi,mixed,20021,True,ood_both,410.8545818999992,31,0.019884541372674792,True
goal,True,24.87999999999956,36.2144541898334,1.4555294805874213,1.1605789807719873,0.9935063627845632,0.1718022183650702,False,0.0,0.6975138755820682,,0.42222247701109017,1244,mixed,20022,0.17674454895175823,True,False,16.0,22.0,36.0,0.4535253906184569,3.927530768544716,2,1,mppi,mixed,20022,True,ood_both,280.4512799000004,0,0.0,True
goal,True,28.03999999999949,36.2654098029803,1.2931572538177567,1.3372150958146432,0.8394839414117263,0.15252331420441056,False,0.0,0.4673230826453836,,0.43575623341927494,1402,mixed,20023,0.17440340062788107,False,True,16.0,22.0,36.0,0.4602448178324993,4.581591014998616,4,1,mppi,mixed,20023,True,ood_both,275.325385600001,0,0.0,True
goal,True,28.739999999999476,36.238869056258295,1.2608192593907523,1.9362679259119624,1.1181882162163321,0.18280540994812705,False,0.0,0.5866518890411286,,0.458711176963415,1437,mixed,20024,0.18765481174488385,False,True,16.0,22.0,36.0,0.478020827514187,3.038559699469644,3,2,mppi,mixed,20024,True,ood_both,205.54543399999966,0,0.0,True
goal,True,21.11999999999964,36.0371445058666,1.707548473255123,1.0497118990541447,0.08748934472080545,0.12351178141987858,False,0.0,,,0.3527908443791043,1056,kerb,20000,0.12843232933396198,True,True,16.0,22.0,36.0,1.1313989832912106,4.053578853961741,0,0,dwa,kerb,20000,True,id,1.927182300001732,0,0.0,True
goal,True,21.279999999999635,36.01800872022392,1.6933809636813182,3.1439354931149515,0.76558042887256,0.23318594661970454,True,0.0007518796992481203,,,0.3736758652898717,1064,kerb,20001,0.1168585960289818,False,False,16.0,22.0,36.0,1.0562714521118246,3.1383771289516806,0,0,dwa,kerb,20001,True,id,1.6276852000009967,0,0.0,False
goal,True,22.9599999999996,36.10131822058954,1.5729089854331375,1.0851480177958224,0.4283007080197146,0.17435156146078218,False,0.0,,,0.4263227046950108,1148,kerb,20002,0.07150349411896181,False,False,16.0,22.0,36.0,0.5152594284795413,4.568323062029927,0,0,dwa,kerb,20002,True,id,1.7079991999999038,0,0.0,True
goal,True,22.41999999999961,36.04340968671506,1.6083550427045383,1.5468459843108677,0.802683328001121,0.20368585753956447,False,0.0,,,0.3896099021762312,1121,kerb,20003,0.0760441566485695,False,False,16.0,22.0,36.0,0.7891774437395254,3.6950972021831383,0,0,dwa,kerb,20003,True,id,1.5206987999990815,0,0.0,True
goal,True,20.879999999999644,36.00912017016145,1.7256583150830997,1.1580642882149657,0.5845816275113085,0.1591582926304731,False,0.0,,,0.3532741190688467,1044,kerb,20004,0.13731894391199906,False,True,16.0,22.0,36.0,0.9486985366003076,4.306167078816012,0,0,dwa,kerb,20004,True,id,1.437990099999297,0,0.0,True
goal,True,21.159999999999638,36.09113028748277,1.7062949561286183,1.0151526565420017,0.46414877715358754,0.16478130406679475,False,0.0,,,0.35187152902962415,1058,kerb,20005,0.1299846017430102,False,True,16.0,22.0,36.0,0.7039660701080666,3.7679980347094397,0,0,dwa,kerb,20005,True,id,1.4806948000041302,0,0.0,True
goal,True,22.279999999999614,36.102704661807664,1.6210935279408747,0.9396326393772767,0.32529171043792177,0.15116531507026892,False,0.0,,,0.3784585465170518,1114,kerb,20006,0.07269333854763303,False,True,16.0,22.0,36.0,0.5495112970451754,3.389247059011182,0,0,dwa,kerb,20006,True,id,1.6051386999970418,0,0.0,True
goal,True,22.05999999999962,36.098906467543586,1.6370531855176877,1.6976714575953444,0.7497574662286415,0.21445278881984106,False,0.0,,,0.4069629091850464,1103,kerb,20007,0.09150070355267764,False,False,16.0,22.0,36.0,0.6481739896030303,4.635101412642601,0,0,dwa,kerb,20007,True,id,1.5887166999964393,0,0.0,True
goal,True,21.399999999999633,36.00950624933866,1.683634333556178,2.2810312916523405,0.5532086594537206,0.20426546795038505,False,0.0,,,0.38032494418412865,1070,kerb,20008,0.10811846527503906,False,False,16.0,22.0,36.0,0.9668439017502839,4.848474254493182,0,0,dwa,kerb,20008,True,id,1.4541251999980886,0,0.0,True
goal,True,21.819999999999624,36.08485295515361,1.6547692907428297,1.0063094649556348,0.07507432870911306,0.12990098634708497,False,0.0,,,0.3630207897321819,1091,kerb,20009,0.08275023654730332,True,True,16.0,22.0,36.0,0.7706246983229506,3.69956913547227,0,0,dwa,kerb,20009,True,id,1.5785166999994544,0,0.0,True
goal,True,22.9199999999996,36.09982915266169,1.575502497954441,1.3836999021716372,0.4674540646538506,0.18846438238041494,False,0.0,,,0.42527321929400974,1146,kerb,20010,0.07380143134160361,False,False,16.0,22.0,36.0,0.5611351801843887,4.37085018349743,0,0,dwa,kerb,20010,True,id,1.626688299998932,0,0.0,True
goal,True,21.95999999999962,36.01467457794793,1.6406644591985489,2.152613001406992,1.0795487842317522,0.2313427472383921,False,0.0,,,0.3942324018106987,1098,kerb,20011,0.09235676388168668,False,False,16.0,22.0,36.0,0.6955172013472936,3.1769049779900986,0,0,dwa,kerb,20011,True,id,1.5069672000026912,0,0.0,True
goal,True,21.339999999999634,36.093125689744326,1.6922287715223632,3.636508563624598,1.1861950493110174,0.24553133551915318,True,0.0011246485473289597,,,0.3771849582274622,1067,kerb,20012,0.15858236562038797,True,False,16.0,22.0,36.0,0.7406627564325037,3.0617503503740853,0,0,dwa,kerb,20012,True,id,1.5075598000039463,0,0.0,False
goal,True,22.339999999999613,36.075668306537864,1.6154810972477454,1.1504561992943498,0.45968135389702175,0.1788391547084107,False,0.0,,,0.3899653748138224,1117,kerb,20013,0.07280753225522647,False,False,16.0,22.0,36.0,1.0576165568905593,4.610537059342762,0,0,dwa,kerb,20013,True,id,1.6162174999990384,0,0.0,True
goal,True,21.51999999999963,36.113227125066196,1.6786945547439003,2.2005067650983583,0.5839566391577732,0.22815427718214878,False,0.0,,,0.386596892731218,1076,kerb,20014,0.1179632249019362,False,False,16.0,22.0,36.0,0.7789941675573437,4.643927656878525,0,0,dwa,kerb,20014,True,id,1.5333462999988114,0,0.0,True
goal,True,21.439999999999632,36.101388127588905,1.6845617003041276,2.4447672092461192,0.8197608279056661,0.21943381661762995,False,0.0,,,0.38307486265164253,1072,kerb,20015,0.13565501144576492,True,False,16.0,22.0,36.0,1.0799199200874088,4.212718516623833,0,0,dwa,kerb,20015,True,id,1.6068066000007093,0,0.0,True
goal,True,22.9799999999996,36.10010386995653,1.5716103647689372,1.2143114063084774,0.4819945189866477,0.17820314202840454,False,0.0,,,0.4222307793376855,1149,kerb,20016,0.07101341959162902,False,False,16.0,22.0,36.0,0.5263634475805654,3.8804668888320917,0,0,dwa,kerb,20016,True,id,1.6800846999976784,0,0.0,True
goal,True,21.399999999999633,36.02059292258342,1.6842048520580473,2.9785758347796842,0.7075231472295789,0.2077995647211732,False,0.0,,,0.37606618575873707,1070,kerb,20017,0.11941868507919796,True,False,16.0,22.0,36.0,0.9775845312192193,3.925054574983727,0,0,dwa,kerb,20017,True,id,1.7329683000061777,0,0.0,True
goal,True,20.879999999999644,36.00827307333005,1.7256124016268182,1.241423705784436,0.6316156585265413,0.16275902470132286,False,0.0,,,0.3515756205997344,1044,kerb,20018,0.1376578321930952,False,True,16.0,22.0,36.0,0.8136281028071288,3.786391784438904,0,0,dwa,kerb,20018,True,id,1.7166163000001688,0,0.0,True
goal,True,21.239999999999636,36.056476045922224,1.697884347871379,3.1660944783022247,0.9572788039013677,0.28434033795809727,True,0.0005649717514124294,,,0.3852376222649785,1062,kerb,20019,0.14513449034733966,False,False,16.0,22.0,36.0,0.7641486695576738,3.2154782479885347,0,0,dwa,kerb,20019,True,id,1.4520541000019875,0,0.0,False
goal,True,20.839999999999645,36.07940071050771,1.7321824318783057,1.2185116469543786,0.7140332990360371,0.17293916016853278,False,0.0,,,0.3496373751838294,1042,kerb,20020,0.15516075276539898,False,True,16.0,22.0,36.0,0.8885876540186612,3.7436670446590714,0,0,dwa,kerb,20020,True,id,1.5466990999993868,0,0.0,True
goal,True,21.47999999999963,36.09786757716812,1.6816750017341997,1.022255568022262,0.08951407010138424,0.12365315680031214,False,0.0,,,0.35523969715454556,1074,kerb,20021,0.11329045341441929,True,True,16.0,22.0,36.0,0.7203180953825223,3.4266242250056873,0,0,dwa,kerb,20021,True,id,1.977947100000165,0,0.0,True
goal,True,21.419999999999632,36.07447536057556,1.684937886448556,2.532355608971471,0.7588573179375843,0.21150309473833193,False,0.0,,,0.37793195313438116,1071,kerb,20022,0.1268613723793956,True,False,16.0,22.0,36.0,1.0373388671645993,3.927530768544716,0,0,dwa,kerb,20022,True,id,1.6998127000042587,0,0.0,True
goal,True,21.259999999999636,36.086473387244126,1.6981159773437708,1.0032630149222657,0.42175248998046777,0.15973455457439467,False,0.0,,,0.3600667342789639,1063,kerb,20023,0.12100850156970268,False,True,16.0,22.0,36.0,1.0608568624137475,4.581591014998616,0,0,dwa,kerb,20023,True,id,1.4092439000014565,0,0.0,True
goal,True,20.779999999999646,36.048100469021215,1.7358739209792837,1.3605192527387668,0.8403801240343122,0.17473597933926238,False,0.0,,,0.3464007228909534,1039,kerb,20024,0.1541370293622097,False,True,16.0,22.0,36.0,1.1230728962996546,3.038559699469644,0,0,dwa,kerb,20024,True,id,1.360042500004056,0,0.0,True
goal,True,21.239999999999636,36.082371579563706,1.6995533862544288,1.004460136578649,0.48011330782465916,0.160490681299453,False,0.0,,,0.36100114035503256,1062,kerb,20025,0.12506823561834135,False,True,16.0,22.0,36.0,0.5851835305880333,3.9342622286547098,0,0,dwa,kerb,20025,True,id,1.3801081999990856,0,0.0,True
goal,True,21.159999999999638,36.12048847549502,1.707169925666116,3.1899382557351026,0.9903789043142444,0.2783148822601044,True,0.0007561436672967864,,,0.38671361452318276,1058,kerb,20026,0.14857003386589795,False,False,16.0,22.0,36.0,0.9127076557861574,3.657954133231503,0,0,dwa,kerb,20026,True,id,1.3623805999959586,0,0.0,False
goal,True,21.679999999999627,36.0827359425914,1.6652060659008612,1.8111902365013475,0.5202618214061328,0.18741729876539615,False,0.0,,,0.38543865072151934,1084,kerb,20027,0.09937140344251355,True,False,16.0,22.0,36.0,0.8597295952002028,3.91885952397039,0,0,dwa,kerb,20027,True,id,1.4415058000013232,0,0.0,True
goal,True,22.559999999999608,36.05251297366455,1.5989637769398581,1.341222602943063,0.7293868118455871,0.17622767840501657,False,0.0,,,0.38658684675460214,1128,kerb,20028,0.06425381722076659,True,False,16.0,22.0,36.0,0.9624755995138865,3.3609021372865486,0,0,dwa,kerb,20028,True,id,1.4838725000008708,0,0.0,True
goal,True,21.719999999999626,36.10859100288905,1.663171011240135,1.0533834492755105,0.38378172452529824,0.15748173003842209,False,0.0,,,0.36574845899482356,1086,kerb,20029,0.09976672092601409,False,True,16.0,22.0,36.0,0.5736399792347735,3.2875184883506394,0,0,dwa,kerb,20029,True,id,1.381132800001069,0,0.0,True
goal,True,22.799999999999603,36.08085336189534,1.583098206190459,1.2030580356181988,0.6636032578051914,0.18548932349359729,False,0.0,,,0.39210350871829996,1140,kerb,20030,0.06424975392811758,False,False,16.0,22.0,36.0,0.8897981665069821,3.72119218384469,0,0,dwa,kerb,20030,True,id,1.4532394999987446,0,0.0,True
goal,True,20.939999999999642,36.00398992904892,1.7200611284007714,3.943592241232545,1.0288025322919783,0.2755014896661047,True,0.0015281757402101242,,,0.38715158966942276,1047,kerb,20031,0.14900158948422393,False,False,16.0,22.0,36.0,0.978212772414828,4.550159854187384,0,0,dwa,kerb,20031,True,id,1.3566938000003574,0,0.0,False
goal,True,21.619999999999628,36.07880628395508,1.669234209166726,3.6837198712316246,1.0620996034244266,0.2827629718941357,True,0.0018501387604070306,,,0.40061932743062323,1081,kerb,20032,0.1590234880617534,True,False,16.0,22.0,36.0,0.6635952492052504,3.666381391257011,0,0,dwa,kerb,20032,True,id,1.4128343000047607,0,0.0,False
goal,True,22.49999999999961,36.10817742778813,1.6055317867731802,1.0356185600534125,0.24566358848183814,0.15136135724837715,False,0.0,,,0.3737242358935126,1125,kerb,20033,0.06360061793988467,False,True,16.0,22.0,36.0,0.6919883232316986,4.250095987102105,0,0,dwa,kerb,20033,True,id,1.5432832999940729,0,0.0,True
goal,True,21.619999999999628,36.117462072161004,1.6710659541674378,2.365901934838024,0.7300761905389984,0.23145750930822728,False,0.0,,,0.3814896252015716,1081,kerb,20034,0.10682029167980459,False,False,16.0,22.0,36.0,0.8249925811908385,3.0006705247774503,0,0,dwa,kerb,20034,True,id,1.5328816999972332,0,0.0,True
goal,True,21.799999999999624,36.08538819560983,1.6558253287796802,2.0705763574155083,0.8100506519507912,0.2262776519983371,False,0.0,,,0.3967212853622711,1090,kerb,20035,0.10196034117884975,False,False,16.0,22.0,36.0,0.6894359180590975,4.276147798481377,0,0,dwa,kerb,20035,True,id,1.5224875999992946,0,0.0,True
goal,True,22.51999999999961,36.03685618041368,1.6009681336674213,1.1022873702072449,0.5605425007391456,0.1739941564466807,False,0.0,,,0.38559534508973303,1126,kerb,20036,0.060970456514079674,False,False,16.0,22.0,36.0,1.1752257784402387,4.460560744974262,0,0,dwa,kerb,20036,True,id,1.4950467000016943,0,0.0,True
goal,True,22.599999999999607,36.08712321319506,1.5974256547431243,0.9909586049217853,0.4310430481745613,0.16934017611505925,False,0.0,,,0.4031526802588645,1130,kerb,20037,0.06154055662733186,False,False,16.0,22.0,36.0,0.7151302099078998,4.989171936395391,0,0,dwa,kerb,20037,True,id,1.579190300006303,0,0.0,True
goal,True,21.859999999999623,36.095753436174306,1.6515378402640724,2.3374825213860793,1.032350761698069,0.24060550706735967,False,0.0,,,0.42986709852273797,1093,kerb,20038,0.12446990104063614,True,False,16.0,22.0,36.0,0.5818518918420021,4.654374221685567,0,0,dwa,kerb,20038,True,id,1.4942481000034604,0,0.0,True
goal,True,21.91999999999962,36.06458227853081,1.6461164485408526,0.9892681434161965,0.38780861594807126,0.14800253721117093,False,0.0,,,0.36269986926769193,1096,kerb,20039,0.08563973549220519,False,True,16.0,22.0,36.0,0.8673660396582921,4.700655748188057,0,0,dwa,kerb,20039,True,id,1.4843356000055792,0,0.0,True
goal,True,22.099999999999618,36.06613819028835,1.6326872874844405,1.618212909346823,0.5157349993435415,0.19530550195626284,False,0.0,,,0.3864140180493252,1105,kerb,20040,0.08616938201330882,False,False,16.0,22.0,36.0,0.8369966963533628,4.722273647058514,0,0,dwa,kerb,20040,True,id,1.5176642999940668,0,0.0,True
goal,True,20.97999999999964,36.015562122404795,1.7173543601747132,3.5851401651150927,0.9419585740662921,0.2588359560619823,True,0.001334604385128694,,,0.38421175277192315,1049,kerb,20041,0.14247805374606798,False,False,16.0,22.0,36.0,1.1074865887917782,4.797859776451794,0,0,dwa,kerb,20041,True,id,1.3805061000020942,0,0.0,False
goal,True,21.839999999999623,36.10289031329501,1.6536756874119665,2.0117343671052494,0.7819292015015121,0.22563142245577775,False,0.0,,,0.3953754937474465,1092,kerb,20042,0.10160676434123592,False,False,16.0,22.0,36.0,0.672896604880117,4.531273411592012,0,0,dwa,kerb,20042,True,id,1.4591740000032587,0,0.0,True
goal,True,22.139999999999617,36.05350309177491,1.6291674721712908,1.531372671380417,0.7213261772561432,0.20068634257823822,False,0.0,,,0.3888011615590972,1107,kerb,20043,0.08475983497476267,False,False,16.0,22.0,36.0,0.800900320148282,4.153654454709007,0,0,dwa,kerb,20043,True,id,1.5069847000049776,0,0.0,True
goal,True,21.99999999999962,36.08653429744251,1.640894767749716,1.9919708675695855,0.8769477004381041,0.2289961756081694,False,0.0,,,0.4008262362294663,1100,kerb,20044,0.0958450442636862,False,False,16.0,22.0,36.0,0.661501590052196,4.133224086207599,0,0,dwa,kerb,20044,True,id,1.497702799999388,0,0.0,True
goal,True,21.49999999999963,36.078367824330094,1.6784784794094187,3.0591514618177067,1.1282599407818639,0.28448102576845874,True,0.00037209302325581393,,,0.3939703789862446,1075,kerb,20045,0.13155970033930564,False,False,16.0,22.0,36.0,0.6422152651508786,3.239052753851332,0,0,dwa,kerb,20045,True,id,1.5124979999964125,0,0.0,False
goal,True,21.719999999999626,36.07287253147514,1.6617849368176578,2.3597170214272385,1.0646671851299427,0.23268850286565856,False,0.0,,,0.39090024567627946,1086,kerb,20046,0.11327510366253679,True,False,16.0,22.0,36.0,0.6592631168962184,3.4416457245117873,0,0,dwa,kerb,20046,True,id,1.4515765000032843,0,0.0,True
goal,True,20.939999999999642,36.05100732219446,1.7226196608067945,1.1848416337655883,0.6904238744231579,0.16740942190427363,False,0.0,,,0.3551767723608189,1047,kerb,20047,0.15010242775519483,False,True,16.0,22.0,36.0,0.5723402601549998,3.8120447701782125,0,0,dwa,kerb,20047,True,id,1.4754362000021501,0,0.0,True
goal,True,21.739999999999625,36.08362117221238,1.660524601048512,1.9166825090051303,0.5264883486081889,0.19759580170395202,False,0.0,,,0.37360400790939025,1087,kerb,20048,0.09527372691056964,False,False,16.0,22.0,36.0,1.1065610393346483,3.8768915094141527,0,0,dwa,kerb,20048,True,id,1.395333100001153,0,0.0,True
goal,True,22.679999999999605,36.095621583000074,1.5923143474121482,1.204253250545926,0.7104362621938872,0.17400530560087696,False,0.0,,,0.39272503377665047,1134,kerb,20049,0.061662015782566436,True,False,16.0,22.0,36.0,0.8993511643804148,3.2229482873562647,0,0,dwa,kerb,20049,True,id,1.5283569000021089,0,0.0,True
goal,True,31.35999999999942,36.68664390476964,1.1682316560477164,1.0253811067679268,0.42741661376345963,0.24719044104133575,False,0.0,0.2975420154581888,,0.9315560437097996,1568,mixed,20000,0.12843232933396198,True,True,16.0,22.0,36.0,1.1313989832912106,4.053578853961741,4,1,dwa,mixed,20000,True,id,3.6773111000002245,335,0.21364795918367346,True
stall,False,22.49999999999961,3.960792061508592,0.17527353244942256,1.3018354296884724,0.06808266149512911,0.17306670796062118,False,0.0,0.1314197363283745,,0.24890867518054755,1125,mixed,20001,0.1168585960289818,False,False,16.0,22.0,36.0,1.0562714521118246,3.1383771289516806,2,3,dwa,mixed,20001,True,id,2.5133391999988817,767,0.6817777777777778,False
stall,False,32.399999999999466,4.139080512710279,0.12688042986963124,0.76275067082308,0.04629535902918272,0.10241571077788737,False,0.0,0.1856381945025285,,0.28325741722445974,1620,mixed,20002,0.07150349411896181,False,False,16.0,22.0,36.0,0.5152594284795413,4.568323062029927,2,3,dwa,mixed,20002,True,id,4.097930800002359,776,0.47901234567901235,False
goal,True,30.579999999999437,36.908055650155234,1.2046441980167506,1.2749486847625169,0.2479716124380539,0.28011968497734285,False,0.0,0.2246673508179666,,0.8499019045881163,1529,mixed,20003,0.0760441566485695,False,False,16.0,22.0,36.0,0.7891774437395254,3.6950972021831383,4,2,dwa,mixed,20003,True,id,3.6803816000028746,305,0.19947678221059517,True
stall,False,21.859999999999623,8.269398246822298,0.3775137839730917,0.8449713683584903,0.0541125189423208,0.15088930033079728,False,0.0,0.2737639440060238,,0.3354971322787289,1093,mixed,20004,0.13731894391199906,False,True,16.0,22.0,36.0,0.9486985366003076,4.306167078816012,4,3,dwa,mixed,20004,True,id,3.2902241999981925,224,0.20494053064958828,False
goal,True,25.939999999999536,36.12365560598788,1.3930203619965513,1.2254494995085843,0.6171742416247185,0.24374825489940172,False,0.0,0.1826779147084896,,0.6562635440292733,1297,mixed,20005,0.1299846017430102,False,True,16.0,22.0,36.0,0.7039660701080666,3.7679980347094397,2,2,dwa,mixed,20005,True,id,2.844339099996432,145,0.1117964533538936,True
off_sidewalk,False,25.75999999999954,28.868714131983747,1.1188860311245903,1.006053596187521,0.4871210238448738,0.22418023557658484,False,0.0,0.11860930782701454,,0.5497476721662524,1288,mixed,20006,0.07269333854763303,False,True,16.0,22.0,36.0,0.5495112970451754,3.389247059011182,3,1,dwa,mixed,20006,True,id,3.0604922999991686,240,0.18633540372670807,False
goal,True,25.999999999999535,36.18970809734971,1.3919570986108925,1.695188732495268,0.8197744587038736,0.24126849769360997,False,0.0,0.2971247614173148,,0.6508248778140702,1300,mixed,20007,0.09150070355267764,False,False,16.0,22.0,36.0,0.6481739896030303,4.635101412642601,4,1,dwa,mixed,20007,True,id,3.1345756000009715,384,0.2953846153846154,True
goal,True,29.51999999999946,36.140615562860354,1.2241987999872461,2.034488884138849,0.5466720595031521,0.2295009347009922,False,0.0,0.30617577121574135,,0.6952090808048698,1476,mixed,20008,0.10811846527503906,False,False,16.0,22.0,36.0,0.9668439017502839,4.848474254493182,2,1,dwa,mixed,20008,True,id,3.724307600001339,111,0.07520325203252033,True
goal,True,27.15999999999951,36.34675257046764,1.3381571023506336,1.006309464955635,0.28724157337832756,0.19072228767159968,False,0.0,0.3369773854207567,,0.6732190740549616,1358,mixed,20009,0.08275023654730332,True,True,16.0,22.0,36.0,0.7706246983229506,3.69956913547227,4,1,dwa,mixed,20009,True,id,3.2805556999956025,119,0.08762886597938144,True
goal,True,31.039999999999427,36.374628136232126,1.171441376654236,1.2773477560650495,0.4657319650275959,0.24098027544245593,False,0.0,0.30979598956519017,,0.804015877492419,1552,mixed,20010,0.07380143134160361,False,False,16.0,22.0,36.0,0.5611351801843887,4.37085018349743,4,1,dwa,mixed,20010,True,id,3.6883087000023806,328,0.211340206185567,True
stall,False,43.980000000001276,25.00114435631473,0.5678304903911621,1.966253816387789,0.7319385056310074,0.19375684493771994,False,0.0,0.13035727223292232,,0.6320834044737291,2199,mixed,20011,0.09235676388168668,False,False,16.0,22.0,36.0,0.6955172013472936,3.1769049779900986,3,3,dwa,mixed,20011,True,id,5.898913300006825,511,0.23237835379718053,False
goal,True,29.299999999999464,36.44362470499346,1.2431607146125037,2.8595639918071267,1.4302209675937685,0.337357427866219,False,0.0,0.2611626164829305,,0.9242047133135475,1465,mixed,20012,0.15858236562038797,True,False,16.0,22.0,36.0,0.7406627564325037,3.0617503503740853,4,2,dwa,mixed,20012,True,id,3.5857192000039504,377,0.2573378839590444,True
goal,True,23.93999999999958,36.09518910606189,1.5081631358715932,1.168735803695583,0.4505301142756141,0.20435274609139747,False,0.0,0.374543211140032,,0.5273183196537119,1197,mixed,20013,0.07280753225522647,False,False,16.0,22.0,36.0,1.0576165568905593,4.610537059342762,2,1,dwa,mixed,20013,True,id,2.7558512999967206,220,0.18379281537176273,True
off_sidewalk,False,12.259999999999827,10.444589446094254,0.850032362782412,1.0143701182123372,0.2791468100472116,0.2319354740630901,False,0.0,0.2755672075381611,,0.26208438379263427,613,mixed,20014,0.1179632249019362,False,False,16.0,22.0,36.0,0.7789941675573437,4.643927656878525,2,2,dwa,mixed,20014,True,id,1.6158415000027162,183,0.29853181076672103,False
collision,False,25.939999999999536,30.78615749601166,1.1869143899362868,2.938973665432937,0.6550150930478953,0.29243307984080696,False,0.0,-0.0015818815981861745,obstacle,0.7302480455651374,1297,mixed,20015,0.13565501144576492,True,False,16.0,22.0,36.0,1.0799199200874088,4.212718516623833,4,3,dwa,mixed,20015,True,id,3.5945727999933297,181,0.1395528141865844,False
stall,False,40.320000000000704,25.88656943129912,0.6403323217064736,1.1508077074713043,0.47087615629925794,0.1738721819462637,False,0.0,0.23011099876901708,,0.6372121730832199,2016,mixed,20016,0.07101341959162902,False,False,16.0,22.0,36.0,0.5263634475805654,3.8804668888320917,2,1,dwa,mixed,20016,True,id,5.678175100001681,790,0.39186507936507936,False
off_sidewalk,False,24.079999999999576,27.202349441771027,1.1278246147914566,2.7337954499229626,0.6712519301635649,0.3262897180912544,False,0.0,0.3630043972907352,,0.8127745357689097,1204,mixed,20017,0.11941868507919796,True,False,16.0,22.0,36.0,0.9775845312192193,3.925054574983727,4,3,dwa,mixed,20017,True,id,3.279660000000149,148,0.12292358803986711,False
collision,False,25.599999999999543,28.519167675869546,1.113103449099133,1.0896975365887882,0.44108520607328777,0.25025457051787653,False,0.0,-0.006811839380859941,obstacle,0.6191773475051495,1280,mixed,20018,0.1376578321930952,False,True,16.0,22.0,36.0,0.8136281028071288,3.786391784438904,4,2,dwa,mixed,20018,True,id,3.18357449999894,377,0.29453125,False
goal,True,26.499999999999524,36.06486727311913,1.3610084471854578,3.758156674808638,0.9621859154795205,0.3184168433340738,True,0.0012075471698113208,0.10562143312805483,,0.648424887721352,1325,mixed,20019,0.14513449034733966,False,False,16.0,22.0,36.0,0.7641486695576738,3.2154782479885347,3,1,dwa,mixed,20019,True,id,3.4274493000048096,33,0.02490566037735849,False
goal,True,31.559999999999416,36.41433966429596,1.1529356268819364,1.2061964063693187,0.700967466440894,0.24619430655122576,False,0.0,0.13746106424866492,,0.7997659047205729,1578,mixed,20020,0.15516075276539898,False,True,16.0,22.0,36.0,0.8885876540186612,3.7436670446590714,4,2,dwa,mixed,20020,True,id,5.109327999998641,293,0.18567807351077312,True
goal,True,26.399999999999526,36.3014852268745,1.375172666423888,1.065170667608263,0.09173904402352955,0.18628850663283636,False,0.0,0.09312352555622996,,0.5527027684106429,1320,mixed,20021,0.11329045341441929,True,True,16.0,22.0,36.0,0.7203180953825223,3.4266242250056873,2,3,dwa,mixed,20021,True,id,3.3590632999985246,333,0.25227272727272726,True
goal,True,21.619999999999628,36.14428597725639,1.672608274753634,2.472817544422141,0.7612675864512551,0.21836765079110357,False,0.0,0.6218691484049272,,0.42512843009086376,1081,mixed,20022,0.1268613723793956,True,False,16.0,22.0,36.0,1.0373388671645993,3.927530768544716,2,1,dwa,mixed,20022,True,id,2.8219399000008707,0,0.0,True
off_sidewalk,False,33.11999999999958,32.567997504943975,0.9828746288969746,1.0032630149222652,0.4242457126618465,0.17978596031569097,False,0.0,0.8382128174503286,,0.5439064348722198,1656,mixed,20023,0.12100850156970268,False,True,16.0,22.0,36.0,1.0608568624137475,4.581591014998616,4,1,dwa,mixed,20023,True,id,5.135580099995423,18,0.010869565217391304,False
goal,True,28.55999999999948,36.14390780093905,1.2657218112032886,1.156974892017126,0.6646868090428041,0.18764559891828728,False,0.0,0.40897212132437943,,0.49382361084459214,1428,mixed,20024,0.1541370293622097,False,True,16.0,22.0,36.0,1.1230728962996546,3.038559699469644,3,2,dwa,mixed,20024,True,id,3.8850520999985747,0,0.0,True
goal,True,25.439999999999547,36.1368470994236,1.4207848488416555,1.1361195523296241,0.4319377609354421,0.24119353596880747,False,0.0,0.19838314005075408,,0.7755957411765007,1272,mixed,20025,0.12506823561834135,False,True,16.0,22.0,36.0,0.5851835305880333,3.9342622286547098,2,1,dwa,mixed,20025,True,id,3.004790099999809,358,0.28144654088050314,True
collision,False,20.319999999999656,27.007525748287573,1.3294521417313192,4.351586494389307,1.070576265345038,0.3411975540026292,True,0.0017716535433070866,-0.0007042819368489606,obstacle,0.548806372213239,1016,mixed,20026,0.14857003386589795,False,False,16.0,22.0,36.0,0.9127076557861574,3.657954133231503,3,2,dwa,mixed,20026,True,id,2.62302389999968,14,0.013779527559055118,False
stall,False,38.660000000000444,27.167526599399174,0.7022505836293749,2.1900375475958045,0.5243617642525898,0.2350690507670003,False,0.0,0.2114796875107841,,0.7633178445611715,1933,mixed,20027,0.09937140344251355,True,False,16.0,22.0,36.0,0.8597295952002028,3.91885952397039,2,1,dwa,mixed,20027,True,id,4.620217600000615,764,0.3952405587170202,False
goal,True,41.98000000000096,36.36314874677145,0.8655911022527866,1.33093111789051,0.7289992662833435,0.20586472637226783,False,0.0,0.07346706015088811,,0.8129852077043598,2099,mixed,20028,0.06425381722076659,True,False,16.0,22.0,36.0,0.9624755995138865,3.3609021372865486,3,2,dwa,mixed,20028,True,id,5.315736999997171,183,0.0871843735111958,True
goal,True,29.879999999999452,36.25701532666162,1.2133185873979522,0.9836446632536706,0.4073128112707176,0.20338235535582108,False,0.0,0.2669197230987903,,0.599633609332289,1494,mixed,20029,0.09976672092601409,False,True,16.0,22.0,36.0,0.5736399792347735,3.2875184883506394,4,1,dwa,mixed,20029,True,id,3.613010500004748,113,0.07563587684069611,True
stall,False,18.69999999999969,5.201538532618018,0.27708678406057974,1.3722950535707106,0.06578112037199131,0.17013987164504582,False,0.0,0.02729241088404394,,0.27514325574540005,935,mixed,20030,0.06424975392811758,False,False,16.0,22.0,36.0,0.8897981665069821,3.72119218384469,3,3,dwa,mixed,20030,True,id,3.205891799996607,795,0.8502673796791443,False
stall,False,29.53999999999946,22.531872403832757,0.7491221096477845,2.398676045589091,0.5928526556489826,0.21155475037303514,False,0.0,0.23373769326821248,,0.9135365928608189,1477,mixed,20031,0.14900158948422393,False,False,16.0,22.0,36.0,0.978212772414828,4.550159854187384,2,2,dwa,mixed,20031,True,id,3.563247500002035,0,0.0,False
stall,False,28.679999999999477,8.939471349023234,0.3105710987716503,1.0223532522346863,0.07025502465628461,0.14483153571505214,False,0.0,0.08324362359844167,,0.3522053396583574,1434,mixed,20032,0.1590234880617534,True,False,16.0,22.0,36.0,0.6635952492052504,3.666381391257011,2,3,dwa,mixed,20032,True,id,3.3969228000059957,771,0.5376569037656904,False
goal,True,29.05999999999947,36.19945898768932,1.2454253863660423,1.0894057695070105,0.38572408474771114,0.24331813956384185,False,0.0,0.3049664585751405,,0.7729570893251386,1453,mixed,20033,0.06360061793988467,False,True,16.0,22.0,36.0,0.6919883232316986,4.250095987102105,4,2,dwa,mixed,20033,True,id,3.59499670000514,401,0.2759807295251204,True
stall,False,41.480000000000885,25.92802866494718,0.6229509113355938,1.6429503835157164,0.8042158305259719,0.21454618347492083,False,0.0,0.2684162669007861,,0.6854597130247888,2074,mixed,20034,0.10682029167980459,False,False,16.0,22.0,36.0,0.8249925811908385,3.0006705247774503,2,3,dwa,mixed,20034,True,id,5.341451899999811,188,0.09064609450337512,False
goal,True,25.79999999999954,36.121594112048015,1.4003067932667215,2.096919659820557,0.7768760101013202,0.24612468265351586,False,0.0,0.3361040711491544,,0.582371581631773,1290,mixed,20035,0.10196034117884975,False,False,16.0,22.0,36.0,0.6894359180590975,4.276147798481377,4,1,dwa,mixed,20035,True,id,2.90208430000348,339,0.2627906976744186,True
stall,False,45.28000000000148,22.84155794866025,0.49490890333730464,1.345312101086009,0.31084963402759475,0.16086742070647944,False,0.0,0.08294414692900304,,0.9351293289153129,2264,mixed,20036,0.060970456514079674,False,False,16.0,22.0,36.0,1.1752257784402387,4.460560744974262,3,3,dwa,mixed,20036,True,id,5.579076499998337,753,0.3325971731448763,False
goal,True,31.059999999999427,36.368348606891026,1.1706080256193092,1.064588603336048,0.4330287662401787,0.20781184424357155,False,0.0,0.23449786364692368,,0.7798310779784594,1553,mixed,20037,0.06154055662733186,False,False,16.0,22.0,36.0,0.7151302099078998,4.989171936395391,3,1,dwa,mixed,20037,True,id,3.3849184999999125,198,0.12749517063747584,True
stall,False,17.619999999999713,4.529742229249087,0.2565257039839631,0.8767906750284746,0.06187605468858846,0.11544339223344491,False,0.0,0.06980491865446914,,0.21015667217477155,881,mixed,20038,0.12446990104063614,True,False,16.0,22.0,36.0,0.5818518918420021,4.654374221685567,2,2,dwa,mixed,20038,True,id,2.3127143000019714,735,0.8342792281498297,False
off_sidewalk,False,22.43999999999961,26.236826200696562,1.167766680963683,0.9821958142273528,0.3825481432200689,0.21209947838181661,False,0.0,0.26160734292009935,,0.5668572275645914,1122,mixed,20039,0.08563973549220519,False,True,16.0,22.0,36.0,0.8673660396582921,4.700655748188057,3,2,dwa,mixed,20039,True,id,2.495981000000029,251,0.22370766488413546,False
stall,False,40.200000000000685,26.478251688943736,0.6578185939648468,1.6080330169135773,0.5145982547566295,0.20172403665554373,False,0.0,0.14550625369634979,,0.7057036571710174,2010,mixed,20040,0.08616938201330882,False,False,16.0,22.0,36.0,0.8369966963533628,4.722273647058514,3,1,dwa,mixed,20040,True,id,4.5447615000011865,954,0.4746268656716418,False
stall,False,30.779999999999433,22.68065126239377,0.7207472122813513,1.666735854463164,0.6980283617597437,0.19320620580268694,False,0.0,0.3206121862027833,,0.8112185725073636,1539,mixed,20041,0.14247805374606798,False,False,16.0,22.0,36.0,1.1074865887917782,4.797859776451794,2,3,dwa,mixed,20041,True,id,3.430430200001865,124,0.08057179987004548,False
goal,True,33.299999999999606,36.273728023246015,1.085055083083125,1.9458653505680592,0.8449872482859587,0.24623951963876375,False,0.0,0.09637837286757789,,0.8451301712735869,1665,mixed,20042,0.10160676434123592,False,False,16.0,22.0,36.0,0.672896604880117,4.531273411592012,3,1,dwa,mixed,20042,True,id,3.7992385999968974,453,0.27207207207207207,True
goal,True,28.679999999999477,36.168310617217735,1.2613031569726838,1.6425177252076781,0.8274161502276514,0.2465920050425239,False,0.0,0.30947482735216336,,0.7723607665962345,1434,mixed,20043,0.08475983497476267,False,False,16.0,22.0,36.0,0.800900320148282,4.153654454709007,4,2,dwa,mixed,20043,True,id,3.334716600002139,170,0.11854951185495119,True
goal,True,29.119999999999468,36.25963455329784,1.2447867486038562,1.840073724004758,0.693217529373317,0.256088076520882,False,0.0,0.35905015470603596,,0.7631853148066031,1456,mixed,20044,0.0958450442636862,False,False,16.0,22.0,36.0,0.661501590052196,4.133224086207599,4,1,dwa,mixed,20044,True,id,3.4881807999990997,332,0.22802197802197802,True
goal,True,25.039999999999555,36.21768043134219,1.4461826272620064,3.5594425579611024,1.1679736852569202,0.3243487019166595,True,0.0009584664536741214,0.3179860522147572,,0.7303893925275509,1252,mixed,20045,0.13155970033930564,False,False,16.0,22.0,36.0,0.6422152651508786,3.239052753851332,4,2,dwa,mixed,20045,True,id,3.2693519000022206,250,0.19968051118210864,False
goal,True,25.69999999999954,36.34304589280826,1.4143760104771261,1.8224940028490633,0.6624525126766778,0.2436888933557516,False,0.0,0.2659713459655969,,0.6868769363056719,1285,mixed,20046,0.11327510366253679,True,False,16.0,22.0,36.0,0.6592631168962184,3.4416457245117873,4,1,dwa,mixed,20046,True,id,2.9753360000031535,331,0.25758754863813227,True
stall,False,27.339999999999506,9.465908295271118,0.345082614213293,0.9369765411607194,0.06543581651328705,0.15863927327243363,False,0.0,0.10468455561911416,,0.3922129456592747,1367,mixed,20047,0.15010242775519483,False,True,16.0,22.0,36.0,0.5723402601549998,3.8120447701782125,4,2,dwa,mixed,20047,True,id,4.490380299997923,948,0.6934893928310168,False
collision,False,3.660000000000003,4.696725518583075,1.2842327748495435,1.1951908093012495,0.06861217704796523,0.33719773717035156,False,0.0,-0.004271430017125877,obstacle,0.18159660330059324,183,mixed,20048,0.09527372691056964,False,False,16.0,22.0,36.0,1.1065610393346483,3.8768915094141527,3,3,dwa,mixed,20048,True,id,0.550815299997339,54,0.29508196721311475,False
goal,True,36.420000000000094,36.7621291434956,1.0067784157826754,1.1500008949771474,0.6151433262046675,0.2692918426279735,False,0.0,0.028328454262633945,,0.9311518074605971,1821,mixed,20049,0.061662015782566436,True,False,16.0,22.0,36.0,0.8993511643804148,3.2229482873562647,2,3,dwa,mixed,20049,True,id,4.208547099995485,200,0.10982976386600769,True
goal,True,18.379999999999697,36.26526929412846,1.9719529327251988,1.2413985063458821,0.12931201585496999,0.3687215042251446,False,0.0,,,0.7643544401765292,919,kerb,20000,0.12843232933396198,True,True,16.0,22.0,36.0,1.1313989832912106,4.053578853961741,0,0,ppo,kerb,20000,True,id,1.4410337999943295,0,0.0,True
goal,True,18.579999999999693,36.345251275726234,1.9502829888862454,3.2275703384777374,1.2672221471017568,0.5868034385680267,True,0.000861141011840689,,,1.1218369573553677,929,kerb,20001,0.1168585960289818,False,False,16.0,22.0,36.0,1.0562714521118246,3.1383771289516806,0,0,ppo,kerb,20001,True,id,1.4490392999941832,0,0.0,False
goal,True,18.439999999999696,36.25047661846313,1.9639897853615953,1.4561058157030984,0.6113461520023107,0.33423353068164763,False,0.0,,,0.9007830711388132,922,kerb,20002,0.07150349411896181,False,False,16.0,22.0,36.0,0.5152594284795413,4.568323062029927,0,0,ppo,kerb,20002,True,id,1.4588689000011072,0,0.0,True
goal,True,18.419999999999696,36.29135426211954,1.9670902695573904,2.0358486125770576,0.7514483103246791,0.4726887568004066,False,0.0,,,1.0073340589626467,921,kerb,20003,0.0760441566485695,False,False,16.0,22.0,36.0,0.7891774437395254,3.6950972021831383,0,0,ppo,kerb,20003,True,id,1.4893789999987348,0,0.0,True
goal,True,18.399999999999697,36.30080736632406,1.970220822367941,1.3822544515798045,0.7750171274893177,0.4266475723904355,False,0.0,,,0.8557515632306608,920,kerb,20004,0.13731894391199906,False,True,16.0,22.0,36.0,0.9486985366003076,4.306167078816012,0,0,ppo,kerb,20004,True,id,1.4244423000054667,0,0.0,True
goal,True,18.399999999999697,36.310432883755084,1.97009065995359,1.4300137968287505,0.8414863755930414,0.4532950388692953,False,0.0,,,1.0381132190930429,920,kerb,20005,0.1299846017430102,False,True,16.0,22.0,36.0,0.7039660701080666,3.7679980347094397,0,0,ppo,kerb,20005,True,id,1.4873564000008628,0,0.0,True
goal,True,18.339999999999698,36.24549949998354,1.9751912675058996,1.054009879686614,0.700278161773008,0.32677470276676274,False,0.0,,,0.8013622678453145,917,kerb,20006,0.07269333854763303,False,True,16.0,22.0,36.0,0.5495112970451754,3.389247059011182,0,0,ppo,kerb,20006,True,id,1.5452758999963407,0,0.0,True
goal,True,18.459999999999695,36.269573451170714,1.9617795789002181,1.821796719867403,0.722635254885725,0.42090071603667134,False,0.0,,,1.0200947273909462,923,kerb,20007,0.09150070355267764,False,False,16.0,22.0,36.0,0.6481739896030303,4.635101412642601,0,0,ppo,kerb,20007,True,id,1.518372200000158,0,0.0,True
goal,True,18.579999999999693,36.31524090918745,1.950027903741222,2.3336548143811164,0.8982989064924816,0.4985580672466251,False,0.0,,,1.0285480916221563,929,kerb,20008,0.10811846527503906,False,False,16.0,22.0,36.0,0.9668439017502839,4.848474254493182,0,0,ppo,kerb,20008,True,id,1.3937061999968137,0,0.0,True
goal,True,18.3199999999997,36.24041834128099,1.9767651405050215,1.0295946885989933,0.14642158714485567,0.3806440465476246,False,0.0,,,0.8209809746486101,916,kerb,20009,0.08275023654730332,True,True,16.0,22.0,36.0,0.7706246983229506,3.69956913547227,0,0,ppo,kerb,20009,True,id,1.4254428999993252,0,0.0,True
goal,True,18.419999999999696,36.22658060768534,1.964477681599464,1.634286669937176,0.6453661568814538,0.3701523898129083,False,0.0,,,0.9494509174171991,921,kerb,20010,0.07380143134160361,False,False,16.0,22.0,36.0,0.5611351801843887,4.37085018349743,0,0,ppo,kerb,20010,True,id,1.4029662999964785,0,0.0,True
goal,True,18.479999999999695,36.26831626028123,1.9601824015746698,2.3809657200943497,0.9605847821520147,0.4204547723296866,False,0.0,,,0.8524386690625686,924,kerb,20011,0.09235676388168668,False,False,16.0,22.0,36.0,0.6955172013472936,3.1769049779900986,0,0,ppo,kerb,20011,True,id,1.433343100005004,0,0.0,True
goal,True,18.599999999999692,36.34626947089479,1.9494787876160002,1.9826233683543149,1.2765313914489054,0.4534492736821697,False,0.0,,,0.9473849038188968,930,kerb,20012,0.15858236562038797,True,False,16.0,22.0,36.0,0.7406627564325037,3.0617503503740853,0,0,ppo,kerb,20012,True,id,1.508337200000824,0,0.0,True
goal,True,18.459999999999695,36.27828755243661,1.9630200346791393,1.9030826459893195,0.6234601679144125,0.3920697593007573,False,0.0,,,0.8150981163922144,923,kerb,20013,0.07280753225522647,False,False,16.0,22.0,36.0,1.0576165568905593,4.610537059342762,0,0,ppo,kerb,20013,True,id,1.3808371000050101,0,0.0,True
goal,True,18.539999999999694,36.33827489534367,1.9562140119652411,2.2190864163211974,0.8942334448615682,0.44102355768220575,False,0.0,,,0.9226028390018921,927,kerb,20014,0.1179632249019362,False,False,16.0,22.0,36.0,0.7789941675573437,4.643927656878525,0,0,ppo,kerb,20014,True,id,1.4202294999995502,0,0.0,True
goal,True,18.579999999999693,36.32043893117037,1.9511224955776911,2.7572433852457405,1.0900954070391586,0.4442586070486728,False,0.0,,,0.8447428611923701,929,kerb,20015,0.13565501144576492,True,False,16.0,22.0,36.0,1.0799199200874088,4.212718516623833,0,0,ppo,kerb,20015,True,id,1.4363547999964794,0,0.0,True
goal,True,18.419999999999696,36.218728630126684,1.9645300468641438,1.6201911438865102,0.6810194754732534,0.3456102949272499,False,0.0,,,0.9038472390284595,921,kerb,20016,0.07101341959162902,False,False,16.0,22.0,36.0,0.5263634475805654,3.8804668888320917,0,0,ppo,kerb,20016,True,id,1.4312003000013647,0,0.0,True
goal,True,18.559999999999693,36.310905167312676,1.95252924662758,2.771313409348399,1.031618915765985,0.483803151274136,False,0.0,,,0.9345280335984011,928,kerb,20017,0.11941868507919796,True,False,16.0,22.0,36.0,0.9775845312192193,3.925054574983727,0,0,ppo,kerb,20017,True,id,1.3919848000005004,0,0.0,True
goal,True,18.399999999999697,36.29084183472297,1.9691892439687084,1.4436815546012947,0.8436767209261078,0.45347488888978216,False,0.0,,,0.9561796806871741,920,kerb,20018,0.1376578321930952,False,True,16.0,22.0,36.0,0.8136281028071288,3.786391784438904,0,0,ppo,kerb,20018,True,id,1.4304783000043244,0,0.0,True
goal,True,18.579999999999693,36.366124190562104,1.9529603566274898,2.17631483045217,1.2670110564753996,0.46777651386050184,False,0.0,,,0.8994340665133344,929,kerb,20019,0.14513449034733966,False,False,16.0,22.0,36.0,0.7641486695576738,3.2154782479885347,0,0,ppo,kerb,20019,True,id,1.4728166999993846,0,0.0,True
goal,True,18.459999999999695,36.320045756305085,1.963707612188808,1.5967300305833143,0.9126027338273062,0.465252067368812,False,0.0,,,0.954242432542009,923,kerb,20020,0.15516075276539898,False,True,16.0,22.0,36.0,0.8885876540186612,3.7436670446590714,0,0,ppo,kerb,20020,True,id,1.5076445000013337,0,0.0,True
goal,True,18.359999999999697,36.25418249413799,1.973243674543485,1.0548465998010303,0.12879152441613562,0.3549685235678498,False,0.0,,,0.7605311541125696,918,kerb,20021,0.11329045341441929,True,True,16.0,22.0,36.0,0.7203180953825223,3.4266242250056873,0,0,ppo,kerb,20021,True,id,1.4745621999973082,0,0.0,True
goal,True,18.559999999999693,36.30254487081221,1.95254546181401,2.9059267321485684,1.1390222503979681,0.45505163357815853,False,0.0,,,0.8542742424921721,928,kerb,20022,0.1268613723793956,True,False,16.0,22.0,36.0,1.0373388671645993,3.927530768544716,0,0,ppo,kerb,20022,True,id,1.5344819000019925,0,0.0,True
goal,True,18.419999999999696,36.31613070645408,1.9680404026022784,1.2558536029886898,0.7118192067554964,0.4673494466119424,False,0.0,,,0.9629365063002084,921,kerb,20023,0.12100850156970268,False,True,16.0,22.0,36.0,1.0608568624137475,4.581591014998616,0,0,ppo,kerb,20023,True,id,1.517012500000419,0,0.0,True
goal,True,18.439999999999696,36.32694543878985,1.965895547024134,1.8326473160608745,0.9900716333118442,0.5003259695395942,False,0.0,,,0.9286371521425849,922,kerb,20024,0.1541370293622097,False,True,16.0,22.0,36.0,1.1230728962996546,3.038559699469644,0,0,ppo,kerb,20024,True,id,1.434444699996675,0,0.0,True
goal,True,18.379999999999697,36.29095325631397,1.9727516695655145,1.293322338826383,0.7827413574722862,0.3613876213061645,False,0.0,,,0.8857753643025621,919,kerb,20025,0.12506823561834135,False,True,16.0,22.0,36.0,0.5851835305880333,3.9342622286547098,0,0,ppo,kerb,20025,True,id,1.5373459000038565,0,0.0,True
goal,True,18.63999999999969,36.37502952881292,1.9460885585872947,2.38260142409782,1.2380772160729823,0.5039860648125363,False,0.0,,,0.9493859987058672,932,kerb,20026,0.14857003386589795,False,False,16.0,22.0,36.0,0.9127076557861574,3.657954133231503,0,0,ppo,kerb,20026,True,id,1.4989958000005572,0,0.0,True
goal,True,18.499999999999694,36.25887339015247,1.957358865873264,2.307874651344071,0.9345867035262929,0.41952862803824836,False,0.0,,,0.8133129233206247,925,kerb,20027,0.09937140344251355,True,False,16.0,22.0,36.0,0.8597295952002028,3.91885952397039,0,0,ppo,kerb,20027,True,id,1.5582856000037282,0,0.0,True
goal,True,18.399999999999697,36.245236635297736,1.9676585565149474,2.0302632250360757,0.6398450501105966,0.4488803050090371,False,0.0,,,0.9082477421180095,920,kerb,20028,0.06425381722076659,True,False,16.0,22.0,36.0,0.9624755995138865,3.3609021372865486,0,0,ppo,kerb,20028,True,id,1.481914299998607,0,0.0,True
goal,True,18.339999999999698,36.23007171797561,1.973585708649791,1.2482549896568644,0.824146822463424,0.3714259583602229,False,0.0,,,0.9008743857228969,917,kerb,20029,0.09976672092601409,False,True,16.0,22.0,36.0,0.5736399792347735,3.2875184883506394,0,0,ppo,kerb,20029,True,id,1.5503151999946567,0,0.0,True
goal,True,18.379999999999697,36.26760443749889,1.9704920192027953,1.9823121681076772,0.6065850569024468,0.45753759272568856,False,0.0,,,0.9380841605242513,919,kerb,20030,0.06424975392811758,False,False,16.0,22.0,36.0,0.8897981665069821,3.72119218384469,0,0,ppo,kerb,20030,True,id,1.5183621000032872,0,0.0,True
goal,True,18.69999999999969,36.3660312332863,1.9389515557522294,2.3459125406972134,1.140818841073317,0.5259258033970476,False,0.0,,,1.097107116560345,935,kerb,20031,0.14900158948422393,False,False,16.0,22.0,36.0,0.978212772414828,4.550159854187384,0,0,ppo,kerb,20031,True,id,1.5119937999988906,0,0.0,True
goal,True,18.65999999999969,36.34153423076209,1.9435139693828063,1.8226474535327095,1.2799119829602774,0.41921802051452733,False,0.0,,,0.9397231143177,933,kerb,20032,0.1590234880617534,True,False,16.0,22.0,36.0,0.6635952492052504,3.666381391257011,0,0,ppo,kerb,20032,True,id,1.5947822000016458,0,0.0,True
goal,True,18.339999999999698,36.25057554318575,1.9748422022333338,0.9767158449629397,0.5639548141934394,0.37954855777055924,False,0.0,,,0.8483391151315561,917,kerb,20033,0.06360061793988467,False,True,16.0,22.0,36.0,0.6919883232316986,4.250095987102105,0,0,ppo,kerb,20033,True,id,1.4259258000020054,0,0.0,True
goal,True,18.499999999999694,36.298140135673236,1.9582080765640077,2.7605087099612224,1.0470989444373169,0.494190070495767,False,0.0,,,0.9626047718786328,925,kerb,20034,0.10682029167980459,False,False,16.0,22.0,36.0,0.8249925811908385,3.0006705247774503,0,0,ppo,kerb,20034,True,id,1.4325654999993276,0,0.0,True
goal,True,18.519999999999694,36.29905752204276,1.9570640835528486,2.060673914936694,0.8492706151060686,0.4080161354896976,False,0.0,,,0.8493952110921652,926,kerb,20035,0.10196034117884975,False,False,16.0,22.0,36.0,0.6894359180590975,4.276147798481377,0,0,ppo,kerb,20035,True,id,1.520725800000946,0,0.0,True
goal,True,18.399999999999697,36.26553866760152,1.9685179653566136,1.953545286082228,0.5294469751374913,0.4156207577556785,False,0.0,,,0.92057089567508,920,kerb,20036,0.060970456514079674,False,False,16.0,22.0,36.0,1.1752257784402387,4.460560744974262,0,0,ppo,kerb,20036,True,id,1.3852957999988575,0,0.0,True
goal,True,18.379999999999697,36.25618509302582,1.9702591252828305,1.56472112951856,0.4823568065339323,0.3990395829409441,False,0.0,,,0.9224307100395316,919,kerb,20037,0.06154055662733186,False,False,16.0,22.0,36.0,0.7151302099078998,4.989171936395391,0,0,ppo,kerb,20037,True,id,1.4337491000042064,0,0.0,True
goal,True,18.499999999999694,36.287775121904666,1.959562497035256,1.6633883909261384,0.8524394560041741,0.34812668416073883,False,0.0,,,0.8645454800891936,925,kerb,20038,0.12446990104063614,True,False,16.0,22.0,36.0,0.5818518918420021,4.654374221685567,0,0,ppo,kerb,20038,True,id,1.5173561999981757,0,0.0,True
goal,True,18.339999999999698,36.250619568991276,1.9744107357521594,1.0673193875723466,0.5980727924142641,0.41706956918478577,False,0.0,,,0.906802152395816,917,kerb,20039,0.08563973549220519,False,True,16.0,22.0,36.0,0.8673660396582921,4.700655748188057,0,0,ppo,kerb,20039,True,id,1.5021540999950957,0,0.0,True
goal,True,18.479999999999695,36.284896125288036,1.9609300066909303,2.0073731231901673,0.7370109193770897,0.41340201125461484,False,0.0,,,0.8490967800741746,924,kerb,20040,0.08616938201330882,False,False,16.0,22.0,36.0,0.8369966963533628,4.722273647058514,0,0,ppo,kerb,20040,True,id,1.3611960999987787,0,0.0,True
goal,True,18.63999999999969,36.35003738126933,1.9453006558897301,2.5981194478656646,1.044565253550288,0.4804539089230234,False,0.0,,,0.9345597205269337,932,kerb,20041,0.14247805374606798,False,False,16.0,22.0,36.0,1.1074865887917782,4.797859776451794,0,0,ppo,kerb,20041,True,id,1.4464985000013257,0,0.0,True
goal,True,18.499999999999694,36.28902559507851,1.9584138979928631,1.9364506227267186,0.8211631280381756,0.41991455051733895,False,0.0,,,0.9463994357851645,925,kerb,20042,0.10160676434123592,False,False,16.0,22.0,36.0,0.672896604880117,4.531273411592012,0,0,ppo,kerb,20042,True,id,1.4810464999973192,0,0.0,True
goal,True,18.479999999999695,36.280483173896286,1.9607006551037531,2.1660109532062837,0.7722762791305469,0.4231458058594932,False,0.0,,,0.8632194743367675,924,kerb,20043,0.08475983497476267,False,False,16.0,22.0,36.0,0.800900320148282,4.153654454709007,0,0,ppo,kerb,20043,True,id,1.523904900001071,0,0.0,True
goal,True,18.479999999999695,36.27316012909021,1.9595936971626162,2.0893976411034423,0.8259195679999831,0.4343294745483838,False,0.0,,,1.0113782274363987,924,kerb,20044,0.0958450442636862,False,False,16.0,22.0,36.0,0.661501590052196,4.133224086207599,0,0,ppo,kerb,20044,True,id,1.5204817999983788,0,0.0,True
goal,True,18.499999999999694,36.33066192500366,1.9595246476128814,2.024499453773557,1.1898654686831895,0.4652854030149578,False,0.0,,,1.0448388883878739,925,kerb,20045,0.13155970033930564,False,False,16.0,22.0,36.0,0.6422152651508786,3.239052753851332,0,0,ppo,kerb,20045,True,id,1.6849289999954635,0,0.0,True
goal,True,18.459999999999695,36.27237455485914,1.962283193175906,2.2907565671970054,0.980229046938739,0.4085183990267384,False,0.0,,,0.9154561386228203,923,kerb,20046,0.11327510366253679,True,False,16.0,22.0,36.0,0.6592631168962184,3.4416457245117873,0,0,ppo,kerb,20046,True,id,1.7228269000042928,0,0.0,True
goal,True,18.419999999999696,36.30188469800731,1.9688684917347077,1.6393056691180226,0.806750712376741,0.3495094745689066,False,0.0,,,0.8629169618564289,921,kerb,20047,0.15010242775519483,False,True,16.0,22.0,36.0,0.5723402601549998,3.8120447701782125,0,0,ppo,kerb,20047,True,id,1.5429243999969913,0,0.0,True
goal,True,18.499999999999694,36.28516447372963,1.9572175409090404,2.577763183404962,0.9292629551051462,0.5264671878573096,False,0.0,,,1.0669337598957411,925,kerb,20048,0.09527372691056964,False,False,16.0,22.0,36.0,1.1065610393346483,3.8768915094141527,0,0,ppo,kerb,20048,True,id,1.7014565999998013,0,0.0,True
goal,True,18.419999999999696,36.2752605788624,1.967446230989836,2.1711808895838933,0.8011398436617599,0.4159666531980488,False,0.0,,,0.7928489009543441,921,kerb,20049,0.061662015782566436,True,False,16.0,22.0,36.0,0.8993511643804148,3.2229482873562647,0,0,ppo,kerb,20049,True,id,1.6700873999943724,0,0.0,True
goal,True,21.55999999999963,36.80520982688656,1.6970690740160366,1.3676975764461559,0.3478940718329241,0.565802331055483,False,0.0,0.47726137300044524,,1.4384584241600582,1078,mixed,20000,0.12843232933396198,True,True,16.0,22.0,36.0,1.1313989832912106,4.053578853961741,4,1,ppo,mixed,20000,True,id,2.3273662999999942,337,0.31261595547309834,True
goal,True,21.839999999999623,36.44720072987024,1.6594321317539331,3.341928974028538,1.1406895793904688,0.6200586470131307,True,0.001098901098901099,0.23829613529619387,,1.9157516494960316,1092,mixed,20001,0.1168585960289818,False,False,16.0,22.0,36.0,1.0562714521118246,3.1383771289516806,2,3,ppo,mixed,20001,True,id,2.298643099995388,213,0.19505494505494506,False
off_sidewalk,False,13.5599999999998,25.10828164590601,1.8488667904791198,0.8814892336028174,0.6072487964426354,0.3393851499609431,False,0.0,0.5854112740873653,,0.8606004271427746,678,mixed,20002,0.07150349411896181,False,False,16.0,22.0,36.0,0.5152594284795413,4.568323062029927,2,3,ppo,mixed,20002,True,id,1.742630900000222,52,0.07669616519174041,False
goal,True,29.319999999999464,37.09332495182374,1.256911060195138,1.3054657083637327,0.7211760851129759,0.4262710853228318,False,0.0,0.32695376656115893,,1.4682935669991248,1466,mixed,20003,0.0760441566485695,False,False,16.0,22.0,36.0,0.7891774437395254,3.6950972021831383,4,2,ppo,mixed,20003,True,id,3.4257423999952152,565,0.38540245566166437,True
stall,False,41.5600000000009,29.991736172985515,0.7128206454345106,1.5172141188299055,0.848081841856084,0.3744864645684165,False,0.0,0.08270417672951669,,1.44642553774389,2078,mixed,20004,0.13731894391199906,False,True,16.0,22.0,36.0,0.9486985366003076,4.306167078816012,4,3,ppo,mixed,20004,True,id,4.817152800002077,534,0.2569778633301251,False
goal,True,20.239999999999657,36.62308840738768,1.8026843128294407,1.314564769079082,0.8775597591143953,0.4666069564789467,False,0.0,0.7223099420052062,,1.2658418858977967,1012,mixed,20005,0.1299846017430102,False,True,16.0,22.0,36.0,0.7039660701080666,3.7679980347094397,2,2,ppo,mixed,20005,True,id,2.282965600003081,213,0.21047430830039526,True
off_sidewalk,False,13.279999999999806,25.61105668257547,1.925594797788538,0.9629469581458885,0.705411626627349,0.38573463401622526,False,0.0,0.951863727571468,,0.8511977872899875,664,mixed,20006,0.07269333854763303,False,True,16.0,22.0,36.0,0.5495112970451754,3.389247059011182,3,1,ppo,mixed,20006,True,id,1.4635699999998906,21,0.03162650602409638,False
off_sidewalk,False,14.339999999999783,22.309600619703694,1.5497895022912207,1.4946336071209878,0.7327503101042506,0.39013271733627397,False,0.0,1.383245632427875,,1.1216909119261826,717,mixed,20007,0.09150070355267764,False,False,16.0,22.0,36.0,0.6481739896030303,4.635101412642601,4,1,ppo,mixed,20007,True,id,1.561258200003067,59,0.08228730822873083,False
goal,True,19.539999999999672,36.47038512697762,1.8591497954984044,2.2917783174271875,0.8333636349720668,0.5724100908003067,False,0.0,0.481315259059228,,1.4126218246125664,977,mixed,20008,0.10811846527503906,False,False,16.0,22.0,36.0,0.9668439017502839,4.848474254493182,2,1,ppo,mixed,20008,True,id,2.1067882999996073,131,0.13408393039918118,True
stall,False,30.339999999999442,28.348528598687448,0.9285000301899394,1.269885549629632,0.3054481607755424,0.36498489820371566,False,0.0,0.5199714130156758,,1.1414387102760133,1517,mixed,20009,0.08275023654730332,True,True,16.0,22.0,36.0,0.7706246983229506,3.69956913547227,4,1,ppo,mixed,20009,True,id,3.3512728000059724,82,0.05405405405405406,False
off_sidewalk,False,13.439999999999802,22.226084352444246,1.6505293922993214,1.088642513505628,0.736563133823099,0.3591121523517249,False,0.0,0.8387165699160999,,1.0102469696756537,672,mixed,20010,0.07380143134160361,False,False,16.0,22.0,36.0,0.5611351801843887,4.37085018349743,4,1,ppo,mixed,20010,True,id,1.4924344000028213,216,0.32142857142857145,False
stall,False,19.879999999999665,8.665849413317675,0.4318887777852708,1.235077537572935,0.35934510812673653,0.24069152730131285,False,0.0,2.1263103021135303,,0.4781204993854681,994,mixed,20011,0.09235676388168668,False,False,16.0,22.0,36.0,0.6955172013472936,3.1769049779900986,3,3,ppo,mixed,20011,True,id,2.232837899995502,48,0.0482897384305835,False
stall,False,35.90000000000001,30.53608284402216,0.8432961035188243,3.6414185976485567,1.2986596525951457,0.4372135434860119,True,0.0006685236768802228,0.4774869846186546,,1.44010085124653,1795,mixed,20012,0.15858236562038797,True,False,16.0,22.0,36.0,0.7406627564325037,3.0617503503740853,4,2,ppo,mixed,20012,True,id,4.449532099999487,453,0.2523676880222841,False
goal,True,21.55999999999963,36.55654892791912,1.689586718479529,1.7140548747595221,0.5733572623031709,0.4255151976249128,False,0.0,0.7199607617251704,,1.0974082695857479,1078,mixed,20013,0.07280753225522647,False,False,16.0,22.0,36.0,1.0576165568905593,4.610537059342762,2,1,ppo,mixed,20013,True,id,2.344427000003634,203,0.18831168831168832,True
goal,True,22.759999999999604,37.19888004282707,1.6244377780820183,1.3729266778440454,0.7530005505008214,0.45272219688829557,False,0.0,0.45036523476846857,,1.2813511169147438,1138,mixed,20014,0.1179632249019362,False,False,16.0,22.0,36.0,0.7789941675573437,4.643927656878525,2,2,ppo,mixed,20014,True,id,2.800970899996173,362,0.3181019332161687,True
off_sidewalk,False,14.03999999999979,22.71219728165744,1.609719398778306,1.2717193306273844,0.16519847778413516,0.5344870306182234,False,0.0,0.699232758841905,,0.926587102899508,702,mixed,20015,0.13565501144576492,True,False,16.0,22.0,36.0,1.0799199200874088,4.212718516623833,4,3,ppo,mixed,20015,True,id,1.6576101999962702,134,0.1908831908831909,False
goal,True,20.63999999999965,36.45800298031401,1.7614284525446264,1.5193322158512028,0.7063541704602581,0.3980098228796856,False,0.0,0.627163340632236,,1.2789177255363136,1032,mixed,20016,0.07101341959162902,False,False,16.0,22.0,36.0,0.5263634475805654,3.8804668888320917,2,1,ppo,mixed,20016,True,id,2.2323924000011175,258,0.25,True
collision,False,18.459999999999695,28.308138265298698,1.523899074249384,1.840295709887796,1.2311548347333743,0.5634180500853158,False,0.0,-0.01537002133074894,obstacle,1.1962174251795163,923,mixed,20017,0.11941868507919796,True,False,16.0,22.0,36.0,0.9775845312192193,3.925054574983727,4,3,ppo,mixed,20017,True,id,2.105372999998508,427,0.4626218851570964,False
goal,True,30.95999999999943,37.68126545605276,1.2070680156906706,1.4510025171574157,0.8154835834534218,0.4733474900074955,False,0.0,0.13437461770984538,,1.6611105822450445,1548,mixed,20018,0.1376578321930952,False,True,16.0,22.0,36.0,0.8136281028071288,3.786391784438904,4,2,ppo,mixed,20018,True,id,3.5423977999962517,853,0.5510335917312662,True
goal,True,22.639999999999606,36.926578772380246,1.6186499135143353,1.9893632587162096,1.1446353433421315,0.5513373979817812,False,0.0,0.13621568777877768,,1.4169380319982627,1132,mixed,20019,0.14513449034733966,False,False,16.0,22.0,36.0,0.7641486695576738,3.2154782479885347,3,1,ppo,mixed,20019,True,id,2.4747258000061265,369,0.32597173144876324,True
stall,False,31.91999999999941,29.191336433506127,0.9051397261419657,1.528883568661387,0.8660198858937888,0.4497339787572426,False,0.0,0.07462446019671187,,1.3817806815441478,1596,mixed,20020,0.15516075276539898,False,True,16.0,22.0,36.0,0.8885876540186612,3.7436670446590714,4,2,ppo,mixed,20020,True,id,3.6775328000003356,228,0.14285714285714285,False
stall,False,28.59999999999948,11.492320231287776,0.3964374577215005,1.3610214274093877,0.07266509047810009,0.30576840394567867,False,0.0,0.1744499862391795,,0.7744315124564138,1430,mixed,20021,0.11329045341441929,True,True,16.0,22.0,36.0,0.7203180953825223,3.4266242250056873,2,3,ppo,mixed,20021,True,id,3.1215320999981486,782,0.5468531468531469,False
goal,True,19.17999999999968,36.52602619287648,1.8978350017569523,2.70380575058166,1.059013627230895,0.5745441684730914,False,0.0,1.1930308437646389,,1.3279217576671973,959,mixed,20022,0.1268613723793956,True,False,16.0,22.0,36.0,1.0373388671645993,3.927530768544716,2,1,ppo,mixed,20022,True,id,2.0488391000035335,0,0.0,True
stall,False,34.03999999999972,28.728169439054792,0.8386145970437497,1.2695570380143189,0.7150313422067414,0.36798515420909794,False,0.0,2.459988702115882,,1.1589964472012875,1702,mixed,20023,0.12100850156970268,False,True,16.0,22.0,36.0,1.0608568624137475,4.581591014998616,4,1,ppo,mixed,20023,True,id,3.815901900001336,0,0.0,False
goal,True,20.299999999999656,36.75481992963526,1.7996310609764787,1.9005839938357048,1.0398743634975565,0.657210421214311,False,0.0,0.803929153493556,,1.674818497581667,1015,mixed,20024,0.1541370293622097,False,True,16.0,22.0,36.0,1.1230728962996546,3.038559699469644,3,2,ppo,mixed,20024,True,id,2.264092500001425,29,0.02857142857142857,True
goal,True,20.859999999999644,36.489709091322226,1.7449459677775354,1.3024080866812422,0.7914995919665391,0.4162628704445362,False,0.0,0.2826845261250237,,1.301738224424979,1043,mixed,20025,0.12506823561834135,False,True,16.0,22.0,36.0,0.5851835305880333,3.9342622286547098,2,1,ppo,mixed,20025,True,id,2.230040200003714,283,0.2713326941514861,True
goal,True,21.53999999999963,36.69191925747173,1.6931682723860482,2.5829743343194984,1.015873841436526,0.5821640451262606,False,0.0,0.15469000105400443,,1.5093886432513202,1077,mixed,20026,0.14857003386589795,False,False,16.0,22.0,36.0,0.9127076557861574,3.657954133231503,3,2,ppo,mixed,20026,True,id,2.451228199999605,197,0.1829155060352832,True
goal,True,20.759999999999646,36.471655154815814,1.7521470579240546,2.3183245677368105,0.886071546782743,0.472155925677275,False,0.0,0.2833861328399135,,1.3514454301212735,1038,mixed,20027,0.09937140344251355,True,False,16.0,22.0,36.0,0.8597295952002028,3.91885952397039,2,1,ppo,mixed,20027,True,id,2.1712165999997524,223,0.21483622350674375,True
off_sidewalk,False,5.359999999999974,8.758444753806659,1.6285052602370276,1.416301494611858,0.44677835376915526,0.5711831470378879,False,0.0,0.28809886980123356,,0.4523131685617964,268,mixed,20028,0.06425381722076659,True,False,16.0,22.0,36.0,0.9624755995138865,3.3609021372865486,3,2,ppo,mixed,20028,True,id,0.6264503999991575,71,0.26492537313432835,False
goal,True,23.739999999999583,36.4184492677924,1.527213728717226,1.1928544032799528,0.827652281676395,0.4134566667286107,False,0.0,0.6750195729131576,,1.6074337622066588,1187,mixed,20029,0.09976672092601409,False,True,16.0,22.0,36.0,0.5736399792347735,3.2875184883506394,4,1,ppo,mixed,20029,True,id,2.6570742999974755,203,0.17101937657961247,True
goal,True,23.159999999999595,37.40155146151475,1.6022040668969122,1.3727142463964193,0.6210441347701631,0.5099599321309741,False,0.0,0.5769491137451735,,1.4525992193112798,1158,mixed,20030,0.06424975392811758,False,False,16.0,22.0,36.0,0.8897981665069821,3.72119218384469,3,3,ppo,mixed,20030,True,id,2.6095598000028986,373,0.3221070811744387,True
stall,False,20.819999999999645,10.612885273142973,0.5077286770624635,1.1488548374185499,0.08442751600388944,0.21897809813381783,False,0.0,0.5262849198000599,,0.34058552536194253,1041,mixed,20031,0.14900158948422393,False,False,16.0,22.0,36.0,0.978212772414828,4.550159854187384,2,2,ppo,mixed,20031,True,id,2.1486890999949537,1,0.0009606147934678194,False
goal,True,19.499999999999673,36.698141956113965,1.8760537688025407,1.549379920734704,1.0425326055700117,0.4709788291812618,False,0.0,0.020318776950216333,,1.6475611826635614,975,mixed,20032,0.1590234880617534,True,False,16.0,22.0,36.0,0.6635952492052504,3.666381391257011,2,3,ppo,mixed,20032,True,id,2.0840253999995184,44,0.04512820512820513,True
off_sidewalk,False,6.359999999999952,9.132083449830963,1.428301055164785,1.1851376342553521,0.27751852407884553,0.4874911241459311,False,0.0,0.943703590955427,,0.4532956426372019,318,mixed,20033,0.06360061793988467,False,True,16.0,22.0,36.0,0.6919883232316986,4.250095987102105,4,2,ppo,mixed,20033,True,id,0.746805900002073,87,0.27358490566037735,False
goal,True,21.03999999999964,36.688720353088755,1.735809993014769,1.8297723620292388,0.8722650915634074,0.5275291784498477,False,0.0,0.39999648881513283,,1.4189772130436695,1052,mixed,20034,0.10682029167980459,False,False,16.0,22.0,36.0,0.8249925811908385,3.0006705247774503,2,3,ppo,mixed,20034,True,id,2.2332588999997824,300,0.28517110266159695,True
off_sidewalk,False,7.679999999999924,8.29252957845201,1.0712609528890302,0.9702540953409684,0.2696943581126351,0.4807916052144325,False,0.0,0.7384652053869821,,0.424388906679921,384,mixed,20035,0.10196034117884975,False,False,16.0,22.0,36.0,0.6894359180590975,4.276147798481377,4,1,ppo,mixed,20035,True,id,0.9109328999984427,223,0.5807291666666666,False
off_sidewalk,False,4.339999999999995,7.817303353592552,1.7968127196149657,1.2430272830592697,0.3017087064345766,0.5315582357147232,False,0.0,1.6486085627521354,,0.39316517127159645,217,mixed,20036,0.060970456514079674,False,False,16.0,22.0,36.0,1.1752257784402387,4.460560744974262,3,3,ppo,mixed,20036,True,id,0.4879277000000002,18,0.08294930875576037,False
off_sidewalk,False,6.499999999999949,9.394669256638258,1.437630805074576,1.0843261924889445,0.33822224437930326,0.49713418963466977,False,0.0,0.6619190291414041,,0.4603394440447481,325,mixed,20037,0.06154055662733186,False,False,16.0,22.0,36.0,0.7151302099078998,4.989171936395391,3,1,ppo,mixed,20037,True,id,0.7415163000041503,156,0.48,False
goal,True,18.999999999999684,36.45819835637358,1.9163313134504205,1.5764943158307774,0.8072246881189673,0.354365297968225,False,0.0,0.5616180292774623,,1.167600710991073,950,mixed,20038,0.12446990104063614,True,False,16.0,22.0,36.0,0.5818518918420021,4.654374221685567,2,2,ppo,mixed,20038,True,id,2.0622793000002275,4,0.004210526315789474,True
goal,True,22.9999999999996,36.49510234811743,1.5801354135238233,1.0678485729434626,0.620446830213646,0.48470413162244025,False,0.0,0.43013594264213706,,1.5575836892498967,1150,mixed,20039,0.08563973549220519,False,True,16.0,22.0,36.0,0.8673660396582921,4.700655748188057,3,2,ppo,mixed,20039,True,id,2.5804862000004505,421,0.3660869565217391,True
off_sidewalk,False,5.959999999999961,8.929122413153536,1.4889122564288495,1.0840861966461217,0.39288587704546835,0.5243121682888523,False,0.0,1.1072460304420322,,0.4514151607539269,298,mixed,20040,0.08616938201330882,False,False,16.0,22.0,36.0,0.8369966963533628,4.722273647058514,3,1,ppo,mixed,20040,True,id,0.6887761999969371,57,0.1912751677852349,False
goal,True,21.299999999999635,37.016367838714366,1.7266669294258015,3.1255526105611278,3.065476266261318,0.6310569935548936,True,0.00018779342723004695,0.40064733060058244,,1.692006733450063,1065,mixed,20041,0.14247805374606798,False,False,16.0,22.0,36.0,1.1074865887917782,4.797859776451794,2,3,ppo,mixed,20041,True,id,2.371068099993863,157,0.14741784037558686,False
goal,True,22.03999999999962,36.429915652514836,1.6473978098518542,2.1436519505760296,0.7433504133797353,0.43072443754282147,False,0.0,0.2995155420352005,,1.5297720723767512,1102,mixed,20042,0.10160676434123592,False,False,16.0,22.0,36.0,0.672896604880117,4.531273411592012,3,1,ppo,mixed,20042,True,id,2.3888664999976754,374,0.3393829401088929,True
goal,True,22.099999999999618,36.72292353454278,1.6534469815733146,1.5691846820883295,0.7771687988575398,0.5101773161871258,False,0.0,0.7742885407968763,,1.4654645860581474,1105,mixed,20043,0.08475983497476267,False,False,16.0,22.0,36.0,0.800900320148282,4.153654454709007,4,2,ppo,mixed,20043,True,id,2.516613599997072,277,0.2506787330316742,True
goal,True,22.139999999999617,36.392142346329805,1.6367101885840507,1.7559782178673824,0.8131306528735555,0.472861768396662,False,0.0,0.3040682511713664,,1.6588191623270798,1107,mixed,20044,0.0958450442636862,False,False,16.0,22.0,36.0,0.661501590052196,4.133224086207599,4,1,ppo,mixed,20044,True,id,2.571410900003684,368,0.3324299909665763,True
stall,False,35.079999999999885,27.720114224367542,0.7843562342730794,2.079021528826579,1.1316723192902682,0.39372665117817623,False,0.0,0.6973560828546249,,1.3213221074026478,1754,mixed,20045,0.13155970033930564,False,False,16.0,22.0,36.0,0.6422152651508786,3.239052753851332,4,2,ppo,mixed,20045,True,id,4.088922300004924,128,0.07297605473204105,False
stall,False,33.81999999999969,30.231953208571177,0.8876775855299744,1.6897870024669241,1.1625862601172239,0.38521344273989966,False,0.0,0.5766588257081683,,1.3301203219200246,1691,mixed,20046,0.11327510366253679,True,False,16.0,22.0,36.0,0.6592631168962184,3.4416457245117873,4,1,ppo,mixed,20046,True,id,3.930968299995584,282,0.1667652276759314,False
stall,False,24.599999999999564,9.716051606555656,0.3899316751451044,1.0775119453523312,0.5903837913093803,0.30122190339558846,False,0.0,0.14686070338904522,,0.6004853460069925,1230,mixed,20047,0.15010242775519483,False,True,16.0,22.0,36.0,0.5723402601549998,3.8120447701782125,4,2,ppo,mixed,20047,True,id,2.8507403999974485,1051,0.8544715447154472,False
goal,True,22.179999999999616,36.57865692286957,1.6400399777133774,2.0206936744432937,0.8395216067467921,0.5610902562261882,False,0.0,0.3373599742923431,,1.4957485178010845,1109,mixed,20048,0.09527372691056964,False,False,16.0,22.0,36.0,1.1065610393346483,3.8768915094141527,3,3,ppo,mixed,20048,True,id,2.4304368999946746,345,0.31109107303877365,True
collision,False,4.499999999999992,6.7805996923281,1.4996975920801772,1.0963529503113074,0.27592735083374953,0.5645997250277062,False,0.0,-0.004523517171320268,obstacle,0.30897221906258066,225,mixed,20049,0.061662015782566436,True,False,16.0,22.0,36.0,0.8993511643804148,3.2229482873562647,2,3,ppo,mixed,20049,True,id,0.5217991999961669,97,0.4311111111111111,False
goal,True,20.719999999999647,36.06029757503864,1.7418488505680088,1.049711899054145,0.10545276576477423,0.12051547331036651,False,0.0,,,0.35225728164881737,1036,kerb,20000,0.1773729317335848,True,True,16.0,22.0,36.0,1.1313989832912106,4.053578853961741,0,0,dwa,kerb,20000,True,ood_kerb,1.4948176000034437,0,0.0,True
goal,True,20.97999999999964,36.02430373851714,1.7177207113322241,5.52887594178285,1.3866088031669688,0.34150219626896494,True,0.0019065776930409914,,,0.39814198040592197,1049,kerb,20001,0.1727434384115927,False,False,16.0,22.0,36.0,1.0562714521118246,3.1383771289516806,0,0,dwa,kerb,20001,True,ood_kerb,1.4204604999977164,0,0.0,False
goal,True,25.19999999999955,37.55307678899433,1.4397974250254055,3.050602850218629,0.6345555551078512,0.28128939161782995,True,0.0004761904761904762,,,0.7664139663790663,1260,kerb,20002,0.1546013976475847,False,False,16.0,22.0,36.0,0.5152594284795413,4.568323062029927,0,0,dwa,kerb,20002,True,ood_kerb,1.8465060999951675,0,0.0,False
goal,True,21.139999999999638,36.07480615863933,1.7063034667346135,3.152703790806145,1.0142503114737773,0.29198490039975183,True,0.0013245033112582781,,,0.38754517346392026,1057,kerb,20003,0.1564176626594278,False,False,16.0,22.0,36.0,0.7891774437395254,3.6950972021831383,0,0,dwa,kerb,20003,True,ood_kerb,1.5267783000017516,0,0.0,False
goal,True,20.63999999999965,36.008651785889484,1.7458523389937717,1.4857889100223152,0.7034936788919404,0.17588899349137868,False,0.0,,,0.3533165405152521,1032,kerb,20004,0.1809275775647996,False,True,16.0,22.0,36.0,0.9486985366003076,4.306167078816012,0,0,dwa,kerb,20004,True,ood_kerb,1.4373620999976993,0,0.0,True
goal,True,20.839999999999645,36.11617976504528,1.733702761003121,1.238568822856013,0.6376271627197565,0.18091172266079178,False,0.0,,,0.35031857583938714,1042,kerb,20005,0.1779938406972041,False,True,16.0,22.0,36.0,0.7039660701080666,3.7679980347094397,0,0,dwa,kerb,20005,True,ood_kerb,1.4710150999962934,0,0.0,True
goal,True,20.959999999999642,36.13498662577942,1.7247230292405054,1.2488711749924422,0.615182685286845,0.1709509629582218,False,0.0,,,0.36242065186413497,1048,kerb,20006,0.15507733541905322,False,True,16.0,22.0,36.0,0.5495112970451754,3.389247059011182,0,0,dwa,kerb,20006,True,ood_kerb,1.3742379000032088,0,0.0,True
goal,True,21.439999999999632,36.1346002248146,1.6842113203568294,3.3251945238552802,1.0838587758631897,0.30889765882732384,True,0.0009328358208955224,,,0.4260606114620517,1072,kerb,20007,0.16260028142107105,False,False,16.0,22.0,36.0,0.6481739896030303,4.635101412642601,0,0,dwa,kerb,20007,True,ood_kerb,1.479229700002179,0,0.0,False
goal,True,20.919999999999643,36.03131505271366,1.7231537263173538,4.452192615930769,3.32434781276745,0.31505681034006006,True,0.002294455066921606,,,0.40337599415911507,1046,kerb,20008,0.1692473861100156,False,False,16.0,22.0,36.0,0.9668439017502839,4.848474254493182,0,0,dwa,kerb,20008,True,ood_kerb,1.3599176000061561,0,0.0,False
goal,True,20.819999999999645,36.119902648658275,1.7362578194165268,1.0063094649556346,0.10342891255939649,0.1186005936891879,False,0.0,,,0.3528227989240839,1041,kerb,20009,0.15910009461892133,True,True,16.0,22.0,36.0,0.7706246983229506,3.69956913547227,0,0,dwa,kerb,20009,True,ood_kerb,1.4751562000019476,0,0.0,True
goal,True,25.379999999999548,37.83124854928977,1.4221532440094855,3.1174520542785094,0.5439995258018641,0.34346320038863104,True,0.0006304176516942475,,,0.9148452692057851,1269,kerb,20010,0.15552057253664145,False,False,16.0,22.0,36.0,0.5611351801843887,4.37085018349743,0,0,dwa,kerb,20010,True,ood_kerb,1.7093233999985387,0,0.0,False
goal,True,21.07999999999964,36.044511530073244,1.710432822904417,4.825774890780942,1.1838563832855313,0.33366492900324035,True,0.0020872865275142313,,,0.3983519567156484,1054,kerb,20011,0.16294270555267468,False,False,16.0,22.0,36.0,0.6955172013472936,3.1769049779900986,0,0,dwa,kerb,20011,True,ood_kerb,1.4493201000004774,0,0.0,False
stall,False,29.339999999999463,23.243945398679905,0.7537931927101148,4.150663733698064,1.3315961174222348,0.3217397587773484,True,0.0014996591683708249,,,1.2894010971564962,1467,kerb,20012,0.1894329462481552,True,False,16.0,22.0,36.0,0.7406627564325037,3.0617503503740853,0,0,dwa,kerb,20012,True,ood_kerb,2.095560599998862,0,0.0,False
goal,True,21.05999999999964,36.10423110052338,1.7144079833345904,3.076174272330654,1.0498087621129204,0.27575988542353225,True,0.0005698005698005698,,,0.3896131846279406,1053,kerb,20013,0.15512301290209057,False,False,16.0,22.0,36.0,1.0576165568905593,4.610537059342762,0,0,dwa,kerb,20013,True,ood_kerb,1.4471073999957298,0,0.0,False
goal,True,20.99999999999964,36.1124765637798,1.7197928860504228,3.93360532658775,1.0358541906394547,0.27453842300662007,True,0.0015238095238095239,,,0.3833962408940391,1050,kerb,20014,0.17318528996077448,False,False,16.0,22.0,36.0,0.7789941675573437,4.643927656878525,0,0,dwa,kerb,20014,True,ood_kerb,1.4426516000021365,0,0.0,False
goal,True,21.53999999999963,36.09082242259022,1.675991827065888,3.6115680550916647,1.8717351991173041,0.2719339065550921,True,0.0012999071494893223,,,0.40562150230470534,1077,kerb,20015,0.18026200457830596,True,False,16.0,22.0,36.0,1.0799199200874088,4.212718516623833,0,0,dwa,kerb,20015,True,ood_kerb,1.4158619000008912,0,0.0,False
goal,True,25.159999999999553,37.361561719529924,1.4345652263412056,3.1676650418459618,0.6385212096527592,0.28659436500562263,True,0.0006359300476947536,,,0.8412874017867358,1258,kerb,20016,0.1544053678366516,False,False,16.0,22.0,36.0,0.5263634475805654,3.8804668888320917,0,0,dwa,kerb,20016,True,ood_kerb,1.777519700000994,0,0.0,False
goal,True,21.45999999999963,36.03275668151249,1.6800778553851514,4.955585654843281,1.2707262981280407,0.2979268590612092,True,0.0020503261882572226,,,0.40164424351282635,1073,kerb,20017,0.1737674740316792,True,False,16.0,22.0,36.0,0.9775845312192193,3.925054574983727,0,0,dwa,kerb,20017,True,ood_kerb,1.4930479000031482,0,0.0,False
goal,True,20.61999999999965,36.033234558830394,1.7487071863239958,1.5812013915140803,0.756133175889324,0.17877587370409534,False,0.0,,,0.35172189260947073,1031,kerb,20018,0.18106313287723808,False,True,16.0,22.0,36.0,0.8136281028071288,3.786391784438904,0,0,dwa,kerb,20018,True,ood_kerb,1.4268597999980557,0,0.0,True
goal,True,21.47999999999963,36.08845074790575,1.6797785752403886,4.213567482394715,1.7429582801284003,0.38014582876314923,True,0.003910614525139665,,,0.43011612458965165,1074,kerb,20019,0.18405379613893585,False,False,16.0,22.0,36.0,0.7641486695576738,3.2154782479885347,0,0,dwa,kerb,20019,True,ood_kerb,1.3963879000002635,0,0.0,False
goal,True,20.819999999999645,36.083277879386124,1.734080112715198,1.4924127628739674,0.8213003433422718,0.1857282166037531,False,0.0,,,0.3542222605932666,1041,kerb,20020,0.1880643011061596,False,True,16.0,22.0,36.0,0.8885876540186612,3.7436670446590714,0,0,dwa,kerb,20020,True,ood_kerb,1.4066519999978482,0,0.0,True
goal,True,20.799999999999645,36.087210841721884,1.7363965730623274,1.0222555680222618,0.10977074646193635,0.1185750003726066,False,0.0,,,0.351427973343994,1040,kerb,20021,0.1713161813657677,True,True,16.0,22.0,36.0,0.7203180953825223,3.4266242250056873,0,0,dwa,kerb,20021,True,ood_kerb,1.4378818000041065,0,0.0,True
goal,True,21.57999999999963,36.08455405167963,1.6727005042274956,3.917070380384077,1.2259033079471386,0.28343301048366815,True,0.0022242817423540314,,,0.40494660051958803,1079,kerb,20022,0.17674454895175823,True,False,16.0,22.0,36.0,1.0373388671645993,3.927530768544716,0,0,dwa,kerb,20022,True,ood_kerb,1.4732476999997743,0,0.0,False
goal,True,20.839999999999645,36.11363870678737,1.7336362695097465,1.1183990694686117,0.581316857200642,0.17523311492279203,False,0.0,,,0.35628700755848225,1042,kerb,20023,0.17440340062788107,False,True,16.0,22.0,36.0,1.0608568624137475,4.581591014998616,0,0,dwa,kerb,20023,True,ood_kerb,1.3690406999958213,0,0.0,True
goal,True,20.739999999999647,36.05334650563829,1.7395533121349331,1.6714803126173912,0.9675020977693718,0.19025921475912516,False,0.0,,,0.3506025137842131,1037,kerb,20024,0.18765481174488385,False,True,16.0,22.0,36.0,1.1230728962996546,3.038559699469644,0,0,dwa,kerb,20024,True,ood_kerb,1.3920515999998315,0,0.0,True
goal,True,20.879999999999644,36.108430252123235,1.7300553651767439,1.2184946833466632,0.6338719550621317,0.1769451156293471,False,0.0,,,0.35746648060984093,1044,kerb,20025,0.17602729424733654,False,True,16.0,22.0,36.0,0.5851835305880333,3.9342622286547098,0,0,dwa,kerb,20025,True,ood_kerb,1.3726728999972693,0,0.0,True
goal,True,21.299999999999635,36.122336900732186,1.6958035741824564,3.7650023892722633,1.251938025447527,0.32987410057467204,True,0.0015023474178403756,,,0.4154590123370925,1065,kerb,20026,0.18542801354635918,False,False,16.0,22.0,36.0,0.9127076557861574,3.657954133231503,0,0,dwa,kerb,20026,True,ood_kerb,1.3754849999968428,0,0.0,False
goal,True,21.57999999999963,36.09764768215964,1.6733076297651133,3.7070125757617567,1.1455262420143026,0.2730477641932277,True,0.0014828544949026877,,,0.4044568529963443,1079,kerb,20027,0.16574856137700542,True,False,16.0,22.0,36.0,0.8597295952002028,3.91885952397039,0,0,dwa,kerb,20027,True,ood_kerb,1.4675588999962201,0,0.0,False
goal,True,21.399999999999633,36.07471485302077,1.6864998454695086,3.3160228877529287,1.0673069068869496,0.25027890635334543,True,0.0007476635514018691,,,0.3830379223806409,1070,kerb,20028,0.15170152688830663,True,False,16.0,22.0,36.0,0.9624755995138865,3.3609021372865486,0,0,dwa,kerb,20028,True,ood_kerb,1.379580699998769,0,0.0,False
goal,True,20.859999999999644,36.09461500900616,1.7310111967502606,1.2646554519710271,0.6332594635967392,0.17644666755881835,False,0.0,,,0.35629233709446606,1043,kerb,20029,0.16590668837040562,False,True,16.0,22.0,36.0,0.5736399792347735,3.2875184883506394,0,0,dwa,kerb,20029,True,ood_kerb,1.3934217000060016,0,0.0,True
goal,True,21.139999999999638,36.092869687376464,1.7072710636469932,3.1443578715554197,1.0203569173581455,0.28269089975470924,True,0.0007568590350047304,,,0.38808864795569503,1057,kerb,20030,0.15169990157124702,False,False,16.0,22.0,36.0,0.8897981665069821,3.72119218384469,0,0,dwa,kerb,20030,True,ood_kerb,1.5147654000029434,0,0.0,False
goal,True,21.07999999999964,36.02071882782028,1.7092846284398224,4.972806459498118,2.3781022904563485,0.3402818408695044,True,0.0020872865275142313,,,0.41771966521130577,1054,kerb,20031,0.18560063579368957,False,False,16.0,22.0,36.0,0.978212772414828,4.550159854187384,0,0,dwa,kerb,20031,True,ood_kerb,1.3319783000042662,0,0.0,False
stall,False,29.379999999999463,23.094779381261574,0.7518982934539461,4.1031362092281505,1.1568297392018378,0.31140241920827066,True,0.0019060585432266847,,,1.289139890118908,1469,kerb,20032,0.18960939522470135,True,False,16.0,22.0,36.0,0.6635952492052504,3.666381391257011,0,0,dwa,kerb,20032,True,ood_kerb,2.0322486000004574,0,0.0,False
goal,True,20.919999999999643,36.12130778619181,1.7273352605428578,1.092388115678555,0.5183459441205235,0.1683328201595944,False,0.0,,,0.3546721730001596,1046,kerb,20033,0.15144024717595386,False,True,16.0,22.0,36.0,0.6919883232316986,4.250095987102105,0,0,dwa,kerb,20033,True,ood_kerb,1.4099201000062749,0,0.0,True
goal,True,20.97999999999964,36.13179234645907,1.722242075533692,3.8125608663963426,1.3590241954342872,0.294737990908338,True,0.001525262154432793,,,0.3764470629537755,1049,kerb,20034,0.16872811667192184,False,False,16.0,22.0,36.0,0.8249925811908385,3.0006705247774503,0,0,dwa,kerb,20034,True,ood_kerb,1.3982122999950661,0,0.0,False
goal,True,21.319999999999634,36.136080984711064,1.6942478107782477,3.128928878518232,1.0821429081148188,0.3113089254586493,True,0.001125703564727955,,,0.41288354882346195,1066,kerb,20035,0.1667841364715399,False,False,16.0,22.0,36.0,0.6894359180590975,4.276147798481377,0,0,dwa,kerb,20035,True,ood_kerb,1.334182200000214,0,0.0,False
goal,True,21.03999999999964,36.05166623817245,1.7138003454071413,2.888272852489425,1.0234447662694797,0.26697425012348897,False,0.0,,,0.3813747665793023,1052,kerb,20036,0.15038818260563186,False,False,16.0,22.0,36.0,1.1752257784402387,4.460560744974262,0,0,dwa,kerb,20036,True,ood_kerb,1.3618021000002045,0,0.0,True
goal,True,20.939999999999642,36.122443210789044,1.7255001364909617,2.7850991511088363,1.9747848411351323,0.23807603686232376,False,0.0,,,0.3749447039968086,1047,kerb,20037,0.15061622265093275,False,False,16.0,22.0,36.0,0.7151302099078998,4.989171936395391,0,0,dwa,kerb,20037,True,ood_kerb,1.4389779999983148,0,0.0,True
stall,False,29.55999999999946,23.127384881867588,0.7485708083383519,3.689558263070233,1.1272948385270773,0.2815600275894923,True,0.0009472259810554803,,,1.5376124690259285,1478,kerb,20038,0.17578796041625444,True,False,16.0,22.0,36.0,0.5818518918420021,4.654374221685567,0,0,dwa,kerb,20038,True,ood_kerb,2.0225818999970215,0,0.0,False
goal,True,20.779999999999646,36.04104286479829,1.7354241743555703,1.1313305497666362,0.6277532114829021,0.16837772221898997,False,0.0,,,0.34929056497800554,1039,kerb,20039,0.16025589419688208,False,True,16.0,22.0,36.0,0.8673660396582921,4.700655748188057,0,0,dwa,kerb,20039,True,ood_kerb,1.4045666999954847,0,0.0,True
goal,True,20.97999999999964,36.098392413751974,1.7209704303464433,3.1342056666254985,1.5886119428467285,0.2650932876255654,True,0.0007626310772163965,,,0.3828251156215929,1049,kerb,20040,0.16046775280532352,False,False,16.0,22.0,36.0,0.8369966963533628,4.722273647058514,0,0,dwa,kerb,20040,True,ood_kerb,1.4140794000049937,0,0.0,False
goal,True,21.05999999999964,36.02123599408768,1.7110602233433168,4.7562132242117405,4.398689684281467,0.33819880076132824,True,0.0024691358024691358,,,0.4121272649961483,1053,kerb,20041,0.1829912214984272,False,False,16.0,22.0,36.0,1.1074865887917782,4.797859776451794,0,0,dwa,kerb,20041,True,ood_kerb,1.3414947999990545,0,0.0,False
goal,True,21.279999999999635,36.16540960843436,1.69968114319289,3.667307948785381,0.9359809782954689,0.30280083107095485,True,0.0013157894736842105,,,0.41474030605187007,1064,kerb,20042,0.16664270573649437,False,False,16.0,22.0,36.0,0.672896604880117,4.531273411592012,0,0,dwa,kerb,20042,True,ood_kerb,1.3937208999996074,0,0.0,False
goal,True,20.919999999999643,36.05441529664487,1.7238811617358532,3.2673403498993583,1.1265211880597814,0.26130462825866124,True,0.0009560229445506692,,,0.3742184960576027,1046,kerb,20043,0.15990393398990507,False,False,16.0,22.0,36.0,0.800900320148282,4.153654454709007,0,0,dwa,kerb,20043,True,ood_kerb,1.4198254000002635,0,0.0,False
goal,True,21.299999999999635,36.148465643646226,1.6970508893222016,3.667562328588468,1.0028921284321761,0.3102866636123353,True,0.0015023474178403756,,,0.4119164747327215,1065,kerb,20044,0.1643380177054745,False,False,16.0,22.0,36.0,0.661501590052196,4.133224086207599,0,0,dwa,kerb,20044,True,ood_kerb,1.4108372000046074,0,0.0,False
stall,False,29.05999999999947,23.13349668471152,0.7605513299103586,3.6472165414325692,1.1580474377902732,0.32488599029723375,True,0.0013764624913971094,,,1.4394299963704218,1453,kerb,20045,0.17862388013572225,False,False,16.0,22.0,36.0,0.6422152651508786,3.239052753851332,0,0,dwa,kerb,20045,True,ood_kerb,2.115773600002285,0,0.0,False
goal,True,21.859999999999623,36.07303660727533,1.6506964474426282,3.942210130482035,1.7526947623541973,0.3364693153701789,True,0.0036596523330283625,,,0.423862725138228,1093,kerb,20046,0.17131004146501472,True,False,16.0,22.0,36.0,0.6592631168962184,3.4416457245117873,0,0,dwa,kerb,20046,True,ood_kerb,1.5470913000026485,0,0.0,False
goal,True,20.859999999999644,36.085572378846784,1.7309383096611184,1.4788410089552508,0.8116297994593523,0.18195440894426038,False,0.0,,,0.35720905735329206,1043,kerb,20047,0.18604097110207793,False,True,16.0,22.0,36.0,0.5723402601549998,3.8120447701782125,0,0,dwa,kerb,20047,True,ood_kerb,1.4218693000002531,0,0.0,True
goal,True,20.97999999999964,36.094416557569126,1.720973268739807,3.5046942523799505,1.1674607500148053,0.2739543686746645,True,0.001143946615824595,,,0.38152390533726976,1049,kerb,20048,0.16410949076422784,False,False,16.0,22.0,36.0,1.1065610393346483,3.8768915094141527,0,0,dwa,kerb,20048,True,ood_kerb,1.4283964999995078,0,0.0,False
goal,True,21.439999999999632,36.103522040834505,1.6845999480873952,3.414351195029117,1.0162549551523172,0.2530340975277738,True,0.0009328358208955224,,,0.3863868183872396,1072,kerb,20049,0.15066480631302656,True,False,16.0,22.0,36.0,0.8993511643804148,3.2229482873562647,0,0,dwa,kerb,20049,True,ood_kerb,1.4382330000007642,0,0.0,False
goal,True,29.45999999999946,36.50222901847287,1.2350157950022962,1.199604668841063,0.09237967360085109,0.2756277068095273,False,0.0,0.01719582262348615,,0.9051175980151775,1473,mixed,20000,0.1773729317335848,True,True,16.0,22.0,36.0,1.1313989832912106,4.053578853961741,4,1,dwa,mixed,20000,True,ood_kerb,3.369327100001101,315,0.21384928716904278,True
stall,False,22.49999999999961,3.960792061508547,0.17527353244942462,1.3018354296884727,0.06808266149512922,0.1730667079606212,False,0.0,0.13141973632837434,,0.24890867518054755,1125,mixed,20001,0.1727434384115927,False,False,16.0,22.0,36.0,1.0562714521118246,3.1383771289516806,2,3,dwa,mixed,20001,True,ood_kerb,2.383900699998776,767,0.6817777777777778,False
stall,False,32.399999999999466,4.139080512710275,0.12688042986962697,0.7627506708230801,0.04629535902918234,0.10241571077788772,False,0.0,0.18563819450253144,,0.2832574172244674,1620,mixed,20002,0.1546013976475847,False,False,16.0,22.0,36.0,0.5152594284795413,4.568323062029927,2,3,dwa,mixed,20002,True,ood_kerb,4.054897000001802,776,0.47901234567901235,False
goal,True,30.299999999999443,37.13291718287722,1.223215442208595,1.0791812590655179,0.693386531784168,0.2908462978763456,False,0.0,0.32421006121200957,,0.8940068609472263,1515,mixed,20003,0.1564176626594278,False,False,16.0,22.0,36.0,0.7891774437395254,3.6950972021831383,4,2,dwa,mixed,20003,True,ood_kerb,3.5795695000051637,254,0.16765676567656765,True
stall,False,21.859999999999623,8.269398246822261,0.3775137839730926,0.8449713683584903,0.05411251894232095,0.15088930033079728,False,0.0,0.27376394400602344,,0.3354971322787289,1093,mixed,20004,0.1809275775647996,False,True,16.0,22.0,36.0,0.9486985366003076,4.306167078816012,4,3,dwa,mixed,20004,True,ood_kerb,2.738645899997209,224,0.20494053064958828,False
goal,True,25.459999999999546,36.11246530774375,1.4189637766557217,1.5789939351641524,0.7557754632899281,0.25643181472583004,False,0.0,0.18267791470848938,,0.6538424194890251,1273,mixed,20005,0.1779938406972041,False,True,16.0,22.0,36.0,0.7039660701080666,3.7679980347094397,2,2,dwa,mixed,20005,True,ood_kerb,2.6491335000027902,142,0.11154752553024352,True
off_sidewalk,False,19.359999999999676,27.846631727399362,1.4371164068376867,1.5040071754942277,0.7952104507738244,0.2698537341983586,False,0.0,0.2821418569149061,,0.5393376496829965,968,mixed,20006,0.15507733541905322,False,True,16.0,22.0,36.0,0.5495112970451754,3.389247059011182,3,1,dwa,mixed,20006,True,ood_kerb,2.1761375999994925,79,0.08161157024793389,False
goal,True,24.75999999999956,36.2201882579729,1.4615598641321992,3.348352387240673,1.139282664523583,0.32523312185286396,True,0.0009693053311793214,0.2928242362747704,,0.6546873438358132,1238,mixed,20007,0.16260028142107105,False,False,16.0,22.0,36.0,0.6481739896030303,4.635101412642601,4,1,dwa,mixed,20007,True,ood_kerb,2.9185251999952015,375,0.30290791599353795,False
goal,True,27.439999999999504,36.19907427616637,1.3188946263150483,3.2643837199964736,2.9666940169557057,0.28202364015148496,True,0.0010204081632653062,0.306175771215741,,0.7016738467403565,1372,mixed,20008,0.1692473861100156,False,False,16.0,22.0,36.0,0.9668439017502839,4.848474254493182,2,1,dwa,mixed,20008,True,ood_kerb,2.839742500000284,119,0.08673469387755102,False
goal,True,26.399999999999526,36.45331394198192,1.380798116800883,1.006309464955635,0.09527132297646389,0.16790845723043205,False,0.0,0.13549775209247472,,0.5811140622926729,1320,mixed,20009,0.15910009461892133,True,True,16.0,22.0,36.0,0.7706246983229506,3.69956913547227,4,1,dwa,mixed,20009,True,ood_kerb,2.8984737999999197,187,0.14166666666666666,True
goal,True,30.719999999999434,38.07676939873597,1.182477488215485,3.9907999889499175,1.0234474309242207,0.37751950419482855,True,0.001171875,0.1609073335392306,,1.2295543076799134,1536,mixed,20010,0.15552057253664145,False,False,16.0,22.0,36.0,0.5611351801843887,4.37085018349743,4,1,dwa,mixed,20010,True,ood_kerb,3.4730713999961154,395,0.2571614583333333,False
stall,False,31.33999999999942,22.657678757288963,0.7041174998743077,3.3742560129831944,0.8170526486407985,0.2711342069287741,True,0.0006381620931716656,2.683285525591146,,0.9218157562087023,1567,mixed,20011,0.16294270555267468,False,False,16.0,22.0,36.0,0.6955172013472936,3.1769049779900986,3,3,dwa,mixed,20011,True,ood_kerb,3.3426225000002887,0,0.0,False
goal,True,30.619999999999436,36.341180744986914,1.1865674543705067,2.726176828054915,1.1056672830924401,0.32132438893653303,False,0.0,0.2634481762357813,,0.9710967140575847,1531,mixed,20012,0.1894329462481552,True,False,16.0,22.0,36.0,0.7406627564325037,3.0617503503740853,4,2,dwa,mixed,20012,True,ood_kerb,3.5514853999993647,395,0.25800130633572826,True
goal,True,22.659999999999606,36.11868549364626,1.5937473383084835,2.9713936201667397,1.0457158619166451,0.2861701660625835,False,0.0,0.37454321114003164,,0.5264759394717566,1133,mixed,20013,0.15512301290209057,False,False,16.0,22.0,36.0,1.0576165568905593,4.610537059342762,2,1,dwa,mixed,20013,True,ood_kerb,2.173033499995654,220,0.1941747572815534,True
off_sidewalk,False,12.17999999999983,10.353390143945777,0.847967604299558,1.0143701182123372,0.27522560183437705,0.22919799258379356,False,0.0,0.275567207538161,,0.2599760818957364,609,mixed,20014,0.17318528996077448,False,False,16.0,22.0,36.0,0.7789941675573437,4.643927656878525,2,2,dwa,mixed,20014,True,ood_kerb,1.4725796999991871,179,0.2939244663382594,False
collision,False,29.47999999999946,31.15406225174265,1.0570135081526884,3.5435742965221935,1.0205032585709533,0.2925213087618664,True,0.0008141112618724559,-0.0004980472145476034,obstacle,0.7460357326260043,1474,mixed,20015,0.18026200457830596,True,False,16.0,22.0,36.0,1.0799199200874088,4.212718516623833,4,3,dwa,mixed,20015,True,ood_kerb,3.498468600002525,183,0.12415196743554953,False
off_sidewalk,False,27.019999999999513,27.486436031511406,1.0157797561529567,1.6429530543612265,1.103004530821553,0.2807849018953075,False,0.0,0.0719920413293168,,0.6215345220532527,1351,mixed,20016,0.1544053678366516,False,False,16.0,22.0,36.0,0.5263634475805654,3.8804668888320917,2,1,dwa,mixed,20016,True,ood_kerb,2.804200700004003,169,0.12509252405625462,False
collision,False,24.179999999999573,28.44537505690522,1.1745126169970046,4.119753230222732,0.9809579439196624,0.34756935126559413,True,0.001488833746898263,-0.0006540578396186381,obstacle,0.8116485707911107,1209,mixed,20017,0.1737674740316792,True,False,16.0,22.0,36.0,0.9775845312192193,3.925054574983727,4,3,dwa,mixed,20017,True,ood_kerb,2.7159955999959493,135,0.11166253101736973,False
collision,False,23.89999999999958,28.50056475402945,1.1918008916822773,1.228407228894399,0.5916240458162513,0.24893830570295705,False,0.0,-0.007408274582739072,obstacle,0.5979840654302674,1195,mixed,20018,0.18106313287723808,False,True,16.0,22.0,36.0,0.8136281028071288,3.786391784438904,4,2,dwa,mixed,20018,True,ood_kerb,2.7528628000000026,397,0.3322175732217573,False
goal,True,26.65999999999952,36.1109147392499,1.3538422875556952,5.120363667289811,1.888474509240754,0.3943149855624273,True,0.0033008252063015755,0.14827149558442476,,0.6640287208048185,1333,mixed,20019,0.18405379613893585,False,False,16.0,22.0,36.0,0.7641486695576738,3.2154782479885347,3,1,dwa,mixed,20019,True,ood_kerb,2.872165499997209,32,0.024006001500375095,False
goal,True,31.619999999999415,36.41908313347087,1.1509277625099628,1.4785803762882925,0.8073558567862636,0.24914514368250565,False,0.0,0.137461064247727,,0.7819333806071368,1581,mixed,20020,0.1880643011061596,False,True,16.0,22.0,36.0,0.8885876540186612,3.7436670446590714,4,2,dwa,mixed,20020,True,ood_kerb,3.5558272000052966,293,0.18532574320050602,True
goal,True,25.879999999999537,36.351388168627764,1.404890430235744,1.181807368254623,0.6838458076733452,0.19452754797943997,False,0.0,0.09312352555623007,,0.5941128026828215,1294,mixed,20021,0.1713161813657677,True,True,16.0,22.0,36.0,0.7203180953825223,3.4266242250056873,2,3,dwa,mixed,20021,True,ood_kerb,2.9754765999969095,423,0.3268933539412674,True
goal,True,21.779999999999625,36.142903027349014,1.660241209074051,3.8440226052449704,1.1938302046219609,0.28040723471350654,True,0.0012855831037649219,0.6218691484049272,,0.45058604069003566,1089,mixed,20022,0.17674454895175823,True,False,16.0,22.0,36.0,1.0373388671645993,3.927530768544716,2,1,dwa,mixed,20022,True,ood_kerb,2.057553300001018,0,0.0,False
off_sidewalk,False,32.139999999999425,32.494880433812774,1.010575144267965,1.112572558289863,0.5752361466780305,0.1858631006517474,False,0.0,0.8479647255675007,,0.5361014580903651,1607,mixed,20023,0.17440340062788107,False,True,16.0,22.0,36.0,1.0608568624137475,4.581591014998616,4,1,dwa,mixed,20023,True,ood_kerb,3.983412000001408,20,0.012445550715619166,False
goal,True,29.91999999999945,36.15061194015343,1.2084561734180863,1.4429882401375782,0.8039317136798336,0.19842325316673834,False,0.0,0.4089721213243692,,0.5255484868763541,1496,mixed,20024,0.18765481174488385,False,True,16.0,22.0,36.0,1.1230728962996546,3.038559699469644,3,2,dwa,mixed,20024,True,ood_kerb,3.54289279999648,1,0.0006684491978609625,True
goal,True,25.099999999999554,36.13802316258838,1.4400948221767187,1.218410401419973,0.6113872422946097,0.25326718396985415,False,0.0,0.17847826967410096,,0.815407541907703,1255,mixed,20025,0.17602729424733654,False,True,16.0,22.0,36.0,0.5851835305880333,3.9342622286547098,2,1,dwa,mixed,20025,True,ood_kerb,2.630165100003069,361,0.28764940239043824,True
stall,False,35.35999999999993,26.762919221834,0.7560110400757044,5.4319202114671565,1.4114165625790123,0.31968245541867646,True,0.0020361990950226246,0.08090313810205604,,0.669159295863835,1768,mixed,20026,0.18542801354635918,False,False,16.0,22.0,36.0,0.9127076557861574,3.657954133231503,3,2,dwa,mixed,20026,True,ood_kerb,4.120478699995147,757,0.4281674208144796,False
goal,True,28.699999999999477,36.074698082650876,1.2572699900845148,4.71193581140315,1.2259301312813982,0.332002767333487,True,0.0013937282229965157,0.07035044590886097,,0.7787384697909139,1435,mixed,20027,0.16574856137700542,True,False,16.0,22.0,36.0,0.8597295952002028,3.91885952397039,2,1,dwa,mixed,20027,True,ood_kerb,3.026374900000519,24,0.016724738675958188,False
goal,True,38.82000000000047,36.410379599391526,0.9372050238315037,3.3756529419616097,1.0780715296114747,0.2343883783879156,True,0.0005151983513652757,0.07346706015091631,,0.7728623352232284,1941,mixed,20028,0.15170152688830663,True,False,16.0,22.0,36.0,0.9624755995138865,3.3609021372865486,3,2,dwa,mixed,20028,True,ood_kerb,4.37131650000083,183,0.09428129829984544,False
goal,True,29.379999999999463,36.32437238847014,1.235829675555636,1.26818340734302,0.6428403983290021,0.22131139076404516,False,0.0,0.2809939261653731,,0.6120761811091536,1469,mixed,20029,0.16590668837040562,False,True,16.0,22.0,36.0,0.5736399792347735,3.2875184883506394,4,1,dwa,mixed,20029,True,ood_kerb,3.371754799998598,84,0.05718175629680054,True
stall,False,18.69999999999969,5.201538532618187,0.27708678406056575,1.3722950535707121,0.06578112037198988,0.1701398716450459,False,0.0,0.027292410884043883,,0.2751432557454001,935,mixed,20030,0.15169990157124702,False,False,16.0,22.0,36.0,0.8897981665069821,3.72119218384469,3,3,dwa,mixed,20030,True,ood_kerb,2.3911745000004885,795,0.8502673796791443,False
stall,False,29.09999999999947,22.59552208448703,0.7597584495347858,2.6519080158567028,0.6975941868789816,0.24736640145219063,False,0.0,0.23373769326821203,,0.8363699939857258,1455,mixed,20031,0.18560063579368957,False,False,16.0,22.0,36.0,0.978212772414828,4.550159854187384,2,2,dwa,mixed,20031,True,ood_kerb,3.160468199996103,0,0.0,False
stall,False,28.679999999999477,8.9394713490232,0.3105710987716533,1.0223532522346868,0.0702550246562833,0.14483153571505217,False,0.0,0.08324362359844198,,0.3522053396583573,1434,mixed,20032,0.18960939522470135,True,False,16.0,22.0,36.0,0.6635952492052504,3.666381391257011,2,3,dwa,mixed,20032,True,ood_kerb,3.0642232000027434,771,0.5376569037656904,False
goal,True,25.099999999999554,36.187669093983416,1.4419730360825525,1.2879438922421715,0.6200904911735371,0.22384927477603134,False,0.0,0.3049664585751408,,0.6259900018709855,1255,mixed,20033,0.15144024717595386,False,True,16.0,22.0,36.0,0.6919883232316986,4.250095987102105,4,2,dwa,mixed,20033,True,ood_kerb,2.888624699997308,298,0.23745019920318725,True
stall,False,36.040000000000035,25.89867153250773,0.7169142495380101,3.484801552637458,0.9880459564014268,0.2562998160461583,True,0.0006659267480577136,0.2684162669007861,,0.6542319994867638,1802,mixed,20034,0.16872811667192184,False,False,16.0,22.0,36.0,0.8249925811908385,3.0006705247774503,2,3,dwa,mixed,20034,True,ood_kerb,4.344980200003192,158,0.0876803551609323,False
goal,True,25.019999999999555,36.14167240158996,1.444399978894366,3.873737335624489,0.9879430223056874,0.28580085635601143,True,0.001278976818545164,0.3361040711491541,,0.5713443584945177,1251,mixed,20035,0.1667841364715399,False,False,16.0,22.0,36.0,0.6894359180590975,4.276147798481377,4,1,dwa,mixed,20035,True,ood_kerb,2.80128230000264,339,0.2709832134292566,False
goal,True,37.840000000000316,36.316708210893516,0.9592338996971267,3.3904889568529484,0.8219629093948032,0.23071483314349256,True,0.0006342494714587737,0.08294414692906213,,0.7860656893518497,1892,mixed,20036,0.15038818260563186,False,False,16.0,22.0,36.0,1.1752257784402387,4.460560744974262,3,3,dwa,mixed,20036,True,ood_kerb,4.67531059999601,915,0.483615221987315,False
goal,True,26.399999999999526,36.28279417095609,1.3726785728803843,2.0073514293568584,0.7656601152332867,0.2790815618139776,False,0.0,0.22813834917585465,,0.8910220735855078,1320,mixed,20037,0.15061622265093275,False,False,16.0,22.0,36.0,0.7151302099078998,4.989171936395391,3,1,dwa,mixed,20037,True,ood_kerb,2.7623030000031576,238,0.1803030303030303,True
stall,False,17.619999999999713,4.529742229249061,0.2565257039839624,0.8767906750284743,0.061876054688588276,0.11544339223344492,False,0.0,0.06980491865446914,,0.21015667217477163,881,mixed,20038,0.17578796041625444,True,False,16.0,22.0,36.0,0.5818518918420021,4.654374221685567,2,2,dwa,mixed,20038,True,ood_kerb,2.2999245999963023,735,0.8342792281498297,False
off_sidewalk,False,22.299999999999613,26.490177802430928,1.1871953390699017,1.2878187783253463,0.6076370443006518,0.2441098648256614,False,0.0,0.26160734292009924,,0.613365415950678,1115,mixed,20039,0.16025589419688208,False,True,16.0,22.0,36.0,0.8673660396582921,4.700655748188057,3,2,dwa,mixed,20039,True,ood_kerb,2.392343500003335,260,0.23318385650224216,False
stall,False,40.10000000000067,26.772984925823025,0.6663645122601455,3.1010657339244427,0.8906899199798252,0.24952682693770564,True,0.0002992518703241895,0.06639948907333393,,0.7571567023795537,2005,mixed,20040,0.16046775280532352,False,False,16.0,22.0,36.0,0.8369966963533628,4.722273647058514,3,1,dwa,mixed,20040,True,ood_kerb,4.424104300000181,976,0.486783042394015,False
stall,False,30.39999999999944,22.6115635152655,0.7286666628907783,2.840684828395579,0.53728662954996,0.23236593331740285,False,0.0,0.3206121862027833,,0.802235681743273,1520,mixed,20041,0.1829912214984272,False,False,16.0,22.0,36.0,1.1074865887917782,4.797859776451794,2,3,dwa,mixed,20041,True,ood_kerb,3.3802259000003687,124,0.08157894736842106,False
stall,False,36.72000000000014,23.172366314468164,0.6017616398304408,1.392468141362786,0.7890891674474958,0.25732900015600335,False,0.0,0.09637837286757778,,1.62330578723519,1836,mixed,20042,0.16664270573649437,False,False,16.0,22.0,36.0,0.672896604880117,4.531273411592012,3,1,dwa,mixed,20042,True,ood_kerb,4.191192400001455,340,0.18518518518518517,False
goal,True,25.099999999999554,36.21454767160626,1.443011848742524,1.789876170416411,1.2165838527995365,0.2738806449418724,False,0.0,0.3094748273521647,,0.7039613652787837,1255,mixed,20043,0.15990393398990507,False,False,16.0,22.0,36.0,0.800900320148282,4.153654454709007,4,2,dwa,mixed,20043,True,ood_kerb,2.84569460000057,143,0.11394422310756971,True
goal,True,28.61999999999948,36.48731220177776,1.273705799194722,3.7317658058615555,1.514583380190507,0.3365920982261165,True,0.0020964360587002098,0.3774902883138316,,0.8150745002502306,1431,mixed,20044,0.1643380177054745,False,False,16.0,22.0,36.0,0.661501590052196,4.133224086207599,4,1,dwa,mixed,20044,True,ood_kerb,3.223178000000189,355,0.24807826694619148,False
stall,False,31.83999999999941,23.30196027349981,0.6967698949420938,5.264612788988102,1.1807377468505427,0.36112046015829563,True,0.0013819095477386936,0.3242386326851271,,1.6273693149893014,1592,mixed,20045,0.17862388013572225,False,False,16.0,22.0,36.0,0.6422152651508786,3.239052753851332,4,2,dwa,mixed,20045,True,ood_kerb,3.4342101000002003,225,0.14133165829145727,False
goal,True,27.239999999999508,36.317969801703484,1.333317888855279,1.6173339254749908,1.4937862557033939,0.26563261754486034,False,0.0,0.26597134602138384,,0.7066159367261238,1362,mixed,20046,0.17131004146501472,True,False,16.0,22.0,36.0,0.6592631168962184,3.4416457245117873,4,1,dwa,mixed,20046,True,ood_kerb,3.066888100001961,353,0.2591776798825257,True
stall,False,27.339999999999506,9.465908295270735,0.3450826142132713,0.9369765411607186,0.06543581651328678,0.15863927327245636,False,0.0,0.1046845556216888,,0.3922129456593877,1367,mixed,20047,0.18604097110207793,False,True,16.0,22.0,36.0,0.5723402601549998,3.8120447701782125,4,2,dwa,mixed,20047,True,ood_kerb,3.996479099994758,948,0.6934893928310168,False
collision,False,3.660000000000003,4.696725518583075,1.2842327748495432,1.1951908093012495,0.06861217704796525,0.33719773717035156,False,0.0,-0.004271430017125599,obstacle,0.18159660330059318,183,mixed,20048,0.16410949076422784,False,False,16.0,22.0,36.0,1.1065610393346483,3.8768915094141527,3,3,dwa,mixed,20048,True,ood_kerb,0.49159009999857517,54,0.29508196721311475,False
goal,True,34.13999999999974,36.76320885094504,1.0741640288354612,3.247551351830989,0.9959619364975727,0.29701144009670005,True,0.00046865846514352667,0.028328454262633057,,0.8856408068550283,1707,mixed,20049,0.15066480631302656,True,False,16.0,22.0,36.0,0.8993511643804148,3.2229482873562647,2,3,dwa,mixed,20049,True,ood_kerb,3.568867699999828,216,0.1265377855887522,False
goal,True,18.479999999999695,36.35984157710404,1.9656600504726216,1.2799867724445253,0.11158860534299173,0.3780032677038448,False,0.0,,,0.7280065421060169,924,kerb,20000,0.1773729317335848,True,True,16.0,22.0,36.0,1.1313989832912106,4.053578853961741,0,0,ppo,kerb,20000,True,ood_kerb,1.412148999996134,0,0.0,True
goal,True,18.879999999999686,36.399400542332145,1.9196216815793548,2.1854840472369785,1.3280221658520674,0.5943260663566264,False,0.0,,,1.1721759150238535,944,kerb,20001,0.1727434384115927,False,False,16.0,22.0,36.0,1.0562714521118246,3.1383771289516806,0,0,ppo,kerb,20001,True,ood_kerb,1.4726456000062171,0,0.0,True
goal,True,18.63999999999969,36.28437626670042,1.943521849131114,1.4387985977319089,1.0767632958987132,0.3740545234587953,False,0.0,,,0.9728210620998106,932,kerb,20002,0.1546013976475847,False,False,16.0,22.0,36.0,0.5152594284795413,4.568323062029927,0,0,ppo,kerb,20002,True,ood_kerb,1.4396561000030488,0,0.0,True
goal,True,18.69999999999969,36.35560252557107,1.9383216517294346,1.993023322946426,1.291227056510444,0.5225229161609262,False,0.0,,,1.1055086516550205,935,kerb,20003,0.1564176626594278,False,False,16.0,22.0,36.0,0.7891774437395254,3.6950972021831383,0,0,ppo,kerb,20003,True,ood_kerb,1.4424419999995735,0,0.0,True
goal,True,18.479999999999695,36.34622004418818,1.9634724186285057,1.6554002102853935,0.7936445100125467,0.43078274368111713,False,0.0,,,0.8560206265915578,924,kerb,20004,0.1809275775647996,False,True,16.0,22.0,36.0,0.9486985366003076,4.306167078816012,0,0,ppo,kerb,20004,True,ood_kerb,1.5130434999955469,0,0.0,True
goal,True,18.539999999999694,36.3389370218137,1.9562222665776285,1.7311626216192075,0.8528414598878993,0.43927034331675907,False,0.0,,,1.0273094953835937,927,kerb,20005,0.1779938406972041,False,True,16.0,22.0,36.0,0.7039660701080666,3.7679980347094397,0,0,ppo,kerb,20005,True,ood_kerb,1.434787599995616,0,0.0,True
goal,True,18.399999999999697,36.28518110526627,1.9705408297497657,1.7579828570242977,0.8580708923236091,0.32566895307271265,False,0.0,,,0.7785611254552351,920,kerb,20006,0.15507733541905322,False,True,16.0,22.0,36.0,0.5495112970451754,3.389247059011182,0,0,ppo,kerb,20006,True,ood_kerb,1.432366400003957,0,0.0,True
goal,True,18.69999999999969,36.33465280247391,1.9382515328758427,1.6804384984956982,1.1891999415526315,0.4547724050729763,False,0.0,,,1.1030901458327917,935,kerb,20007,0.16260028142107105,False,False,16.0,22.0,36.0,0.6481739896030303,4.635101412642601,0,0,ppo,kerb,20007,True,ood_kerb,1.4671259999959148,0,0.0,True
goal,True,18.859999999999687,36.40620119898468,1.9238218536359564,2.717022699345766,2.5042620386952894,0.5252563179920855,False,0.0,,,1.102402170682142,943,kerb,20008,0.1692473861100156,False,False,16.0,22.0,36.0,0.9668439017502839,4.848474254493182,0,0,ppo,kerb,20008,True,ood_kerb,1.4959634999977425,0,0.0,True
goal,True,18.439999999999696,36.33160608089994,1.9681806758353617,1.0295946885989935,0.14678977802422954,0.37457411090556675,False,0.0,,,0.8227087740075981,922,kerb,20009,0.15910009461892133,True,True,16.0,22.0,36.0,0.7706246983229506,3.69956913547227,0,0,ppo,kerb,20009,True,ood_kerb,1.4268953000064357,0,0.0,True
goal,True,18.63999999999969,36.31788322042161,1.9445707461288015,1.5587002690984337,1.119368433645371,0.40959377190541846,False,0.0,,,1.0178223034799532,932,kerb,20010,0.15552057253664145,False,False,16.0,22.0,36.0,0.5611351801843887,4.37085018349743,0,0,ppo,kerb,20010,True,ood_kerb,1.461564899997029,0,0.0,True
goal,True,18.67999999999969,36.3693165917393,1.942006198849111,1.840506330732181,1.3465051450155736,0.4592399186365402,False,0.0,,,0.9035889935319238,934,kerb,20011,0.16294270555267468,False,False,16.0,22.0,36.0,0.6955172013472936,3.1769049779900986,0,0,ppo,kerb,20011,True,ood_kerb,1.420908200001577,0,0.0,True
goal,True,18.839999999999687,36.37011235148532,1.9253240846518345,2.263942332826662,1.0832884762740944,0.4368692228661105,False,0.0,,,0.9462990481663502,942,kerb,20012,0.1894329462481552,True,False,16.0,22.0,36.0,0.7406627564325037,3.0617503503740853,0,0,ppo,kerb,20012,True,ood_kerb,1.48346329999913,0,0.0,True
goal,True,18.69999999999969,36.38501347669694,1.9404311016152243,2.365647169133358,1.1658181288693314,0.4849151098330443,False,0.0,,,0.9314322229661323,935,kerb,20013,0.15512301290209057,False,False,16.0,22.0,36.0,1.0576165568905593,4.610537059342762,0,0,ppo,kerb,20013,True,ood_kerb,1.3954981999995653,0,0.0,True
goal,True,18.77999999999969,36.360021694775035,1.9313440281957812,1.7738788952194426,1.1954875076455285,0.45098625105516926,False,0.0,,,0.9455029970029054,939,kerb,20014,0.17318528996077448,False,False,16.0,22.0,36.0,0.7789941675573437,4.643927656878525,0,0,ppo,kerb,20014,True,ood_kerb,1.4636226000002353,0,0.0,True
goal,True,18.799999999999688,36.38159145743911,1.9298409795169897,1.853000570183042,1.055468539934001,0.47201342126559814,False,0.0,,,0.9026517921870412,940,kerb,20015,0.18026200457830596,True,False,16.0,22.0,36.0,1.0799199200874088,4.212718516623833,0,0,ppo,kerb,20015,True,ood_kerb,1.4222083999993629,0,0.0,True
goal,True,18.67999999999969,36.29131413355893,1.939183559823485,1.5086603828839313,1.1582182756472836,0.39086350387823854,False,0.0,,,0.9791844740597526,934,kerb,20016,0.1544053678366516,False,False,16.0,22.0,36.0,0.5263634475805654,3.8804668888320917,0,0,ppo,kerb,20016,True,ood_kerb,1.4197089999943273,0,0.0,True
goal,True,18.77999999999969,36.36975565980817,1.9308259758581228,1.9303500286637225,1.1788775156671698,0.5139286043677873,False,0.0,,,1.028449227976504,939,kerb,20017,0.1737674740316792,True,False,16.0,22.0,36.0,0.9775845312192193,3.925054574983727,0,0,ppo,kerb,20017,True,ood_kerb,1.4502861000000848,0,0.0,True
goal,True,18.479999999999695,36.324127923137105,1.9620149749602862,1.8053875199436729,0.9542080137317206,0.4568422160166819,False,0.0,,,0.9790603761147967,924,kerb,20018,0.18106313287723808,False,True,16.0,22.0,36.0,0.8136281028071288,3.786391784438904,0,0,ppo,kerb,20018,True,ood_kerb,1.4455755000017234,0,0.0,True
goal,True,18.819999999999688,36.38557113627542,1.927931969823742,2.2464658139371445,1.1023664212467992,0.46081200275167616,False,0.0,,,0.9128261113253553,941,kerb,20019,0.18405379613893585,False,False,16.0,22.0,36.0,0.7641486695576738,3.2154782479885347,0,0,ppo,kerb,20019,True,ood_kerb,1.4126897000023746,0,0.0,True
goal,True,18.479999999999695,36.36200319775152,1.9641354829610784,1.8436859042373184,0.900586309687154,0.44991394075711516,False,0.0,,,0.8954193716684042,924,kerb,20020,0.1880643011061596,False,True,16.0,22.0,36.0,0.8885876540186612,3.7436670446590714,0,0,ppo,kerb,20020,True,ood_kerb,1.4136964999997872,0,0.0,True
goal,True,18.439999999999696,36.342001796789816,1.9692140839332681,1.054846599801031,0.12605401427538415,0.3350146109125597,False,0.0,,,0.743306592251354,922,kerb,20021,0.1713161813657677,True,True,16.0,22.0,36.0,0.7203180953825223,3.4266242250056873,0,0,ppo,kerb,20021,True,ood_kerb,1.4062979000009364,0,0.0,True
goal,True,18.77999999999969,36.39552391338157,1.9326332485786577,1.8968419294180048,1.0999948286879297,0.4790750346955719,False,0.0,,,0.9152787741608552,939,kerb,20022,0.17674454895175823,True,False,16.0,22.0,36.0,1.0373388671645993,3.927530768544716,0,0,ppo,kerb,20022,True,ood_kerb,1.4712228999997023,0,0.0,True
goal,True,18.499999999999694,36.353251032484586,1.9608910672579964,1.5519921465690536,0.7715566217893299,0.47945859333863144,False,0.0,,,0.969943522924758,925,kerb,20023,0.17440340062788107,False,True,16.0,22.0,36.0,1.0608568624137475,4.581591014998616,0,0,ppo,kerb,20023,True,ood_kerb,1.3793758000028902,0,0.0,True
goal,True,18.499999999999694,36.36544525944357,1.9612899267347894,2.012579081732566,1.0613742926830798,0.5023148226238949,False,0.0,,,0.9390689322873493,925,kerb,20024,0.18765481174488385,False,True,16.0,22.0,36.0,1.1230728962996546,3.038559699469644,0,0,ppo,kerb,20024,True,ood_kerb,1.4419838000030722,0,0.0,True
goal,True,18.479999999999695,36.28600932903631,1.96158579682483,1.7075314167020932,0.8476893124386077,0.3570602805995538,False,0.0,,,0.8815735642891326,924,kerb,20025,0.17602729424733654,False,True,16.0,22.0,36.0,0.5851835305880333,3.9342622286547098,0,0,ppo,kerb,20025,True,ood_kerb,1.4980100999964634,0,0.0,True
goal,True,18.859999999999687,36.40503958496717,1.9243235767784566,2.1310203909734686,1.0445181151792424,0.49257488620233203,False,0.0,,,0.942018104111376,943,kerb,20026,0.18542801354635918,False,False,16.0,22.0,36.0,0.9127076557861574,3.657954133231503,0,0,ppo,kerb,20026,True,ood_kerb,1.460676800001238,0,0.0,True
goal,True,18.71999999999969,36.359029417182946,1.93725535442085,1.9631047142399545,1.2352806470750837,0.4605141055680401,False,0.0,,,0.9103010511876718,936,kerb,20027,0.16574856137700542,True,False,16.0,22.0,36.0,0.8597295952002028,3.91885952397039,0,0,ppo,kerb,20027,True,ood_kerb,1.464967499996419,0,0.0,True
goal,True,18.619999999999692,36.36445187909629,1.9476300129265043,2.519637740364551,1.2431619687500324,0.5113340539252518,False,0.0,,,1.0005669020863324,931,kerb,20028,0.15170152688830663,True,False,16.0,22.0,36.0,0.9624755995138865,3.3609021372865486,0,0,ppo,kerb,20028,True,ood_kerb,1.439839500002563,0,0.0,True
goal,True,18.519999999999694,36.31439968194208,1.9585995797791598,1.8555042371157713,0.8883023737943297,0.3678480184711235,False,0.0,,,0.9261982990736366,926,kerb,20029,0.16590668837040562,False,True,16.0,22.0,36.0,0.5736399792347735,3.2875184883506394,0,0,ppo,kerb,20029,True,ood_kerb,1.4501816000047256,0,0.0,True
goal,True,18.65999999999969,36.39063625292887,1.9441903860454106,2.3128273101124486,1.2537447147245757,0.540310877285861,False,0.0,,,1.0794972389101951,933,kerb,20030,0.15169990157124702,False,False,16.0,22.0,36.0,0.8897981665069821,3.72119218384469,0,0,ppo,kerb,20030,True,ood_kerb,1.413550999997824,0,0.0,True
goal,True,18.959999999999685,36.40331006822771,1.913187143730575,2.0562759165113498,0.997744983158757,0.5228949342213698,False,0.0,,,1.1046929599074908,948,kerb,20031,0.18560063579368957,False,False,16.0,22.0,36.0,0.978212772414828,4.550159854187384,0,0,ppo,kerb,20031,True,ood_kerb,1.4810777000020607,0,0.0,True
goal,True,18.839999999999687,36.37063233564593,1.9259484962030333,2.143571553227366,1.15815103449324,0.4040292768868966,False,0.0,,,0.9339150289415564,942,kerb,20032,0.18960939522470135,True,False,16.0,22.0,36.0,0.6635952492052504,3.666381391257011,0,0,ppo,kerb,20032,True,ood_kerb,1.4875299999985145,0,0.0,True
goal,True,18.419999999999696,36.31721010973759,1.968997553676686,1.4164492498004355,0.7796429542677863,0.39594567856122875,False,0.0,,,0.9013976526836447,921,kerb,20033,0.15144024717595386,False,True,16.0,22.0,36.0,0.6919883232316986,4.250095987102105,0,0,ppo,kerb,20033,True,ood_kerb,1.4538385999985621,0,0.0,True
goal,True,18.799999999999688,36.378046172996534,1.9287289339230276,2.0060773265661003,1.353637131625318,0.5207636155503518,False,0.0,,,1.0334915598035406,940,kerb,20034,0.16872811667192184,False,False,16.0,22.0,36.0,0.8249925811908385,3.0006705247774503,0,0,ppo,kerb,20034,True,ood_kerb,1.4269394000002649,0,0.0,True
goal,True,18.73999999999969,36.37804847601427,1.9365003234419123,1.7921256706840307,1.2512618725973208,0.4360961242967167,False,0.0,,,0.9051300718614901,937,kerb,20035,0.1667841364715399,False,False,16.0,22.0,36.0,0.6894359180590975,4.276147798481377,0,0,ppo,kerb,20035,True,ood_kerb,1.4536596999969333,0,0.0,True
goal,True,18.69999999999969,36.37558672518975,1.9394204748918684,2.6983508438012502,1.1462293428701582,0.529941846872793,False,0.0,,,1.0150712396896255,935,kerb,20036,0.15038818260563186,False,False,16.0,22.0,36.0,1.1752257784402387,4.460560744974262,0,0,ppo,kerb,20036,True,ood_kerb,1.4317343000002438,0,0.0,True
goal,True,18.71999999999969,36.37815708352691,1.9380657614952426,1.7754038362354476,1.639940125483232,0.45753595631363897,False,0.0,,,1.047324467243579,936,kerb,20037,0.15061622265093275,False,False,16.0,22.0,36.0,0.7151302099078998,4.989171936395391,0,0,ppo,kerb,20037,True,ood_kerb,1.4679114000027766,0,0.0,True
goal,True,18.77999999999969,36.338266102323125,1.9317784885149498,1.706662704005332,1.1780469893750531,0.3724615616438441,False,0.0,,,0.9355552653792004,939,kerb,20038,0.17578796041625444,True,False,16.0,22.0,36.0,0.5818518918420021,4.654374221685567,0,0,ppo,kerb,20038,True,ood_kerb,1.498293399999966,0,0.0,True
goal,True,18.539999999999694,36.32650071801661,1.9553269284936583,1.4422872793542034,0.7706759177258649,0.45856473009133913,False,0.0,,,0.9948406116846173,927,kerb,20039,0.16025589419688208,False,True,16.0,22.0,36.0,0.8673660396582921,4.700655748188057,0,0,ppo,kerb,20039,True,ood_kerb,1.4011937000032049,0,0.0,True
goal,True,18.69999999999969,36.366315506373006,1.939970539498265,1.8594974561130093,1.1723460254610945,0.46042329122534487,False,0.0,,,0.9202344762842648,935,kerb,20040,0.16046775280532352,False,False,16.0,22.0,36.0,0.8369966963533628,4.722273647058514,0,0,ppo,kerb,20040,True,ood_kerb,1.4169036000021151,0,0.0,True
goal,True,18.899999999999686,36.40005736691165,1.919941156960371,2.047744237000635,1.7455672548197518,0.4915743277123814,False,0.0,,,0.9633112886523268,945,kerb,20041,0.1829912214984272,False,False,16.0,22.0,36.0,1.1074865887917782,4.797859776451794,0,0,ppo,kerb,20041,True,ood_kerb,1.4512968999988516,0,0.0,True
goal,True,18.75999999999969,36.345783105664104,1.9329225631620701,1.7405098529095204,1.2239691731139466,0.4403015014665758,False,0.0,,,0.9818564493581264,938,kerb,20042,0.16664270573649437,False,False,16.0,22.0,36.0,0.672896604880117,4.531273411592012,0,0,ppo,kerb,20042,True,ood_kerb,1.4683628999991925,0,0.0,True
goal,True,18.69999999999969,36.37045274595364,1.940084050455996,1.894511306001868,1.2651770609441846,0.46928556599174004,False,0.0,,,0.9451911580828405,935,kerb,20043,0.15990393398990507,False,False,16.0,22.0,36.0,0.800900320148282,4.153654454709007,0,0,ppo,kerb,20043,True,ood_kerb,1.3495677999962936,0,0.0,True
goal,True,18.71999999999969,36.3561728113331,1.9372846239280006,1.76145601458648,1.2338706071687817,0.4614132419781998,False,0.0,,,1.0615958469547544,936,kerb,20044,0.1643380177054745,False,False,16.0,22.0,36.0,0.661501590052196,4.133224086207599,0,0,ppo,kerb,20044,True,ood_kerb,1.470933900003729,0,0.0,True
goal,True,18.73999999999969,36.32643942022637,1.9330962953047326,1.908547246539793,1.266143668704849,0.4674689335087877,False,0.0,,,1.0631169898246517,937,kerb,20045,0.17862388013572225,False,False,16.0,22.0,36.0,0.6422152651508786,3.239052753851332,0,0,ppo,kerb,20045,True,ood_kerb,1.5147036999987904,0,0.0,True
goal,True,18.71999999999969,36.341921511920475,1.9371084399059055,2.0313588589936464,1.3475181636407998,0.43348285077693105,False,0.0,,,1.003961934426571,936,kerb,20046,0.17131004146501472,True,False,16.0,22.0,36.0,0.6592631168962184,3.4416457245117873,0,0,ppo,kerb,20046,True,ood_kerb,1.4820384999984526,0,0.0,True
goal,True,18.479999999999695,36.30707472068403,1.963011225259804,1.8205238050736445,0.8935647020170541,0.33891132238726135,False,0.0,,,0.8275575928783246,924,kerb,20047,0.18604097110207793,False,True,16.0,22.0,36.0,0.5723402601549998,3.8120447701782125,0,0,ppo,kerb,20047,True,ood_kerb,1.470690399997693,0,0.0,True
goal,True,18.77999999999969,36.37859132723836,1.929803065965386,2.5596896351972775,1.278323273049014,0.5773289013669068,False,0.0,,,1.1515924893591698,939,kerb,20048,0.16410949076422784,False,False,16.0,22.0,36.0,1.1065610393346483,3.8768915094141527,0,0,ppo,kerb,20048,True,ood_kerb,1.504954900003213,0,0.0,True
goal,True,18.619999999999692,36.34302380087184,1.9473122741895352,2.419460782475132,1.2463748556936447,0.4701803878646466,False,0.0,,,0.8851910549699604,931,kerb,20049,0.15066480631302656,True,False,16.0,22.0,36.0,0.8993511643804148,3.2229482873562647,0,0,ppo,kerb,20049,True,ood_kerb,1.4485322999971686,0,0.0,True
goal,True,21.739999999999625,36.85841254501278,1.6846866999939802,1.273947695885641,0.14695781555805099,0.5963949444941062,False,0.0,0.4853132484337688,,1.4641765575508887,1087,mixed,20000,0.1773729317335848,True,True,16.0,22.0,36.0,1.1313989832912106,4.053578853961741,4,1,ppo,mixed,20000,True,ood_kerb,2.2260947000031592,342,0.31462741490340385,True
stall,False,31.85999999999941,29.03655522251252,0.9032552098473383,1.87498506664736,1.1170023983963338,0.5240307944494482,False,0.0,0.04052103943704122,,1.5180907007550815,1593,mixed,20001,0.1727434384115927,False,False,16.0,22.0,36.0,1.0562714521118246,3.1383771289516806,2,3,ppo,mixed,20001,True,ood_kerb,3.325525499996729,876,0.5499058380414312,False
goal,True,21.45999999999963,36.405358942788475,1.6912612330609202,2.3912405035086923,0.9514923231149416,0.42584542133361425,False,0.0,0.37820095949808163,,1.453190215446203,1073,mixed,20002,0.1546013976475847,False,False,16.0,22.0,36.0,0.5152594284795413,4.568323062029927,2,3,ppo,mixed,20002,True,ood_kerb,2.331420700000308,171,0.15936626281453867,True
goal,True,28.13999999999949,37.05941784763067,1.3065888428033006,1.768412599177084,1.1234363368398539,0.5029285151434739,False,0.0,0.355096575083672,,1.5677916665684877,1407,mixed,20003,0.1564176626594278,False,False,16.0,22.0,36.0,0.7891774437395254,3.6950972021831383,4,2,ppo,mixed,20003,True,ood_kerb,2.9088237999967532,468,0.3326226012793177,True
collision,False,32.579999999999494,27.867691556189484,0.8454169235359221,1.8669297201339217,0.891235665929238,0.43492297490320875,False,0.0,-0.00022455049417596795,obstacle,1.3292738437831138,1629,mixed,20004,0.1809275775647996,False,True,16.0,22.0,36.0,0.9486985366003076,4.306167078816012,4,3,ppo,mixed,20004,True,ood_kerb,3.503567200001271,1008,0.6187845303867403,False
goal,True,20.57999999999965,36.6617582150661,1.77391968528156,1.9970820013595212,0.9247191401351736,0.48703606703530894,False,0.0,0.7085340153152203,,1.3468294275777428,1029,mixed,20005,0.1779938406972041,False,True,16.0,22.0,36.0,0.7039660701080666,3.7679980347094397,2,2,ppo,mixed,20005,True,ood_kerb,2.085338099997898,223,0.21671525753158405,True
stall,False,28.799999999999475,26.60786817175507,0.9193758561046115,1.5565915378147765,0.8848642420288013,0.3027817312880819,False,0.0,0.08493187801836735,,1.0432347731992158,1440,mixed,20006,0.15507733541905322,False,True,16.0,22.0,36.0,0.5495112970451754,3.389247059011182,3,1,ppo,mixed,20006,True,ood_kerb,2.9961012000057963,793,0.5506944444444445,False
goal,True,24.019999999999577,36.941270370684265,1.5332535118773898,1.456427274284768,0.719337810276977,0.40293191396282924,False,0.0,0.4729252042474207,,1.7051862878416155,1201,mixed,20007,0.16260028142107105,False,False,16.0,22.0,36.0,0.6481739896030303,4.635101412642601,4,1,ppo,mixed,20007,True,ood_kerb,2.5788426999934018,339,0.28226477935054123,True
goal,True,19.919999999999664,36.574258282016736,1.8251747710111175,3.033631617730193,2.8555008479023076,0.6420215735322531,True,0.00020080321285140563,0.46948397679967147,,1.4947003904393719,996,mixed,20008,0.1692473861100156,False,False,16.0,22.0,36.0,0.9668439017502839,4.848474254493182,2,1,ppo,mixed,20008,True,ood_kerb,2.043329200001608,133,0.13353413654618473,False
stall,False,34.65999999999982,28.905897087438017,0.8242120524205085,1.3242549587950319,0.41376789128430425,0.3586431475309412,False,0.0,0.28958464668842376,,1.195511590296965,1733,mixed,20009,0.15910009461892133,True,True,16.0,22.0,36.0,0.7706246983229506,3.69956913547227,4,1,ppo,mixed,20009,True,ood_kerb,3.589251299999887,97,0.05597230236583958,False
goal,True,23.35999999999959,36.46180027947092,1.5559507346545647,1.5507825524665764,0.8983377532963239,0.4445442684725953,False,0.0,0.620029472873565,,1.6446982021575371,1168,mixed,20010,0.15552057253664145,False,False,16.0,22.0,36.0,0.5611351801843887,4.37085018349743,4,1,ppo,mixed,20010,True,ood_kerb,2.434031700002379,390,0.3339041095890411,True
stall,False,31.279999999999422,25.879250434983746,0.8238515630506424,1.735995382274287,1.145152347094001,0.3550767184889775,False,0.0,0.19030647545386775,,1.4303457443867236,1564,mixed,20011,0.16294270555267468,False,False,16.0,22.0,36.0,0.6955172013472936,3.1769049779900986,3,3,ppo,mixed,20011,True,ood_kerb,3.4134236999962013,29,0.01854219948849105,False
stall,False,38.600000000000435,30.907040650777315,0.7915681438969516,4.299091505214282,0.46480104020016694,0.42849032724817904,True,0.0005181347150259067,0.44005752412496524,,1.5176488905134486,1930,mixed,20012,0.1894329462481552,True,False,16.0,22.0,36.0,0.7406627564325037,3.0617503503740853,4,2,ppo,mixed,20012,True,ood_kerb,4.0328290999968885,413,0.21398963730569948,False
goal,True,21.679999999999627,36.686429222753034,1.6824438011294334,2.4986402938693444,0.9840449379016063,0.5336269590586791,False,0.0,0.5892079796863855,,1.2700885834446765,1084,mixed,20013,0.15512301290209057,False,False,16.0,22.0,36.0,1.0576165568905593,4.610537059342762,2,1,ppo,mixed,20013,True,ood_kerb,2.078924699999334,215,0.19833948339483395,True
goal,True,23.119999999999596,37.25784021316581,1.6002204159395237,2.0076273186425393,1.0269333602203847,0.491121249548905,False,0.0,0.3988974423373909,,1.3218954346785563,1156,mixed,20014,0.17318528996077448,False,False,16.0,22.0,36.0,0.7789941675573437,4.643927656878525,2,2,ppo,mixed,20014,True,ood_kerb,2.4231119000032777,362,0.31314878892733566,True
goal,True,23.87999999999958,36.68429213100402,1.5265430258942079,2.050329436254049,1.4303642863134147,0.5596114283137587,False,0.0,0.5190751435717627,,1.8678449515286961,1194,mixed,20015,0.18026200457830596,True,False,16.0,22.0,36.0,1.0799199200874088,4.212718516623833,4,3,ppo,mixed,20015,True,ood_kerb,2.490658999995503,155,0.12981574539363483,True
goal,True,20.97999999999964,36.46689983567948,1.7322991211468575,1.739147159367869,1.0617947572531097,0.42783513033998444,False,0.0,0.5373656847988987,,1.3832425744109418,1049,mixed,20016,0.1544053678366516,False,False,16.0,22.0,36.0,0.5263634475805654,3.8804668888320917,2,1,ppo,mixed,20016,True,ood_kerb,2.0875151000000187,268,0.2554814108674929,True
goal,True,26.939999999999515,36.75924765133977,1.3544740929953116,1.5257581115662855,0.9307553008257413,0.5170449619502365,False,0.0,0.16275740017016405,,1.8657689793619008,1347,mixed,20017,0.1737674740316792,True,False,16.0,22.0,36.0,0.9775845312192193,3.925054574983727,4,3,ppo,mixed,20017,True,ood_kerb,2.821469499998784,647,0.4803266518188567,True
goal,True,25.75999999999954,36.737859922166976,1.4154760612313109,1.8556009085917593,0.893380159871435,0.5281348968680916,False,0.0,0.18853305422469824,,1.6118168924587049,1288,mixed,20018,0.18106313287723808,False,True,16.0,22.0,36.0,0.8136281028071288,3.786391784438904,4,2,ppo,mixed,20018,True,ood_kerb,2.734824800005299,364,0.2826086956521739,True
stall,False,34.45999999999979,31.08229880061435,0.8923274529569994,2.005431018308179,1.132286012573202,0.45037842310780807,False,0.0,0.16093548710534838,,1.3509152771560535,1723,mixed,20019,0.18405379613893585,False,False,16.0,22.0,36.0,0.7641486695576738,3.2154782479885347,3,1,ppo,mixed,20019,True,ood_kerb,3.5976679000013974,352,0.20429483459082995,False
stall,False,33.2799999999996,29.716538334637452,0.8864794668149667,1.8838254035469546,0.8871443056735436,0.4468786953702469,False,0.0,0.015240414779661926,,1.432765958835079,1664,mixed,20020,0.1880643011061596,False,True,16.0,22.0,36.0,0.8885876540186612,3.7436670446590714,4,2,ppo,mixed,20020,True,ood_kerb,3.6617666999954963,217,0.13040865384615385,False
goal,True,21.899999999999622,36.857578714668634,1.6753722454519915,1.2020439871350765,0.12792586069551987,0.47785914001260665,False,0.0,0.4172086253664079,,1.39052026072972,1095,mixed,20021,0.1713161813657677,True,True,16.0,22.0,36.0,0.7203180953825223,3.4266242250056873,2,3,ppo,mixed,20021,True,ood_kerb,2.391132500000822,119,0.108675799086758,True
goal,True,19.519999999999673,36.5713804233456,1.8654009988442644,1.9284024539436293,1.3763932689290332,0.6085204520266516,False,0.0,1.1953622176263483,,1.4459109302292394,976,mixed,20022,0.17674454895175823,True,False,16.0,22.0,36.0,1.0373388671645993,3.927530768544716,2,1,ppo,mixed,20022,True,ood_kerb,1.9469126999974833,0,0.0,True
stall,False,32.5999999999995,30.19678833764713,0.9205517024922792,1.532687507125354,0.7613153705845592,0.43529780769959325,False,0.0,1.530019216867939,,1.3524672705910579,1630,mixed,20023,0.17440340062788107,False,True,16.0,22.0,36.0,1.0608568624137475,4.581591014998616,4,1,ppo,mixed,20023,True,ood_kerb,3.3641666999974404,8,0.0049079754601227,False
goal,True,20.13999999999966,36.91783914981306,1.8228189805867878,1.937391071311201,0.9255207231965705,0.6307479651024338,False,0.0,0.7513034159459233,,1.6022698765355474,1007,mixed,20024,0.18765481174488385,False,True,16.0,22.0,36.0,1.1230728962996546,3.038559699469644,3,2,ppo,mixed,20024,True,ood_kerb,2.1262465999971027,29,0.028798411122144985,True
goal,True,22.339999999999613,36.5186988215481,1.6274762169692532,1.649283518354686,0.9512480256768202,0.4403019160145076,False,0.0,0.29912534544797953,,1.3321265067874466,1117,mixed,20025,0.17602729424733654,False,True,16.0,22.0,36.0,0.5851835305880333,3.9342622286547098,2,1,ppo,mixed,20025,True,ood_kerb,2.469559199998912,388,0.34735899731423453,True
goal,True,23.579999999999586,36.88753951241043,1.5516902305680125,1.825592953584309,1.3057380895597979,0.5982854637676861,False,0.0,0.12204002313654383,,1.61801502963432,1179,mixed,20026,0.18542801354635918,False,False,16.0,22.0,36.0,0.9127076557861574,3.657954133231503,3,2,ppo,mixed,20026,True,ood_kerb,2.386227200004214,203,0.17217981340118746,True
goal,True,21.11999999999964,36.5475634635385,1.722310789363692,1.8016179224933686,1.363989029139658,0.5135441549467223,False,0.0,0.20200505630002402,,1.3142345364757468,1056,mixed,20027,0.16574856137700542,True,False,16.0,22.0,36.0,0.8597295952002028,3.91885952397039,2,1,ppo,mixed,20027,True,ood_kerb,2.190179800003534,204,0.19318181818181818,True
stall,False,20.419999999999654,9.114287210430243,0.4418560432143577,1.23084411944246,0.08409305287213216,0.30252476170308,False,0.0,0.15283288580598092,,0.5473973182182936,1021,mixed,20028,0.15170152688830663,True,False,16.0,22.0,36.0,0.9624755995138865,3.3609021372865486,3,2,ppo,mixed,20028,True,ood_kerb,2.287462799999048,824,0.8070519098922625,False
stall,False,37.960000000000335,30.529073452893037,0.7996422669926058,1.7761848907450923,0.952377086690544,0.3655821223375164,False,0.0,0.6583345590881738,,1.5123594541455931,1898,mixed,20029,0.16590668837040562,False,True,16.0,22.0,36.0,0.5736399792347735,3.2875184883506394,4,1,ppo,mixed,20029,True,ood_kerb,4.364747899999202,164,0.08640674394099052,False
stall,False,31.199999999999424,27.132638479234522,0.8607349776201793,2.2078534496914606,0.9578008084107136,0.4700921570790535,False,0.0,0.24065540121576662,,1.3859285788124593,1560,mixed,20030,0.15169990157124702,False,False,16.0,22.0,36.0,0.8897981665069821,3.72119218384469,3,3,ppo,mixed,20030,True,ood_kerb,3.4207172999958857,735,0.47115384615384615,False
stall,False,20.819999999999645,10.658479992869276,0.5099031554423761,1.1271284591139352,0.08442751600388941,0.2278694437559954,False,0.0,0.4917878138534184,,0.3548266784721268,1041,mixed,20031,0.18560063579368957,False,False,16.0,22.0,36.0,0.978212772414828,4.550159854187384,2,2,ppo,mixed,20031,True,ood_kerb,2.184213600005023,1,0.0009606147934678194,False
collision,False,4.659999999999989,8.60339723612247,1.8421791213671774,1.0205925501670012,0.06946870656160328,0.5046335260123016,False,0.0,-0.006251615815367151,obstacle,0.4020933772105918,233,mixed,20032,0.18960939522470135,True,False,16.0,22.0,36.0,0.6635952492052504,3.666381391257011,2,3,ppo,mixed,20032,True,ood_kerb,0.5116998000012245,24,0.10300429184549356,False
goal,True,25.67999999999954,36.54255631054301,1.4158587977034593,1.381481178026399,0.76569268583488,0.43609432198081527,False,0.0,0.29802098044795644,,1.7972839872153776,1284,mixed,20033,0.15144024717595386,False,True,16.0,22.0,36.0,0.6919883232316986,4.250095987102105,4,2,ppo,mixed,20033,True,ood_kerb,2.98362040000211,400,0.3115264797507788,True
goal,True,21.759999999999625,36.7504314927583,1.6799946884690635,1.8647596895172969,1.0007928240810338,0.5468057391071818,False,0.0,0.29634773097044564,,1.4359149221216019,1088,mixed,20034,0.16872811667192184,False,False,16.0,22.0,36.0,0.8249925811908385,3.0006705247774503,2,3,ppo,mixed,20034,True,ood_kerb,2.2968403000049875,268,0.24632352941176472,True
goal,True,24.119999999999575,36.73672159899504,1.5142981254388392,1.7660537182367575,1.1968153872302534,0.4924516974089521,False,0.0,0.6505360012350457,,1.3461763284512127,1206,mixed,20035,0.1667841364715399,False,False,16.0,22.0,36.0,0.6894359180590975,4.276147798481377,4,1,ppo,mixed,20035,True,ood_kerb,2.6860319999977946,349,0.28938640132669985,True
stall,False,21.55999999999963,11.127768421365717,0.5071894996149447,1.2844139639110104,0.5053939953529966,0.35985236765634326,False,0.0,0.20025120786560602,,0.6835766486690281,1078,mixed,20036,0.15038818260563186,False,False,16.0,22.0,36.0,1.1752257784402387,4.460560744974262,3,3,ppo,mixed,20036,True,ood_kerb,2.4648374000025797,858,0.7959183673469388,False
goal,True,21.47999999999963,36.527106643865096,1.6925155405106682,1.8277795027055808,0.9519560128517551,0.5083429223895515,False,0.0,0.5128830269449386,,1.4444322938052705,1074,mixed,20037,0.15061622265093275,False,False,16.0,22.0,36.0,0.7151302099078998,4.989171936395391,3,1,ppo,mixed,20037,True,ood_kerb,2.368772699999681,346,0.3221601489757914,True
goal,True,19.339999999999677,36.51635179170032,1.8847617285978222,1.3217840956357403,1.1615519538747114,0.3581445083670103,False,0.0,0.48679181190607734,,1.1439736300500802,967,mixed,20038,0.17578796041625444,True,False,16.0,22.0,36.0,0.5818518918420021,4.654374221685567,2,2,ppo,mixed,20038,True,ood_kerb,2.0203154999981052,10,0.010341261633919338,True
goal,True,23.699999999999584,36.602531519836226,1.5338394612882806,1.3879806437023943,0.7258138218289966,0.5495871917684727,False,0.0,0.3687196902321034,,1.587872057996841,1185,mixed,20039,0.16025589419688208,False,True,16.0,22.0,36.0,0.8673660396582921,4.700655748188057,3,2,ppo,mixed,20039,True,ood_kerb,2.6522401999973226,403,0.340084388185654,True
goal,True,23.91999999999958,36.74683475311286,1.5256465265418226,1.986185089459379,0.8573681053341806,0.5103684239828312,False,0.0,0.26969513519754057,,1.4209123474824914,1196,mixed,20040,0.16046775280532352,False,False,16.0,22.0,36.0,0.8369966963533628,4.722273647058514,3,1,ppo,mixed,20040,True,ood_kerb,2.6358789000005345,103,0.08612040133779264,True
stall,False,34.83999999999985,29.083700333853063,0.8275906276214896,1.8775069990698123,0.9277900144353776,0.44105750984285397,False,0.0,0.4101623677674904,,1.659007038691643,1742,mixed,20041,0.1829912214984272,False,False,16.0,22.0,36.0,1.1074865887917782,4.797859776451794,2,3,ppo,mixed,20041,True,ood_kerb,3.5307482999996864,158,0.09070034443168772,False
goal,True,22.719999999999605,36.53905646401473,1.5992488395467728,1.6141219390925559,1.198811092609089,0.4480306775389432,False,0.0,0.19818932678125417,,1.5831373128922992,1136,mixed,20042,0.16664270573649437,False,False,16.0,22.0,36.0,0.672896604880117,4.531273411592012,3,1,ppo,mixed,20042,True,ood_kerb,2.5221269999965443,365,0.32130281690140844,True
goal,True,23.47999999999959,36.96754915026493,1.5640713467196254,3.2102999084985244,1.20087034066781,0.556505365761432,True,0.0005110732538330494,0.6744763085767499,,1.5524498129039164,1174,mixed,20043,0.15990393398990507,False,False,16.0,22.0,36.0,0.800900320148282,4.153654454709007,4,2,ppo,mixed,20043,True,ood_kerb,2.7396971999987727,203,0.17291311754684838,False
goal,True,24.599999999999564,36.89265753878579,1.4883722804538002,2.4116947750888547,1.26094589562103,0.5197395163217265,False,0.0,0.3848415864408302,,1.5815254830510472,1230,mixed,20044,0.1643380177054745,False,False,16.0,22.0,36.0,0.661501590052196,4.133224086207599,4,1,ppo,mixed,20044,True,ood_kerb,2.653079199997592,488,0.3967479674796748,True
stall,False,36.4600000000001,28.895511781543163,0.7858479563043761,1.8601007676941905,1.439775252047064,0.4097850083585486,False,0.0,0.12274823735706641,,1.5038142100762875,1823,mixed,20045,0.17862388013572225,False,False,16.0,22.0,36.0,0.6422152651508786,3.239052753851332,4,2,ppo,mixed,20045,True,ood_kerb,3.886098299997684,141,0.07734503565551289,False
goal,True,23.059999999999597,36.839552501569614,1.5872666665740491,2.4158567865634586,1.3657824664764904,0.5180696248822995,False,0.0,0.13475706897505027,,1.5230234245012297,1153,mixed,20046,0.17131004146501472,True,False,16.0,22.0,36.0,0.6592631168962184,3.4416457245117873,4,1,ppo,mixed,20046,True,ood_kerb,2.653768600001058,374,0.32437120555073723,True
stall,False,27.439999999999504,9.236279171900081,0.33110641494775545,0.9574704311094714,0.06943358534080712,0.29417745610587887,False,0.0,0.5163014374245524,,0.6236712243546864,1372,mixed,20047,0.18604097110207793,False,True,16.0,22.0,36.0,0.5723402601549998,3.8120447701782125,4,2,ppo,mixed,20047,True,ood_kerb,3.1619609000044875,296,0.21574344023323616,False
goal,True,22.8999999999996,36.70430132711424,1.5879428606102837,2.138997116760108,1.044672852696098,0.6511339007200752,False,0.0,0.11217109494099164,,1.642991438238314,1145,mixed,20048,0.16410949076422784,False,False,16.0,22.0,36.0,1.1065610393346483,3.8768915094141527,3,3,ppo,mixed,20048,True,ood_kerb,2.3632910999949672,362,0.31615720524017465,True
collision,False,9.29999999999989,5.532284380974214,0.5915659011312698,1.1407627335406623,0.08480029384932279,0.3312843815070746,False,0.0,-0.00410066028755901,obstacle,0.29352458120906466,465,mixed,20049,0.15066480631302656,True,False,16.0,22.0,36.0,0.8993511643804148,3.2229482873562647,2,3,ppo,mixed,20049,True,ood_kerb,0.9170030999957817,347,0.7462365591397849,False
goal,True,21.219999999999636,36.04364494063988,1.6997957989978827,0.849612433508905,0.09050559379755338,0.11058671651544753,False,0.0,,,0.36327238966947045,1061,kerb,20000,0.12843232933396198,True,True,16.0,22.0,36.0,0.48039970951177446,4.053578853961741,0,0,dwa,kerb,20000,True,ood_mu,1.4984089999998105,0,0.0,True
stall,False,27.899999999999494,21.75188335307372,0.7706035917597329,3.09585723073833,0.690118387358321,0.18493499389876872,True,0.0002867383512544803,,,1.021590065838299,1395,kerb,20001,0.1168585960289818,False,False,16.0,22.0,36.0,0.45893470060337843,3.1383771289516806,0,0,dwa,kerb,20001,True,ood_mu,1.967051999999967,0,0.0,False
goal,True,22.9999999999996,36.09576947082934,1.569922285217496,2.2297321544629645,0.4465500702018475,0.16637499236727932,False,0.0,,,0.42073983448025387,1150,kerb,20002,0.07150349411896181,False,False,16.0,22.0,36.0,0.30435983670844036,4.568323062029927,0,0,dwa,kerb,20002,True,ood_mu,1.5070168000020203,0,0.0,True
goal,True,23.059999999999597,36.05498938534782,1.5640243098590028,1.5613191968820772,0.5664048481422628,0.17838065797552743,False,0.0,,,0.4200507027362797,1153,kerb,20003,0.0760441566485695,False,False,16.0,22.0,36.0,0.3826221267827215,3.6950972021831383,0,0,dwa,kerb,20003,True,ood_mu,1.4871515999984695,0,0.0,True
goal,True,20.899999999999643,36.02401149585878,1.7246769755524016,1.2207795739544651,0.6713764862230881,0.16280924042631906,False,0.0,,,0.36630670454474606,1045,kerb,20004,0.13731894391199906,False,True,16.0,22.0,36.0,0.4281995818858022,4.306167078816012,0,0,dwa,kerb,20004,True,ood_mu,1.5082720999998855,0,0.0,True
goal,True,21.339999999999634,36.09148852649518,1.6920449077950046,1.0003032500500177,0.4710877792905109,0.1461881093477209,False,0.0,,,0.3682538156402496,1067,kerb,20005,0.1299846017430102,False,True,16.0,22.0,36.0,0.35827602003087616,3.7679980347094397,0,0,dwa,kerb,20005,True,ood_mu,1.3503352000043378,0,0.0,True
goal,True,22.53999999999961,36.081772842296665,1.601476676978985,1.253271183667533,0.3124940633078312,0.1306787869954148,False,0.0,,,0.38838290873743536,1127,kerb,20006,0.07269333854763303,False,True,16.0,22.0,36.0,0.3141460848700501,3.389247059011182,0,0,dwa,kerb,20006,True,ood_mu,1.443454300002486,0,0.0,True
stall,False,30.83999999999943,22.446311092395913,0.7206845494860629,1.309509497905856,0.5901146086932358,0.14555588503989036,False,0.0,,,0.7607465541443635,1542,kerb,20007,0.09150070355267764,False,False,16.0,22.0,36.0,0.34233542560086583,4.635101412642601,0,0,dwa,kerb,20007,True,ood_mu,2.2282898999983445,0,0.0,False
stall,False,27.899999999999494,21.62837970175122,0.7713158329930189,2.237066828023514,0.49696080391644826,0.16134880675772842,False,0.0,,,0.9189898921660509,1395,kerb,20008,0.10811846527503906,False,False,16.0,22.0,36.0,0.4333839719286525,4.848474254493182,0,0,dwa,kerb,20008,True,ood_mu,1.9982816000047023,0,0.0,False
goal,True,22.01999999999962,36.0862363470172,1.639761269522136,0.7222193463554656,0.0680800665221462,0.10890199144885489,False,0.0,,,0.38128759707779186,1101,kerb,20009,0.08275023654730332,True,True,16.0,22.0,36.0,0.37732134237798587,3.69956913547227,0,0,dwa,kerb,20009,True,ood_mu,1.4637626000039745,0,0.0,True
goal,True,23.039999999999598,36.09462465693269,1.5672548219652642,1.132306538856896,0.47628041424703105,0.16029561329952793,False,0.0,,,0.42297951861592453,1152,kerb,20010,0.07380143134160361,False,False,16.0,22.0,36.0,0.31746719433839676,4.37085018349743,0,0,dwa,kerb,20010,True,ood_mu,1.5632318999996642,0,0.0,True
goal,True,31.39999999999942,36.852432108373286,1.1508747177812828,1.4396489606604648,0.5931071309495752,0.15456444960046925,False,0.0,,,0.7078123608942257,1570,kerb,20011,0.09235676388168668,False,False,16.0,22.0,36.0,0.35586205752779815,3.1769049779900986,0,0,dwa,kerb,20011,True,ood_mu,2.108488000005309,0,0.0,True
goal,True,27.07999999999951,37.531378839431824,1.3395423599838205,3.7866827091699045,0.6201050646158215,0.22602209483425234,True,0.0011816838995568684,,,0.9016950769360469,1354,kerb,20012,0.15858236562038797,True,False,16.0,22.0,36.0,0.3687607875521439,3.0617503503740853,0,0,dwa,kerb,20012,True,ood_mu,1.8134699000002001,0,0.0,False
goal,True,22.9599999999996,36.078308226584866,1.5719035456562886,1.1026234257888314,0.43498461799152255,0.17305339079315243,False,0.0,,,0.4220780202289561,1148,kerb,20013,0.07280753225522647,False,False,16.0,22.0,36.0,0.4593190162544455,4.610537059342762,0,0,dwa,kerb,20013,True,ood_mu,1.4606017999976757,0,0.0,True
goal,True,32.49999999999948,37.05561900222743,1.113600777142815,2.3281549527084695,0.6254709263083643,0.17083703818552906,False,0.0,,,0.9181300276639391,1625,kerb,20014,0.1179632249019362,False,False,16.0,22.0,36.0,0.3797126193020982,4.643927656878525,0,0,dwa,kerb,20014,True,ood_mu,2.1550570000035805,0,0.0,True
goal,True,26.479999999999524,37.48068595694998,1.3692842759644264,2.5465332946436408,0.5401421194449131,0.1962800450101358,False,0.0,,,0.8120558402190962,1324,kerb,20015,0.13565501144576492,True,False,16.0,22.0,36.0,0.46569140573925966,4.212718516623833,0,0,dwa,kerb,20015,True,ood_mu,1.710791599994991,0,0.0,True
goal,True,23.139999999999596,36.10866178265523,1.560861788127258,1.9598842836867896,0.515632826746182,0.169233377042801,False,0.0,,,0.42174856829145313,1157,kerb,20016,0.07101341959162902,False,False,16.0,22.0,36.0,0.3075324135944473,3.8804668888320917,0,0,dwa,kerb,20016,True,ood_mu,1.528713500003505,0,0.0,True
stall,False,28.199999999999488,22.07826282140631,0.762745555180485,2.8974037875301586,0.41619386109436923,0.15428310143304794,False,0.0,,,1.033628049263797,1410,kerb,20017,0.11941868507919796,True,False,16.0,22.0,36.0,0.4364527232054912,3.925054574983727,0,0,dwa,kerb,20017,True,ood_mu,1.8619869999965886,0,0.0,False
goal,True,20.97999999999964,36.045055974310415,1.7191609547501667,1.3437090215955894,0.7348854582642745,0.16439589529632656,False,0.0,,,0.3628750696045879,1049,kerb,20018,0.1376578321930952,False,True,16.0,22.0,36.0,0.3896080293734654,3.786391784438904,0,0,dwa,kerb,20018,True,ood_mu,1.2781201999969198,0,0.0,True
goal,True,27.15999999999951,37.3725708030521,1.334692556765442,3.1688722835882324,0.7191616893021794,0.22700704396612303,True,0.0004418262150220913,,,0.8361699739362229,1358,kerb,20019,0.14513449034733966,False,False,16.0,22.0,36.0,0.37547104844504964,3.2154782479885347,0,0,dwa,kerb,20019,True,ood_mu,1.7463320000024396,0,0.0,False
goal,True,20.97999999999964,36.07420421266857,1.7203395053925965,1.1948246946503458,0.6731972540236639,0.16131526831941992,False,0.0,,,0.3628769956782479,1049,kerb,20020,0.15516075276539898,False,True,16.0,22.0,36.0,0.4110250440053318,3.7436670446590714,0,0,dwa,kerb,20020,True,ood_mu,1.294990599999437,0,0.0,True
goal,True,21.659999999999627,36.10424429539944,1.668004969932332,0.7467800305117243,0.08387912148535027,0.1044680853741547,False,0.0,,,0.37651306651761574,1083,kerb,20021,0.11329045341441929,True,True,16.0,22.0,36.0,0.36294802725214925,3.4266242250056873,0,0,dwa,kerb,20021,True,ood_mu,1.352356699993834,0,0.0,True
goal,True,27.399999999999505,37.267005953341894,1.3208770482878454,2.4689393732573044,0.7679255598004011,0.19869138699480393,False,0.0,,,0.8057783348235329,1370,kerb,20022,0.1268613723793956,True,False,16.0,22.0,36.0,0.4535253906184569,3.927530768544716,0,0,dwa,kerb,20022,True,ood_mu,1.8516314000007696,0,0.0,True
goal,True,21.359999999999634,36.10772906839088,1.6911294916147057,0.8772211383458222,0.4074655280383532,0.14797952391708968,False,0.0,,,0.37120560119397783,1068,kerb,20023,0.12100850156970268,False,True,16.0,22.0,36.0,0.4602448178324993,4.581591014998616,0,0,dwa,kerb,20023,True,ood_mu,1.3428988000014215,0,0.0,True
goal,True,20.799999999999645,36.03733023736505,1.7336604795563482,1.3841075982998607,0.8678203772947453,0.16894934848194323,False,0.0,,,0.35438119071092244,1040,kerb,20024,0.1541370293622097,False,True,16.0,22.0,36.0,0.478020827514187,3.038559699469644,0,0,dwa,kerb,20024,True,ood_mu,1.4114305999974022,0,0.0,True
goal,True,21.439999999999632,36.108142273864786,1.6849551710125439,1.0263956318586738,0.47316597251475817,0.140538146848063,False,0.0,,,0.37377974446965145,1072,kerb,20025,0.12506823561834135,False,True,16.0,22.0,36.0,0.3243381515965809,3.9342622286547098,0,0,dwa,kerb,20025,True,ood_mu,1.3437559999947553,0,0.0,True
goal,True,26.499999999999524,37.38007709667011,1.3683633632908476,3.283279734435675,0.6651627844532669,0.2381931385428818,True,0.0007547169811320754,,,0.8619154416023912,1325,kerb,20026,0.14857003386589795,False,False,16.0,22.0,36.0,0.4179164730817593,3.657954133231503,0,0,dwa,kerb,20026,True,ood_mu,1.7076072999989265,0,0.0,False
stall,False,39.40000000000056,24.636601608137173,0.5632083711491854,1.7389980559759415,0.36919236023973706,0.12361250854111788,False,0.0,,,1.2161473208890152,1970,kerb,20027,0.09937140344251355,True,False,16.0,22.0,36.0,0.40277988434291506,3.91885952397039,0,0,dwa,kerb,20027,True,ood_mu,2.854210699995747,0,0.0,False
goal,True,22.8599999999996,36.04386157350105,1.5776336977510306,1.0917811299068678,0.4805860534043749,0.14974692568744077,False,0.0,,,0.40106110935214884,1143,kerb,20028,0.06425381722076659,True,False,16.0,22.0,36.0,0.4321358855753962,3.3609021372865486,0,0,dwa,kerb,20028,True,ood_mu,1.4221499000050244,0,0.0,True
goal,True,21.899999999999622,36.08666306032106,1.6485449337631597,0.816106822782186,0.41410985462007593,0.13754169710905942,False,0.0,,,0.3792830518510953,1095,kerb,20029,0.09976672092601409,False,True,16.0,22.0,36.0,0.3210399940670781,3.2875184883506394,0,0,dwa,kerb,20029,True,ood_mu,1.503473099997791,0,0.0,True
goal,True,23.119999999999596,36.09404087695251,1.5618983586407584,1.484555586827531,0.4583127167524336,0.16726360503665466,False,0.0,,,0.41048653534550233,1156,kerb,20030,0.06424975392811758,False,False,16.0,22.0,36.0,0.41137090471628057,3.72119218384469,0,0,dwa,kerb,20030,True,ood_mu,1.4789814000032493,0,0.0,True
stall,False,27.939999999999493,21.882150283953784,0.7687148205933827,3.9843217023756266,0.6994725400582172,0.2282011547684576,True,0.0012884753042233356,,,1.5690746175738846,1397,kerb,20031,0.14900158948422393,False,False,16.0,22.0,36.0,0.43663222068995083,4.550159854187384,0,0,dwa,kerb,20031,True,ood_mu,1.9061983999999939,0,0.0,False
goal,True,26.23999999999953,37.46283687001248,1.3816899709218786,3.3778308401382664,0.5179062708795673,0.20579270002677472,True,0.0007621951219512195,,,0.7933366466322695,1312,kerb,20032,0.1590234880617534,True,False,16.0,22.0,36.0,0.3467414997729287,3.666381391257011,0,0,dwa,kerb,20032,True,ood_mu,1.6496636000010767,0,0.0,False
goal,True,22.659999999999606,36.09374434020132,1.5934190464010811,0.6858827988892607,0.2549124712917299,0.12725671549676423,False,0.0,,,0.39644541897029856,1133,kerb,20033,0.06360061793988467,False,True,16.0,22.0,36.0,0.35485380663762817,4.250095987102105,0,0,dwa,kerb,20033,True,ood_mu,1.468880899999931,0,0.0,True
stall,False,39.0000000000005,24.953242471194965,0.5699718220816822,2.11301204225414,0.4311622329858518,0.1551862974649312,False,0.0,,,1.2875444307840305,1950,kerb,20034,0.10682029167980459,False,False,16.0,22.0,36.0,0.3928550231973824,3.0006705247774503,0,0,dwa,kerb,20034,True,ood_mu,2.7855135000063456,0,0.0,False
goal,True,30.319999999999443,36.844131632490175,1.1932234403070987,1.707664814297958,0.5097559693896251,0.16012270696011174,False,0.0,,,0.7071601722178443,1516,kerb,20035,0.10196034117884975,False,False,16.0,22.0,36.0,0.35412454801688503,4.276147798481377,0,0,dwa,kerb,20035,True,ood_mu,2.1064952999950037,0,0.0,True
goal,True,23.059999999999597,36.05290077997202,1.564161763287534,0.9722435789325596,0.38151583935981687,0.16200250780147984,False,0.0,,,0.404892107148341,1153,kerb,20036,0.060970456514079674,False,False,16.0,22.0,36.0,0.49292165098292534,4.460560744974262,0,0,dwa,kerb,20036,True,ood_mu,1.4456673999957275,0,0.0,True
goal,True,23.059999999999597,36.12515317874081,1.5671950368752507,2.312005081008183,0.3840025068697184,0.15562354359739508,False,0.0,,,0.4152441193197705,1153,kerb,20037,0.06154055662733186,False,False,16.0,22.0,36.0,0.36146577425939996,4.989171936395391,0,0,dwa,kerb,20037,True,ood_mu,1.48443650000263,0,0.0,True
goal,True,28.53999999999948,37.46649035398159,1.2708162784971484,2.0830061262526907,0.5454395720176679,0.16271574785615522,False,0.0,,,0.7654531485216349,1427,kerb,20038,0.12446990104063614,True,False,16.0,22.0,36.0,0.3233862548120006,4.654374221685567,0,0,dwa,kerb,20038,True,ood_mu,1.9938416000004509,0,0.0,True
goal,True,22.05999999999962,36.04853164733848,1.635017128051601,0.7296440053762802,0.38877145328670804,0.1374415165154588,False,0.0,,,0.37975679440336585,1103,kerb,20039,0.08563973549220519,False,True,16.0,22.0,36.0,0.4049617256166549,4.700655748188057,0,0,dwa,kerb,20039,True,ood_mu,1.4474176000003354,0,0.0,True
goal,True,22.719999999999605,36.09211190055424,1.5889945337718627,1.3224656935764683,0.3767215684803173,0.16888035611318888,False,0.0,,,0.42483295583058533,1136,kerb,20040,0.08616938201330882,False,False,16.0,22.0,36.0,0.3962847703866751,4.722273647058514,0,0,dwa,kerb,20040,True,ood_mu,1.4955713000017568,0,0.0,True
stall,False,27.879999999999495,22.164540144816524,0.7707846683944953,3.617261835061161,0.6441674703547365,0.22395362350734713,True,0.0010043041606886656,,,1.5044631815901275,1394,kerb,20041,0.14247805374606798,False,False,16.0,22.0,36.0,0.4735675967976509,4.797859776451794,0,0,dwa,kerb,20041,True,ood_mu,1.9251583000004757,0,0.0,False
goal,True,43.92000000000127,38.787234069865235,0.8251156428818136,1.6900645981861977,0.5583429858272623,0.14973557452308336,False,0.0,,,1.191165798416444,2196,kerb,20042,0.10160676434123592,False,False,16.0,22.0,36.0,0.34939902996574773,4.531273411592012,0,0,dwa,kerb,20042,True,ood_mu,3.055848199997854,0,0.0,True
goal,True,23.35999999999959,36.04830702830463,1.5438260948589968,1.8791373773207936,0.5885965439088521,0.18813445632250403,False,0.0,,,0.44330026992411725,1168,kerb,20043,0.08475983497476267,False,False,16.0,22.0,36.0,0.3859715200423663,4.153654454709007,0,0,dwa,kerb,20043,True,ood_mu,1.5645237999997335,0,0.0,True
goal,True,46.10000000000161,38.608848066941455,0.7857705716938223,1.5183502300929843,0.6681682067642415,0.14260299987408587,False,0.0,,,1.196455065654988,2305,kerb,20044,0.0958450442636862,False,False,16.0,22.0,36.0,0.3461433114434846,4.133224086207599,0,0,dwa,kerb,20044,True,ood_mu,3.4466996999981347,0,0.0,True
goal,True,32.199999999999434,37.146196029760894,1.1212589902354875,2.903381788084274,0.6271523233697247,0.19670733265182552,False,0.0,,,1.0294075147029036,1610,kerb,20045,0.13155970033930564,False,False,16.0,22.0,36.0,0.34063293290025104,3.239052753851332,0,0,dwa,kerb,20045,True,ood_mu,2.183379000001878,0,0.0,True
goal,True,29.159999999999467,37.04585656013969,1.2414664323861497,2.0214630451976685,0.6799103108462222,0.15313960985368535,False,0.0,,,0.6925700437174497,1458,kerb,20046,0.11327510366253679,True,False,16.0,22.0,36.0,0.3455037476846339,3.4416457245117873,0,0,dwa,kerb,20046,True,ood_mu,1.8826292999947327,0,0.0,True
goal,True,20.939999999999642,36.053305972607475,1.7228570693749339,1.1846565990281643,0.803780302111127,0.15375818372642827,False,0.0,,,0.3641747065753228,1047,kerb,20047,0.15010242775519483,False,True,16.0,22.0,36.0,0.3206686457585714,3.8120447701782125,0,0,dwa,kerb,20047,True,ood_mu,1.3230888999969466,0,0.0,True
stall,False,39.16000000000052,23.26929265019729,0.5670791286565942,1.742044433139306,0.4562380128447508,0.1396276976865311,False,0.0,,,1.268494537000355,1958,kerb,20048,0.09527372691056964,False,False,16.0,22.0,36.0,0.47330315409561385,3.8768915094141527,0,0,dwa,kerb,20048,True,ood_mu,2.7472947999995085,0,0.0,False
goal,True,22.9399999999996,36.117555700367056,1.5751820406168306,2.811979811733342,0.511815067273538,0.15670936426269005,False,0.0,,,0.40909305660640916,1147,kerb,20049,0.061662015782566436,True,False,16.0,22.0,36.0,0.41410033268011853,3.2229482873562647,0,0,dwa,kerb,20049,True,ood_mu,1.5295209999967483,0,0.0,True
goal,True,30.95999999999943,36.63307104755089,1.1828233241456523,0.8988379780155239,0.09182289976000182,0.1997558367190486,False,0.0,0.2803724623232027,,0.7809998667266169,1548,mixed,20000,0.12843232933396198,True,True,16.0,22.0,36.0,0.48039970951177446,4.053578853961741,4,1,dwa,mixed,20000,True,ood_mu,3.3251817999989726,254,0.1640826873385013,True
stall,False,22.839999999999602,3.9666329954902184,0.17280057195524715,1.0009556051670099,0.044052574292855536,0.16344184012424615,False,0.0,0.11515784128336637,,0.2640823418347388,1142,mixed,20001,0.1168585960289818,False,False,16.0,22.0,36.0,0.45893470060337843,3.1383771289516806,2,3,dwa,mixed,20001,True,ood_mu,2.3724733000053675,762,0.6672504378283712,False
stall,False,28.13999999999949,4.056737164808737,0.143648984159605,0.5323169658545972,0.025414053963450842,0.09238997334478463,False,0.0,0.24542987210115969,,0.2545464093270283,1407,mixed,20002,0.07150349411896181,False,False,16.0,22.0,36.0,0.30435983670844036,4.568323062029927,2,3,dwa,mixed,20002,True,ood_mu,3.2724975000019185,427,0.3034825870646766,False
goal,True,32.17999999999943,36.88337051287244,1.1441754575417038,1.3196474635641633,0.3456098679654849,0.2583025158541502,False,0.0,0.238902431202041,,0.8984871103510554,1609,mixed,20003,0.0760441566485695,False,False,16.0,22.0,36.0,0.3826221267827215,3.6950972021831383,4,2,dwa,mixed,20003,True,ood_mu,3.806425099995977,408,0.2535736482287135,True
stall,False,25.619999999999543,8.539201883500889,0.3323341409825899,0.8516803547544654,0.0376737544008596,0.13503799142142645,False,0.0,0.21958287774438995,,0.34894274493810723,1281,mixed,20004,0.13731894391199906,False,True,16.0,22.0,36.0,0.4281995818858022,4.306167078816012,4,3,dwa,mixed,20004,True,ood_mu,3.4970136000047205,922,0.7197501951600312,False
goal,True,25.919999999999536,36.10684609165416,1.3933756827968675,1.2664193599366043,0.7163370007043639,0.2205648072686848,False,0.0,0.19025831011185446,,0.6268931216893826,1296,mixed,20005,0.1299846017430102,False,True,16.0,22.0,36.0,0.35827602003087616,3.7679980347094397,2,2,dwa,mixed,20005,True,ood_mu,2.5897780999948736,148,0.11419753086419752,True
stall,False,35.82,26.17217763625565,0.7294121104834635,1.4285880334557302,0.5589562518670113,0.16720243402279789,False,0.0,0.07786485096750614,,0.5952941421978772,1791,mixed,20006,0.07269333854763303,False,True,16.0,22.0,36.0,0.3141460848700501,3.389247059011182,3,1,dwa,mixed,20006,True,ood_mu,4.02687380000134,586,0.32719151312116135,False
goal,True,34.29999999999976,37.1001821925983,1.0556612679979556,1.9359180002243745,0.937496632012483,0.2004734473730345,False,0.0,0.4037501990804503,,0.8432055629834425,1715,mixed,20007,0.09150070355267764,False,False,16.0,22.0,36.0,0.34233542560086583,4.635101412642601,4,1,dwa,mixed,20007,True,ood_mu,3.7495055999970646,364,0.21224489795918366,True
stall,False,42.380000000001026,23.74462396854708,0.5246197540484719,2.0558132740723485,0.39312285149979237,0.17127399740600333,False,0.0,0.2903759862518248,,1.694877866723728,2119,mixed,20008,0.10811846527503906,False,False,16.0,22.0,36.0,0.4333839719286525,4.848474254493182,2,1,dwa,mixed,20008,True,ood_mu,3.865307300002314,115,0.05427088249174139,False
goal,True,27.279999999999507,36.32421673685284,1.331857782422573,0.8802642003275454,0.07294201825420427,0.1763729787831236,False,0.0,0.13183818955206328,,0.6523472923424227,1364,mixed,20009,0.08275023654730332,True,True,16.0,22.0,36.0,0.37732134237798587,3.69956913547227,4,1,dwa,mixed,20009,True,ood_mu,3.0240257999976166,94,0.0689149560117302,True
goal,True,30.639999999999436,36.38680067163173,1.187248454939982,1.12811749596351,0.4922400819438705,0.21314901779073414,False,0.0,0.2729522545302574,,0.8000038638095079,1532,mixed,20010,0.07380143134160361,False,False,16.0,22.0,36.0,0.31746719433839676,4.37085018349743,4,1,dwa,mixed,20010,True,ood_mu,3.4242236999998568,332,0.21671018276762402,True
stall,False,30.719999999999434,21.673846528539325,0.7023363590540151,1.429359014834658,0.5981426575815093,0.16558377461979765,False,0.0,2.6839438361483094,,0.850496427605621,1536,mixed,20011,0.09235676388168668,False,False,16.0,22.0,36.0,0.35586205752779815,3.1769049779900986,3,3,dwa,mixed,20011,True,ood_mu,3.3237786999961827,0,0.0,False
goal,True,28.799999999999475,36.21083002293974,1.257388741490069,1.5711308279372178,1.1034011590529247,0.27787450994972734,False,0.0,0.2680764854378517,,0.8285491071252971,1440,mixed,20012,0.15858236562038797,True,False,16.0,22.0,36.0,0.3687607875521439,3.0617503503740853,4,2,dwa,mixed,20012,True,ood_mu,3.2503800000049523,334,0.23194444444444445,True
goal,True,24.579999999999565,36.11518603225374,1.4698583174128799,1.0975992136601178,0.4352152576401955,0.19358739955720675,False,0.0,0.36133601313595043,,0.5502874312041691,1229,mixed,20013,0.07280753225522647,False,False,16.0,22.0,36.0,0.4593190162544455,4.610537059342762,2,1,dwa,mixed,20013,True,ood_mu,2.313650800002506,213,0.17331163547599673,True
collision,False,34.15999999999974,29.070653277299485,0.8233624829201164,2.229415254901104,0.6204837002709124,0.20792658997558244,False,0.0,-0.01889233012333824,obstacle,1.006719276540963,1708,mixed,20014,0.1179632249019362,False,False,16.0,22.0,36.0,0.3797126193020982,4.643927656878525,2,2,dwa,mixed,20014,True,ood_mu,3.677460400002019,252,0.14754098360655737,False
goal,True,38.32000000000039,37.39582248315895,0.9426300844693902,2.545216762949673,0.8248576584516426,0.18949237647503836,False,0.0,0.007827667513398584,,1.6076774317896088,1916,mixed,20015,0.13565501144576492,True,False,16.0,22.0,36.0,0.46569140573925966,4.212718516623833,4,3,dwa,mixed,20015,True,ood_mu,4.144981800003734,170,0.08872651356993737,True
stall,False,38.3600000000004,25.674174188738057,0.6684057597622138,1.6416314516067707,0.5229939512335684,0.1946083659474928,False,0.0,0.3001604745452483,,0.7497850764243417,1918,mixed,20016,0.07101341959162902,False,False,16.0,22.0,36.0,0.3075324135944473,3.8804668888320917,2,1,dwa,mixed,20016,True,ood_mu,4.1486430000004475,166,0.08654848800834203,False
off_sidewalk,False,26.25999999999953,26.32346164705141,0.9999301867663792,0.9711480386746928,0.4483978845518833,0.23124374064494566,False,0.0,0.3267179205402434,,0.6270574931456495,1313,mixed,20017,0.11941868507919796,True,False,16.0,22.0,36.0,0.4364527232054912,3.925054574983727,4,3,dwa,mixed,20017,True,ood_mu,2.9348554000025615,174,0.13252094440213252,False
collision,False,27.439999999999504,28.50703014326978,1.0383600537123194,0.9829241538989157,0.47402440909035076,0.22013274032568186,False,0.0,-0.006565508425302569,obstacle,0.6469064875377601,1372,mixed,20018,0.1376578321930952,False,True,16.0,22.0,36.0,0.3896080293734654,3.786391784438904,4,2,dwa,mixed,20018,True,ood_mu,3.0626514999967185,301,0.2193877551020408,False
stall,False,33.05999999999957,22.826693247382444,0.6501070513123237,4.294280639418134,0.8659090513330185,0.23923108292352155,True,0.0009679370840895341,2.266264970164274,,1.4702655438899601,1653,mixed,20019,0.14513449034733966,False,False,16.0,22.0,36.0,0.37547104844504964,3.2154782479885347,3,1,dwa,mixed,20019,True,ood_mu,3.167718700002297,0,0.0,False
goal,True,31.179999999999424,36.48731284563858,1.1692089667458243,1.2231291317644557,0.715032054375128,0.22887676352012187,False,0.0,0.13461958474928462,,0.7634678826525076,1559,mixed,20020,0.15516075276539898,False,True,16.0,22.0,36.0,0.4110250440053318,3.7436670446590714,4,2,dwa,mixed,20020,True,ood_mu,3.3832325999974273,323,0.20718409236690186,True
goal,True,29.45999999999946,36.14589193851469,1.2271132547226538,1.1867163640485618,0.08827011710650777,0.18049812390318515,False,0.0,0.08533381719737967,,0.5990178740664421,1473,mixed,20021,0.11329045341441929,True,True,16.0,22.0,36.0,0.36294802725214925,3.4266242250056873,2,3,dwa,mixed,20021,True,ood_mu,3.0928122000041185,272,0.1846571622539036,True
goal,True,27.479999999999503,37.49194164480399,1.3205947852145836,2.3235911711107393,0.5555679330378283,0.18793544532450707,False,0.0,0.5831469138593859,,0.8477933615434146,1374,mixed,20022,0.1268613723793956,True,False,16.0,22.0,36.0,0.4535253906184569,3.927530768544716,2,1,dwa,mixed,20022,True,ood_mu,2.6313441999955103,0,0.0,True
off_sidewalk,False,33.539999999999644,32.89943366589126,0.9804037313074363,1.1458581619235229,0.4139734344964166,0.17199868887432415,False,0.0,0.8445409790979741,,0.5741501757592845,1677,mixed,20023,0.12100850156970268,False,True,16.0,22.0,36.0,0.4602448178324993,4.581591014998616,4,1,dwa,mixed,20023,True,ood_mu,4.1117880000019795,20,0.011926058437686345,False
goal,True,28.779999999999475,36.13429038939808,1.25568335125598,1.2211339965999275,0.6660117496848927,0.17339856830393036,False,0.0,0.3609365672862267,,0.5075896400088445,1439,mixed,20024,0.1541370293622097,False,True,16.0,22.0,36.0,0.478020827514187,3.038559699469644,3,2,dwa,mixed,20024,True,ood_mu,3.2636524999979883,1,0.0006949270326615705,True
goal,True,25.859999999999538,36.16475431553449,1.3988641106667807,0.9578076213493879,0.4473281579188975,0.2110321718076506,False,0.0,0.24383728596858123,,0.7342850988912704,1293,mixed,20025,0.12506823561834135,False,True,16.0,22.0,36.0,0.3243381515965809,3.9342622286547098,2,1,dwa,mixed,20025,True,ood_mu,2.6710988999984693,360,0.27842227378190254,True
stall,False,30.95999999999943,22.087458050199476,0.6936925128845414,4.33677050435938,0.7967575745128295,0.23810122002565579,True,0.0011627906976744186,3.192626854931483,,1.6448108007037505,1548,mixed,20026,0.14857003386589795,False,False,16.0,22.0,36.0,0.4179164730817593,3.657954133231503,3,2,dwa,mixed,20026,True,ood_mu,3.0429854999965755,0,0.0,False
stall,False,33.479999999999634,21.874925187911312,0.6433901895805636,2.005460618062658,0.21428722984863435,0.14433915001444764,False,0.0,2.6061127915816202,,0.9339968869305922,1674,mixed,20027,0.09937140344251355,True,False,16.0,22.0,36.0,0.40277988434291506,3.91885952397039,2,1,dwa,mixed,20027,True,ood_mu,3.184866099996725,0,0.0,False
goal,True,42.40000000000103,36.37397257513163,0.8571805039385083,1.0994605422344927,0.482496188186876,0.18293369107962115,False,0.0,0.10351366820345043,,0.7977061496515371,2120,mixed,20028,0.06425381722076659,True,False,16.0,22.0,36.0,0.4321358855753962,3.3609021372865486,3,2,dwa,mixed,20028,True,ood_mu,4.667183199999272,162,0.07641509433962264,True
goal,True,28.379999999999484,36.90033038377396,1.2992842927259796,0.8646546600584779,0.41955892963341085,0.19906719966521536,False,0.0,0.2953512920638287,,0.6484583245759659,1419,mixed,20029,0.09976672092601409,False,True,16.0,22.0,36.0,0.3210399940670781,3.2875184883506394,4,1,dwa,mixed,20029,True,ood_mu,3.1286203999989084,219,0.1543340380549683,True
collision,False,4.539999999999991,5.23224434166675,1.1525910106754176,1.1129809370446628,0.034541485464797704,0.28667026038403265,False,0.0,-0.0053529530414114235,obstacle,0.17266049745052323,227,mixed,20030,0.06424975392811758,False,False,16.0,22.0,36.0,0.41137090471628057,3.72119218384469,3,3,dwa,mixed,20030,True,ood_mu,0.566725899996527,39,0.17180616740088106,False
stall,False,30.299999999999443,22.701855526635168,0.7303682421988189,2.3835675099655873,0.5772110173331803,0.22408729529037766,False,0.0,0.2457203896109077,,0.9697036484589623,1515,mixed,20031,0.14900158948422393,False,False,16.0,22.0,36.0,0.43663222068995083,4.550159854187384,2,2,dwa,mixed,20031,True,ood_mu,3.052851799999189,0,0.0,False
stall,False,30.219999999999445,8.908794972385037,0.2935715232984074,0.9146602481210395,0.032081974066689785,0.12137035446793179,False,0.0,0.09458964797160563,,0.3706785531477139,1511,mixed,20032,0.1590234880617534,True,False,16.0,22.0,36.0,0.3467414997729287,3.666381391257011,2,3,dwa,mixed,20032,True,ood_mu,3.095610199998191,775,0.5129053606882858,False
goal,True,28.859999999999474,36.16652219891852,1.2534529989908667,0.8307330712420542,0.4676196420469136,0.18651805249240613,False,0.0,0.3240569527822901,,0.7131069445394026,1443,mixed,20033,0.06360061793988467,False,True,16.0,22.0,36.0,0.35485380663762817,4.250095987102105,4,2,dwa,mixed,20033,True,ood_mu,3.2193681999997352,350,0.24255024255024255,True
stall,False,47.58000000000184,27.181983807720645,0.5522856601163517,1.7442499685328692,0.49489193987654173,0.2137333548551493,False,0.0,0.2089028485362583,,1.112248494378341,2379,mixed,20034,0.10682029167980459,False,False,16.0,22.0,36.0,0.3928550231973824,3.0006705247774503,2,3,dwa,mixed,20034,True,ood_mu,5.061666200002946,959,0.4031105506515343,False
goal,True,46.64000000000169,38.83304881675369,0.7776571989209635,1.7147375384699974,0.6406184811064809,0.1689009408290277,False,0.0,0.34722734529329,,1.3057396453521253,2332,mixed,20035,0.10196034117884975,False,False,16.0,22.0,36.0,0.35412454801688503,4.276147798481377,4,1,dwa,mixed,20035,True,ood_mu,4.532337700002245,339,0.145368782161235,True
stall,False,22.319999999999613,10.806407783328275,0.48308773890071455,0.8825006799848758,0.044115321580523635,0.13780994859375234,False,0.0,0.22326331381804304,,0.34674227438252686,1116,mixed,20036,0.060970456514079674,False,False,16.0,22.0,36.0,0.49292165098292534,4.460560744974262,3,3,dwa,mixed,20036,True,ood_mu,2.9416182999993907,882,0.7903225806451613,False
goal,True,31.35999999999942,36.50115340885536,1.1633869154899883,1.121562308529177,0.386149718334845,0.19281907526245848,False,0.0,0.2868627480876267,,0.7629779139273564,1568,mixed,20037,0.06154055662733186,False,False,16.0,22.0,36.0,0.36146577425939996,4.989171936395391,3,1,dwa,mixed,20037,True,ood_mu,3.2357686000032118,195,0.12436224489795919,True
stall,False,17.919999999999707,4.520489337106102,0.2515738865416623,0.6164127218441439,0.03126651080065623,0.09938311250107572,False,0.0,0.06636053635467032,,0.21604186119528437,896,mixed,20038,0.12446990104063614,True,False,16.0,22.0,36.0,0.3233862548120006,4.654374221685567,2,2,dwa,mixed,20038,True,ood_mu,2.0883052999997744,740,0.8258928571428571,False
goal,True,29.159999999999467,36.599655013298964,1.2543624730597673,1.583011731678938,0.29749791544086834,0.2076475516557817,False,0.0,0.2210655847272517,,0.8373110387451638,1458,mixed,20039,0.08563973549220519,False,True,16.0,22.0,36.0,0.4049617256166549,4.700655748188057,3,2,dwa,mixed,20039,True,ood_mu,3.299009800000931,379,0.2599451303155007,True
stall,False,42.220000000001,26.48436119660306,0.6265162315336722,1.3180386388630951,0.5492256097538881,0.1804941101759302,False,0.0,0.11960147036860255,,0.7393972853554557,2111,mixed,20040,0.08616938201330882,False,False,16.0,22.0,36.0,0.3962847703866751,4.722273647058514,3,1,dwa,mixed,20040,True,ood_mu,4.331175699997402,916,0.43391757460918995,False
stall,False,34.77999999999984,23.42823353938648,0.6377787161637872,1.949358111944412,0.5680561745765582,0.21650813103583644,False,0.0,0.3261001578423348,,1.4580983320294818,1739,mixed,20041,0.14247805374606798,False,False,16.0,22.0,36.0,0.4735675967976509,4.797859776451794,2,3,dwa,mixed,20041,True,ood_mu,3.5267863999979454,124,0.07130534790109258,False
stall,False,21.01999999999964,8.827104462970125,0.4192613770010801,0.8970820364171713,0.03989365058555509,0.11934062622045824,False,0.0,0.13356855040883286,,0.3228397507719571,1051,mixed,20042,0.10160676434123592,False,False,16.0,22.0,36.0,0.34939902996574773,4.531273411592012,3,1,dwa,mixed,20042,True,ood_mu,2.5312610999972094,871,0.8287345385347288,False
goal,True,25.519999999999545,36.286136396096204,1.4216388311374448,1.0908861551625704,0.5118671820406265,0.20951291245942152,False,0.0,0.3396078164665126,,0.637488102447533,1276,mixed,20043,0.08475983497476267,False,False,16.0,22.0,36.0,0.3859715200423663,4.153654454709007,4,2,dwa,mixed,20043,True,ood_mu,2.885446199994476,149,0.11677115987460815,True
goal,True,27.919999999999494,36.267595188759024,1.2976604408651933,1.5328790633088145,0.38100619278688624,0.20905774209250733,False,0.0,0.323133516980189,,0.6847975825134046,1396,mixed,20044,0.0958450442636862,False,False,16.0,22.0,36.0,0.3461433114434846,4.133224086207599,4,1,dwa,mixed,20044,True,ood_mu,2.9307947999986936,331,0.23710601719197708,True
stall,False,31.29999999999942,21.905019118441242,0.6912706670869484,3.462994745846252,0.7972464260882456,0.2161221787702118,True,0.0007667731629392971,0.334734145231406,,1.1527640130086132,1565,mixed,20045,0.13155970033930564,False,False,16.0,22.0,36.0,0.34063293290025104,3.239052753851332,4,2,dwa,mixed,20045,True,ood_mu,3.4136858000056236,214,0.136741214057508,False
goal,True,36.360000000000085,37.79520744570185,1.0078173653477416,1.6173167126721253,0.317838815117055,0.23458318959326144,False,0.0,0.19922715980326655,,1.105292720224689,1818,mixed,20046,0.11327510366253679,True,False,16.0,22.0,36.0,0.3455037476846339,3.4416457245117873,4,1,dwa,mixed,20046,True,ood_mu,4.063360499996634,292,0.16061606160616063,True
off_sidewalk,False,17.459999999999717,10.428377409330881,0.5962852913085368,1.0541259788913853,0.6731447079011343,0.24508980158640367,False,0.0,0.06255932071460513,,0.40759417457805386,873,mixed,20047,0.15010242775519483,False,True,16.0,22.0,36.0,0.3206686457585714,3.8120447701782125,4,2,dwa,mixed,20047,True,ood_mu,2.3949464000033913,326,0.3734249713631157,False
collision,False,3.4200000000000026,4.734634584399659,1.3883527563328248,1.1109596056393294,0.04441409568914633,0.29108712866764186,False,0.0,-0.003240481452425281,obstacle,0.16355349376667136,171,mixed,20048,0.09527372691056964,False,False,16.0,22.0,36.0,0.47330315409561385,3.8768915094141527,3,3,dwa,mixed,20048,True,ood_mu,0.46131039999454515,82,0.47953216374269003,False
collision,False,12.279999999999827,6.42530306734385,0.5198952396818436,1.127371739822557,0.040797599252102426,0.29099323406004457,False,0.0,-0.00013963201253475166,obstacle,0.3230175570123998,614,mixed,20049,0.061662015782566436,True,False,16.0,22.0,36.0,0.41410033268011853,3.2229482873562647,2,3,dwa,mixed,20049,True,ood_mu,1.4888184999945224,47,0.07654723127035831,False
goal,True,18.399999999999697,36.23483798856771,1.9690754596888946,0.8390220238050095,0.11923843057403367,0.2437260652911229,False,0.0,,,0.7070598906750022,920,kerb,20000,0.12843232933396198,True,True,16.0,22.0,36.0,0.48039970951177446,4.053578853961741,0,0,ppo,kerb,20000,True,ood_mu,1.4021123999991687,0,0.0,True
goal,True,18.479999999999695,36.25360350644557,1.9599535218902995,1.6843361438909705,1.0368063703630581,0.35655951457313145,False,0.0,,,0.9315529934848901,924,kerb,20001,0.1168585960289818,False,False,16.0,22.0,36.0,0.45893470060337843,3.1383771289516806,0,0,ppo,kerb,20001,True,ood_mu,1.3193134999964968,0,0.0,True
goal,True,18.579999999999693,36.189052413336036,1.9473360139209754,1.1499268541445147,0.589853025247363,0.21228296930780036,False,0.0,,,0.749325909753285,929,kerb,20002,0.07150349411896181,False,False,16.0,22.0,36.0,0.30435983670844036,4.568323062029927,0,0,ppo,kerb,20002,True,ood_mu,1.423768900000141,0,0.0,True
goal,True,18.479999999999695,36.2014710913242,1.958085485606467,1.5169545297635596,0.7157504529429828,0.2781305953755228,False,0.0,,,0.8334947577614691,924,kerb,20003,0.0760441566485695,False,False,16.0,22.0,36.0,0.3826221267827215,3.6950972021831383,0,0,ppo,kerb,20003,True,ood_mu,1.4336160000020755,0,0.0,True
goal,True,18.439999999999696,36.247839450087156,1.965189200269757,1.4345998295058515,0.7767599598435547,0.26904528267614664,False,0.0,,,0.7329498657081918,922,kerb,20004,0.13731894391199906,False,True,16.0,22.0,36.0,0.4281995818858022,4.306167078816012,0,0,ppo,kerb,20004,True,ood_mu,1.4140227999960189,0,0.0,True
goal,True,18.479999999999695,36.20461964799719,1.9581690819205908,1.2750854270466077,0.8863637642532155,0.2592045453845232,False,0.0,,,0.8230458373633779,924,kerb,20005,0.1299846017430102,False,True,16.0,22.0,36.0,0.35827602003087616,3.7679980347094397,0,0,ppo,kerb,20005,True,ood_mu,1.5427283000026364,0,0.0,True
goal,True,18.519999999999694,36.218884081701155,1.9557215567429953,0.9679143351125492,0.7317411117971586,0.19269579152512462,False,0.0,,,0.6493335924310606,926,kerb,20006,0.07269333854763303,False,True,16.0,22.0,36.0,0.3141460848700501,3.389247059011182,0,0,ppo,kerb,20006,True,ood_mu,1.412839399999939,0,0.0,True
goal,True,18.519999999999694,36.22216589083392,1.9549281098061329,1.2852719426098524,0.6841050967531245,0.2390766484870873,False,0.0,,,0.8040117787671772,926,kerb,20007,0.09150070355267764,False,False,16.0,22.0,36.0,0.34233542560086583,4.635101412642601,0,0,ppo,kerb,20007,True,ood_mu,1.3277983000007225,0,0.0,True
goal,True,18.519999999999694,36.25822484984395,1.9562947310718801,1.4008289016155184,0.8064407105520852,0.2992021520348666,False,0.0,,,0.8842481706359556,926,kerb,20008,0.10811846527503906,False,False,16.0,22.0,36.0,0.4333839719286525,4.848474254493182,0,0,ppo,kerb,20008,True,ood_mu,1.3933474000004935,0,0.0,True
goal,True,18.419999999999696,36.195086424066055,1.9647539145470312,0.7332242708302044,0.13619267554488582,0.20256625216910165,False,0.0,,,0.7233078330431434,921,kerb,20009,0.08275023654730332,True,True,16.0,22.0,36.0,0.37732134237798587,3.69956913547227,0,0,ppo,kerb,20009,True,ood_mu,1.4058686999997008,0,0.0,True
goal,True,18.499999999999694,36.18403095946854,1.9551581827185862,1.5330024707359422,0.6241207123332572,0.23101979252628813,False,0.0,,,0.7507353220111966,925,kerb,20010,0.07380143134160361,False,False,16.0,22.0,36.0,0.31746719433839676,4.37085018349743,0,0,ppo,kerb,20010,True,ood_mu,1.4474190999972052,0,0.0,True
goal,True,18.539999999999694,36.242054298653265,1.9544066198501109,1.582943543917268,0.857941923457957,0.2584482886130674,False,0.0,,,0.7101289239546265,927,kerb,20011,0.09235676388168668,False,False,16.0,22.0,36.0,0.35586205752779815,3.1769049779900986,0,0,ppo,kerb,20011,True,ood_mu,1.371120100004191,0,0.0,True
goal,True,18.67999999999969,36.240107458756796,1.939122606832083,1.5251595682559533,1.4665050405637945,0.2754575642019123,False,0.0,,,0.7498519267012457,934,kerb,20012,0.15858236562038797,True,False,16.0,22.0,36.0,0.3687607875521439,3.0617503503740853,0,0,ppo,kerb,20012,True,ood_mu,1.4369361999997636,0,0.0,True
goal,True,18.519999999999694,36.218373245587834,1.9548014314694602,1.454183427448527,0.6286385442238133,0.273484044592515,False,0.0,,,0.7505132760932194,926,kerb,20013,0.07280753225522647,False,False,16.0,22.0,36.0,0.4593190162544455,4.610537059342762,0,0,ppo,kerb,20013,True,ood_mu,1.400217700000212,0,0.0,True
goal,True,18.519999999999694,36.22429607128711,1.9554969146569745,1.2647778833641448,0.8829572227407534,0.26385596776600195,False,0.0,,,0.7443509632713805,926,kerb,20014,0.1179632249019362,False,False,16.0,22.0,36.0,0.3797126193020982,4.643927656878525,0,0,ppo,kerb,20014,True,ood_mu,1.4373903000014252,0,0.0,True
goal,True,18.559999999999693,36.28939598597861,1.9541208299547417,1.4127431670031916,1.0476562174165662,0.28417738278408,False,0.0,,,0.7568814892076003,928,kerb,20015,0.13565501144576492,True,False,16.0,22.0,36.0,0.46569140573925966,4.212718516623833,0,0,ppo,kerb,20015,True,ood_mu,1.435547500004759,0,0.0,True
goal,True,18.579999999999693,36.20100503118325,1.9478749150417378,1.2835867886473162,0.6699325527978871,0.22049229649634486,False,0.0,,,0.7448426149878247,929,kerb,20016,0.07101341959162902,False,False,16.0,22.0,36.0,0.3075324135944473,3.8804668888320917,0,0,ppo,kerb,20016,True,ood_mu,1.3559602000023006,0,0.0,True
goal,True,18.499999999999694,36.23036629056596,1.9574277134308742,1.472026118820913,1.0095833072385774,0.27995680523030025,False,0.0,,,0.7933322290450953,925,kerb,20017,0.11941868507919796,True,False,16.0,22.0,36.0,0.4364527232054912,3.925054574983727,0,0,ppo,kerb,20017,True,ood_mu,1.449197499998263,0,0.0,True
goal,True,18.459999999999695,36.25361425144866,1.9631549621880453,1.5335989613141368,0.8358500283857446,0.2659720675101304,False,0.0,,,0.786185633878243,923,kerb,20018,0.1376578321930952,False,True,16.0,22.0,36.0,0.3896080293734654,3.786391784438904,0,0,ppo,kerb,20018,True,ood_mu,1.4921340000000782,0,0.0,True
goal,True,18.619999999999692,36.26315410286149,1.9468570369689804,1.7294861302826183,1.3867671217571294,0.3027155913431975,False,0.0,,,0.7166329227277055,931,kerb,20019,0.14513449034733966,False,False,16.0,22.0,36.0,0.37547104844504964,3.2154782479885347,0,0,ppo,kerb,20019,True,ood_mu,1.417300699999032,0,0.0,True
goal,True,18.479999999999695,36.24956347696443,1.9609700376094468,1.6328220728125942,0.8567000655885465,0.2689886704237663,False,0.0,,,0.7725520950570849,924,kerb,20020,0.15516075276539898,False,True,16.0,22.0,36.0,0.4110250440053318,3.7436670446590714,0,0,ppo,kerb,20020,True,ood_mu,1.3574773000000278,0,0.0,True
goal,True,18.439999999999696,36.20761772433154,1.9636281437922578,0.740072545844709,0.12340070638046352,0.19176594602683647,False,0.0,,,0.6688746208909357,922,kerb,20021,0.11329045341441929,True,True,16.0,22.0,36.0,0.36294802725214925,3.4266242250056873,0,0,ppo,kerb,20021,True,ood_mu,1.4401432999948156,0,0.0,True
goal,True,18.519999999999694,36.2385353046317,1.955920451473121,1.4715177340542887,1.0747546081946484,0.2761750749600688,False,0.0,,,0.7251787429231445,926,kerb,20022,0.1268613723793956,True,False,16.0,22.0,36.0,0.4535253906184569,3.927530768544716,0,0,ppo,kerb,20022,True,ood_mu,1.343485999997938,0,0.0,True
goal,True,18.419999999999696,36.23078751061397,1.9659418299843026,1.179564035673328,0.7360626820296154,0.28956987411884677,False,0.0,,,0.8311119160708342,921,kerb,20023,0.12100850156970268,False,True,16.0,22.0,36.0,0.4602448178324993,4.581591014998616,0,0,ppo,kerb,20023,True,ood_mu,1.3835937999974703,0,0.0,True
goal,True,18.419999999999696,36.277854840087,1.9683540183133486,1.8886818638683238,0.9308470678282299,0.30972126042015585,False,0.0,,,0.79510764370528,921,kerb,20024,0.1541370293622097,False,True,16.0,22.0,36.0,0.478020827514187,3.038559699469644,0,0,ppo,kerb,20024,True,ood_mu,1.3968576000042958,0,0.0,True
goal,True,18.539999999999694,36.216810506903684,1.9532700227655513,1.193095670760343,0.8677351487724982,0.22161873849017177,False,0.0,,,0.7255264091327103,927,kerb,20025,0.12506823561834135,False,True,16.0,22.0,36.0,0.3243381515965809,3.9342622286547098,0,0,ppo,kerb,20025,True,ood_mu,1.4021686999985832,0,0.0,True
goal,True,18.579999999999693,36.276331579866934,1.9512834657192561,1.6492708460262917,1.270415675437865,0.31647249253773224,False,0.0,,,0.7479549297375596,929,kerb,20026,0.14857003386589795,False,False,16.0,22.0,36.0,0.4179164730817593,3.657954133231503,0,0,ppo,kerb,20026,True,ood_mu,1.4056637000030605,0,0.0,True
goal,True,18.539999999999694,36.22613757213967,1.9533141958062534,1.520709088744546,0.8379887563592329,0.24382084789994043,False,0.0,,,0.7379216126387143,927,kerb,20027,0.09937140344251355,True,False,16.0,22.0,36.0,0.40277988434291506,3.91885952397039,0,0,ppo,kerb,20027,True,ood_mu,1.4285138999985065,0,0.0,True
goal,True,18.439999999999696,36.201654015138025,1.9623455028806678,1.5160882247468936,0.5939191427751376,0.270241572936002,False,0.0,,,0.7917694437039855,922,kerb,20028,0.06425381722076659,True,False,16.0,22.0,36.0,0.4321358855753962,3.3609021372865486,0,0,ppo,kerb,20028,True,ood_mu,1.406179500001599,0,0.0,True
goal,True,18.499999999999694,36.21405367949735,1.9572678716074492,1.2820079530968327,0.8442271888845447,0.21782473896433413,False,0.0,,,0.7127765831926435,925,kerb,20029,0.09976672092601409,False,True,16.0,22.0,36.0,0.3210399940670781,3.2875184883506394,0,0,ppo,kerb,20029,True,ood_mu,1.424884899999597,0,0.0,True
goal,True,18.419999999999696,36.19929872117487,1.9644431242603853,1.469585113716347,0.6333276137229056,0.2824550643674532,False,0.0,,,0.8179052434318308,921,kerb,20030,0.06424975392811758,False,False,16.0,22.0,36.0,0.41137090471628057,3.72119218384469,0,0,ppo,kerb,20030,True,ood_mu,1.4085600999969756,0,0.0,True
goal,True,18.619999999999692,36.26329281088728,1.9459543257926093,1.4547529080120907,1.0900004643898382,0.31874151214014895,False,0.0,,,0.8649506591712101,931,kerb,20031,0.14900158948422393,False,False,16.0,22.0,36.0,0.43663222068995083,4.550159854187384,0,0,ppo,kerb,20031,True,ood_mu,1.383168200001819,0,0.0,True
goal,True,18.69999999999969,36.26035035534916,1.9382913054951039,1.350262765523725,1.329676052747666,0.25272219970438836,False,0.0,,,0.7333402610454314,935,kerb,20032,0.1590234880617534,True,False,16.0,22.0,36.0,0.3467414997729287,3.666381391257011,0,0,ppo,kerb,20032,True,ood_mu,1.4286942999970051,0,0.0,True
goal,True,18.439999999999696,36.194650887137115,1.9625836406845718,0.807637359396296,0.5874576086062596,0.2039425294331867,False,0.0,,,0.6996523031820775,922,kerb,20033,0.06360061793988467,False,True,16.0,22.0,36.0,0.35485380663762817,4.250095987102105,0,0,ppo,kerb,20033,True,ood_mu,1.4129694000002928,0,0.0,True
goal,True,18.499999999999694,36.24364899577284,1.9581659630617043,1.5932063520840678,0.9589454450519052,0.30301125611999324,False,0.0,,,0.7960775095411561,925,kerb,20034,0.10682029167980459,False,False,16.0,22.0,36.0,0.3928550231973824,3.0006705247774503,0,0,ppo,kerb,20034,True,ood_mu,1.4354911999980686,0,0.0,True
goal,True,18.539999999999694,36.2315351945184,1.9538098214532407,1.3159938464175591,0.809259674371203,0.2455977866187104,False,0.0,,,0.7102920680291205,927,kerb,20035,0.10196034117884975,False,False,16.0,22.0,36.0,0.35412454801688503,4.276147798481377,0,0,ppo,kerb,20035,True,ood_mu,1.3849212999994052,0,0.0,True
goal,True,18.419999999999696,36.218302173151734,1.9652499515508963,1.383469773268848,0.5519927619354039,0.30022498512252777,False,0.0,,,0.8167523370248144,921,kerb,20036,0.060970456514079674,False,False,16.0,22.0,36.0,0.49292165098292534,4.460560744974262,0,0,ppo,kerb,20036,True,ood_mu,1.4588840999931563,0,0.0,True
goal,True,18.499999999999694,36.19387146373843,1.9557139850008538,1.1071732157460863,0.4992953642078383,0.22982015611048057,False,0.0,,,0.7908816540771846,925,kerb,20037,0.06154055662733186,False,False,16.0,22.0,36.0,0.36146577425939996,4.989171936395391,0,0,ppo,kerb,20037,True,ood_mu,1.4060496999954921,0,0.0,True
goal,True,18.579999999999693,36.203168870972036,1.948392255958266,1.1289867708797747,0.9214104693363824,0.2069144599395473,False,0.0,,,0.7187157597723937,929,kerb,20038,0.12446990104063614,True,False,16.0,22.0,36.0,0.3233862548120006,4.654374221685567,0,0,ppo,kerb,20038,True,ood_mu,1.3498562000022503,0,0.0,True
goal,True,18.399999999999697,36.209762376780425,1.9671537120488762,0.9704716533098445,0.6186141990139966,0.24907268764588816,False,0.0,,,0.7951486197252895,920,kerb,20039,0.08563973549220519,False,True,16.0,22.0,36.0,0.4049617256166549,4.700655748188057,0,0,ppo,kerb,20039,True,ood_mu,1.3720121000005747,0,0.0,True
goal,True,18.539999999999694,36.21514018715556,1.9526936883952255,1.3797671959917397,0.6657646264300208,0.24976749635553389,False,0.0,,,0.7519715402365378,927,kerb,20040,0.08616938201330882,False,False,16.0,22.0,36.0,0.3962847703866751,4.722273647058514,0,0,ppo,kerb,20040,True,ood_mu,1.403488500000094,0,0.0,True
goal,True,18.579999999999693,36.31638360230457,1.9527979453744124,1.3889154017758645,0.9414118758715901,0.3179779726330998,False,0.0,,,0.8113084694463609,929,kerb,20041,0.14247805374606798,False,False,16.0,22.0,36.0,0.4735675967976509,4.797859776451794,0,0,ppo,kerb,20041,True,ood_mu,1.4067327000011574,0,0.0,True
goal,True,18.519999999999694,36.22675255940216,1.9557234823798169,1.286934682570767,0.792955625876785,0.24502515048270584,False,0.0,,,0.7486628517990953,926,kerb,20042,0.10160676434123592,False,False,16.0,22.0,36.0,0.34939902996574773,4.531273411592012,0,0,ppo,kerb,20042,True,ood_mu,1.4235552999962238,0,0.0,True
goal,True,18.559999999999693,36.24541551008219,1.9522772835629505,1.456121484797388,0.7173580084207789,0.25886152207540414,False,0.0,,,0.7559281325234809,928,kerb,20043,0.08475983497476267,False,False,16.0,22.0,36.0,0.3859715200423663,4.153654454709007,0,0,ppo,kerb,20043,True,ood_mu,1.4510726999942563,0,0.0,True
goal,True,18.479999999999695,36.196784706281015,1.9578546977612536,1.3325247987972022,0.7907487046054398,0.25189765636206946,False,0.0,,,0.8000147535726051,924,kerb,20044,0.0958450442636862,False,False,16.0,22.0,36.0,0.3461433114434846,4.133224086207599,0,0,ppo,kerb,20044,True,ood_mu,1.4409543000001577,0,0.0,True
goal,True,18.579999999999693,36.21096060196914,1.9479736896669675,1.436213693637749,1.2265977340701235,0.29929666311528563,False,0.0,,,0.8012902767383221,929,kerb,20045,0.13155970033930564,False,False,16.0,22.0,36.0,0.34063293290025104,3.239052753851332,0,0,ppo,kerb,20045,True,ood_mu,1.4079009999986738,0,0.0,True
goal,True,18.559999999999693,36.21972260057214,1.9510933842897986,1.3590914622471624,1.0771776019949484,0.2337172342922474,False,0.0,,,0.7497123219207369,928,kerb,20046,0.11327510366253679,True,False,16.0,22.0,36.0,0.3455037476846339,3.4416457245117873,0,0,ppo,kerb,20046,True,ood_mu,1.3992417999979807,0,0.0,True
goal,True,18.519999999999694,36.25365613466695,1.9576621082416983,1.5086888024094482,0.8676366993513873,0.21917433219760438,False,0.0,,,0.6738574671667925,926,kerb,20047,0.15010242775519483,False,True,16.0,22.0,36.0,0.3206686457585714,3.8120447701782125,0,0,ppo,kerb,20047,True,ood_mu,1.4365720999994664,0,0.0,True
goal,True,18.479999999999695,36.24223262201711,1.9593170377027183,1.6529375703645879,0.792446489514722,0.3380066325531639,False,0.0,,,0.9462091153715098,924,kerb,20048,0.09527372691056964,False,False,16.0,22.0,36.0,0.47330315409561385,3.8768915094141527,0,0,ppo,kerb,20048,True,ood_mu,1.3773862999951234,0,0.0,True
goal,True,18.499999999999694,36.19858230969677,1.9562833820606864,1.3087296978880267,0.6587930836632508,0.25385869112982506,False,0.0,,,0.7055311830412332,925,kerb,20049,0.061662015782566436,True,False,16.0,22.0,36.0,0.41410033268011853,3.2229482873562647,0,0,ppo,kerb,20049,True,ood_mu,1.2863206999973045,0,0.0,True
goal,True,21.899999999999622,36.61505533370298,1.6644461618486954,1.131453124475783,0.5400604536150956,0.3266046623744475,False,0.0,0.5911758418195352,,1.424181067241315,1095,mixed,20000,0.12843232933396198,True,True,16.0,22.0,36.0,0.48039970951177446,4.053578853961741,4,1,ppo,mixed,20000,True,ood_mu,2.1963964000024134,336,0.30684931506849317,True
goal,True,21.819999999999624,36.30965214042331,1.6600368374398473,1.4822708939015434,0.8737924690992982,0.3877224967020441,False,0.0,0.24240557685628028,,1.5043922005167008,1091,mixed,20001,0.1168585960289818,False,False,16.0,22.0,36.0,0.45893470060337843,3.1383771289516806,2,3,ppo,mixed,20001,True,ood_mu,2.214442099997541,170,0.15582034830430797,True
off_sidewalk,False,11.459999999999845,22.177339964238687,1.9340028297857088,0.8181149385830863,0.6375088963528079,0.24526757017202616,False,0.0,0.6793400203122781,,0.678329142457603,573,mixed,20002,0.07150349411896181,False,False,16.0,22.0,36.0,0.30435983670844036,4.568323062029927,2,3,ppo,mixed,20002,True,ood_mu,1.1956183000002056,5,0.008726003490401396,False
goal,True,25.35999999999955,36.9055871752168,1.4514511056074797,1.0698326804928926,0.7515515114675734,0.30532729018029975,False,0.0,0.24632904285264734,,1.226027494418887,1268,mixed,20003,0.0760441566485695,False,False,16.0,22.0,36.0,0.3826221267827215,3.6950972021831383,4,2,ppo,mixed,20003,True,ood_mu,2.6540440000026138,321,0.2531545741324921,True
goal,True,25.659999999999542,36.69242931583063,1.4235314871312148,1.2097759711016158,0.8585395599678571,0.3294353983995048,False,0.0,0.2163006968700771,,1.284707023482568,1283,mixed,20004,0.13731894391199906,False,True,16.0,22.0,36.0,0.4281995818858022,4.306167078816012,4,3,ppo,mixed,20004,True,ood_mu,2.7686629000018,542,0.4224473889321902,True
goal,True,20.359999999999655,36.54124606712203,1.7926810345333577,1.2118244092771724,0.9000269933801999,0.2835178690862498,False,0.0,0.7635625500542839,,1.029805453972813,1018,mixed,20005,0.1299846017430102,False,True,16.0,22.0,36.0,0.35827602003087616,3.7679980347094397,2,2,ppo,mixed,20005,True,ood_mu,2.189678199996706,195,0.19155206286836934,True
goal,True,20.939999999999642,37.18676081200251,1.772778676679301,0.9555349410414936,0.7329037486601226,0.24837681217744012,False,0.0,0.09035189217005954,,1.035663702278328,1047,mixed,20006,0.07269333854763303,False,True,16.0,22.0,36.0,0.3141460848700501,3.389247059011182,3,1,ppo,mixed,20006,True,ood_mu,2.2326787000056356,233,0.22254059216809932,True
goal,True,23.119999999999596,36.965447284851464,1.5946408915388743,0.9250124331797579,0.34905550318258904,0.26126390997598387,False,0.0,0.5583281421529254,,1.3254070733683336,1156,mixed,20007,0.09150070355267764,False,False,16.0,22.0,36.0,0.34233542560086583,4.635101412642601,4,1,ppo,mixed,20007,True,ood_mu,2.4606959000011557,204,0.17647058823529413,True
goal,True,19.399999999999675,36.34282791963683,1.8701799346290366,1.3914245433882124,0.765621772189896,0.32275995881142233,False,0.0,0.553470843206399,,1.1546468363836826,970,mixed,20008,0.10811846527503906,False,False,16.0,22.0,36.0,0.4333839719286525,4.848474254493182,2,1,ppo,mixed,20008,True,ood_mu,2.0291655999972136,129,0.13298969072164948,True
stall,False,32.399999999999466,28.29516575507115,0.870186590655566,0.9009893038037741,0.27868747230879914,0.1960072654248801,False,0.0,0.508074547220478,,0.9836427572902237,1620,mixed,20009,0.08275023654730332,True,True,16.0,22.0,36.0,0.37732134237798587,3.69956913547227,4,1,ppo,mixed,20009,True,ood_mu,3.323392699996475,89,0.05493827160493827,False
off_sidewalk,False,13.679999999999797,22.212970078971473,1.6201800692275878,0.9929319734559954,0.33926127150185914,0.24391825143738663,False,0.0,0.8644374869854141,,0.7862585514526501,684,mixed,20010,0.07380143134160361,False,False,16.0,22.0,36.0,0.31746719433839676,4.37085018349743,4,1,ppo,mixed,20010,True,ood_mu,1.3942144000029657,202,0.2953216374269006,False
off_sidewalk,False,13.779999999999795,22.317525925455556,1.6136216848794347,1.1835544855963631,0.5091036159335175,0.2748051609076438,False,0.0,2.174021066878574,,0.8438757039298806,689,mixed,20011,0.09235676388168668,False,False,16.0,22.0,36.0,0.35586205752779815,3.1769049779900986,3,3,ppo,mixed,20011,True,ood_mu,1.4573316999958479,10,0.01451378809869376,False
goal,True,24.019999999999577,36.6711872977479,1.522373633936855,3.2506131767759654,0.8583160769266753,0.3347129656829362,True,0.0008326394671107411,0.5470655317263641,,1.2403204278720796,1201,mixed,20012,0.15858236562038797,True,False,16.0,22.0,36.0,0.3687607875521439,3.0617503503740853,4,2,ppo,mixed,20012,True,ood_mu,2.589781700000458,433,0.3605328892589509,False
goal,True,21.45999999999963,36.491479462458656,1.6973273650774252,1.114468944508674,0.4997636910051302,0.2792826312463293,False,0.0,0.8807918420844401,,1.0662624998402124,1073,mixed,20013,0.07280753225522647,False,False,16.0,22.0,36.0,0.4593190162544455,4.610537059342762,2,1,ppo,mixed,20013,True,ood_mu,2.0839731999949436,210,0.195712954333644,True
stall,False,23.499999999999588,11.312625460809851,0.47716544098795016,0.9401724727556829,0.4721305857909047,0.2033007165747444,False,0.0,0.1683295480400983,,0.5352975856196535,1175,mixed,20014,0.1179632249019362,False,False,16.0,22.0,36.0,0.3797126193020982,4.643927656878525,2,2,ppo,mixed,20014,True,ood_mu,2.4995582999981707,991,0.843404255319149,False
off_sidewalk,False,21.819999999999624,30.753904190277524,1.4060170773236653,1.405566957253022,0.8863795737228303,0.34081486894498886,False,0.0,0.6495580566634197,,1.089292843129656,1091,mixed,20015,0.13565501144576492,True,False,16.0,22.0,36.0,0.46569140573925966,4.212718516623833,4,3,ppo,mixed,20015,True,ood_mu,2.3113598999989335,139,0.12740604949587533,False
goal,True,20.779999999999646,36.37272662932143,1.7482553867349317,1.3984113703372008,0.6997871249971553,0.27292424445090663,False,0.0,0.7098911734824302,,1.0543930552005376,1039,mixed,20016,0.07101341959162902,False,False,16.0,22.0,36.0,0.3075324135944473,3.8804668888320917,2,1,ppo,mixed,20016,True,ood_mu,2.1560061999989557,247,0.2377285851780558,True
collision,False,18.69999999999969,28.34180376695451,1.5111087104933123,1.501048834514651,0.8989456921229789,0.3472249139948984,False,0.0,-0.007357346363163764,obstacle,0.9767643668566044,935,mixed,20017,0.11941868507919796,True,False,16.0,22.0,36.0,0.4364527232054912,3.925054574983727,4,3,ppo,mixed,20017,True,ood_mu,1.8877979000026244,439,0.46951871657754013,False
goal,True,25.459999999999546,36.94502827064104,1.4476430516255063,1.0290919658562871,0.45993512816076093,0.29858687785992444,False,0.0,0.3119618959414777,,1.357757372348224,1273,mixed,20018,0.1376578321930952,False,True,16.0,22.0,36.0,0.3896080293734654,3.786391784438904,4,2,ppo,mixed,20018,True,ood_mu,2.7234633000043686,387,0.3040062843676355,True
goal,True,22.47999999999961,36.72472905837014,1.6295445538589093,1.416055072495744,1.2880460514506356,0.35469945519073587,False,0.0,0.15524844135881816,,1.1323274899836049,1124,mixed,20019,0.14513449034733966,False,False,16.0,22.0,36.0,0.37547104844504964,3.2154782479885347,3,1,ppo,mixed,20019,True,ood_mu,2.390864299995883,342,0.304270462633452,True
goal,True,22.219999999999615,36.38832374717819,1.6345220403410636,1.635511492929765,0.8642579040923659,0.33123510122498273,False,0.0,0.0021579534133002176,,1.3406195552347613,1111,mixed,20020,0.15516075276539898,False,True,16.0,22.0,36.0,0.4110250440053318,3.7436670446590714,4,2,ppo,mixed,20020,True,ood_mu,2.3086422000051243,336,0.30243024302430244,True
stall,False,29.379999999999463,11.389484142352167,0.38482123152814046,0.9492353746314335,0.034167104928095084,0.19033373434045178,False,0.0,0.20590659863509875,,0.6339333939515424,1469,mixed,20021,0.11329045341441929,True,True,16.0,22.0,36.0,0.36294802725214925,3.4266242250056873,2,3,ppo,mixed,20021,True,ood_mu,3.0213387999974657,809,0.55071477195371,False
goal,True,19.11999999999968,36.379168965439156,1.9005820269500346,1.5161157371450535,0.8907895540476638,0.33683887739180224,False,0.0,1.1878715869829235,,1.138042072290386,956,mixed,20022,0.1268613723793956,True,False,16.0,22.0,36.0,0.4535253906184569,3.927530768544716,2,1,ppo,mixed,20022,True,ood_mu,1.9318016999968677,0,0.0,True
off_sidewalk,False,16.29999999999974,30.486799770389787,1.8686537938656709,1.2113756632794106,0.7246070004720905,0.3455894969517609,False,0.0,1.6575239463471165,,0.912258936255898,815,mixed,20023,0.12100850156970268,False,True,16.0,22.0,36.0,0.4602448178324993,4.581591014998616,4,1,ppo,mixed,20023,True,ood_mu,1.6273303999987547,8,0.0098159509202454,False
stall,False,30.999999999999428,29.544666217125883,0.9502117046476276,1.8127773704949344,1.0066965670767496,0.32065054448661146,False,0.0,0.8309316341926489,,1.2894026314599953,1550,mixed,20024,0.1541370293622097,False,True,16.0,22.0,36.0,0.478020827514187,3.038559699469644,3,2,ppo,mixed,20024,True,ood_mu,3.2145587999984855,0,0.0,False
goal,True,23.079999999999597,36.30543287526847,1.5695239656813127,1.5233590352489348,0.805830275718094,0.2706742050914187,False,0.0,0.31188700556104354,,1.2344951719161117,1154,mixed,20025,0.12506823561834135,False,True,16.0,22.0,36.0,0.3243381515965809,3.9342622286547098,2,1,ppo,mixed,20025,True,ood_mu,2.192609400000947,464,0.4020797227036395,True
goal,True,21.139999999999638,36.44185541834199,1.719877849878954,1.3814339990970903,0.8993699425308544,0.34744177450496605,False,0.0,0.35072945750562634,,1.3935150104938268,1057,mixed,20026,0.14857003386589795,False,False,16.0,22.0,36.0,0.4179164730817593,3.657954133231503,3,2,ppo,mixed,20026,True,ood_mu,2.2588146999987657,207,0.195837275307474,True
goal,True,20.779999999999646,36.40705432141688,1.7496047625992768,1.0079346367105042,0.5949833537761322,0.2525995018670575,False,0.0,0.2926216434909339,,1.1370754916770587,1039,mixed,20027,0.09937140344251355,True,False,16.0,22.0,36.0,0.40277988434291506,3.91885952397039,2,1,ppo,mixed,20027,True,ood_mu,2.042835799999011,217,0.2088546679499519,True
goal,True,21.01999999999964,37.70835727988455,1.7890662743752068,0.9589454043316405,0.2844527879043143,0.30830328227399795,False,0.0,0.33171281284607823,,1.1274260705250485,1051,mixed,20028,0.06425381722076659,True,False,16.0,22.0,36.0,0.4321358855753962,3.3609021372865486,3,2,ppo,mixed,20028,True,ood_mu,2.2064706000019214,200,0.19029495718363462,True
off_sidewalk,False,11.539999999999843,22.238422698006623,1.9247216806532377,1.2593187478924839,0.8304398580698401,0.2925165312628712,False,0.0,1.135250961731062,,0.6783115884505483,577,mixed,20029,0.09976672092601409,False,True,16.0,22.0,36.0,0.3210399940670781,3.2875184883506394,4,1,ppo,mixed,20029,True,ood_mu,1.0990025999999489,0,0.0,False
off_sidewalk,False,14.279999999999784,23.36529551052314,1.6321774741083095,1.2296202434171881,0.6624350760234666,0.3488837687736912,False,0.0,0.6497975110592756,,0.8147504584801553,714,mixed,20030,0.06424975392811758,False,False,16.0,22.0,36.0,0.41137090471628057,3.72119218384469,3,3,ppo,mixed,20030,True,ood_mu,1.5312871000060113,216,0.3025210084033613,False
stall,False,19.519999999999673,8.439378185401415,0.43124754834021933,0.9143564062040155,0.05107022627139294,0.10828717755850116,False,0.0,2.6748253703694855,,0.2296283277165536,976,mixed,20031,0.14900158948422393,False,False,16.0,22.0,36.0,0.43663222068995083,4.550159854187384,2,2,ppo,mixed,20031,True,ood_mu,1.8583548000024166,0,0.0,False
stall,False,26.65999999999952,23.868620377448632,0.8387920973767473,2.080148557663353,1.2293695434609853,0.29226615815979384,False,0.0,0.08513480756200881,,1.9619049323914086,1333,mixed,20032,0.1590234880617534,True,False,16.0,22.0,36.0,0.3467414997729287,3.666381391257011,2,3,ppo,mixed,20032,True,ood_mu,2.6862509999991744,17,0.012753188297074268,False
off_sidewalk,False,6.439999999999951,8.592585036612927,1.3311556471721493,0.835227845974294,0.31841248725757976,0.3045462429247558,False,0.0,1.0441201019190258,,0.35061338133755077,322,mixed,20033,0.06360061793988467,False,True,16.0,22.0,36.0,0.35485380663762817,4.250095987102105,4,2,ppo,mixed,20033,True,ood_mu,0.7247598999965703,72,0.2236024844720497,False
goal,True,21.219999999999636,36.40636135894176,1.7125913202172252,1.1781797998732941,0.9061314812762855,0.3184573167123556,False,0.0,0.5713220200691006,,1.2542852790635992,1061,mixed,20034,0.10682029167980459,False,False,16.0,22.0,36.0,0.3928550231973824,3.0006705247774503,2,3,ppo,mixed,20034,True,ood_mu,2.2260803999961354,291,0.27426955702167766,True
off_sidewalk,False,7.679999999999924,7.682616372766508,0.9971020804286805,0.9389528405925794,0.36307495481440477,0.3299886969446747,False,0.0,0.8114356197448189,,0.3587681347276597,384,mixed,20035,0.10196034117884975,False,False,16.0,22.0,36.0,0.35412454801688503,4.276147798481377,4,1,ppo,mixed,20035,True,ood_mu,0.8098049000036553,211,0.5494791666666666,False
off_sidewalk,False,4.000000000000003,7.208274287106639,1.802044067059814,0.8310776954076298,0.2326716236483351,0.3898338941858485,False,0.0,1.8229712711261816,,0.311634905612391,200,mixed,20036,0.060970456514079674,False,False,16.0,22.0,36.0,0.49292165098292534,4.460560744974262,3,3,ppo,mixed,20036,True,ood_mu,0.42633209999621613,8,0.04,False
off_sidewalk,False,6.199999999999956,9.267203528914806,1.4927006449368665,0.7037569719737656,0.2615761644191389,0.29831526997377955,False,0.0,0.6891075515420073,,0.3607112536396104,310,mixed,20037,0.06154055662733186,False,False,16.0,22.0,36.0,0.36146577425939996,4.989171936395391,3,1,ppo,mixed,20037,True,ood_mu,0.6572488999954658,139,0.4483870967741935,False
goal,True,19.399999999999675,36.405037044040014,1.875955146655278,1.0201657375620317,0.7452344969216809,0.2270674116027788,False,0.0,0.5866313746001163,,0.9631349401858935,970,mixed,20038,0.12446990104063614,True,False,16.0,22.0,36.0,0.3233862548120006,4.654374221685567,2,2,ppo,mixed,20038,True,ood_mu,1.8983860000007553,5,0.005154639175257732,True
goal,True,23.239999999999593,36.320005642355795,1.5590940642704691,0.9825011072592373,0.6472432890043053,0.2964986149870142,False,0.0,0.46260837928656373,,1.3874653001436463,1162,mixed,20039,0.08563973549220519,False,True,16.0,22.0,36.0,0.4049617256166549,4.700655748188057,3,2,ppo,mixed,20039,True,ood_mu,2.4448947999990196,415,0.35714285714285715,True
off_sidewalk,False,2.800000000000002,3.9780422274514065,1.419703175703063,0.9743290472045926,0.26841986066061996,0.3561629814615703,False,0.0,1.2618285471824608,,0.17805376884480806,140,mixed,20040,0.08616938201330882,False,False,16.0,22.0,36.0,0.3962847703866751,4.722273647058514,3,1,ppo,mixed,20040,True,ood_mu,0.2922868999958155,42,0.3,False
goal,True,20.859999999999644,36.85760791863626,1.763981983591266,2.266929095845605,0.8147048836184109,0.33899785224523615,False,0.0,0.5265348979796469,,1.4818406432225952,1043,mixed,20041,0.14247805374606798,False,False,16.0,22.0,36.0,0.4735675967976509,4.797859776451794,2,3,ppo,mixed,20041,True,ood_mu,2.1193786000003456,134,0.12847555129434324,True
off_sidewalk,False,6.01999999999996,9.177456990285785,1.5215540181792329,0.920544556673361,0.29542349662229966,0.31379691255527187,False,0.0,0.4255977500922685,,0.35498964431840674,301,mixed,20042,0.10160676434123592,False,False,16.0,22.0,36.0,0.34939902996574773,4.531273411592012,3,1,ppo,mixed,20042,True,ood_mu,0.609856299997773,102,0.3388704318936877,False
off_sidewalk,False,23.039999999999598,26.07960332574047,1.1261318024987224,1.0148042273525626,0.7372251198149765,0.26205408891665144,False,0.0,0.0623621076896381,,0.93047318125249,1152,mixed,20043,0.08475983497476267,False,False,16.0,22.0,36.0,0.3859715200423663,4.153654454709007,4,2,ppo,mixed,20043,True,ood_mu,2.432644499996968,545,0.4730902777777778,False
off_sidewalk,False,13.919999999999792,22.251252712527318,1.5943256413212243,0.9167941732703243,0.49053844055209483,0.2625552843846044,False,0.0,0.8916652560928866,,0.7860975215357429,696,mixed,20044,0.0958450442636862,False,False,16.0,22.0,36.0,0.3461433114434846,4.133224086207599,4,1,ppo,mixed,20044,True,ood_mu,1.398080700004357,236,0.3390804597701149,False
collision,False,19.019999999999683,28.693166574926604,1.5053540733898156,1.3194183063768028,0.9463504344840752,0.3811225108651134,False,0.0,-0.006068709155741758,obstacle,1.0170999063733512,951,mixed,20045,0.13155970033930564,False,False,16.0,22.0,36.0,0.34063293290025104,3.239052753851332,4,2,ppo,mixed,20045,True,ood_mu,2.279927299998235,184,0.19348054679284962,False
goal,True,22.51999999999961,36.53223837981467,1.6169064286463903,1.4633568311892413,0.8835293143962066,0.30180177328574276,False,0.0,0.41623465276390925,,1.2603349558333374,1126,mixed,20046,0.11327510366253679,True,False,16.0,22.0,36.0,0.3455037476846339,3.4416457245117873,4,1,ppo,mixed,20046,True,ood_mu,2.333312800001295,353,0.31349911190053287,True
goal,True,23.39999999999959,36.64368057367135,1.562067134417042,0.9509849708666283,0.7699273327257609,0.2799601380872578,False,0.0,0.08513607453189587,,1.1631361023322986,1170,mixed,20047,0.15010242775519483,False,True,16.0,22.0,36.0,0.3206686457585714,3.8120447701782125,4,2,ppo,mixed,20047,True,ood_mu,2.4048263000004226,375,0.32051282051282054,True
goal,True,21.779999999999625,36.29174082419294,1.6619630342430183,1.5982313499387426,0.6897593166649797,0.32976206558366156,False,0.0,0.39990244987538215,,1.4836491436408288,1089,mixed,20048,0.09527372691056964,False,False,16.0,22.0,36.0,0.47330315409561385,3.8768915094141527,3,3,ppo,mixed,20048,True,ood_mu,2.3412476999947103,330,0.30303030303030304,True
off_sidewalk,False,13.359999999999804,22.421320780894757,1.6751555588276814,0.9823422372705809,0.37354407100939624,0.3360665768448519,False,0.0,0.07621085598589922,,0.7772406794035479,668,mixed,20049,0.061662015782566436,True,False,16.0,22.0,36.0,0.41410033268011853,3.2229482873562647,2,3,ppo,mixed,20049,True,ood_mu,1.354672399997071,181,0.27095808383233533,False
goal,True,20.839999999999645,36.07889151530757,1.7326912492120194,0.8496124335089026,0.10920886801951915,0.10792147631067021,False,0.0,,,0.3595813493881607,1042,kerb,20000,0.1773729317335848,True,True,16.0,22.0,36.0,0.48039970951177446,4.053578853961741,0,0,dwa,kerb,20000,True,ood_both,1.426938099997642,0,0.0,True
stall,False,27.939999999999493,22.27124392461619,0.7692849065899854,5.455153256242179,0.9453174498389735,0.30312753252193514,True,0.0015748031496062992,,,1.537159952927951,1397,kerb,20001,0.1727434384115927,False,False,16.0,22.0,36.0,0.45893470060337843,3.1383771289516806,0,0,dwa,kerb,20001,True,ood_both,1.8346481999979005,0,0.0,False
goal,True,21.339999999999634,36.14390119849915,1.6940152742872852,3.2914176843273792,0.8483127649289992,0.2315477661322897,True,0.0009372071227741331,,,0.4044982888840885,1067,kerb,20002,0.1546013976475847,False,False,16.0,22.0,36.0,0.30435983670844036,4.568323062029927,0,0,dwa,kerb,20002,True,ood_both,1.4258056999969995,0,0.0,False
goal,True,26.539999999999523,37.459964459847406,1.365248095592877,3.938445049678527,0.6573113351551201,0.25089480073070214,True,0.0012057272042200451,,,0.8974018453118505,1327,kerb,20003,0.1564176626594278,False,False,16.0,22.0,36.0,0.3826221267827215,3.6950972021831383,0,0,dwa,kerb,20003,True,ood_both,1.8096816000033868,0,0.0,False
goal,True,20.63999999999965,36.02362316569086,1.7464369646574165,1.5514748941274328,0.8469880424217754,0.17140776901046353,False,0.0,,,0.3602082415552706,1032,kerb,20004,0.1809275775647996,False,True,16.0,22.0,36.0,0.4281995818858022,4.306167078816012,0,0,dwa,kerb,20004,True,ood_both,1.335218399995938,0,0.0,True
goal,True,20.97999999999964,36.11756814924001,1.72249761793142,1.190885562312669,0.6362775019309141,0.15979079909755334,False,0.0,,,0.3657114324899334,1049,kerb,20005,0.1779938406972041,False,True,16.0,22.0,36.0,0.35827602003087616,3.7679980347094397,0,0,dwa,kerb,20005,True,ood_both,1.3092308999985107,0,0.0,True
goal,True,21.11999999999964,36.11176450261474,1.7106452827309393,1.1390741085420162,0.6499630664363233,0.1513382153389648,False,0.0,,,0.370250441672969,1056,kerb,20006,0.15507733541905322,False,True,16.0,22.0,36.0,0.3141460848700501,3.389247059011182,0,0,dwa,kerb,20006,True,ood_both,1.3693033999952604,0,0.0,True
goal,True,25.71999999999954,37.44377256053559,1.4103424206961772,3.1096006967162233,0.5647411365063457,0.23018195213011824,True,0.0006220839813374805,,,0.8052749413102948,1286,kerb,20007,0.16260028142107105,False,False,16.0,22.0,36.0,0.34233542560086583,4.635101412642601,0,0,dwa,kerb,20007,True,ood_both,1.838159999999334,0,0.0,False
stall,False,27.899999999999494,21.969132812561515,0.769950649209414,4.49892121101487,0.7528775025291427,0.2458868633092357,True,0.0015770609318996416,,,1.616729221207148,1395,kerb,20008,0.1692473861100156,False,False,16.0,22.0,36.0,0.4333839719286525,4.848474254493182,0,0,dwa,kerb,20008,True,ood_both,1.7466711000015493,0,0.0,False
goal,True,20.959999999999642,36.09728737373461,1.723507138086414,0.722219346355471,0.10484615898639112,0.09859127755415763,False,0.0,,,0.3673686223512337,1048,kerb,20009,0.15910009461892133,True,True,16.0,22.0,36.0,0.37732134237798587,3.69956913547227,0,0,dwa,kerb,20009,True,ood_both,1.4632591999979923,0,0.0,True
goal,True,26.039999999999534,37.45234173327447,1.3942543604039015,3.0590219751349275,0.524904184716913,0.2190965702580929,True,0.00030721966205837174,,,0.7596567868374513,1302,kerb,20010,0.15552057253664145,False,False,16.0,22.0,36.0,0.31746719433839676,4.37085018349743,0,0,dwa,kerb,20010,True,ood_both,1.8140472000013688,0,0.0,False
goal,True,28.51999999999948,37.52980894422269,1.2691129168893156,4.8243794504824145,0.951228978874302,0.2671641635096476,True,0.001402524544179523,,,1.069721803976909,1426,kerb,20011,0.16294270555267468,False,False,16.0,22.0,36.0,0.35586205752779815,3.1769049779900986,0,0,dwa,kerb,20011,True,ood_both,1.8066182999973535,0,0.0,False
goal,True,26.439999999999525,37.59376320287566,1.3743527798032475,4.468755996798549,0.7790659571377561,0.2665629461672217,True,0.001815431164901664,,,0.8310715377778318,1322,kerb,20012,0.1894329462481552,True,False,16.0,22.0,36.0,0.3687607875521439,3.0617503503740853,0,0,dwa,kerb,20012,True,ood_both,1.9443227000010666,0,0.0,False
goal,True,25.27999999999955,37.46404738720122,1.4344571933119086,3.5087221782933598,0.7273332547468905,0.25813955429861657,True,0.0011075949367088608,,,0.7920403120945663,1264,kerb,20013,0.15512301290209057,False,False,16.0,22.0,36.0,0.4593190162544455,4.610537059342762,0,0,dwa,kerb,20013,True,ood_both,1.5582735999996657,0,0.0,False
goal,True,25.499999999999545,37.38949141001066,1.4225434785917601,3.4067406396113435,0.6192378039050911,0.25312386551006905,True,0.0012549019607843138,,,0.8009605047998617,1275,kerb,20014,0.17318528996077448,False,False,16.0,22.0,36.0,0.3797126193020982,4.643927656878525,0,0,dwa,kerb,20014,True,ood_both,1.6240770000003977,0,0.0,False
goal,True,21.639999999999628,36.177590754894645,1.6722375914185448,3.378976528598002,0.8504215304331744,0.2300607529637932,True,0.0011090573012939,,,0.4015655302790347,1082,kerb,20015,0.18026200457830596,True,False,16.0,22.0,36.0,0.46569140573925966,4.212718516623833,0,0,dwa,kerb,20015,True,ood_both,1.4152201999968383,0,0.0,False
goal,True,26.939999999999515,37.41693065297371,1.3462387394688262,3.2248577176938995,0.558087538155346,0.21447820288273534,True,0.0005939123979213066,,,0.806514596301527,1347,kerb,20016,0.1544053678366516,False,False,16.0,22.0,36.0,0.3075324135944473,3.8804668888320917,0,0,dwa,kerb,20016,True,ood_both,1.831568999994488,0,0.0,False
goal,True,33.859999999999694,37.653189810575576,1.0692257584401244,5.087544660055984,0.9213946719181477,0.2492407736337463,True,0.001299468399291199,,,1.5402640002258656,1693,kerb,20017,0.1737674740316792,True,False,16.0,22.0,36.0,0.4364527232054912,3.925054574983727,0,0,dwa,kerb,20017,True,ood_both,2.274944400000095,0,0.0,False
goal,True,20.719999999999647,36.05657439147212,1.74139568195647,1.6705625221732963,0.922367025200509,0.17411340168670406,False,0.0,,,0.35993585941072587,1036,kerb,20018,0.18106313287723808,False,True,16.0,22.0,36.0,0.3896080293734654,3.786391784438904,0,0,dwa,kerb,20018,True,ood_both,1.356559699997888,0,0.0,True
goal,True,25.379999999999548,37.42994000290999,1.42975051592432,5.096371646382588,0.8692519668185645,0.2984237257539147,True,0.0017336485421591804,,,0.7734816164814652,1269,kerb,20019,0.18405379613893585,False,False,16.0,22.0,36.0,0.37547104844504964,3.2154782479885347,0,0,dwa,kerb,20019,True,ood_both,1.6578774000008707,0,0.0,False
goal,True,20.959999999999642,36.08194412664084,1.722420596262286,1.4468239297958014,0.7804940817482937,0.1729570191912761,False,0.0,,,0.3671952749085265,1048,kerb,20020,0.1880643011061596,False,True,16.0,22.0,36.0,0.4110250440053318,3.7436670446590714,0,0,dwa,kerb,20020,True,ood_both,1.3298160000049393,0,0.0,True
goal,True,20.959999999999642,36.08649286338334,1.7231229929720826,0.7467800305117221,0.11139526516935824,0.09731514625463306,False,0.0,,,0.3702735408496761,1048,kerb,20021,0.1713161813657677,True,True,16.0,22.0,36.0,0.36294802725214925,3.4266242250056873,0,0,dwa,kerb,20021,True,ood_both,1.380478299994138,0,0.0,True
goal,True,26.21999999999953,37.55872321039727,1.3836396119508083,3.914628654657233,0.7856989580850217,0.28273713413490775,True,0.0012204424103737605,,,0.8174464813734283,1311,kerb,20022,0.17674454895175823,True,False,16.0,22.0,36.0,0.4535253906184569,3.927530768544716,0,0,dwa,kerb,20022,True,ood_both,1.6584969999967143,0,0.0,False
goal,True,20.899999999999643,36.11787353259657,1.728860665434455,1.120971614459048,0.5798184349885354,0.16303307430498112,False,0.0,,,0.36675990586273444,1045,kerb,20023,0.17440340062788107,False,True,16.0,22.0,36.0,0.4602448178324993,4.581591014998616,0,0,dwa,kerb,20023,True,ood_both,1.3499490000031074,0,0.0,True
goal,True,20.799999999999645,36.061295070454946,1.7349987321517564,1.696732349875714,0.9629803697551137,0.1846820842690589,False,0.0,,,0.3560836156897234,1040,kerb,20024,0.18765481174488385,False,True,16.0,22.0,36.0,0.478020827514187,3.038559699469644,0,0,dwa,kerb,20024,True,ood_both,1.2257548000052338,0,0.0,True
goal,True,21.01999999999964,36.11160486828857,1.7189333364332442,1.214383347684871,0.665808564439794,0.15575853389779734,False,0.0,,,0.369580072191262,1051,kerb,20025,0.17602729424733654,False,True,16.0,22.0,36.0,0.3243381515965809,3.9342622286547098,0,0,dwa,kerb,20025,True,ood_both,1.3405259000064689,0,0.0,True
goal,True,21.259999999999636,36.14092537148748,1.6999282300496565,4.809664802111792,1.0936830191429654,0.29502364797854375,True,0.0016933207902163688,,,0.4032001612368566,1063,kerb,20026,0.18542801354635918,False,False,16.0,22.0,36.0,0.4179164730817593,3.657954133231503,0,0,dwa,kerb,20026,True,ood_both,1.38181220000115,0,0.0,False
goal,True,21.439999999999632,36.12222386999469,1.6857379221007,1.4335170172006226,1.0797803131108872,0.18122727393482013,False,0.0,,,0.3913383654444049,1072,kerb,20027,0.16574856137700542,True,False,16.0,22.0,36.0,0.40277988434291506,3.91885952397039,0,0,dwa,kerb,20027,True,ood_both,1.4264496999967378,0,0.0,True
goal,True,26.799999999999518,37.421823473142446,1.3510768896409446,3.431255037069813,0.7690371990743625,0.22292807286150595,True,0.0008955223880597015,,,0.8635409938097375,1340,kerb,20028,0.15170152688830663,True,False,16.0,22.0,36.0,0.4321358855753962,3.3609021372865486,0,0,dwa,kerb,20028,True,ood_both,1.6173166000007768,0,0.0,False
goal,True,21.03999999999964,36.10020077618691,1.716623475517107,1.1836636235410973,0.660954973356312,0.1549740116683955,False,0.0,,,0.36864662898017,1052,kerb,20029,0.16590668837040562,False,True,16.0,22.0,36.0,0.3210399940670781,3.2875184883506394,0,0,dwa,kerb,20029,True,ood_both,1.3627255999963381,0,0.0,True
goal,True,27.299999999999507,37.39114920358738,1.3277370747951647,3.2149035749026913,0.8469255827053114,0.23952860487251323,True,0.0005860805860805861,,,0.9335883476258319,1365,kerb,20030,0.15169990157124702,False,False,16.0,22.0,36.0,0.41137090471628057,3.72119218384469,0,0,dwa,kerb,20030,True,ood_both,1.786570300006133,0,0.0,False
stall,False,27.959999999999493,22.244067639736652,0.767891259211642,4.9274381696716025,0.8193050877746625,0.2731286113175951,True,0.0017167381974248926,,,1.5931563413355074,1398,kerb,20031,0.18560063579368957,False,False,16.0,22.0,36.0,0.43663222068995083,4.550159854187384,0,0,dwa,kerb,20031,True,ood_both,1.84395979999681,0,0.0,False
goal,True,26.039999999999534,37.52708640521355,1.3941641358927108,4.322683592036016,0.602739515701836,0.2495704092513493,True,0.0018433179723502304,,,0.7979224009325907,1302,kerb,20032,0.18960939522470135,True,False,16.0,22.0,36.0,0.3467414997729287,3.666381391257011,0,0,dwa,kerb,20032,True,ood_both,1.7296803999997792,0,0.0,False
goal,True,21.09999999999964,36.11071213848348,1.7121073431657574,1.0577371999554552,0.5256440446938128,0.1483292398606353,False,0.0,,,0.37334647925783676,1055,kerb,20033,0.15144024717595386,False,True,16.0,22.0,36.0,0.35485380663762817,4.250095987102105,0,0,dwa,kerb,20033,True,ood_both,1.3795404999982566,0,0.0,True
goal,True,25.499999999999545,37.460713002673344,1.422312051569721,4.679633203397768,0.8214811330506373,0.29064109973280705,True,0.001568627450980392,,,0.7913437036121668,1275,kerb,20034,0.16872811667192184,False,False,16.0,22.0,36.0,0.3928550231973824,3.0006705247774503,0,0,dwa,kerb,20034,True,ood_both,1.62168489999749,0,0.0,False
goal,True,25.639999999999542,37.42939038546924,1.4144895042538759,3.2881742586710567,0.5764493651296987,0.24243445418579357,True,0.00078003120124805,,,0.8015831177866088,1282,kerb,20035,0.1667841364715399,False,False,16.0,22.0,36.0,0.35412454801688503,4.276147798481377,0,0,dwa,kerb,20035,True,ood_both,1.569246099999873,0,0.0,False
goal,True,25.479999999999546,37.37790823031239,1.4224409527389146,3.2113598869089612,0.5854821556504268,0.2578989878422624,True,0.0007849293563579278,,,0.7849727037266955,1274,kerb,20036,0.15038818260563186,False,False,16.0,22.0,36.0,0.49292165098292534,4.460560744974262,0,0,dwa,kerb,20036,True,ood_both,1.666590199994971,0,0.0,False
goal,True,21.339999999999634,36.12771429487081,1.693261860268668,3.1819582791661536,0.8322671338225441,0.2350168125763751,True,0.0007497656982193065,,,0.4062374647537339,1067,kerb,20037,0.15061622265093275,False,False,16.0,22.0,36.0,0.36146577425939996,4.989171936395391,0,0,dwa,kerb,20037,True,ood_both,1.3231599999999162,0,0.0,False
goal,True,26.71999999999952,37.58260646960031,1.3590069258285677,3.7349713874270667,0.3746042605517959,0.21599135676286335,True,0.0011976047904191617,,,0.8459631276601913,1336,kerb,20038,0.17578796041625444,True,False,16.0,22.0,36.0,0.3233862548120006,4.654374221685567,0,0,dwa,kerb,20038,True,ood_both,1.779584399999294,0,0.0,False
goal,True,20.939999999999642,36.0644760982124,1.7232447345660102,1.2093066715742755,0.6322465053536434,0.15710540506875764,False,0.0,,,0.3620847167675436,1047,kerb,20039,0.16025589419688208,False,True,16.0,22.0,36.0,0.4049617256166549,4.700655748188057,0,0,dwa,kerb,20039,True,ood_both,1.3290839999972377,0,0.0,True
goal,True,25.619999999999543,37.43236042736761,1.415460108226493,3.640040269666211,0.7130394245433204,0.24907188001666514,True,0.001092896174863388,,,0.8290906820315709,1281,kerb,20040,0.16046775280532352,False,False,16.0,22.0,36.0,0.3962847703866751,4.722273647058514,0,0,dwa,kerb,20040,True,ood_both,1.6281417999998666,0,0.0,False
stall,False,27.899999999999494,23.02362232602774,0.7701815377476182,4.794175613334338,0.7691320448372874,0.3274988677220874,True,0.0015770609318996416,,,1.535262931010913,1395,kerb,20041,0.1829912214984272,False,False,16.0,22.0,36.0,0.4735675967976509,4.797859776451794,0,0,dwa,kerb,20041,True,ood_both,1.7870541000011144,0,0.0,False
goal,True,26.099999999999532,37.42187082442705,1.389482246119726,3.1478087411790856,0.553374097964657,0.23707896995429942,True,0.0006130268199233716,,,0.847172426331165,1305,kerb,20042,0.16664270573649437,False,False,16.0,22.0,36.0,0.34939902996574773,4.531273411592012,0,0,dwa,kerb,20042,True,ood_both,1.679833599999256,0,0.0,False
goal,True,21.97999999999962,36.52260993815738,1.6451831281913951,3.9541308573697322,0.662432710829129,0.26824993615297194,True,0.0014558689717925387,,,0.46544710930397215,1099,kerb,20043,0.15990393398990507,False,False,16.0,22.0,36.0,0.3859715200423663,4.153654454709007,0,0,dwa,kerb,20043,True,ood_both,1.4473350000043865,0,0.0,False
goal,True,25.69999999999954,37.444375389089195,1.4117884484142218,2.9677179279584385,0.5630336239833175,0.23350361280536702,False,0.0,,,0.7995078234669302,1285,kerb,20044,0.1643380177054745,False,False,16.0,22.0,36.0,0.3461433114434846,4.133224086207599,0,0,dwa,kerb,20044,True,ood_both,1.7254762000011397,0,0.0,True
goal,True,25.33999999999955,37.54334385019062,1.435354211331587,4.874559027896612,0.8097332906588712,0.2757737139702318,True,0.0017363851617995265,,,0.7556753576591493,1267,kerb,20045,0.17862388013572225,False,False,16.0,22.0,36.0,0.34063293290025104,3.239052753851332,0,0,dwa,kerb,20045,True,ood_both,1.5982567000028212,0,0.0,False
goal,True,25.919999999999536,37.493038255101574,1.3995936583714939,3.8664562978138055,0.5144247718383956,0.22292629942050157,True,0.0015432098765432098,,,0.7746260282009826,1296,kerb,20046,0.17131004146501472,True,False,16.0,22.0,36.0,0.3455037476846339,3.4416457245117873,0,0,dwa,kerb,20046,True,ood_both,1.5709924999973737,0,0.0,False
goal,True,20.839999999999645,36.04892944648781,1.7310105961520172,1.4897909123035158,0.9618379597796517,0.16762363866864702,False,0.0,,,0.36579588386201123,1042,kerb,20047,0.18604097110207793,False,True,16.0,22.0,36.0,0.3206686457585714,3.8120447701782125,0,0,dwa,kerb,20047,True,ood_both,1.3262015999935102,0,0.0,True
goal,True,21.139999999999638,36.109682468816466,1.708195897592292,4.20302174046969,1.0858751386780794,0.2790374271413777,True,0.0015137180700094607,,,0.38948754026937626,1057,kerb,20048,0.16410949076422784,False,False,16.0,22.0,36.0,0.47330315409561385,3.8768915094141527,0,0,dwa,kerb,20048,True,ood_both,1.3494722000032198,0,0.0,False
goal,True,26.63999999999952,37.481083996864534,1.3609312068581938,3.223857285052817,0.5816832570525392,0.2177368307831309,True,0.0006006006006006006,,,0.8594806505822695,1332,kerb,20049,0.15066480631302656,True,False,16.0,22.0,36.0,0.41410033268011853,3.2229482873562647,0,0,dwa,kerb,20049,True,ood_both,1.757786699999997,0,0.0,False
goal,True,30.39999999999944,36.604248605546125,1.2039596362584755,1.1113301714126624,0.11194070019137399,0.22224492337989937,False,0.0,0.3030530254234639,,0.8085752351377087,1520,mixed,20000,0.1773729317335848,True,True,16.0,22.0,36.0,0.48039970951177446,4.053578853961741,4,1,dwa,mixed,20000,True,ood_both,3.121092800000042,289,0.19013157894736843,True
stall,False,22.839999999999602,3.96663299549018,0.17280057195524762,1.0009556051670088,0.04405257429285522,0.16344184012424617,False,0.0,0.11515784128336778,,0.2640823418347388,1142,mixed,20001,0.1727434384115927,False,False,16.0,22.0,36.0,0.45893470060337843,3.1383771289516806,2,3,dwa,mixed,20001,True,ood_both,2.366068399998767,762,0.6672504378283712,False
stall,False,28.13999999999949,4.05673716479387,0.1436489841590933,0.5323169658546002,0.025414053963451585,0.09238997334441859,False,0.0,0.24542987211520617,,0.254546409326776,1407,mixed,20002,0.1546013976475847,False,False,16.0,22.0,36.0,0.30435983670844036,4.568323062029927,2,3,dwa,mixed,20002,True,ood_both,3.2578595000013593,427,0.3034825870646766,False
goal,True,29.399999999999462,36.87237221189792,1.2524886353629296,1.0972060029817012,0.8516931562204061,0.263645229719741,False,0.0,0.33288490617762456,,0.816604576426389,1470,mixed,20003,0.1564176626594278,False,False,16.0,22.0,36.0,0.3826221267827215,3.6950972021831383,4,2,dwa,mixed,20003,True,ood_both,3.358987399995385,324,0.22040816326530613,True
stall,False,25.619999999999543,8.53920188350091,0.3323341409825898,0.851680354754465,0.03767375440085953,0.13503799142142645,False,0.0,0.21958287774438817,,0.34894274493810745,1281,mixed,20004,0.1809275775647996,False,True,16.0,22.0,36.0,0.4281995818858022,4.306167078816012,4,3,dwa,mixed,20004,True,ood_both,3.2506926999994903,922,0.7197501951600312,False
goal,True,25.479999999999546,36.11819396693299,1.4179570639007695,1.633080589640068,0.9452537904687295,0.2306418143126028,False,0.0,0.19025831011185435,,0.6260177532669026,1274,mixed,20005,0.1779938406972041,False,True,16.0,22.0,36.0,0.35827602003087616,3.7679980347094397,2,2,dwa,mixed,20005,True,ood_both,2.7216688000044087,143,0.11224489795918367,True
stall,False,34.93999999999986,26.135306929696508,0.7462495882740723,1.5483880034324604,0.9112884942449545,0.18450125656686547,False,0.0,0.09051100390511949,,0.6049208207483335,1747,mixed,20006,0.15507733541905322,False,True,16.0,22.0,36.0,0.3141460848700501,3.389247059011182,3,1,dwa,mixed,20006,True,ood_both,3.9109828999935417,546,0.31253577561534057,False
goal,True,24.599999999999564,36.216435658711596,1.4722619707104323,1.2871111165704758,1.0174245624360776,0.2229402332040171,False,0.0,0.28933698173154454,,0.5982198583937192,1230,mixed,20007,0.16260028142107105,False,False,16.0,22.0,36.0,0.34233542560086583,4.635101412642601,4,1,dwa,mixed,20007,True,ood_both,2.6584091000040644,382,0.3105691056910569,True
goal,True,27.359999999999506,36.24919508815399,1.3246328202991713,2.872821770036199,0.8115700806244718,0.26554039959099285,False,0.0,0.2903759861564543,,0.7431911013604987,1368,mixed,20008,0.1692473861100156,False,False,16.0,22.0,36.0,0.4333839719286525,4.848474254493182,2,1,dwa,mixed,20008,True,ood_both,2.722579200002656,135,0.09868421052631579,True
stall,False,36.60000000000012,30.207259425057096,0.8248694807263285,0.8143771271849719,0.09729891325945618,0.12528112797228416,False,0.0,0.12595966880467574,,0.6065832114939264,1830,mixed,20009,0.15910009461892133,True,True,16.0,22.0,36.0,0.37732134237798587,3.69956913547227,4,1,dwa,mixed,20009,True,ood_both,4.511121899995487,873,0.47704918032786886,False
goal,True,35.21999999999991,37.95807658072501,1.0527980085062394,3.8403985049950378,0.5626248043428145,0.26238499851125247,True,0.0010221465076660989,0.07394865799905137,,1.2133783814941956,1761,mixed,20010,0.15552057253664145,False,False,16.0,22.0,36.0,0.31746719433839676,4.37085018349743,4,1,dwa,mixed,20010,True,ood_both,3.879402400001709,493,0.27995457126632595,False
stall,False,30.699999999999434,22.175810494211444,0.699997274894435,3.250807881659,0.9822315743977784,0.22714667454611623,True,0.000521172638436482,2.6839438361483094,,1.0880136436080505,1535,mixed,20011,0.16294270555267468,False,False,16.0,22.0,36.0,0.35586205752779815,3.1769049779900986,3,3,dwa,mixed,20011,True,ood_both,3.2534129999985453,0,0.0,False
goal,True,29.139999999999468,36.215880008689496,1.2427130787045997,1.697739506664874,0.8252578027036462,0.27591206096323107,False,0.0,0.23634576065620014,,0.8670302298766036,1457,mixed,20012,0.1894329462481552,True,False,16.0,22.0,36.0,0.3687607875521439,3.0617503503740853,4,2,dwa,mixed,20012,True,ood_both,3.2117862999948557,321,0.22031571722717913,True
goal,True,27.779999999999497,37.38313501557088,1.3047216744478463,3.1621101018824014,0.7362927781014298,0.25596863634082184,True,0.0005759539236861051,0.36133601313595054,,0.991436111608461,1389,mixed,20013,0.15512301290209057,False,False,16.0,22.0,36.0,0.4593190162544455,4.610537059342762,2,1,dwa,mixed,20013,True,ood_both,2.517027499998221,213,0.15334773218142547,False
collision,False,29.07999999999947,29.41351925326815,0.9702469410774732,3.139296392529499,0.5002649717616275,0.2667727392570823,True,0.0004126547455295736,-0.00559856482215082,obstacle,0.9758180509193072,1454,mixed,20014,0.17318528996077448,False,False,16.0,22.0,36.0,0.3797126193020982,4.643927656878525,2,2,dwa,mixed,20014,True,ood_both,3.070046300003014,252,0.1733149931224209,False
stall,False,32.979999999999556,23.43407836433774,0.6535776315073191,3.7647309583411834,0.6249131069697244,0.3112985522190797,True,0.0009702850212249849,0.2919409855574674,,1.6457637001898835,1649,mixed,20015,0.18026200457830596,True,False,16.0,22.0,36.0,0.46569140573925966,4.212718516623833,4,3,dwa,mixed,20015,True,ood_both,3.4873697999937576,150,0.09096422073984232,False
goal,True,34.61999999999981,36.89512807670715,1.05347771618197,3.7243653379639268,0.5540026811878221,0.26317748739600283,True,0.0008087810514153668,0.07398644649475339,,1.1381768253600029,1731,mixed,20016,0.1544053678366516,False,False,16.0,22.0,36.0,0.3075324135944473,3.8804668888320917,2,1,dwa,mixed,20016,True,ood_both,3.485967599997821,268,0.15482380127094164,False
stall,False,37.86000000000032,23.259567990771245,0.5882801392375405,1.9275479955771242,0.5171747007878719,0.24491940912196564,False,0.0,0.32671792053967574,,1.3658792196810672,1893,mixed,20017,0.1737674740316792,True,False,16.0,22.0,36.0,0.4364527232054912,3.925054574983727,4,3,dwa,mixed,20017,True,ood_both,4.356763499999943,159,0.08399366085578447,False
goal,True,33.8999999999997,36.6788848027047,1.08091329500954,1.2287636224385992,0.6261521605868525,0.2355577045958519,False,0.0,0.18649254970474602,,0.8072991586723974,1695,mixed,20018,0.18106313287723808,False,True,16.0,22.0,36.0,0.3896080293734654,3.786391784438904,4,2,dwa,mixed,20018,True,ood_both,3.762522099998023,382,0.22536873156342183,True
goal,True,37.02000000000019,37.66491666448758,0.9790664413600255,5.677331524432678,1.0234026587522695,0.3032934639938885,True,0.0011885467314964883,0.11418630859088952,,1.5626887470953368,1851,mixed,20019,0.18405379613893585,False,False,16.0,22.0,36.0,0.37547104844504964,3.2154782479885347,3,1,dwa,mixed,20019,True,ood_both,3.7648683000006713,32,0.01728795245813074,False
goal,True,31.059999999999427,36.503730346893754,1.1742833569628164,1.5159174666615494,0.8235539533266285,0.22628473417691022,False,0.0,0.13461958474928373,,0.7623436925076814,1553,mixed,20020,0.1880643011061596,False,True,16.0,22.0,36.0,0.4110250440053318,3.7436670446590714,4,2,dwa,mixed,20020,True,ood_both,3.3613808999944013,317,0.2041210560206053,True
goal,True,25.919999999999536,36.308556880661136,1.4009646713873858,1.3370391668439765,0.11710770790853244,0.1896856996158969,False,0.0,0.08533381719737834,,0.5994256011573009,1296,mixed,20021,0.1713161813657677,True,True,16.0,22.0,36.0,0.36294802725214925,3.4266242250056873,2,3,dwa,mixed,20021,True,ood_both,2.6343405000006896,320,0.24691358024691357,True
goal,True,26.61999999999952,37.616266300954315,1.363450387303717,3.8940755338840254,0.9504314907932562,0.28299879587639803,True,0.0012021036814425245,0.5831469138593859,,0.8558766218627313,1331,mixed,20022,0.17674454895175823,True,False,16.0,22.0,36.0,0.4535253906184569,3.927530768544716,2,1,dwa,mixed,20022,True,ood_both,2.543644299999869,0,0.0,False
off_sidewalk,False,32.519999999999484,33.066311347195324,1.016187670733711,1.1406769423967045,0.6665683713905798,0.1771362129694102,False,0.0,0.8330637761788624,,0.5427468712811595,1626,mixed,20023,0.17440340062788107,False,True,16.0,22.0,36.0,0.4602448178324993,4.581591014998616,4,1,dwa,mixed,20023,True,ood_both,4.113454400001501,21,0.012915129151291513,False
goal,True,28.719999999999477,36.17515003413419,1.2596461258744753,1.469336800545041,0.817163903456251,0.18516054138187998,False,0.0,0.36093656728622847,,0.5139363425681422,1436,mixed,20024,0.18765481174488385,False,True,16.0,22.0,36.0,0.478020827514187,3.038559699469644,3,2,dwa,mixed,20024,True,ood_both,3.1288102000034996,0,0.0,True
goal,True,25.67999999999954,36.139793223342714,1.4078706323500667,1.1664146641977782,0.617612145396491,0.23608216051979375,False,0.0,0.20284853962089244,,0.8038464698392842,1284,mixed,20025,0.17602729424733654,False,True,16.0,22.0,36.0,0.3243381515965809,3.9342622286547098,2,1,dwa,mixed,20025,True,ood_both,2.431601500000397,362,0.2819314641744548,True
stall,False,30.93999999999943,22.0643296409553,0.6940218778313157,5.499006828945736,0.9291525580600226,0.28591428020839477,True,0.0015513897866839042,3.192626854932442,,1.6917188248656698,1547,mixed,20026,0.18542801354635918,False,False,16.0,22.0,36.0,0.4179164730817593,3.657954133231503,3,2,dwa,mixed,20026,True,ood_both,3.327724999995553,0,0.0,False
goal,True,39.90000000000064,37.46148220216562,0.9056587560210551,4.774313145696168,0.8416663408193261,0.2279600825520329,True,0.0010025062656641604,0.2129816340902646,,1.731701537728817,1995,mixed,20027,0.16574856137700542,True,False,16.0,22.0,36.0,0.40277988434291506,3.91885952397039,2,1,dwa,mixed,20027,True,ood_both,3.841219399997499,0,0.0,False
goal,True,46.16000000000162,37.754866309496336,0.7900440748624725,3.424599737872574,0.5725477818895405,0.21985292686668684,True,0.0005199306759098787,0.10351366820345098,,1.2193937314841592,2308,mixed,20028,0.15170152688830663,True,False,16.0,22.0,36.0,0.4321358855753962,3.3609021372865486,3,2,dwa,mixed,20028,True,ood_both,5.237057199999981,162,0.07019064124783363,False
goal,True,28.59999999999948,36.3873605340841,1.271959304557949,1.2171151140762675,0.6611176157407717,0.18553469034862233,False,0.0,0.32222720584174946,,0.5807391707321763,1430,mixed,20029,0.16590668837040562,False,True,16.0,22.0,36.0,0.3210399940670781,3.2875184883506394,4,1,dwa,mixed,20029,True,ood_both,3.1642075999989174,108,0.07552447552447553,True
collision,False,4.539999999999991,5.23224434166675,1.1525910106754176,1.1129809370446622,0.034541485464799696,0.2866702603840326,False,0.0,-0.005352953041410369,obstacle,0.17266049745052311,227,mixed,20030,0.15169990157124702,False,False,16.0,22.0,36.0,0.41137090471628057,3.72119218384469,3,3,dwa,mixed,20030,True,ood_both,0.5363413000013679,39,0.17180616740088106,False
stall,False,30.619999999999436,23.16402475021787,0.7217087335804532,2.6957470698808152,0.885915931272877,0.29098859382644077,False,0.0,0.2457203896109077,,1.194370881556753,1531,mixed,20031,0.18560063579368957,False,False,16.0,22.0,36.0,0.43663222068995083,4.550159854187384,2,2,dwa,mixed,20031,True,ood_both,3.0996650000015507,1,0.0006531678641410843,False
stall,False,30.219999999999445,8.90879497229306,0.29357152329585234,0.9146602481676623,0.03208197406706903,0.12137035447225336,False,0.0,0.09458964506899067,,0.3706785531572897,1511,mixed,20032,0.18960939522470135,True,False,16.0,22.0,36.0,0.3467414997729287,3.666381391257011,2,3,dwa,mixed,20032,True,ood_both,3.4777079000050435,775,0.5129053606882858,False
goal,True,25.19999999999955,36.127761478519524,1.4342922496294812,1.4178963318994922,0.7550694676156308,0.19568305073124886,False,0.0,0.3240569527794702,,0.6112296031675444,1260,mixed,20033,0.15144024717595386,False,True,16.0,22.0,36.0,0.35485380663762817,4.250095987102105,4,2,dwa,mixed,20033,True,ood_both,2.792420099998708,266,0.2111111111111111,True
stall,False,30.259999999999444,23.128715513647386,0.7315377428957287,1.9685674281842829,1.2109067661855635,0.30773204596269954,False,0.0,0.28646841471013174,,1.3685766586681511,1513,mixed,20034,0.16872811667192184,False,False,16.0,22.0,36.0,0.3928550231973824,3.0006705247774503,2,3,dwa,mixed,20034,True,ood_both,3.1712718999988283,116,0.07666886979510905,False
goal,True,28.879999999999473,37.501645059860564,1.2572160131936505,3.732257612124622,0.521718701435171,0.25116272171893705,True,0.0012465373961218836,0.34722734529329247,,0.906558650610964,1444,mixed,20035,0.1667841364715399,False,False,16.0,22.0,36.0,0.35412454801688503,4.276147798481377,4,1,dwa,mixed,20035,True,ood_both,3.2157262999971863,339,0.2347645429362881,False
stall,False,22.319999999999613,10.806407783328217,0.48308773890071405,0.8825006799848761,0.04411532158052382,0.1378099485937524,False,0.0,0.2232633138180396,,0.3467422743825269,1116,mixed,20036,0.15038818260563186,False,False,16.0,22.0,36.0,0.49292165098292534,4.460560744974262,3,3,dwa,mixed,20036,True,ood_both,2.809808999998495,882,0.7903225806451613,False
goal,True,26.299999999999528,36.22071732973042,1.3773556395931725,0.9863435072704025,0.8156125396765238,0.2327401871466071,False,0.0,0.2224347747714057,,0.7872181239964745,1315,mixed,20037,0.15061622265093275,False,False,16.0,22.0,36.0,0.36146577425939996,4.989171936395391,3,1,dwa,mixed,20037,True,ood_both,2.7156220999968355,226,0.17186311787072242,True
stall,False,17.919999999999707,4.52048933710903,0.2515738865415453,0.6164127218441428,0.031266510800659585,0.09938311250104702,False,0.0,0.06636053635467065,,0.21604186119529098,896,mixed,20038,0.17578796041625444,True,False,16.0,22.0,36.0,0.3233862548120006,4.654374221685567,2,2,dwa,mixed,20038,True,ood_both,2.029684199995245,740,0.8258928571428571,False
off_sidewalk,False,21.53999999999963,26.880722544326453,1.247369946060884,1.0521020046957246,0.49664930787654044,0.24246159632482236,False,0.0,0.22106558472725088,,0.660743439814531,1077,mixed,20039,0.16025589419688208,False,True,16.0,22.0,36.0,0.4049617256166549,4.700655748188057,3,2,dwa,mixed,20039,True,ood_both,2.5153990000035265,288,0.26740947075208915,False
stall,False,40.780000000000776,27.99145213912689,0.6575101372138313,3.4765304521437446,0.7290598891734018,0.21572677576251403,True,0.0005885237861696911,0.06954213180019497,,1.0820474843744046,2039,mixed,20040,0.16046775280532352,False,False,16.0,22.0,36.0,0.3962847703866751,4.722273647058514,3,1,dwa,mixed,20040,True,ood_both,4.16478119999374,920,0.45120156939676315,False
stall,False,33.039999999999566,23.721284936474646,0.6699412209312899,3.031275964998386,0.8168994199027467,0.27771765857799335,True,0.00024213075060532688,0.3261001578423349,,1.6276937499888786,1652,mixed,20041,0.1829912214984272,False,False,16.0,22.0,36.0,0.4735675967976509,4.797859776451794,2,3,dwa,mixed,20041,True,ood_both,3.318396100003156,124,0.07506053268765134,False
stall,False,21.01999999999964,8.827104462970146,0.41926137700108157,0.8970820364171725,0.03989365058555049,0.11934062622045823,False,0.0,0.13356855040883098,,0.3228397507719573,1051,mixed,20042,0.16664270573649437,False,False,16.0,22.0,36.0,0.34939902996574773,4.531273411592012,3,1,dwa,mixed,20042,True,ood_both,2.7787669000026654,871,0.8287345385347288,False
goal,True,34.13999999999974,37.75189182091875,1.061705067796824,3.171744673052726,0.8044732491913893,0.26854766593359747,True,0.00046865846514352667,0.33960781646651295,,1.436035526159964,1707,mixed,20043,0.15990393398990507,False,False,16.0,22.0,36.0,0.3859715200423663,4.153654454709007,4,2,dwa,mixed,20043,True,ood_both,3.821608999998716,180,0.1054481546572935,False
goal,True,27.6999999999995,36.33128123726366,1.307334265576612,3.405092503628395,0.6445964166453605,0.25852316913978385,True,0.0007220216606498195,0.3164325950399345,,0.8150872910883269,1385,mixed,20044,0.1643380177054745,False,False,16.0,22.0,36.0,0.3461433114434846,4.133224086207599,4,1,dwa,mixed,20044,True,ood_both,3.0953283999988344,331,0.23898916967509026,False
stall,False,31.31999999999942,22.843418932660885,0.6901944311769311,5.690181070488774,1.0331864744215873,0.3052487964777796,True,0.00140485312899106,0.3347341452314062,,1.7280255458508293,1566,mixed,20045,0.17862388013572225,False,False,16.0,22.0,36.0,0.34063293290025104,3.239052753851332,4,2,dwa,mixed,20045,True,ood_both,3.512744500003464,214,0.13665389527458494,False
goal,True,28.199999999999488,36.50372647203641,1.2944446075732148,1.430116746510434,1.1234314162447214,0.2530048926353609,False,0.0,0.19922715980327044,,0.8042812341412333,1410,mixed,20046,0.17131004146501472,True,False,16.0,22.0,36.0,0.3455037476846339,3.4416457245117873,4,1,dwa,mixed,20046,True,ood_both,3.297370000000228,285,0.20212765957446807,True
off_sidewalk,False,16.579999999999735,10.187287463673899,0.6126516317928403,1.892058252443271,0.7338131394538314,0.2542695743470411,False,0.0,0.0624830826973779,,0.38360193079299865,829,mixed,20047,0.18604097110207793,False,True,16.0,22.0,36.0,0.3206686457585714,3.8120447701782125,4,2,dwa,mixed,20047,True,ood_both,2.127724900004978,329,0.3968636911942099,False
collision,False,3.4200000000000026,4.734634584399659,1.3883527563328248,1.11095960563933,0.044414095689146234,0.2910871286676419,False,0.0,-0.0032404814524255032,obstacle,0.16355349376667144,171,mixed,20048,0.16410949076422784,False,False,16.0,22.0,36.0,0.47330315409561385,3.8768915094141527,3,3,dwa,mixed,20048,True,ood_both,0.426181999995606,82,0.47953216374269003,False
collision,False,12.279999999999827,6.42530306734385,0.5198952396818439,1.1273717398225533,0.04079759925210351,0.2909932340600446,False,0.0,-0.00013963201253863744,obstacle,0.3230175570123998,614,mixed,20049,0.15066480631302656,True,False,16.0,22.0,36.0,0.41410033268011853,3.2229482873562647,2,3,dwa,mixed,20049,True,ood_both,1.449067000001378,47,0.07654723127035831,False
goal,True,18.459999999999695,36.30337722031603,1.9663778926131474,0.8390220238050083,0.1128163741443203,0.21925734903743876,False,0.0,,,0.6467223435173712,923,kerb,20000,0.1773729317335848,True,True,16.0,22.0,36.0,0.48039970951177446,4.053578853961741,0,0,ppo,kerb,20000,True,ood_both,1.4077681999988272,0,0.0,True
goal,True,18.75999999999969,36.2997836321671,1.9320486405451793,1.9163045518699522,1.3599461528304377,0.3700735214268415,False,0.0,,,0.9397212993999746,938,kerb,20001,0.1727434384115927,False,False,16.0,22.0,36.0,0.45893470060337843,3.1383771289516806,0,0,ppo,kerb,20001,True,ood_both,1.4639097999970545,0,0.0,True
goal,True,25.899999999999537,37.5080185077937,1.4039017868991837,1.5432759486568421,0.8758812171296017,0.25513371212678754,False,0.0,,,1.3124150390690112,1295,kerb,20002,0.1546013976475847,False,False,16.0,22.0,36.0,0.30435983670844036,4.568323062029927,0,0,ppo,kerb,20002,True,ood_both,2.083038700002362,0,0.0,True
goal,True,18.67999999999969,36.27291994438716,1.9403975666924478,1.6144882495481214,1.3268023976525436,0.3135695258839054,False,0.0,,,0.8368021077166491,934,kerb,20003,0.1564176626594278,False,False,16.0,22.0,36.0,0.3826221267827215,3.6950972021831383,0,0,ppo,kerb,20003,True,ood_both,1.4518820000012056,0,0.0,True
goal,True,18.479999999999695,36.27164571444552,1.9620242342414862,1.6207755260005385,0.9331418403708636,0.2769871624836369,False,0.0,,,0.7582746099917884,924,kerb,20004,0.1809275775647996,False,True,16.0,22.0,36.0,0.4281995818858022,4.306167078816012,0,0,ppo,kerb,20004,True,ood_both,1.3986911999963922,0,0.0,True
goal,True,18.539999999999694,36.244731233345625,1.9542081802615665,1.7370037409193393,0.9363967472358211,0.2626800933369507,False,0.0,,,0.7993678140467573,927,kerb,20005,0.1779938406972041,False,True,16.0,22.0,36.0,0.35827602003087616,3.7679980347094397,0,0,ppo,kerb,20005,True,ood_both,1.4471590999964974,0,0.0,True
goal,True,18.519999999999694,36.23057969787369,1.956309706898833,1.582405621411577,0.969073813889658,0.2260183887734644,False,0.0,,,0.654914652037824,926,kerb,20006,0.15507733541905322,False,True,16.0,22.0,36.0,0.3141460848700501,3.389247059011182,0,0,ppo,kerb,20006,True,ood_both,1.467942999996012,0,0.0,True
goal,True,18.75999999999969,36.21482076056562,1.929077458667938,1.3454086526465021,1.1566237125290122,0.28215404023091306,False,0.0,,,0.8177951458536331,938,kerb,20007,0.16260028142107105,False,False,16.0,22.0,36.0,0.34233542560086583,4.635101412642601,0,0,ppo,kerb,20007,True,ood_both,1.5036877000020468,0,0.0,True
goal,True,18.75999999999969,36.28874579119911,1.9323197179761884,1.5301877148867882,1.1493320940966838,0.32084063410190755,False,0.0,,,0.8912820226805579,938,kerb,20008,0.1692473861100156,False,False,16.0,22.0,36.0,0.4333839719286525,4.848474254493182,0,0,ppo,kerb,20008,True,ood_both,1.4519434000030742,0,0.0,True
goal,True,18.479999999999695,36.28046304517518,1.962795466001914,0.7332242708301997,0.10871105322186907,0.20202649514165605,False,0.0,,,0.7108633996830653,924,kerb,20009,0.15910009461892133,True,True,16.0,22.0,36.0,0.37732134237798587,3.69956913547227,0,0,ppo,kerb,20009,True,ood_both,1.4374061000053189,0,0.0,True
goal,True,18.75999999999969,36.2055919092078,1.9289199445526588,1.3506415459298067,1.1665034654859634,0.2710610227453207,False,0.0,,,0.7772523209507688,938,kerb,20010,0.15552057253664145,False,False,16.0,22.0,36.0,0.31746719433839676,4.37085018349743,0,0,ppo,kerb,20010,True,ood_both,1.4469373999963864,0,0.0,True
goal,True,18.69999999999969,36.26986091862877,1.9389205563473997,1.716029053703829,1.4705241451289577,0.3053291273384234,False,0.0,,,0.6891167404488343,935,kerb,20011,0.16294270555267468,False,False,16.0,22.0,36.0,0.35586205752779815,3.1769049779900986,0,0,ppo,kerb,20011,True,ood_both,1.4270458999963012,0,0.0,True
goal,True,18.799999999999688,36.28168201230428,1.9288529084817847,1.6988666439756241,1.5912748268040808,0.2771660998037727,False,0.0,,,0.7492706967529096,940,kerb,20012,0.1894329462481552,True,False,16.0,22.0,36.0,0.3687607875521439,3.0617503503740853,0,0,ppo,kerb,20012,True,ood_both,1.488467600000149,0,0.0,True
goal,True,18.63999999999969,36.30472013172375,1.9456864275269787,1.504216252786106,1.0494113876288076,0.3242861503021281,False,0.0,,,0.8059478170934112,932,kerb,20013,0.15512301290209057,False,False,16.0,22.0,36.0,0.4593190162544455,4.610537059342762,0,0,ppo,kerb,20013,True,ood_both,1.4697298999963095,0,0.0,True
goal,True,18.73999999999969,36.26171553346566,1.9341467524771714,1.5300253959043657,1.249462294359488,0.28277856976864274,False,0.0,,,0.7289010627838035,937,kerb,20014,0.17318528996077448,False,False,16.0,22.0,36.0,0.3797126193020982,4.643927656878525,0,0,ppo,kerb,20014,True,ood_both,1.4907931000052486,0,0.0,True
goal,True,18.73999999999969,36.28393110522697,1.9345327503857501,1.375003469564823,1.2877471247594348,0.2954835725085065,False,0.0,,,0.7860963767359567,937,kerb,20015,0.18026200457830596,True,False,16.0,22.0,36.0,0.46569140573925966,4.212718516623833,0,0,ppo,kerb,20015,True,ood_both,1.3683247000008123,0,0.0,True
goal,True,24.499999999999567,37.26470886046492,1.4803056126716085,1.6850112203090308,0.9646776204196796,0.2786969032697236,False,0.0,,,1.214262907221933,1225,kerb,20016,0.1544053678366516,False,False,16.0,22.0,36.0,0.3075324135944473,3.8804668888320917,0,0,ppo,kerb,20016,True,ood_both,1.9632228999980725,0,0.0,True
goal,True,18.73999999999969,36.29523421787294,1.9351162009759877,1.3912797090711868,1.3676354397303787,0.3037385669062049,False,0.0,,,0.8459033886570041,937,kerb,20017,0.1737674740316792,True,False,16.0,22.0,36.0,0.4364527232054912,3.925054574983727,0,0,ppo,kerb,20017,True,ood_both,1.450196899997536,0,0.0,True
goal,True,18.499999999999694,36.225967298469605,1.957738668799579,1.7564894003677571,1.019537989531083,0.27301663013168637,False,0.0,,,0.7842821261073225,925,kerb,20018,0.18106313287723808,False,True,16.0,22.0,36.0,0.3896080293734654,3.786391784438904,0,0,ppo,kerb,20018,True,ood_both,1.5064454000021215,0,0.0,True
goal,True,18.819999999999688,36.27392705115993,1.9264233246773659,1.9008645087197504,1.5277867532123277,0.31683064971010183,False,0.0,,,0.7030628542305996,941,kerb,20019,0.18405379613893585,False,False,16.0,22.0,36.0,0.37547104844504964,3.2154782479885347,0,0,ppo,kerb,20019,True,ood_both,1.5330535999964923,0,0.0,True
goal,True,18.479999999999695,36.273803938712064,1.9623620947845903,1.8581135831414368,0.9387778426726772,0.2755329989977581,False,0.0,,,0.7126667456073007,924,kerb,20020,0.1880643011061596,False,True,16.0,22.0,36.0,0.4110250440053318,3.7436670446590714,0,0,ppo,kerb,20020,True,ood_both,1.4452110999991419,0,0.0,True
goal,True,18.479999999999695,36.293131941411126,1.963966322150675,0.7400725458447099,0.12202083184399264,0.18824908724068962,False,0.0,,,0.6289355447373176,924,kerb,20021,0.1713161813657677,True,True,16.0,22.0,36.0,0.36294802725214925,3.4266242250056873,0,0,ppo,kerb,20021,True,ood_both,1.3991217000002507,0,0.0,True
goal,True,18.77999999999969,36.28761819757861,1.9306831164453577,1.4080402891862602,1.3631371711604268,0.2968689860859693,False,0.0,,,0.792158799397819,939,kerb,20022,0.17674454895175823,True,False,16.0,22.0,36.0,0.4535253906184569,3.927530768544716,0,0,ppo,kerb,20022,True,ood_both,1.4793423999944935,0,0.0,True
goal,True,18.539999999999694,36.28666668717919,1.9561158909162453,1.5216774016145216,0.8054126372821198,0.2862892872966324,False,0.0,,,0.8458476416628324,927,kerb,20023,0.17440340062788107,False,True,16.0,22.0,36.0,0.4602448178324993,4.581591014998616,0,0,ppo,kerb,20023,True,ood_both,1.5344237000026624,0,0.0,True
goal,True,18.519999999999694,36.30824491399553,1.9597076059233325,2.0077366293274617,1.048092483677261,0.3131666148970921,False,0.0,,,0.7601777424109797,926,kerb,20024,0.18765481174488385,False,True,16.0,22.0,36.0,0.478020827514187,3.038559699469644,0,0,ppo,kerb,20024,True,ood_both,1.4469452000048477,0,0.0,True
goal,True,18.619999999999692,36.252463022430426,1.9467979313477493,1.6718811331360974,0.9105348292813905,0.23339672343234025,False,0.0,,,0.7051835123309167,931,kerb,20025,0.17602729424733654,False,True,16.0,22.0,36.0,0.3243381515965809,3.9342622286547098,0,0,ppo,kerb,20025,True,ood_both,1.5233608999988064,0,0.0,True
goal,True,18.799999999999688,36.308707632964,1.9299416783974916,1.8386273453803788,1.4448760747820024,0.32292480247288785,False,0.0,,,0.7344396342686025,940,kerb,20026,0.18542801354635918,False,False,16.0,22.0,36.0,0.4179164730817593,3.657954133231503,0,0,ppo,kerb,20026,True,ood_both,1.5370796999995946,0,0.0,True
goal,True,18.71999999999969,36.2602263958544,1.9359872310558794,1.3387882922209624,1.3332019760175442,0.2769870251180852,False,0.0,,,0.7404281609581429,936,kerb,20027,0.16574856137700542,True,False,16.0,22.0,36.0,0.40277988434291506,3.91885952397039,0,0,ppo,kerb,20027,True,ood_both,1.5278857000012067,0,0.0,True
goal,True,18.579999999999693,36.26998627258336,1.950524357088336,1.4085275128175727,1.3684961894290568,0.30744111286015596,False,0.0,,,0.8560210090878511,929,kerb,20028,0.15170152688830663,True,False,16.0,22.0,36.0,0.4321358855753962,3.3609021372865486,0,0,ppo,kerb,20028,True,ood_both,1.391795200004708,0,0.0,True
goal,True,18.559999999999693,36.212492792822744,1.950759520274473,1.7768925679919514,1.0707726078383477,0.24545565070101752,False,0.0,,,0.7223742747867815,928,kerb,20029,0.16590668837040562,False,True,16.0,22.0,36.0,0.3210399940670781,3.2875184883506394,0,0,ppo,kerb,20029,True,ood_both,1.5263257999977213,0,0.0,True
goal,True,18.65999999999969,36.250584990676636,1.940978313327598,1.4484216221333361,1.2790707238775891,0.3298008800050073,False,0.0,,,0.8583135627333361,933,kerb,20030,0.15169990157124702,False,False,16.0,22.0,36.0,0.41137090471628057,3.72119218384469,0,0,ppo,kerb,20030,True,ood_both,1.540185300000303,0,0.0,True
goal,True,18.859999999999687,36.329048680402295,1.9235997829616611,1.705620330086027,1.2067013798233592,0.3353806190698116,False,0.0,,,0.8825994256304741,943,kerb,20031,0.18560063579368957,False,False,16.0,22.0,36.0,0.43663222068995083,4.550159854187384,0,0,ppo,kerb,20031,True,ood_both,1.482915699998557,0,0.0,True
goal,True,18.919999999999686,36.27957366430133,1.9166712012783833,1.5690492069732858,1.4467390436169818,0.2562208813196916,False,0.0,,,0.7366409834574289,946,kerb,20032,0.18960939522470135,True,False,16.0,22.0,36.0,0.3467414997729287,3.666381391257011,0,0,ppo,kerb,20032,True,ood_both,1.463221699996211,0,0.0,True
goal,True,18.459999999999695,36.23058358162203,1.9623509117425064,1.3916083245970015,0.8317684797625913,0.2302148399463295,False,0.0,,,0.7043769770961567,923,kerb,20033,0.15144024717595386,False,True,16.0,22.0,36.0,0.35485380663762817,4.250095987102105,0,0,ppo,kerb,20033,True,ood_both,1.5145389000026626,0,0.0,True
goal,True,18.75999999999969,36.29536283641625,1.9331538087494669,1.9990553395744395,1.5502342292285467,0.3363643685627242,False,0.0,,,0.8069982331446139,938,kerb,20034,0.16872811667192184,False,False,16.0,22.0,36.0,0.3928550231973824,3.0006705247774503,0,0,ppo,kerb,20034,True,ood_both,1.5161000000007334,0,0.0,True
goal,True,18.73999999999969,36.26018214399688,1.9341940816505763,1.5517442111710495,1.249973221508063,0.2760554286080101,False,0.0,,,0.6944198747150974,937,kerb,20035,0.1667841364715399,False,False,16.0,22.0,36.0,0.35412454801688503,4.276147798481377,0,0,ppo,kerb,20035,True,ood_both,1.5208303000035812,0,0.0,True
goal,True,18.63999999999969,36.30456458112482,1.9451388322152523,1.5109285611515009,1.0476825713961118,0.3476962225465942,False,0.0,,,0.8774848261573367,932,kerb,20036,0.15038818260563186,False,False,16.0,22.0,36.0,0.49292165098292534,4.460560744974262,0,0,ppo,kerb,20036,True,ood_both,1.5345916000005673,0,0.0,True
goal,True,18.67999999999969,36.22619942530161,1.9381774451520155,1.4521926061219437,1.444068852369854,0.2766328264553029,False,0.0,,,0.8295443600015671,934,kerb,20037,0.15061622265093275,False,False,16.0,22.0,36.0,0.36146577425939996,4.989171936395391,0,0,ppo,kerb,20037,True,ood_both,1.5637821000054828,0,0.0,True
goal,True,25.79999999999954,37.38804266038862,1.4014951971986835,1.7113975477049685,0.9668102986280496,0.25001743210223015,False,0.0,,,1.3596508511486043,1290,kerb,20038,0.17578796041625444,True,False,16.0,22.0,36.0,0.3233862548120006,4.654374221685567,0,0,ppo,kerb,20038,True,ood_both,2.1175618000052054,0,0.0,True
goal,True,18.539999999999694,36.24609887410796,1.954180779540263,1.3865872590523478,0.7673755392732932,0.2626759287635274,False,0.0,,,0.8335350144331876,927,kerb,20039,0.16025589419688208,False,True,16.0,22.0,36.0,0.4049617256166549,4.700655748188057,0,0,ppo,kerb,20039,True,ood_both,1.5113590999972075,0,0.0,True
goal,True,18.65999999999969,36.29034153835157,1.9439925634591588,1.4580204367072405,1.0971744449421668,0.28186113443573674,False,0.0,,,0.7057766810264152,933,kerb,20040,0.16046775280532352,False,False,16.0,22.0,36.0,0.3962847703866751,4.722273647058514,0,0,ppo,kerb,20040,True,ood_both,1.4987443999998504,0,0.0,True
goal,True,18.839999999999687,36.34363555215308,1.9267164718896859,1.9193164904152262,1.8272180524435175,0.32789688219106544,False,0.0,,,0.8041567594733063,942,kerb,20041,0.1829912214984272,False,False,16.0,22.0,36.0,0.4735675967976509,4.797859776451794,0,0,ppo,kerb,20041,True,ood_both,1.4919000000008964,0,0.0,True
goal,True,18.819999999999688,36.22144961414712,1.9235753388432715,1.44288662662406,1.1988560784098987,0.28049748674782193,False,0.0,,,0.756312519591967,941,kerb,20042,0.16664270573649437,False,False,16.0,22.0,36.0,0.34939902996574773,4.531273411592012,0,0,ppo,kerb,20042,True,ood_both,1.5009827000030782,0,0.0,True
goal,True,18.67999999999969,36.28148909242066,1.9413045833156435,1.579577322352542,1.2296160178724636,0.29172889453450357,False,0.0,,,0.7381285484163083,934,kerb,20043,0.15990393398990507,False,False,16.0,22.0,36.0,0.3859715200423663,4.153654454709007,0,0,ppo,kerb,20043,True,ood_both,1.4668319000047632,0,0.0,True
goal,True,18.75999999999969,36.21854891451446,1.9292791158905662,1.4490121426398785,1.2926502354228795,0.29549356862899057,False,0.0,,,0.8047500813956601,938,kerb,20044,0.1643380177054745,False,False,16.0,22.0,36.0,0.3461433114434846,4.133224086207599,0,0,ppo,kerb,20044,True,ood_both,1.524557199998526,0,0.0,True
goal,True,18.919999999999686,36.25477663804246,1.9147115363711507,1.859970086805658,1.479368198312414,0.31805627554309196,False,0.0,,,0.8104809413376156,946,kerb,20045,0.17862388013572225,False,False,16.0,22.0,36.0,0.34063293290025104,3.239052753851332,0,0,ppo,kerb,20045,True,ood_both,1.5969974999970873,0,0.0,True
goal,True,18.71999999999969,36.25645534390076,1.9359935201684244,1.5531007599869968,1.4480889276394469,0.2598557264920348,False,0.0,,,0.7912086807110593,936,kerb,20046,0.17131004146501472,True,False,16.0,22.0,36.0,0.3455037476846339,3.4416457245117873,0,0,ppo,kerb,20046,True,ood_both,1.4556479999955627,0,0.0,True
goal,True,18.599999999999692,36.241168428626494,1.9482982904461708,1.7972016748533128,1.0116551726537757,0.23706939212039668,False,0.0,,,0.6766854282609456,930,kerb,20047,0.18604097110207793,False,True,16.0,22.0,36.0,0.3206686457585714,3.8120447701782125,0,0,ppo,kerb,20047,True,ood_both,1.459183300001314,0,0.0,True
goal,True,18.69999999999969,36.32600281512532,1.9396095074107107,1.7833119635857964,1.2475871807742394,0.3687856601284403,False,0.0,,,0.9641182012547683,935,kerb,20048,0.16410949076422784,False,False,16.0,22.0,36.0,0.47330315409561385,3.8768915094141527,0,0,ppo,kerb,20048,True,ood_both,1.505677500004822,0,0.0,True
goal,True,18.619999999999692,36.27105458920057,1.9468647152337393,1.3984565045213992,1.3509262097013577,0.2879065913952978,False,0.0,,,0.7528641807518507,931,kerb,20049,0.15066480631302656,True,False,16.0,22.0,36.0,0.41410033268011853,3.2229482873562647,0,0,ppo,kerb,20049,True,ood_both,1.4826610999953118,0,0.0,True
goal,True,21.739999999999625,36.70967979156567,1.6832268685858809,0.9495832865201593,0.20965468580825367,0.3592703195905281,False,0.0,0.49323579095687364,,1.2105491876259524,1087,mixed,20000,0.1773729317335848,True,True,16.0,22.0,36.0,0.48039970951177446,4.053578853961741,4,1,ppo,mixed,20000,True,ood_both,2.2673006000040914,335,0.30818767249310025,True
stall,False,31.91999999999941,28.91935918114029,0.9015897350434895,1.9644337695979164,1.0439782609639408,0.31981755551086966,False,0.0,0.0596907850308388,,1.2174247327186511,1596,mixed,20001,0.1727434384115927,False,False,16.0,22.0,36.0,0.45893470060337843,3.1383771289516806,2,3,ppo,mixed,20001,True,ood_both,3.448134199999913,898,0.5626566416040101,False
goal,True,21.699999999999626,36.38229234236645,1.6738863161851056,1.7618472810137027,0.8682978361402595,0.2950054081249642,False,0.0,0.5602713729125095,,1.2510123353025038,1085,mixed,20002,0.1546013976475847,False,False,16.0,22.0,36.0,0.30435983670844036,4.568323062029927,2,3,ppo,mixed,20002,True,ood_both,2.358563999994658,159,0.14654377880184333,True
goal,True,37.56000000000027,37.616677175907256,0.9798591731025895,3.7218269639294803,1.230569015193562,0.32593480349853193,True,0.0006389776357827476,0.3903358769231403,,1.7633377441994667,1878,mixed,20003,0.1564176626594278,False,False,16.0,22.0,36.0,0.3826221267827215,3.6950972021831383,4,2,ppo,mixed,20003,True,ood_both,4.105360499997914,421,0.22417465388711394,False
goal,True,25.559999999999544,36.671403208168556,1.429024377418815,1.6893805586100752,0.9255432851480404,0.35585633131260064,False,0.0,0.19492922024250595,,1.3092849995947176,1278,mixed,20004,0.1809275775647996,False,True,16.0,22.0,36.0,0.4281995818858022,4.306167078816012,4,3,ppo,mixed,20004,True,ood_both,2.85241159999714,499,0.3904538341158059,True
goal,True,20.399999999999654,36.560379165021445,1.7897298614203345,1.7975524192256644,0.9794754993836955,0.2975600449431814,False,0.0,0.7534868112766057,,1.041308515626295,1020,mixed,20005,0.1779938406972041,False,True,16.0,22.0,36.0,0.35827602003087616,3.7679980347094397,2,2,ppo,mixed,20005,True,ood_both,2.5216906999994535,209,0.20490196078431372,True
goal,True,23.119999999999596,36.393860895491166,1.5720592474624555,1.576698418824933,1.0312028072657118,0.25153467100892446,False,0.0,0.08243046379470909,,1.0559159979910198,1156,mixed,20006,0.15507733541905322,False,True,16.0,22.0,36.0,0.3141460848700501,3.389247059011182,3,1,ppo,mixed,20006,True,ood_both,2.5306165000001783,308,0.2664359861591695,True
stall,False,28.63999999999948,22.89407960014827,0.7754720789507131,1.1638105746428222,0.9098975021320641,0.2512584807922471,False,0.0,1.1752082249797486,,2.111169665306495,1432,mixed,20007,0.16260028142107105,False,False,16.0,22.0,36.0,0.34233542560086583,4.635101412642601,4,1,ppo,mixed,20007,True,ood_both,2.9209929999997257,66,0.046089385474860335,False
goal,True,19.61999999999967,36.34933103053828,1.8492026551511485,1.4741063149209181,1.0582114539664214,0.3526513854432037,False,0.0,0.5021737203903733,,1.166541475671784,981,mixed,20008,0.1692473861100156,False,False,16.0,22.0,36.0,0.4333839719286525,4.848474254493182,2,1,ppo,mixed,20008,True,ood_both,2.042816399996809,123,0.12538226299694188,True
stall,False,30.159999999999446,28.36642903995791,0.9375955456941374,1.132168865163936,0.7323891731733675,0.2048896503267332,False,0.0,0.44851805675183,,0.9313083354124972,1508,mixed,20009,0.15910009461892133,True,True,16.0,22.0,36.0,0.37732134237798587,3.69956913547227,4,1,ppo,mixed,20009,True,ood_both,3.7049249000046984,78,0.05172413793103448,False
goal,True,22.49999999999961,36.450430081473165,1.615484614762602,1.35759776057257,0.904191138176519,0.3061653188837534,False,0.0,0.6672063333354208,,1.1650932982370523,1125,mixed,20010,0.15552057253664145,False,False,16.0,22.0,36.0,0.31746719433839676,4.37085018349743,4,1,ppo,mixed,20010,True,ood_both,2.4474190000037197,367,0.32622222222222225,True
stall,False,28.839999999999474,23.468599554380617,0.7747968455332487,2.4079403655885128,0.8045424315588535,0.3615803867750212,False,0.0,2.3122338640958655,,2.1372522899441138,1442,mixed,20011,0.16294270555267468,False,False,16.0,22.0,36.0,0.35586205752779815,3.1769049779900986,3,3,ppo,mixed,20011,True,ood_both,3.0871553999968455,0,0.0,False
goal,True,25.059999999999555,36.64060300878136,1.4563371606839841,5.024000340225959,1.0080714886428064,0.3749452763695454,True,0.0014365522745411015,0.44347039494484164,,1.3159413801263176,1253,mixed,20012,0.1894329462481552,True,False,16.0,22.0,36.0,0.3687607875521439,3.0617503503740853,4,2,ppo,mixed,20012,True,ood_both,3.068580099999963,397,0.31683958499600956,False
goal,True,21.659999999999627,36.562074675513685,1.6838425306524067,1.3483215643114455,0.9738778323966301,0.35600883858809773,False,0.0,0.6614118092506854,,1.070769206845949,1083,mixed,20013,0.15512301290209057,False,False,16.0,22.0,36.0,0.4593190162544455,4.610537059342762,2,1,ppo,mixed,20013,True,ood_both,2.6317157999947085,220,0.20313942751615882,True
goal,True,23.81999999999958,36.96196943134528,1.5479841665328993,1.4154951436196643,0.8878469822613744,0.31999627508723194,False,0.0,0.4135154716192727,,1.1415046853927058,1191,mixed,20014,0.17318528996077448,False,False,16.0,22.0,36.0,0.3797126193020982,4.643927656878525,2,2,ppo,mixed,20014,True,ood_both,2.409100500000932,342,0.2871536523929471,True
goal,True,22.719999999999605,37.14350821418186,1.6312086977305564,2.3339604277403256,0.901458300622511,0.3794096430638475,False,0.0,0.34028415004416634,,1.3524296482171287,1136,mixed,20015,0.18026200457830596,True,False,16.0,22.0,36.0,0.46569140573925966,4.212718516623833,4,3,ppo,mixed,20015,True,ood_both,2.5008014000050025,147,0.12940140845070422,True
goal,True,22.339999999999613,36.37677721350908,1.6241420340915513,1.4824331198997047,1.0026559941221778,0.3015588633632046,False,0.0,0.534708136561549,,1.1482363403367786,1117,mixed,20016,0.1544053678366516,False,False,16.0,22.0,36.0,0.3075324135944473,3.8804668888320917,2,1,ppo,mixed,20016,True,ood_both,2.637652600002184,376,0.3366159355416294,True
goal,True,25.899999999999537,36.59485076956962,1.4080909245039122,2.6522352340800817,0.8562088624255559,0.3436055445902733,False,0.0,0.3149606040936799,,1.4464263290094208,1295,mixed,20017,0.1737674740316792,True,False,16.0,22.0,36.0,0.4364527232054912,3.925054574983727,4,3,ppo,mixed,20017,True,ood_both,3.5029954000056023,631,0.48725868725868726,True
goal,True,26.779999999999518,36.79335937711258,1.368762703809632,1.6404808865941634,0.9312326420254906,0.31249945100096566,False,0.0,0.21887673261641372,,1.275269466705275,1339,mixed,20018,0.18106313287723808,False,True,16.0,22.0,36.0,0.3896080293734654,3.786391784438904,4,2,ppo,mixed,20018,True,ood_both,2.9366891000026953,400,0.29873039581777444,True
stall,False,29.91999999999945,24.091039588196043,0.74668943192131,2.2701067301989446,1.4289360723155087,0.3671195120491196,False,0.0,1.3866014957643666,,2.0118829143815726,1496,mixed,20019,0.18405379613893585,False,False,16.0,22.0,36.0,0.37547104844504964,3.2154782479885347,3,1,ppo,mixed,20019,True,ood_both,3.3575503999963985,297,0.19852941176470587,False
collision,False,15.519999999999758,27.60441404470843,1.77457785480386,1.754095037572729,0.9544075705392815,0.3693623461869252,False,0.0,-0.00851912742923211,obstacle,0.9457081398570423,776,mixed,20020,0.1880643011061596,False,True,16.0,22.0,36.0,0.4110250440053318,3.7436670446590714,4,2,ppo,mixed,20020,True,ood_both,1.8052673999991384,153,0.19716494845360824,False
stall,False,21.839999999999623,11.01277991903079,0.5004469537597211,0.929013782125689,0.03603677862226426,0.21981481222803279,False,0.0,0.6032922484026136,,0.5866374161840526,1092,mixed,20021,0.1713161813657677,True,True,16.0,22.0,36.0,0.36294802725214925,3.4266242250056873,2,3,ppo,mixed,20021,True,ood_both,2.929121399996802,55,0.05036630036630037,False
goal,True,19.11999999999968,36.43293213159539,1.9025247555464202,1.4272873184003123,1.242425376400886,0.3474281298063448,False,0.0,1.1679246740170064,,1.1238079768022078,956,mixed,20022,0.17674454895175823,True,False,16.0,22.0,36.0,0.4535253906184569,3.927530768544716,2,1,ppo,mixed,20022,True,ood_both,2.1665912000025855,0,0.0,True
stall,False,30.51999999999944,27.682972874118164,0.9043903896078713,1.553370909532046,0.8033051495592617,0.2789676913618099,False,0.0,3.565461858251019,,1.028026674660185,1526,mixed,20023,0.17440340062788107,False,True,16.0,22.0,36.0,0.4602448178324993,4.581591014998616,4,1,ppo,mixed,20023,True,ood_both,3.916684700001497,0,0.0,False
goal,True,20.439999999999653,36.60450190563187,1.7868654386644465,2.236003305984863,1.0568364427744352,0.42564305709506484,False,0.0,0.855093146895769,,1.4154259785786145,1022,mixed,20024,0.18765481174488385,False,True,16.0,22.0,36.0,0.478020827514187,3.038559699469644,3,2,ppo,mixed,20024,True,ood_both,2.3390217000051052,21,0.02054794520547945,True
goal,True,23.159999999999595,36.45731407982186,1.571170485324444,1.7663393912205987,0.8898768576536553,0.26784567052208574,False,0.0,0.26233329180351816,,1.063368576288467,1158,mixed,20025,0.17602729424733654,False,True,16.0,22.0,36.0,0.3243381515965809,3.9342622286547098,2,1,ppo,mixed,20025,True,ood_both,2.46583180000016,461,0.39810017271157166,True
collision,False,16.87999999999973,27.726124504622643,1.635522033373646,1.6230085325486505,0.9915172685343391,0.4084128604330677,False,0.0,-0.0043135002732058725,obstacle,1.0155547370304399,844,mixed,20026,0.18542801354635918,False,False,16.0,22.0,36.0,0.4179164730817593,3.657954133231503,3,2,ppo,mixed,20026,True,ood_both,2.1485460000039893,181,0.21445497630331753,False
goal,True,20.939999999999642,36.41404131251076,1.735815768600443,1.399033650738287,1.363033005722302,0.30019389091881704,False,0.0,0.24891492744270416,,1.0517757703981985,1047,mixed,20027,0.16574856137700542,True,False,16.0,22.0,36.0,0.40277988434291506,3.91885952397039,2,1,ppo,mixed,20027,True,ood_both,2.3475997999994433,199,0.19006685768863418,True
stall,False,20.59999999999965,9.107345265548586,0.43994885848383947,0.8488620690006122,0.05189220402569907,0.18541458140145267,False,0.0,0.18604511834166748,,0.4683769668006579,1030,mixed,20028,0.15170152688830663,True,False,16.0,22.0,36.0,0.4321358855753962,3.3609021372865486,3,2,ppo,mixed,20028,True,ood_both,2.2480665000039153,96,0.09320388349514563,False
goal,True,27.279999999999507,36.68295896806408,1.3415418083787836,1.7275402675848943,1.1059959469532465,0.29259353970870755,False,0.0,0.5367818578146856,,1.2162113830809196,1364,mixed,20029,0.16590668837040562,False,True,16.0,22.0,36.0,0.3210399940670781,3.2875184883506394,4,1,ppo,mixed,20029,True,ood_both,2.9388496999963536,285,0.2089442815249267,True
stall,False,28.63999999999948,23.230102232439595,0.7785804725033211,1.612547386126241,1.0701863376057301,0.32935307925564455,False,0.0,0.38475392424794785,,1.7400848602666934,1432,mixed,20030,0.15169990157124702,False,False,16.0,22.0,36.0,0.41137090471628057,3.72119218384469,3,3,ppo,mixed,20030,True,ood_both,3.766731300005631,205,0.14315642458100558,False
stall,False,19.519999999999673,8.439378185234709,0.4312475483375869,0.914356406314389,0.05107022627139256,0.10828717760583963,False,0.0,2.674825370589648,,0.22962832772480385,976,mixed,20031,0.18560063579368957,False,False,16.0,22.0,36.0,0.43663222068995083,4.550159854187384,2,2,ppo,mixed,20031,True,ood_both,1.9102817000020877,0,0.0,False
goal,True,19.65999999999967,36.829733541167364,1.8708880684799927,1.5222614459367463,1.425939819016994,0.30245695962283176,False,0.0,0.024769484078485227,,1.1662656132773885,983,mixed,20032,0.18960939522470135,True,False,16.0,22.0,36.0,0.3467414997729287,3.666381391257011,2,3,ppo,mixed,20032,True,ood_both,2.068113199995423,47,0.04781281790437437,True
goal,True,25.959999999999535,36.35486418802676,1.3970521439593568,1.2260070640011267,0.6030708932334233,0.26207213938657714,False,0.0,0.29685583166708895,,1.4668419705351907,1298,mixed,20033,0.15144024717595386,False,True,16.0,22.0,36.0,0.35485380663762817,4.250095987102105,4,2,ppo,mixed,20033,True,ood_both,2.7798318000059226,384,0.29583975346687214,True
stall,False,28.459999999999482,22.998329369647852,0.7849927349699802,1.7395430764193174,1.1098992044184066,0.3378765247084351,False,0.0,0.524902972276824,,1.5413656675544796,1423,mixed,20034,0.16872811667192184,False,False,16.0,22.0,36.0,0.3928550231973824,3.0006705247774503,2,3,ppo,mixed,20034,True,ood_both,3.3042360999970697,104,0.07308503162333099,False
goal,True,24.81999999999956,36.558694494413764,1.4695744460274216,1.67652746763413,1.1419249520635775,0.3150353865301633,False,0.0,0.7195931981990553,,1.0535458928224883,1241,mixed,20035,0.1667841364715399,False,False,16.0,22.0,36.0,0.35412454801688503,4.276147798481377,4,1,ppo,mixed,20035,True,ood_both,2.661714400004712,335,0.26994359387590655,True
stall,False,21.759999999999625,11.065369573818652,0.506199690577033,1.0164892786892619,0.29764551334947725,0.22161311446133924,False,0.0,0.1443341857118836,,0.577458092013617,1088,mixed,20036,0.15038818260563186,False,False,16.0,22.0,36.0,0.49292165098292534,4.460560744974262,3,3,ppo,mixed,20036,True,ood_both,2.293370600003982,878,0.8069852941176471,False
goal,True,23.779999999999582,36.47316636881131,1.5288475312874445,1.26458794606132,0.9906467121270872,0.310723447463187,False,0.0,0.5129469268386281,,1.1808567959952665,1189,mixed,20037,0.15061622265093275,False,False,16.0,22.0,36.0,0.36146577425939996,4.989171936395391,3,1,ppo,mixed,20037,True,ood_both,2.4428294000026654,510,0.4289318755256518,True
goal,True,19.799999999999667,36.47779491759012,1.8408193069637278,1.2305495143337528,0.8968878144360127,0.24407130046511077,False,0.0,0.5474813986908669,,0.9670218439080622,990,mixed,20038,0.17578796041625444,True,False,16.0,22.0,36.0,0.3233862548120006,4.654374221685567,2,2,ppo,mixed,20038,True,ood_both,2.1279069000011077,5,0.005050505050505051,True
goal,True,27.239999999999508,36.34843804292291,1.3301603042458614,1.4483586859621698,0.8310283630325458,0.3096381180977268,False,0.0,0.39424037747879226,,1.4694928046251423,1362,mixed,20039,0.16025589419688208,False,True,16.0,22.0,36.0,0.4049617256166549,4.700655748188057,3,2,ppo,mixed,20039,True,ood_both,2.8845225000040955,481,0.35315712187958886,True
goal,True,23.93999999999958,36.55030000567139,1.5228925100669928,1.2563004088668135,0.9297664243818252,0.32488440971323673,False,0.0,0.32107990491774197,,1.1788953063896452,1197,mixed,20040,0.16046775280532352,False,False,16.0,22.0,36.0,0.3962847703866751,4.722273647058514,3,1,ppo,mixed,20040,True,ood_both,2.446268899999268,102,0.08521303258145363,True
goal,True,21.679999999999627,36.98384078865457,1.6984087335465388,1.652496605336249,1.045205612258332,0.40713372911645707,False,0.0,0.40684088754517445,,1.4422292896629791,1084,mixed,20041,0.1829912214984272,False,False,16.0,22.0,36.0,0.4735675967976509,4.797859776451794,2,3,ppo,mixed,20041,True,ood_both,2.1966549000062514,157,0.1448339483394834,True
goal,True,22.359999999999612,36.44925735715968,1.6258906073062849,1.1733990501208647,1.15368718551889,0.3017581872684033,False,0.0,0.15930252090410912,,1.2289713078227482,1118,mixed,20042,0.16664270573649437,False,False,16.0,22.0,36.0,0.34939902996574773,4.531273411592012,3,1,ppo,mixed,20042,True,ood_both,2.383296699998027,364,0.32558139534883723,True
goal,True,23.659999999999584,36.77329944570667,1.549386951234211,1.7051458243172533,1.106979724930221,0.352094528708304,False,0.0,0.6546884549179898,,1.2920408024558545,1183,mixed,20043,0.15990393398990507,False,False,16.0,22.0,36.0,0.3859715200423663,4.153654454709007,4,2,ppo,mixed,20043,True,ood_both,2.585157599998638,209,0.17666948436179206,True
goal,True,25.619999999999543,37.144948561167055,1.4310088594701862,1.7698092044253904,1.0068522704961047,0.34183502481985334,False,0.0,0.37003189156813554,,1.4582279800738005,1281,mixed,20044,0.1643380177054745,False,False,16.0,22.0,36.0,0.3461433114434846,4.133224086207599,4,1,ppo,mixed,20044,True,ood_both,2.6636610999994446,446,0.3481654957064793,True
stall,False,34.45999999999979,28.574787525530404,0.8261628294483002,1.8855998328993646,1.446591407962163,0.3008874648187779,False,0.0,0.04642565963011658,,1.1353901521660805,1723,mixed,20045,0.17862388013572225,False,False,16.0,22.0,36.0,0.34063293290025104,3.239052753851332,4,2,ppo,mixed,20045,True,ood_both,3.612285100003646,894,0.5188624492164828,False
stall,False,33.859999999999694,29.458457324237656,0.8659908315300114,1.2742802560169517,1.2702503311546318,0.2618678535404642,False,0.0,0.6462965406189844,,1.081230053670213,1693,mixed,20046,0.17131004146501472,True,False,16.0,22.0,36.0,0.3455037476846339,3.4416457245117873,4,1,ppo,mixed,20046,True,ood_both,3.6628899999996065,296,0.1748375664500886,False
off_sidewalk,False,12.519999999999822,12.60811049355013,1.0039304309722648,1.0664117373144635,0.6793141326939441,0.3049966679927913,False,0.0,0.12756925786941276,,0.5372314105534646,626,mixed,20047,0.18604097110207793,False,True,16.0,22.0,36.0,0.3206686457585714,3.8120447701782125,4,2,ppo,mixed,20047,True,ood_both,1.396235499996692,398,0.6357827476038339,False
goal,True,22.819999999999602,36.47675083972164,1.5930429586625026,2.1959388097237644,1.272333541966708,0.372270006725392,False,0.0,0.14614971834645002,,1.3825883938700103,1141,mixed,20048,0.16410949076422784,False,False,16.0,22.0,36.0,0.47330315409561385,3.8768915094141527,3,3,ppo,mixed,20048,True,ood_both,2.3230095999970217,348,0.30499561787905344,True
stall,False,18.799999999999688,5.531267971217219,0.2916414589113968,0.942507904778364,0.05028753018354298,0.16398962806505965,False,0.0,0.015982892436737395,,0.3400255429384843,940,mixed,20049,0.15066480631302656,True,False,16.0,22.0,36.0,0.41410033268011853,3.2229482873562647,2,3,ppo,mixed,20049,True,ood_both,1.7820310999959474,810,0.8617021276595744,False
